<?xml version="1.0"?>
<window type="dialog" id="14003">
	<allowoverlay>no</allowoverlay>
	<defaultcontrol always="true">9005</defaultcontrol>
	<backgroundColor>0</backgroundColor>
	<controls>	
		<control type="group">	
		<visible>Window.IsActive(14003)</visible>
			<control type="image">
			<posx>0</posx>
			<posy>0</posy>
			<width>1280</width>
			<height>720</height>
			<aspectratio>stretch</aspectratio>
			<texture>boxee_sc-bkgd.png</texture>
			<colordiffuse>DD202020</colordiffuse>
		</control>
				<control type="image">
			<posx>60</posx>
			<posy>20</posy>
			<height>80</height>
			<aspectratio>keep</aspectratio>
			<texture>spiritclips_channel_logo.png</texture>
		</control>

		   <control type="image">
	             <posx>40</posx>
	             <posy>220</posy>
	             <width>1200</width>
	             <height>400</height>
	             <aspectratio>stretch</aspectratio>
	             <texture>69c.png</texture>
	         </control>
	         
	     <control type="group">
	     	 <posx>80</posx>
             <posy>220</posy>
             <width>550</width>
             <height>400</height>
			<control type="label">
				<posx>0</posx>
				<posy>20</posy>
				<height>30</height>
				<width>550</width>
				<font>font32b</font>
				<label>Become a member</label>
				<textcolor>white</textcolor>
			</control>
			<control type="label">
				<posx>0</posx>
				<posy>60</posy>
				<height>30</height>
				<width>550</width>
				<font>font20</font>
				<label>for as low as $2.99 a month</label>
				<textcolor>white</textcolor>
			</control>
			<control type="label">
				<posx>0</posx>
				<posy>130</posy>
				<height>100</height>
				<width>550</width>
				<font>font28b</font>
				<label>Premium Members[CR]PLEASE ACTIVATE THE SERVICE</label>
				<textcolor>white</textcolor>
			</control>
			<control type="label">
				<posx>0</posx>
				<posy>230</posy>
				<height>100</height>
				<width>550</width>
				<font>font22</font>
				<label>Goto URL: http://spiritclips.com/boxee</label>
				<textcolor>white</textcolor>
			</control>
			<control type="label" id="9002">
				<posx>0</posx>
				<posy>300</posy>
				<height>100</height>
				<width>550</width>
				<font>font30</font>
				<label></label>
				<textcolor>white</textcolor>
			</control>
		</control>
		
		<control type="label">
			<posx>650</posx>
			<posy>240</posy>
			<height>90</height>
			<width>500</width>
			<font>font30</font>
			<label>[B]Register now at:[/B][CR]http://spiritclips.com/boxee</label>
			<textcolor>white</textcolor>
			<align>left</align>
			
		</control>
		<control type="button" id="9004">
			<posx>650</posx>
			<posy>400</posy>
			<height>80</height>
			<width>500</width>
			<font>font26</font>
			<label>Get new activation code</label>
			<textcolor>white</textcolor>
			<focusedcolor>FF6699cc</focusedcolor>
	  		<texturenofocus>authbutton.png</texturenofocus>
			<texturefocus>authover.png</texturefocus>
			<align>center</align>
			<aligny>center</aligny>
			<onup>9005</onup>
			<ondown>9005</ondown>
			<onclick lang="python"><![CDATA[
import auth;
auth.refreshToken();
]]></onclick>
		</control>
		<control type="button" id="9005">
			<posx>650</posx>
			<posy>500</posy>
			<height>80</height>
			<width>500</width>
			<font>font26</font>
			<label>After activation click here to proceed</label>
			<align>center</align>
			<aligny>center</aligny>		
			<wrapmultiline>true</wrapmultiline>
			<textcolor>white</textcolor>
			<focusedcolor>FF6699cc</focusedcolor>
			<texturenofocus>authbutton.png</texturenofocus>
			<texturefocus>authover.png</texturefocus>	
			<onup>9004</onup>
			<ondown>9004</ondown>
			<onclick lang="python"><![CDATA[
import utils;
import mc;
import config;
auth.registerDevice();
if utils.testActivation() == True:
	config.removeFree();
	mc.ShowDialogOk("Service Activated", "You can now play the videos!");
	xbmc.executebuiltin("Dialog.Close(14003)")
else:
	import auth;
	auth.refreshToken();
	mc.ShowDialogOk("Authentication Failure", "Please activate service to view content[CR] DevId: "+str(config.devId));
]]></onclick>
			</control>
			<!--<control type="button" id="9005">
			<posx>730</posx>
			<posy>520</posy>
			<height>100</height>
			<width>320</width>
			<font>font26</font>
			<label>Exit Application</label>
			<wrapmultiline>true</wrapmultiline>
			<textcolor>FFdddddd</textcolor>
			<focusedcolor>FFbbbbbb</focusedcolor>
	  		<shadowcolor>FF111111</shadowcolor>
			<texturenofocus>backgnd.png</texturenofocus>
			<texturefocus>backgnd-over.png</texturefocus>
			<align>center</align>
			<aligny>center</aligny>
			<onup>9004</onup>
			<onleft>9003</onleft>
			<onclick lang="python"><![CDATA[
import mc;
mc.ActivateWindow(10482);
]]></onclick>
		
		</control>
		--></control>
		
	<include>BrowseLoadingAnimation</include>
	</controls>
	


</window>

