<?xml version="1.0"?>
<window type="window" id="14000">

	<onload lang="python"><![CDATA[
import utils;
utils.startProg();
mc.GetActiveWindow().GetList(9051).SetFocusedItem(utils.focusCatIndex);
]]></onload>

	<defaultcontrol>9051</defaultcontrol>
	<allowoverlay>yes</allowoverlay>
	<backgroundColor>0</backgroundColor>
	<controls>		
		<control type="image">
			<posx>0</posx>
			<posy>0</posy>
			<width>1280</width>
			<height>720</height>
			<aspectratio>stretch</aspectratio>
			<texture>boxee_sc-bkgd.png</texture>
		</control>
		<control type="image">
			<posx>60</posx>
			<posy>20</posy>
			<height>80</height>
			<aspectratio>keep</aspectratio>
			<texture>spiritclips_channel_logo.png</texture>
		</control>
		<control type="label" id="9001">
			<posx>400</posx>
			<posy>230</posy>
			<visible>false</visible>
			<height>200</height>
			<width>800</width>
			<font>font30b</font>
			<label>Retrieving configuration information</label>
			<wrapmultiline>true</wrapmultiline>
			<textcolor>FF6699CC</textcolor>
		</control>
<!-- 		<control type="multiimage" id="2999"> -->
<!-- 		<posx>563</posx>  -->
<!--   <posy>283</posy>  -->
<!--   <width>154</width>  -->
<!--   <height>154</height>  -->
<!--   <imagepath>loading_circle</imagepath>  -->
<!--   <timeperimage>12</timeperimage>  -->
<!--   <fadetime>4</fadetime>  -->
<!--   <pauseatend>0</pauseatend>  -->
<!--   <randomize>false</randomize>  -->
<!--   <loop>yes</loop>  -->
<!--   <aspectratio>keep</aspectratio>  -->

<!--     </control> -->
		<!-- list showing channel details -->
		
		<control type="group" id="9050">
			<visible>false</visible>
			<posx>20</posx>
	        <posy>120</posy>
	        <width>1200</width>
	        <height>523</height>
			<control type="image">
	             <posx>580</posx>
	             <posy>0</posy>
	             <width>665</width>
	             <height>568</height>
	             <texture>$INFO[Container(9051).ListItem.Thumb]</texture>
	         </control>
			<control type="image">
	             <posx>0</posx>
	             <posy>0</posy>
	             <width>555</width>
	             <height>568</height>
	             <texture>boxee_nav_frame.png</texture>
	         </control>
			
	          <control type="image" id="1001">
	             <posx>255</posx>
	             <posy>45</posy>
	             <width>20</width>
	             <height>20</height>
	             <texture>boxee_arrowup.png</texture>
	          
	         </control>
	          <control type="image" id="1002">
	             <posx>255</posx>
	             <posy>514</posy>
	             <width>20</width>
	             <height>20</height>
	             <texture>boxee_arrowdown.png</texture>
	         
	         </control>
			<control type="list" id="9051">
				<posx>7</posx>
				<posy>65</posy>
				<width>550</width>
				<height>448</height>
				
				<itemlayout height="64" width="531">
					<control type="image">
						<width>531</width>
						<height>64</height>
						<texture>boxee_list_bkg.jpg</texture>
					</control>
					<control type="label">
						<posx>34</posx>
						<posy>0</posy>
						<font>font24</font>
						<info>ListItem.Label</info>
						<width>490</width>
						<height>64</height>
						<aligny>center</aligny>
						<wrapmultiline>true</wrapmultiline>
						<textcolor>white</textcolor>
					</control>
				</itemlayout>
				<focusedlayout height="64" width="531">
					<control type="image">
						<width>531</width>
						<height>64</height>
						<texture>boxee_title_bkgd.png</texture>
					</control>
					<control type="label">
						<posx>34</posx>
						<posy>0</posy>
						<font>font24</font>
						<info>ListItem.Label</info>
						<width>490</width>
						<height>64</height>
						<aligny>center</aligny>
						<wrapmultiline>true</wrapmultiline>
						<textcolor>white</textcolor>
					</control>
				</focusedlayout>
			<content type="action">
				<onclick lang="python"><![CDATA[
list = mc.GetActiveWindow().GetList(9051);
item = list.GetItem(list.GetFocusedItem());
utils.focusCatIndex=list.GetFocusedItem()
utils.showSubCategory(item.GetLabel());
]]></onclick>
			</content>
		</control>
	 </control>
	 <include>BrowseLoadingAnimation</include>
	</controls>
	


</window>

