<?xml version="1.0"?>
<window type="window" id="14001">
	
<onload lang="python"><![CDATA[
import mc;
import utils;
mc.GetActiveWindow().GetList(9057).SetFocusedItem(utils.focusChanIndex);
mc.GetActiveWindow().GetLabel(9015).SetLabel(utils.channelBreadcrumb);
]]></onload>
	<defaultcontrol always="false">9057</defaultcontrol>
	<allowoverlay>yes</allowoverlay>
	<backgroundColor>0</backgroundColor>
	<controls>		
	
		<control type="image">
			<posx>0</posx>
			<posy>0</posy>
			<width>1280</width>
			<height>720</height>
			<aspectratio>stretch</aspectratio>
			<texture>boxee_sc-bkgd.png</texture>
		</control>
		<control type="image">
			<posx>60</posx>
			<posy>20</posy>
			<height>80</height>
			<aspectratio>keep</aspectratio>
			<texture>spiritclips_channel_logo.png</texture>
		</control>

		<control type="label" id="9041">
			<posx>400</posx>
			<posy>230</posy>
			<visible>false</visible>
			<height>200</height>
			<width>800</width>
			<font>font30b</font>
		<!-- 	<label>Retrieving channel information</label>-->
			<textcolor>FF6699CC</textcolor>
		</control>
<!-- 		<control type="multiimage" id="3000">  -->
<!-- 		<posx>563</posx>  -->
<!--   <posy>283</posy>  -->
<!--   <width>154</width>  -->
<!--   <height>154</height>  -->
<!--   <imagepath>loading_circle</imagepath>  -->
<!--   <timeperimage>12</timeperimage>  -->
<!--   <fadetime>4</fadetime>  -->
<!--   <pauseatend>0</pauseatend>  -->
<!--   <randomize>false</randomize>  -->
<!--   <loop>yes</loop>  -->
<!--   <aspectratio>keep</aspectratio>  -->
<!-- </control> -->
		<!-- list showing channel details -->
		
		<control type="group" id="9055">
			<visible>false</visible>
			<posx>20</posx>
	        <posy>120</posy>
	        <width>1200</width>
	        <height>523</height>
			<control type="image">
	             <posx>580</posx>
	             <posy>0</posy>
	              <width>665</width>
	             <height>568</height>
	             <info>Container(9057).ListItem.Thumb</info>
	         </control>
			<control type="image">
	             <posx>0</posx>
	             <posy>0</posy>
	             <width>555</width>
	             <height>568</height>
	             <texture>boxee_nav_frame.png</texture>
	         </control>
			
	          <control type="image" id="1003">
	          	 <visible></visible>
	             <posx>255</posx>
	             <posy>45</posy>
	             <width>20</width>
	             <height>20</height>
	             <texture>boxee_arrowup.png</texture>
	          
	         </control>
	          <control type="image" id="1004">
	             <posx>255</posx>
	             <posy>514</posy>
	             <width>20</width>
	             <height>20</height>
	             <texture>boxee_arrowdown.png</texture>    
	         </control>
			<control type="list" id="9057">
				<posx>7</posx>
				<posy>65</posy>
				<width>550</width>
				<height>448</height>
	
				<itemlayout height="64" width="531">
					<control type="image">
						<width>531</width>
						<height>64</height>
						<texture>boxee_list_bkg.jpg</texture>
					</control>
					<control type="label">
						<posx>34</posx>
						<posy>0</posy>
						<font>font24</font>
						<info>ListItem.Label</info>
						<width>490</width>
						<height>64</height>
						<aligny>center</aligny>
						<wrapmultiline>true</wrapmultiline>
						<textcolor>white</textcolor>
					</control>
				</itemlayout>
				<focusedlayout height="64" width="531">
					<control type="image">
						<width>531</width>
						<height>64</height>
						<texture>boxee_title_bkgd.png</texture>
					</control>
					<control type="label">
						<posx>34</posx>
						<posy>0</posy>
						<font>font24</font>
						<info>ListItem.Label</info>
						<width>490</width>
						<height>64</height>
						<aligny>center</aligny>
						<wrapmultiline>true</wrapmultiline>
						<textcolor>white</textcolor>
					</control>
				</focusedlayout>
			<content type="action">
				<onclick lang="python"><![CDATA[
list = mc.GetActiveWindow().GetList(9057)
item = list.GetItem(list.GetFocusedItem())
utils.channelBreadcrumb = mc.GetActiveWindow().GetLabel(9015).GetLabel()
utils.focusChanIndex = list.GetFocusedItem()
if item.GetLabel()!='No items available':
	utils.showVideos(item.GetLabel());
]]></onclick>
			</content>
		</control>
		<control type="label" id="9015">
              <!-- Breadcrumb  -->
              <posx>10</posx>
              <posy>20</posy>
              <font>font18</font>
              <align>left</align>
              <label></label>
              <textcolor>white</textcolor>
              <wrapmultiline>true</wrapmultiline>
           </control>
		
	 </control>
	<include>BrowseLoadingAnimation</include>
	</controls>
</window>
