<?xml version="1.0"?>
<window type="window" id="14002">

	<onload lang="python"><![CDATA[
import mc;
import utils;
import player;
import report;
#mc.GetPlayer().Stop();
player.GetPlayer().Stop();
print "Calling REPORT and END VIEW fron video.xml"
report.reportView();
report.endView();
mc.GetActiveWindow().GetList(9053).SetFocusedItem(utils.focusVideoIndex);
mc.GetActiveWindow().GetLabel(9013).SetLabel(utils.videoBreadcrumb);
]]></onload>
	<defaultcontrol always="false">9053</defaultcontrol>
	<allowoverlay>no</allowoverlay>
	<controls>		
	
		<control type="group" id="9000">
			<control type="image">
				<posx>0</posx>
				<posy>0</posy>
				<width>1280</width>
				<height>720</height>
				<aspectratio>stretch</aspectratio>
				<texture>boxee_sc-bkgd.png</texture>
			</control>
			<control type="image">
				<posx>60</posx>
				<posy>20</posy>
				<height>80</height>
				<aspectratio>keep</aspectratio>
				<texture>spiritclips_channel_logo.png</texture>
			</control>
			<control type="label" id="9071">
				<posx>400</posx>
				<posy>230</posy>
				<visible>false</visible>
				<height>200</height>
				<width>800</width>
				<font>font30b</font>
				<label>Retrieving video information (0%)</label>
				<wrapmultiline>true</wrapmultiline>
				<textcolor>FF6699CC</textcolor>
			</control>
<!--  			<control type="multiimage" id="3001">  -->
<!-- <posx>563</posx>  -->
<!--   <posy>283</posy>  -->
<!--   <width>154</width>  -->
<!--   <height>154</height>  -->
<!--   <imagepath>loading_circle</imagepath>  -->
<!--   <timeperimage>12</timeperimage>  -->
<!--   <fadetime>4</fadetime>  -->
<!--   <pauseatend>0</pauseatend>  -->
<!--   <randomize>false</randomize>  -->
<!--   <loop>yes</loop>  -->
<!--   <aspectratio>keep</aspectratio>  -->

<!-- 		</control> -->
</control>
<!-- list showing video details -->
		<control type="group" id="9052">
			
	        <visible>true</visible>
	       <posx>20</posx>
	        <posy>120</posy>
	        <width>1200</width>
	        <height>523</height>
	        <control type="image">
	             <posx>580</posx>
	             <posy>5</posy>
	             <width>648</width>
	             <height>65</height>
	             <aspectratio>stretch</aspectratio>
	             <texture>69c.png</texture>
	         </control>
	    
           <control type="image" id="2001">
	          	 <visible>Container(9053).ListItem.Property(custom:hhof)</visible>
	             <posx>1130</posx>
	             <posy>11</posy>
	             <width>90</width>
	             <height>57</height>
	             <aspectratio>keep</aspectratio>
	             <texture>boxee_logo_hhof_90x57.png</texture>
	         </control>
	         <control type="image" id="2002">
	          	 <visible>Container(9053).ListItem.Property(custom:sco)</visible>
	             <posx>1130</posx>
	             <posy>11</posy>
	             <width>90</width>
	             <height>57</height>
	             <aspectratio>keep</aspectratio>
	             <texture>SCIcon_logo_90x57.png</texture>
	         </control>
	         <control type="image">
	             <posx>580</posx>
	             <posy>70</posy>
	             <width>648</width>
	             <height>484</height>
	             <bordersize>4</bordersize>
				 <bordertexture border="4">69c.png</bordertexture>
	             <aspectratio>stretch</aspectratio>
	             <texture>white.png</texture>
	         </control>
			 <control type="label">
	              <posx>590</posx>
	              <posy>5</posy>
	              <height>60</height>
	              <width>580</width>
	              <font>font24b</font>
	              <align>left</align>
	              <aligny>center</aligny>
	              <info>Container(9053).ListItem.Label</info>
	              <textcolor>white</textcolor>
	              <wrapmultiline>true</wrapmultiline>
           	</control>
			
	         
	         
			<control type="image">
	             <posx>0</posx>
	             <posy>0</posy>
	             <width>555</width>
	             <height>568</height>
	             <texture>boxee_nav_frame.png</texture>
	         </control>
			
	          <control type="image" id="1001">
	             <posx>255</posx>
	             <posy>45</posy>
	             <width>20</width>
	             <height>20</height>
	             <texture>boxee_arrowup.png</texture>
	          
	         </control>
	          <control type="image" id="1002">
	             <posx>255</posx>
	             <posy>514</posy>
	             <width>20</width>
	             <height>20</height>
	             <texture>boxee_arrowdown.png</texture>
	         
	         </control>
			<control type="list" id="9053">
				<posx>7</posx>
				<posy>65</posy>
				<width>550</width>
				<height>448</height>
			        	
			<itemlayout height="64" width="531">
					<control type="image">
						<width>531</width>
						<height>64</height>
						<texture>boxee_list_bkg.jpg</texture>
					</control>
					<control type="image">
						<posx>5</posx>
						<posy>20</posy>
						<width>24</width>
						<height>24</height>
						<info>ListItem.Property(custom:icon)</info>
					</control>
					<control type="label">
						<posx>34</posx>
						<posy>0</posy>
						<font>font24</font>
						<info>ListItem.Label</info>
						<width>490</width>
						<height>64</height>
						<aligny>center</aligny>
						<textcolor>white</textcolor>
					</control>
				</itemlayout>
				<focusedlayout height="64" width="531">
					<control type="image">
						<width>531</width>
						<height>64</height>
						<texture>boxee_film_title_bkgd.png</texture>
					</control>
					<control type="image">
						<posx>5</posx>
						<posy>20</posy>
						<width>24</width>
						<height>24</height>
						<info>ListItem.Property(custom:icon)</info>
					</control>
					<control type="label">
						<posx>34</posx>
						<posy>0</posy>
						<font>font24</font>
						<info>ListItem.Label</info>
						<width>430</width>
						<height>64</height>
						<aligny>center</aligny>
						<textcolor>white</textcolor>
					</control>
				</focusedlayout>
			
				<content type="action">
					<onclick lang="python"><![CDATA[


 
import utils;
import auth;
import report;
import player;
list = mc.GetActiveWindow().GetList(9053)
item = list.GetItem(list.GetFocusedItem())
if item.GetLabel() != 'No Items Found':	
	if utils.selectedCat != 'Free Channel Preview' and utils.testActivation() ==  False:
		auth.showActivationScreen();
	else :
		config = mc.GetApp().GetLocalConfig()
		list = mc.GetActiveWindow().GetList(9053)
		utils.focusVideoIndex = list.GetFocusedItem();
		utils.videoBreadcrumb = mc.GetActiveWindow().GetLabel(9013).GetLabel()
		item = list.GetItem(list.GetFocusedItem())
		report.startView(item.GetLabel(),item.GetPath(),item.GetProperty('guid'));
		vidplayer = player.GetPlayer()
#		vidplayer.PlayWithActionMenu(item)
		vidplayer.Play(item)
		vidplayer.eventStart()
		#mc.GetPlayer().PlayWithActionMenu(item)
]]></onclick>
				</content>
			</control>
			<control type="group">
				<posx>600</posx>
              	<posy>90</posy>
			 	<width>630</width>
			 	<height>470</height>
           	<control type="largeimage">
              <posx>0</posx>
              <posy>0</posy>
              <width>400</width>
              <height>224</height>
              <info>Container(9053).ListItem.Thumb</info>
           </control>
          
           <!-- Boxee doesnt convert duration to min:sec notation when list items are dynamically added in Series/Short Films/Feature Films. Hence two items shown and display controlled in code -->
<!--            <control type="label" id="4011">-->
<!--              <posx>0</posx>-->
<!--              <posy>235</posy>-->
<!--              <height>50</height>-->
<!--              <width>425</width>-->
<!--              <font>font21</font>-->
<!--              <align>left</align>-->
<!--              <label>Runtime: $INFO[Container(9053).ListItem.Duration] min</label>-->
<!--              <textcolor>FF6699CC</textcolor>-->
<!--              <wrapmultiline>true</wrapmultiline>-->
<!--           </control>-->
         <control type="label" id="4012">
              <posx>0</posx>
              <posy>235</posy>
              <height>50</height>
              <width>425</width>
              <font>font21</font>
              <align>left</align>
              <label>Runtime: $INFO[Container(9053).ListItem.property(custom:convduration)] min</label>
              <textcolor>FF6699CC</textcolor>
              <wrapmultiline>true</wrapmultiline>
           </control>
           
           <control type="label">
              <posx>0</posx>
              <posy>263</posy>
              <width>620</width>
              <height>180</height>
              
              <font>font20</font>
              <align>left</align>
              <info>Container(9053).ListItem.property(description)</info>
              <textcolor>black</textcolor>
              <wrapmultiline>true</wrapmultiline>
           </control>
          </control>
          <control type="label" id="9013">
              <!-- Breadcrumb  -->
              <posx>10</posx>
              <posy>20</posy>
              <font>font18</font>
              <align>left</align>
              <textcolor>white</textcolor>
              <wrapmultiline>true</wrapmultiline>
          </control>
		</control>
		
	
	<include>BrowseLoadingAnimation</include>
	<control type="group" id="6001">
		<include>Common_Now_Playing</include>
	</control>
	</controls>
</window>
