<?xml version="1.0"?>
<window type="window" id="14001">
      <defaultcontrol always="true">320</defaultcontrol>
      <allowoverlay>no</allowoverlay>
      <onload lang="python"><![CDATA[
mc.ShowDialogWait()
w = mc.GetActiveWindow()
items = mc.GetDirectory('http://dm4xpphs7efkx.cloudfront.net/boxeedemoapp/news.xml')
w.GetList(120).SetItems(items)
mc.HideDialogWait()
]]>
</onload>
<onload>SetFocus(320)</onload>
      <controls>
            <control type="group">
                  <control type="image">
                        <width>1280</width>
                        <height>720</height>
                        <texture>bg.png</texture>
                  </control>
                  <control type="image">
                        <width>1280</width>
                        <height>80</height>
                        <texture>top1.png</texture>
                  </control>
                  <control type="grouplist" id="300">
                        <posy>120</posy>
                        <posx>50</posx>
                        <onright>120</onright>
                        <itemgap>4</itemgap>
                        <orientation>vertical</orientation>
                        <control type="button" id="310">
                              <width>200</width>
                              <height>80</height>
                              <label>最近更新</label>
                              <font>font34b</font>
                              <align>center</align>
                              <aligny>center</aligny>
                              <textcolor>ffbdbdbd</textcolor>
                              <focusedcolor>F3FFFFFF</focusedcolor>
                              <texturefocus>2.png</texturefocus>
                              <texturenofocus>bg.png</texturenofocus>
                              <onclick>ActivateWindow(14000)</onclick>
                        </control>
                        <control type="button" id="320">
                              <width>200</width>
                              <height>80</height>
                              <label>新聞消息</label>
                              <font>font38b</font>
                              <align>center</align>
                              <aligny>center</aligny>
                              <textcolor>F3ECDB12</textcolor>
                              <focusedcolor>F3ECDB12</focusedcolor>
                              <texturefocus>2.png</texturefocus>
                              <texturenofocus>bg.png</texturenofocus>
                              <onclick>ActivateWindow(14001)</onclick>
                        </control>
                        <control type="button" id="330">
                              <width>200</width>
                              <height>80</height>
                              <label>專題報導</label>
                              <font>font34b</font>
                              <align>center</align>
                              <aligny>center</aligny>
                              <textoffsety>7</textoffsety>
                              <textcolor>ffbdbdbd</textcolor>
                              <focusedcolor>F3FFFFFF</focusedcolor>
                              <texturefocus>2.png</texturefocus>
                              <texturenofocus>bg.png</texturenofocus>
                              <onclick>ActivateWindow(14002)</onclick>
                        </control>
                        <control type="button" id="340">
                              <width>200</width>
                              <height>80</height>
                              <label>bbTV精選</label>
                              <font>font34b</font>
                              <align>center</align>
                              <aligny>center</aligny>
                              <textoffsety>7</textoffsety>
                              <textcolor>ffbdbdbd</textcolor>
                              <focusedcolor>F3FFFFFF</focusedcolor>
                              <texturefocus>2.png</texturefocus>
                              <texturenofocus>bg.png</texturenofocus>
                              <onclick>ActivateWindow(14003)</onclick>
                        </control>
                  </control>
                  <control type="group">
                        <control type="list" id="120">
                              <posy>120</posy>
                              <posx>310</posx>
                              <width>914</width>
                              <height>570</height>
                              <onleft>300</onleft>
                              <scrolltime>200</scrolltime>
                              <orientation>vertical</orientation>
                              <itemlayout width="912" height="140">
                                    <control type="image">
                                          <posx>2</posx>
                                          <width>912</width>
                                          <height>135</height>
                                          <texture>bg.png</texture>
                                    </control>
                                    <control type="image">
                                          <posy>6</posy>
                                          <posx>12</posx>
                                          <width>200</width>
                                          <height>120</height>
                                          <texture>$INFO[Listitem.thumb]</texture>
                                    </control>
                                    <control type="label">
                                          <posy>2</posy>
                                          <posx>230</posx>
                                          <width>700</width>
                                          <height>40</height>
                                          <font>font23</font>
                                          <aligny>left</aligny>
                                          <label>$INFO[ListItem.Label]</label>
                                          <textcolor>grey</textcolor>
                                    </control>
                                    <control type="label">
                                          <posy>44</posy>
                                          <posx>230</posx>
                                          <align>left</align>
                                          <font>font17</font>
                                          <width>680</width>
                                          <height>100</height>
                                          <label>$INFO[Listitem.property(description)]</label>
                                          <wrapmultiline>true</wrapmultiline>
                                    </control>
                              </itemlayout>
                              <focusedlayout width="912" height="140">
                                    <control type="image">
                                          <posx>2</posx>
                                          <width>912</width>
                                          <height>135</height>
                                          <texture>3.png</texture>
                                          <visible>Control.HasFocus(120)</visible>
                                    </control>
                                    <control type="image">
                                          <posy>6</posy>
                                          <posx>12</posx>
                                          <width>200</width>
                                          <height>120</height>
                                          <texture>$INFO[Listitem.thumb]</texture>
                                    </control>
                                    <control type="label">
                                          <posy>0</posy>
                                          <posx>230</posx>
                                          <width>700</width>
                                          <height>40</height>
                                          <font>font23b</font>
                                          <aligny>center</aligny>
                                          <label>$INFO[ListItem.Label]</label>
                                          <textcolor>white</textcolor>
                                          <visible>Control.HasFocus(120)</visible>
                                    </control>
                                    <control type="label">
                                          <posx>230</posx>
                                          <width>700</width>
                                          <height>40</height>
                                          <font>font23b</font>
                                          <aligny>center</aligny>
                                          <label>$INFO[ListItem.Label]</label>
                                          <textcolor>grey</textcolor>
                                          <!--<scroll>true</scroll>-->
                                          <visible>!Control.HasFocus(120)</visible>
                                    </control>
                                    <control type="label">
                                          <posy>44</posy>
                                          <posx>230</posx>
                                          <align>left</align>
                                          <font>font17</font>
                                          <width>680</width>
                                          <height>100</height>
                                          <label>$INFO[Listitem.property(description)]</label>
                                          <wrapmultiline>true</wrapmultiline>
                                    </control>
                              </focusedlayout>
                              <content type="action">
                                    <onclick lang="python"><![CDATA[
list = mc.GetActiveWindow().GetList(120)
item = list.GetItem(list.GetFocusedItem())
title = item.GetLabel()
confirm = mc.ShowDialogConfirm('D.TV Boxee Application', '你想要播放  "'+title+'" 嗎?', 'Cancel', 'Play')
if confirm:
   mc.GetPlayer().Play(item)
   counter.play_count += 1
else:
   counter.declined_count += 1
counter.updateLabel()
]]></onclick>
                              </content>
                        </control>
                  </control>
            </control>
      </controls>
</window>
