<app>
	<id>ifoodtv</id>
  	<name>ifoodtv</name>
  	<version>1.1</version>
  	<description>ifood.tv brings over 40,000 trustworthy food videos to add happiness to your life. We have recipes for all tastes including Holidays, Desserts, Drinks, Appetizers, Entrees, Kids, Healthy, Easy, Vegetarian, Cake, Salad, Pizza, Pasta, Indian,  Chinese, Mexican, Italian and Thai. Improve your cooking skills and satisfy your culinary curiosity.</description>
  	<thumb>http://ifood.tv/files/images/ifoodLogo.png</thumb>
  	<platform>all</platform>
	<copyright>Future Today Inc</copyright>
	<type>skin</type>
	<media>video</media>
  	<email>Admin@ifood.tv</email>
  	<startWindow>14000</startWindow>
  	<minversion>0.9.11</minversion>
  	<repository>http://dir.boxee.tv/apps</repository>
</app>
