<?xml version="1.0"?>
<window type="window" id="14002">
    <onload lang="python">
        <![CDATA[
import rss
import mc

rss.on_directory_load()
]]>
</onload>
    <defaultcontrol always="true">51</defaultcontrol>
    <allowoverlay>no</allowoverlay>
    <controls>
        <control type="image">
            <width>1280</width>
            <height>720</height>
            <texture>images/bg.png</texture>
        </control>
        <include>OSD_Clock</include>
        <control type="group">
            <visible>ControlGroup(1000).HasFocus</visible>
            <control type="label">
                <include>PageTitlePropertiesUnfocused</include>
                <label>[B]Miro RSS Directory[/B]</label>
            </control>
            <control type="label">
                <include>PageSubtitlePropertiesUnfocused</include>
                <label>$INFO[Container(2001).NumItems,, items]</label>
            </control>
        </control>
        <control type="group">
            <visible>Control.HasFocus(2001)</visible>
            <control type="label">
                <include>PageTitlePropertiesFocused</include>
                <label>[B]Miro RSS Directory[/B]</label>
            </control>
            <control type="label">
                <include>PageSubtitlePropertiesFocused</include>
                <label>$INFO[Container(2001).NumItems,, items]</label>
            </control>
        </control>
        <control type="group">
            <posx>62</posx>
            <posy>24</posy>
            <control type="label">
                <font>font21b</font>
                <label>[B]RSS[/B]</label>
                <textcolor>mediumgreyheidi</textcolor>
                <visible>!ControlGroup(1000).HasFocus</visible>
            </control>
            <control type="label">
                <font>font21b</font>
                <label>[B]RSS[/B]</label>
                <textcolor>boxeegreenheidi</textcolor>
                <visible>ControlGroup(1000).HasFocus</visible>
            </control>
        </control>
        <control type="image">
            <posx>790</posx>
            <posy>118</posy>
            <width>24</width>
            <height>556</height>
            <texture>images/divider.png</texture>
        </control>
        <!-- START MENU -->
<!--        <control type="image">
            <visible>Control.HasFocus(1001)</visible>
            <posx>48</posx>
            <posy>128</posy>
            <width>200</width>
            <height>48</height>
            <texture srcborder="24" border="16">button-focused.png</texture>
        </control>-->
        <control type="image">
            <posx>32</posx>
            <posy>319</posy>
            <width>232</width>
            <height>33</height>
            <texture>browse/graphic-divider-horz-232.png</texture>
        </control>
        <control type="group" id="1000">
            <posx>32</posx>
            <posy>128</posy>
            <control type="list" id="1001">
                <width>232</width>
                <height>620</height>
                <onup>-</onup>
                <onleft>-</onleft>
                <ondown>1002</ondown>
                <onright>51</onright>
                <orientation>vertical</orientation>
                <scrolltime tween="sine" easing="out">200</scrolltime>
                <!--<focusposition>2</focusposition>-->
                <itemlayout width="232" height="60">
                    <control type="image">
                        <visible>ListItem.IsSelected</visible>
                        <posx>16</posx>
                        <posy>0</posy>
                        <width>200</width>
                        <height>48</height>
                        <texture srcborder="24" border="16">button-on.png</texture>
                    </control>
                    <control type="label">
                        <posx>32</posx>
                        <posy>0</posy>
                        <width>168</width>
                        <height>48</height>
                        <font>font24b</font>
                        <!--<textcolor>28B3B8BB</textcolor>-->
                        <textcolor>mediumgreyheidi</textcolor>
                        <align>left</align>
                        <aligny>center</aligny>
                        <label>[B]$INFO[ListItem.Label][/B]</label>
                    </control>
                </itemlayout>
                <focusedlayout width="232" height="60">
                    <control type="image">
                        <visible>ListItem.IsSelected</visible>
                        <posx>16</posx>
                        <posy>0</posy>
                        <width>200</width>
                        <height>48</height>
                        <texture srcborder="24" border="16">button-on.png</texture>
                    </control>
                    <control type="image">
                        <visible>Control.HasFocus(1001)</visible>
                        <posx>16</posx>
                        <posy>0</posy>
                        <width>200</width>
                        <height>48</height>
                        <texture srcborder="24" border="16">button-focused.png</texture>
                    </control>
                    <control type="label">
                        <visible>!Control.HasFocus(1001)</visible>
                        <posx>32</posx>
                        <posy>0</posy>
                        <width>168</width>
                        <height>48</height>
                        <font>font24b</font>
                        <!--<textcolor>28B3B8BB</textcolor>-->
                        <textcolor>mediumgreyheidi</textcolor>
                        <align>left</align>
                        <aligny>center</aligny>
                        <label>[B]$INFO[ListItem.Label][/B]</label>
                    </control>
                    <control type="label">
                        <visible>Control.HasFocus(1001)</visible>
                        <posx>32</posx>
                        <posy>0</posy>
                        <width>168</width>
                        <height>48</height>
                        <font>font24b</font>
                        <textcolor>whiteheidi</textcolor>
                        <align>left</align>
                        <aligny>center</aligny>
                        <label>[B]$INFO[ListItem.Label][/B]</label>
                        <scroll>true</scroll>
                    </control>
                </focusedlayout>
                <content type="action">
                    <item>
                        <label>Favorites</label>
                        <thumb>-</thumb>
                        <onclick>-</onclick>
                    </item>
                    <item>
                        <label>Add RSS</label>
                        <thumb>-</thumb>
                        <onclick>-</onclick>
                    </item>
                    <item>
                        <label>Search</label>
                        <thumb>-</thumb>
                        <onclick>-</onclick>
                    </item>
                    <onclick lang="python">
                        <![CDATA[
list = mc.GetActiveWindow().GetList(1001)
item = list.GetItem(list.GetFocusedItem()).GetLabel()

if item == 'Search':
    rss.directory_search()
elif item == 'Add RSS':
    rss.add_new_feed()
elif item == 'Directory':
    mc.ActivateWindow(14002)
elif item == 'Favorites':
    mc.ActivateWindow(14000)
]]>
</onclick>
                </content>
            </control>
            <control type="list" id="1002">
                <posy>225</posy>
                <width>232</width>
                <height>350</height>
                <onup>1001</onup>
                <onleft>-</onleft>
                <ondown>-</ondown>
                <onright>51</onright>
                <orientation>vertical</orientation>
                <scrolltime tween="sine" easing="out">200</scrolltime>
                <!--<focusposition>2</focusposition>-->
                <itemlayout width="232" height="60">
                    <control type="image">
                        <visible>ListItem.IsSelected</visible>
                        <posx>16</posx>
                        <posy>0</posy>
                        <width>200</width>
                        <height>48</height>
                        <texture srcborder="24" border="16">button-on.png</texture>
                    </control>
                    <control type="label">
                        <posx>32</posx>
                        <posy>0</posy>
                        <width>168</width>
                        <height>48</height>
                        <font>font24b</font>
                        <!--<textcolor>28B3B8BB</textcolor>-->
                        <textcolor>mediumgreyheidi</textcolor>
                        <align>left</align>
                        <aligny>center</aligny>
                        <label>[B]$INFO[ListItem.Label][/B]</label>
                    </control>
                </itemlayout>
                <focusedlayout width="232" height="60">
                    <control type="image">
                        <visible>ListItem.IsSelected</visible>
                        <posx>16</posx>
                        <posy>0</posy>
                        <width>200</width>
                        <height>48</height>
                        <texture srcborder="24" border="16">button-on.png</texture>
                    </control>
                    <control type="image">
                        <visible>Control.HasFocus(1002)</visible>
                        <posx>16</posx>
                        <posy>0</posy>
                        <width>200</width>
                        <height>48</height>
                        <texture srcborder="24" border="16">button-focused.png</texture>
                    </control>
                    <control type="label">
                        <visible>!Control.HasFocus(1002)</visible>
                        <posx>32</posx>
                        <posy>0</posy>
                        <width>168</width>
                        <height>48</height>
                        <font>font24b</font>
                        <!--<textcolor>28B3B8BB</textcolor>-->
                        <textcolor>mediumgreyheidi</textcolor>
                        <align>left</align>
                        <aligny>center</aligny>
                        <label>[B]$INFO[ListItem.Label][/B]</label>
                    </control>
                    <control type="label">
                        <visible>Control.HasFocus(1002)</visible>
                        <posx>32</posx>
                        <posy>0</posy>
                        <width>168</width>
                        <height>48</height>
                        <font>font24b</font>
                        <textcolor>whiteheidi</textcolor>
                        <align>left</align>
                        <aligny>center</aligny>
                        <label>[B]$INFO[ListItem.Label][/B]</label>
                        <scroll>true</scroll>
                    </control>
                </focusedlayout>
                <content type="action">
                    <onclick lang="python">rss.directory_click()</onclick>
                </content>
            </control>
        </control>
        <!-- END MENU -->
        <control type="group" id="9000">
            <control type="group">
                <!-- CATEGORIES list column -->
                <control type="fixedlist" id="51">
                    <visible>false</visible>
                    <posx>29</posx>
                    <posy>140</posy>
                    <width>430</width>
                    <height>558</height>
                    <onup>8000</onup>
                    <onleft>-</onleft>
                    <onright>2001</onright>
                    <ondown>-</ondown>
                    <offsety>4</offsety>
                    <visible>true</visible>
                    <orientation>vertical</orientation>
                    <focusposition>7</focusposition>
                    <pagecontrol>60</pagecontrol>
                    <itemlayout height="62">
                        <control type="image">
                            <visible>IsEmpty(ListItem.property(custom:selected))</visible>
                            <posx>0</posx>
                            <posy>0</posy>
                            <width>430</width>
                            <height>54</height>
                            <colordiffuse>FF464646</colordiffuse>
                            <texture border="16">button_8_pixel.png</texture>
                        </control>
                        <control type="image">
                            <visible>!IsEmpty(ListItem.property(custom:selected))</visible>
                            <posx>0</posx>
                            <posy>0</posy>
                            <width>430</width>
                            <height>54</height>
                            <colordiffuse>FFF1F1F1</colordiffuse>
                            <texture border="16">button_8_pixel.png</texture>
                        </control>
                        <control type="label">
                            <visible>IsEmpty(ListItem.property(custom:selected))</visible>
                            <posx>16</posx>
                            <posy>0</posy>
                            <width>400</width>
                            <height>54</height>
                            <font>font24b</font>
                            <align>left</align>
                            <aligny>center</aligny>
                            <info>ListItem.Label</info>
                            <textcolor>white</textcolor>
                        </control>
                        <control type="label">
                            <visible>!IsEmpty(ListItem.property(custom:selected))</visible>
                            <posx>16</posx>
                            <posy>0</posy>
                            <width>400</width>
                            <height>54</height>
                            <font>font24b</font>
                            <align>left</align>
                            <aligny>center</aligny>
                            <info>ListItem.Label</info>
                            <textcolor>black</textcolor>
                        </control>
                    </itemlayout>
                    <focusedlayout height="62">
                        <control type="group">
                            <visible>!Control.HasFocus(51)</visible>
                            <control type="image">
                                <visible>IsEmpty(ListItem.property(custom:selected))</visible>
                                <posx>0</posx>
                                <posy>0</posy>
                                <width>430</width>
                                <height>54</height>
                                <colordiffuse>FF464646</colordiffuse>
                                <texture border="16">button_8_pixel.png</texture>
                            </control>
                            <control type="image">
                                <visible>!IsEmpty(ListItem.property(custom:selected))</visible>
                                <posx>0</posx>
                                <posy>0</posy>
                                <width>430</width>
                                <height>54</height>
                                <colordiffuse>FFF1F1F1</colordiffuse>
                                <texture border="16">button_8_pixel.png</texture>
                            </control>
                            <control type="label">
                                <visible>IsEmpty(ListItem.property(custom:selected))</visible>
                                <posx>16</posx>
                                <posy>0</posy>
                                <width>400</width>
                                <height>54</height>
                                <font>font24b</font>
                                <align>left</align>
                                <aligny>center</aligny>
                                <info>ListItem.Label</info>
                                <textcolor>white</textcolor>
                            </control>
                            <control type="label">
                                <visible>!IsEmpty(ListItem.property(custom:selected))</visible>
                                <posx>16</posx>
                                <posy>0</posy>
                                <width>400</width>
                                <height>54</height>
                                <font>font24b</font>
                                <align>left</align>
                                <aligny>center</aligny>
                                <info>ListItem.Label</info>
                                <textcolor>black</textcolor>
                            </control>
                        </control>
                        <control type="group">
                            <visible>Control.HasFocus(51)</visible>
                            <control type="image">
                                <posx>0</posx>
                                <posy>0</posy>
                                <width>430</width>
                                <height>54</height>
                                <colordiffuse>FF10B9F2</colordiffuse>
                                <texture border="16">button_8_pixel.png</texture>
                            </control>
                            <control type="label">
                                <posx>16</posx>
                                <posy>0</posy>
                                <width>400</width>
                                <height>54</height>
                                <font>font24b</font>
                                <align>left</align>
                                <aligny>center</aligny>
                                <info>ListItem.Label</info>
                                <textcolor>black</textcolor>
                            </control>
                        </control>
                    </focusedlayout>
                    <content type="url" url="">
                        <onclick lang="python">rss.directory_click()</onclick>
                    </content>
                </control>
                <!-- END LEFT column -->
                <!-- SCROLLBAR -->
<!--                <control type="scrollbar" id="60">
                    <visible>Control.IsVisible(51)</visible>
                    <posx>480</posx>
                    <posy>142</posy>
                    <width>12</width>
                    <height>560</height>
                    <texturesliderbackground border="6">scrollbar_bg.png</texturesliderbackground>
                    <textureslidernib>-</textureslidernib>
                    <textureslidernibfocus>-</textureslidernibfocus>
                    <texturesliderbar diffuse="nofocus.png" border="6">scrollbar_slider.png</texturesliderbar>
                    <texturesliderbarfocus diffuse="nofocus.png" border="6">scrollbar_slider.png</texturesliderbarfocus>
                    <orientation>vertical</orientation>
                    <showonepage>false</showonepage>
                </control>-->


        <!-- MIDDLE COLUMN -->
        <control type="fixedlist" id="2001">
            <enable>true + !Window.Property(empty)</enable>
            <visible>true + !Window.Property(loading)</visible>
            <preloaditems>2</preloaditems>
            <posx>280</posx>
            <posy>124</posy>
            <width>490</width>
            <height>580</height>
            <onleft>1000</onleft>
            <onright>-</onright>
            <onup>-</onup>
            <ondown lang="python">rss.directory_paginate()</ondown>
            <scrolltime>200</scrolltime>
            <pagecontrol>60</pagecontrol>
            <orientation>vertical</orientation>
            <focusposition>5</focusposition>
            <itemlayout height="60">
                <control type="label">
                    <width>460</width>
                    <visible>Window.IsVisible(10481)</visible>
                    <visible>ListItem.Property(watched)</visible>
                    <include>BrowseLongLineLabelProperties</include>
                    <info>ListItem.Label</info>
                    <textcolor>mediumgreyheidi</textcolor>
                    <selectedcolor>mediumgreyheidi</selectedcolor>
                </control>
                <control type="label">
                    <width>460</width>
                    <visible>Window.IsVisible(10481)</visible>
                    <visible>!ListItem.Property(watched)</visible>
                    <include>BrowseShortLineLabelProperties</include>
                    <info>ListItem.Label</info>
                    <textcolor>mediumgreyheidi</textcolor>
                    <selectedcolor>mediumgreyheidi</selectedcolor>
                </control>
                <control type="label">
                    <width>460</width>
                    <visible>Window.IsVisible(10480)</visible>
                    <include>BrowseShortLineLabelProperties</include>
                    <info>ListItem.Label</info>
                    <textcolor>mediumgreyheidi</textcolor>
                    <selectedcolor>mediumgreyheidi</selectedcolor>
                </control>
                <control type="label">
                    <width>460</width>
                    <visible>true + !Window.IsVisible(10480) + !Window.IsVisible(10481)</visible>
                    <include>BrowseShortLineLabelProperties</include>
                    <info>ListItem.Label</info>
                    <textcolor>mediumgreyheidi</textcolor>
                    <selectedcolor>mediumgreyheidi</selectedcolor>
                </control>
            </itemlayout>
            <focusedlayout height="60">
                <control type="image">
                    <visible>Control.HasFocus(2001)</visible>
                    <posx>0</posx>
                    <posy>4</posy>
                    <width>486</width>
                    <height>52</height>
                    <texture srcborder="24" border="16">button-focused.png</texture>
                </control>
                <control type="label">
                    <visible>!Control.HasFocus(2001)</visible>
                    <posx>16</posx>
                    <posy>3</posy>
                    <width>460</width>
                    <height>52</height>
                    <font>font30b</font>
                    <align>left</align>
                    <aligny>center</aligny>
                    <info>ListItem.Label</info>
                    <textcolor>mediumgreyheidi</textcolor>
                    <selectedcolor>mediumgreyheidi</selectedcolor>
                </control>
                <control type="label">
                    <visible>Control.HasFocus(2001)</visible>
                    <posx>16</posx>
                    <posy>3</posy>
                    <width>455</width>
                    <height>52</height>
                    <font>font30b</font>
                    <align>left</align>
                    <aligny>center</aligny>
                    <info>ListItem.Label</info>
                    <textcolor>whiteheidi</textcolor>
                    <selectedcolor>whiteheidi</selectedcolor>
                    <scroll>true</scroll>
                    <scrollspeed>30</scrollspeed>
                </control>
            </focusedlayout>
                    <content type="url" url="">
                        <onclick lang="python">rss.directory_feed_click()</onclick>
                    </content>
                </control>
<!--                <control type="scrollbar" id="61">
                    <visible>false</visible>
                    <posx>1229</posx>
                    <posy>148</posy>
                    <width>12</width>
                    <height>502</height>
                    <texturesliderbackground border="6">scrollbar_bg.png</texturesliderbackground>
                    <textureslidernib>-</textureslidernib>
                    <textureslidernibfocus>-</textureslidernibfocus>
                    <orientation>vertical</orientation>
                    <showonepage>false</showonepage>
                </control>-->
                <!-- END RIGHT column -->
            </control>
        </control>
        <control type="group">
            <visible>!Container(2001).OnNext + !Container(2001).OnPrevious</visible>
            <animation effect="fade" start="0" end="100" time="200" tween="cubic" easing="inout" delay="50">Visible</animation>
            <posx>840</posx>
            <posy>140</posy>
            <control type="image" id="9001">
                <visible>!IsEmpty(Container(2001).ListItem.Thumb)</visible>
                <!--<include>BrowseThumbAnimationUnfocus</include>-->
                <posx>0</posx>
                <posy>0</posy>
                <width>270</width>
                <height>270</height>
                <texture fallback="images/thumbnail-rss-default.png" blend="true">$INFO[Container(2001).ListItem.Icon]</texture>
                <bordertexture srcborder="21" border="14">browse/bg-dropshadow-2.png</bordertexture>
                <bordersize>5</bordersize>
                <aspectratio scalediffuse="false">scale</aspectratio>
                <fadetime>200</fadetime>
            </control>
            <control type="image" id="9002">
                <visible>IsEmpty(Container(2001).ListItem.Thumb)</visible>
                <!--<include>BrowseThumbAnimationUnfocus</include>-->
                <posx>0</posx>
                <posy>0</posy>
                <width>270</width>
                <height>270</height>
                <texture>images/thumbnail-rss-default.png</texture>
                <bordertexture srcborder="21" border="14">browse/bg-dropshadow-2.png</bordertexture>
                <bordersize>5</bordersize>
                <aspectratio scalediffuse="false">scale</aspectratio>
                <fadetime>200</fadetime>
            </control>
            <control type="label">
                <posy>290</posy>
                <width>415</width>
                <height>40</height>
                <font>font23b</font>
                <align>left</align>
                <aligny>top</aligny>
                <textcolor>whiteheidi</textcolor>
                <label>[B]$INFO[container(2001).ListItem.Label][/B]</label>
            </control>
            <control type="label">
                <posy>330</posy>
                <width>415</width>
                <height>240</height>
                <font>font21</font>
                <align>left</align>
                <aligny>top</aligny>
                <textcolor>whiteheidi</textcolor>
                <label>$INFO[container(2001).ListItem.Property(description)]</label>
                <wrapmultiline>true</wrapmultiline>
            </control>
        </control>
        <control type="multiimage">
            <include>Loading_Animation</include>
            <visible>Container(2001).IsLoading</visible>
        </control>
    </controls>
</window>
