<?xml version="1.0"?>
<window type="window" id="14001">
    <onload lang="python">
        <![CDATA[
import rss
import mc

params = mc.GetApp().GetLaunchedWindowParameters()
rss.on_feed_load(params)
]]>
</onload>
    <defaultcontrol always="true">51</defaultcontrol>
    <allowoverlay>no</allowoverlay>
    <controls>
        <control type="image">
            <width>1280</width>
            <height>720</height>
            <texture>images/bg.png</texture>
        </control>
        <include>OSD_Clock</include>
        <control type="group">
            <visible>!Control.HasFocus(51)</visible>
            <control type="label">
                <include>PageTitlePropertiesUnfocused</include>
                <label>[B]$INFO[App.param(title)][/B]</label>
            </control>
            <control type="label">
                <include>PageSubtitlePropertiesUnfocused</include>
                <label>$INFO[Container(51).NumItems,, items]</label>
            </control>
        </control>
        <control type="group">
            <visible>Control.HasFocus(51)</visible>
            <control type="label">
                <include>PageTitlePropertiesFocused</include>
                <label>[B]$INFO[App.param(title)][/B]</label>
            </control>
            <control type="label">
                <include>PageSubtitlePropertiesFocused</include>
                <label>$INFO[Container(51).NumItems,, items]</label>
            </control>
        </control>
        <control type="group">
            <posx>62</posx>
            <posy>24</posy>
            <control type="label">
                <font>font21b</font>
                <label>[B]RSS[/B]</label>
                <textcolor>mediumgreyheidi</textcolor>
                <visible>!ControlGroup(1000).HasFocus</visible>
            </control>
            <control type="label">
                <font>font21b</font>
                <label>[B]RSS[/B]</label>
                <textcolor>boxeegreenheidi</textcolor>
                <visible>ControlGroup(1000).HasFocus</visible>
            </control>
        </control>
        <control type="image">
            <posx>790</posx>
            <posy>118</posy>
            <width>24</width>
            <height>556</height>
            <texture>images/divider.png</texture>
        </control>
        <!-- START MENU -->
        <control type="image">
            <visible>Control.HasFocus(1001)</visible>
            <posx>48</posx>
            <posy>128</posy>
            <width>200</width>
            <height>48</height>
            <texture srcborder="24" border="16">button-focused.png</texture>
        </control>
        <control type="image">
            <posx>32</posx>
            <posy>205</posy>
            <width>232</width>
            <height>33</height>
            <texture>browse/graphic-divider-horz-232.png</texture>
        </control>
        <control type="group" id="1000">
            <control type="togglebutton" id="1001">
                <posx>63</posx>
                <posy>139</posy>
                <width>25</width>
                <height>25</height>
                <onup>-</onup>
                <onleft>-</onleft>
                <ondown>1002</ondown>
                <onright>51</onright>
                <!--<visible>true + !Window.Property(is-favorite)</visible>-->
                <texturefocus>mediaaction/icon-favorite-add-on.png</texturefocus>
                <texturenofocus>mediaaction/icon-favorite-add-off.png</texturenofocus>
                <alttexturefocus>mediaaction/icon-favorite-remove-on.png</alttexturefocus>
                <alttexturenofocus>mediaaction/icon-favorite-remove-off.png</alttexturenofocus>
                <font>font24b</font>
                <textoffsetx>30</textoffsetx>
                <textcolor>mediumgreyheidi</textcolor>
                <focusedcolor>whiteheidi</focusedcolor>
                <disabledcolor>mediumgreyheidi</disabledcolor>
                <align>left</align>
                <aligny>center</aligny>
                <label>[B]$LOCALIZE[53729][/B]</label>
                <onclick lang="python">rss.subscribe_btn_click()</onclick>
            </control>
            <control type="list" id="1002">
                <posx>32</posx>
                <posy>245</posy>
                <width>232</width>
                <height>620</height>
                <onup>1001</onup>
                <onleft>-</onleft>
                <ondown>-</ondown>
                <onright>51</onright>
                <orientation>vertical</orientation>
                <scrolltime tween="sine" easing="out">200</scrolltime>
                <!--<focusposition>2</focusposition>-->
                <itemlayout width="232" height="60">
                    <control type="image">
                        <visible>ListItem.IsSelected</visible>
                        <posx>16</posx>
                        <posy>0</posy>
                        <width>200</width>
                        <height>48</height>
                        <texture srcborder="24" border="16">button-on.png</texture>
                    </control>
                    <control type="label">
                        <posx>32</posx>
                        <posy>0</posy>
                        <width>168</width>
                        <height>48</height>
                        <font>font24b</font>
                        <!--<textcolor>28B3B8BB</textcolor>-->
                        <textcolor>mediumgreyheidi</textcolor>
                        <align>left</align>
                        <aligny>center</aligny>
                        <label>[B]$INFO[ListItem.Label][/B]</label>
                    </control>
                </itemlayout>
                <focusedlayout width="232" height="60">
                    <control type="image">
                        <visible>ListItem.IsSelected</visible>
                        <posx>16</posx>
                        <posy>0</posy>
                        <width>200</width>
                        <height>48</height>
                        <texture srcborder="24" border="16">button-on.png</texture>
                    </control>
                    <control type="image">
                        <visible>Control.HasFocus(1002)</visible>
                        <posx>16</posx>
                        <posy>0</posy>
                        <width>200</width>
                        <height>48</height>
                        <texture srcborder="24" border="16">button-focused.png</texture>
                    </control>
                    <control type="label">
                        <visible>!Control.HasFocus(1002)</visible>
                        <posx>32</posx>
                        <posy>0</posy>
                        <width>168</width>
                        <height>48</height>
                        <font>font24b</font>
                        <!--<textcolor>28B3B8BB</textcolor>-->
                        <textcolor>mediumgreyheidi</textcolor>
                        <align>left</align>
                        <aligny>center</aligny>
                        <label>[B]$INFO[ListItem.Label][/B]</label>
                    </control>
                    <control type="label">
                        <visible>Control.HasFocus(1002)</visible>
                        <posx>32</posx>
                        <posy>0</posy>
                        <width>168</width>
                        <height>48</height>
                        <font>font24b</font>
                        <textcolor>whiteheidi</textcolor>
                        <align>left</align>
                        <aligny>center</aligny>
                        <label>[B]$INFO[ListItem.Label][/B]</label>
                        <scroll>true</scroll>
                    </control>
                </focusedlayout>
                <content type="action">
                    <item>
                        <label>Favorites</label>
                        <thumb>-</thumb>
                        <onclick>-</onclick>
                    </item>
                    <item>
                        <label>Directory</label>
                        <thumb>-</thumb>
                        <onclick>-</onclick>
                    </item>
                    <item>
                        <label>Add RSS</label>
                        <thumb>-</thumb>
                        <onclick>-</onclick>
                    </item>
                    <item>
                        <label>Search</label>
                        <thumb>-</thumb>
                        <onclick>-</onclick>
                    </item>
                    <onclick lang="python">
                        <![CDATA[
list = mc.GetActiveWindow().GetList(1002)
item = list.GetItem(list.GetFocusedItem()).GetLabel()

if item == 'Search':
    rss.user_feed_search()
elif item == 'Add RSS':
    rss.add_new_feed()
elif item == 'Directory':
    mc.ActivateWindow(14002)
elif item == 'Favorites':
    mc.ActivateWindow(14000)
]]>
</onclick>
                </content>
            </control>
            <!-- END MENU -->
        </control>
        <!-- MIDDLE COLUMN -->
        <control type="fixedlist" id="51">
            <enable>true + !Window.Property(empty)</enable>
            <visible>true + !Window.Property(loading)</visible>
            <preloaditems>2</preloaditems>
            <posx>280</posx>
            <posy>124</posy>
            <width>490</width>
            <height>550</height>
            <onleft>1000</onleft>
            <onright>-</onright>
            <onup>8002</onup>
            <ondown>-</ondown>
            <scrolltime>200</scrolltime>
            <pagecontrol>60</pagecontrol>
            <orientation>vertical</orientation>
            <focusposition>5</focusposition>
            <itemlayout height="60">
                <control type="label">
                    <width>460</width>
                    <visible>Window.IsVisible(10481)</visible>
                    <visible>ListItem.Property(watched)</visible>
                    <include>BrowseLongLineLabelProperties</include>
                    <label>$INFO[Listitem.Property(custom:temptitle)]</label>
                    <textcolor>mediumgreyheidi</textcolor>
                    <selectedcolor>mediumgreyheidi</selectedcolor>
                </control>
                <control type="label">
                    <width>460</width>
                    <visible>Window.IsVisible(10481)</visible>
                    <visible>!ListItem.Property(watched)</visible>
                    <include>BrowseShortLineLabelProperties</include>
                    <label>$INFO[Listitem.Property(custom:temptitle)]</label>
                    <textcolor>mediumgreyheidi</textcolor>
                    <selectedcolor>mediumgreyheidi</selectedcolor>
                </control>
                <control type="label">
                    <width>460</width>
                    <visible>Window.IsVisible(10480)</visible>
                    <include>BrowseShortLineLabelProperties</include>
                    <label>$INFO[Listitem.Property(custom:temptitle)]</label>
                    <textcolor>mediumgreyheidi</textcolor>
                    <selectedcolor>mediumgreyheidi</selectedcolor>
                </control>
                <control type="label">
                    <width>460</width>
                    <visible>true + !Window.IsVisible(10480) + !Window.IsVisible(10481)</visible>
                    <include>BrowseShortLineLabelProperties</include>
                    <label>$INFO[Listitem.Property(custom:temptitle)]</label>
                    <textcolor>mediumgreyheidi</textcolor>
                    <selectedcolor>mediumgreyheidi</selectedcolor>
                </control>
            </itemlayout>
            <focusedlayout height="60">
                <control type="image">
                    <visible>Control.HasFocus(51)</visible>
                    <posx>0</posx>
                    <posy>4</posy>
                    <width>486</width>
                    <height>52</height>
                    <texture srcborder="24" border="16">button-focused.png</texture>
                </control>
                <control type="label">
                    <visible>!Control.HasFocus(51)</visible>
                    <posx>16</posx>
                    <posy>3</posy>
                    <width>460</width>
                    <height>52</height>
                    <font>font30b</font>
                    <align>left</align>
                    <aligny>center</aligny>
                    <label>$INFO[Listitem.Property(custom:temptitle)]</label>
                    <textcolor>mediumgreyheidi</textcolor>
                    <selectedcolor>mediumgreyheidi</selectedcolor>
                </control>
                <control type="label">
                    <visible>Control.HasFocus(51)</visible>
                    <posx>16</posx>
                    <posy>3</posy>
                    <width>455</width>
                    <height>52</height>
                    <font>font30b</font>
                    <align>left</align>
                    <aligny>center</aligny>
                    <label>$INFO[Listitem.Property(custom:temptitle)]</label>
                    <textcolor>whiteheidi</textcolor>
                    <selectedcolor>whiteheidi</selectedcolor>
                    <scroll>true</scroll>
                    <scrollspeed>30</scrollspeed>
                </control>
            </focusedlayout>
            <content type="action"></content>
        </control>
        <!-- END MIDDLE -->
<!--        <control type="scrollbar" id="60">
            <visible>Control.IsVisible(51)</visible>
            <posx>640</posx>
            <posy>142</posy>
            <width>12</width>
            <height>560</height>-->
            <!--<texturesliderbackground border="6">scrollbar_bg.png</texturesliderbackground>-->
            <!--<textureslidernib>-</textureslidernib>-->
            <!--<textureslidernibfocus>-</textureslidernibfocus>-->
            <!--<texturesliderbar diffuse="nofocus.png" border="6">scrollbar_slider.png</texturesliderbar>-->
            <!--<texturesliderbarfocus diffuse="nofocus.png" border="6">scrollbar_slider.png</texturesliderbarfocus>-->
<!--            <orientation>vertical</orientation>
            <showonepage>false</showonepage>
        </control>-->
        <control type="group">
            <visible>!Container(51).OnNext + !Container(51).OnPrevious</visible>
            <animation effect="fade" start="0" end="100" time="200" tween="cubic" easing="inout" delay="50">Visible</animation>
            <posx>840</posx>
            <posy>140</posy>
            <control type="image" id="9001">
                <visible>!IsEmpty(Container(51).ListItem.Thumb)</visible>
                <!--<include>BrowseThumbAnimationUnfocus</include>-->
                <posx>0</posx>
                <posy>0</posy>
                <width>270</width>
                <height>270</height>
                <texture blend="false">$INFO[Container(51).ListItem.Icon]</texture>
                <bordertexture srcborder="21" border="14">browse/bg-dropshadow-2.png</bordertexture>
                <bordersize>5</bordersize>
                <aspectratio scalediffuse="false">scale</aspectratio>
                <fadetime>200</fadetime>
            </control>
            <control type="image" id="9002">
                <visible>IsEmpty(Container(51).ListItem.Thumb)</visible>
                <!--<include>BrowseThumbAnimationUnfocus</include>-->
                <posx>0</posx>
                <posy>0</posy>
                <width>270</width>
                <height>270</height>
                <texture>images/thumbnail-rss-default.png</texture>
                <bordertexture srcborder="21" border="14">browse/bg-dropshadow-2.png</bordertexture>
                <bordersize>5</bordersize>
                <aspectratio scalediffuse="false">scale</aspectratio>
                <fadetime>200</fadetime>
            </control>
            <control type="label">
                <posy>290</posy>
                <width>415</width>
                <height>40</height>
                <font>font23b</font>
                <align>left</align>
                <aligny>top</aligny>
                <textcolor>whiteheidi</textcolor>
                <label>[B]$INFO[container(51).ListItem.Label][/B]</label>
            </control>
            <control type="label">
                <posy>330</posy>
                <width>415</width>
                <height>240</height>
                <font>font21</font>
                <align>left</align>
                <aligny>top</aligny>
                <textcolor>whiteheidi</textcolor>
                <label>$INFO[container(51).ListItem.Property(description)]</label>
                <wrapmultiline>true</wrapmultiline>
            </control>
        </control>
        <control type="multiimage">
            <include>Loading_Animation</include>
            <visible>Container(51).IsLoading</visible>
        </control>
    </controls>
</window>
