<app>
  <id>wave45</id>
  <name>Wave45</name>
  <version>1.1</version>
  <description>The Best Urban Videos and Live Streams</description>
  <thumb>http://data.wave45.tv/boxee/images/black-tagline_500x500.png</thumb>
  <repository>http://dir.boxee.tv/apps</repository>
  <media>video</media>
  <copyright>Wave45</copyright>
  <email>support@wave45.tv</email>
  <type>skin</type>
  <startWindow>14000</startWindow>
  <platform>dlink.dsm380, intel.ce4100</platform>
  <minversion>0.9.20</minversion>
</app>
