<app>
  <id>pubdhub</id>
  <name>Pub-D-Hub</name>
  <version>1.1</version>
  <description>Classics from the public domain!</description>
  <thumb>http://pubdhub.info/images/pdh_thumb.png</thumb>
  <repository>http://dir.boxee.tv/apps</repository>
  <media>video</media>
  <copyright>Pub-D-Hub</copyright>
  <email>info@pubdhub.info</email>
  <type>skin</type>
  <startWindow>14000</startWindow>
  <platform>dlink.dsm380, intel.ce4100</platform>
  <minversion>0.9.11</minversion>
</app> 
