<?xml version="1.0"?>
<window type="window" id="14000">
	<defaultcontrol always="true">111</defaultcontrol>
	<allowoverlay>yes</allowoverlay>
	<onload>SetFocus(112)</onload>
	<onload>SetFocus(111)</onload>
	<controls>
		<control type="group" id="101">
			<visible>true</visible>
			<control type="image">
				<posx>0</posx>
				<posy>0</posy>
				<width>1280</width>
				<height>720</height>
				<texture>main.png</texture>
			</control>
			<control type="button" id="111">
				<posx>280</posx>
				<posy>290</posy>
				<width>282</width>
				<height>257</height>
				<onleft>-</onleft>
				<onright>112</onright>
				<onup>-</onup>
				<ondown>-</ondown>
				<texturenofocus>dl1.png</texturenofocus>
				<texturefocus>dl1.png</texturefocus>
				<animation effect="fade" start="50" end="100" time="100">Focus</animation>
				<animation effect="fade" start="100" end="50" time="100">UnFocus</animation>
				<onclick lang="python"><![CDATA[
mc.ActivateWindow(14001).GetControl(121).SetVisible(True)
mc.GetWindow(14001).GetControl(121).SetFocus()
]]></onclick>
			</control>
			<control type="button" id="112">
				<posx>685</posx>
				<posy>290</posy>
				<width>282</width>
				<height>257</height>
				<onleft>111</onleft>
				<onright>-</onright>
				<onup>-</onup>
				<ondown>-</ondown>
				<texturenofocus>dl2.png</texturenofocus>
				<texturefocus>dl2.png</texturefocus>
				<animation effect="fade" start="50" end="100" time="100">Focus</animation>
				<animation effect="fade" start="100" end="50" time="100">UnFocus</animation>
				<onclick lang="python"><![CDATA[
mc.ActivateWindow(14002).GetControl(122).SetVisible(True)
mc.GetWindow(14002).GetControl(122).SetFocus()
]]></onclick>
			</control>
		</control>
	</controls>
</window>
