<app>
	<id>drivecast</id>
	<name>DriveCast</name>
	<version>1.1</version>
	<description>With DriveCast bring the best from the Internet to your media center: video podcasts, cloud files (Dropbox &amp; Box.net), radio shows.</description>
	<thumb>http://drivecast.eu/images/dc_logo_boxee.png</thumb>
	<repository>http://dir.boxee.tv/apps</repository>
	<media>video</media>
	<copyright>Inrete srl</copyright>
	<email>drivecast@drivecast.eu</email>
	<type>skin</type>
	<startWindow>launch</startWindow>
	<platform>all</platform>
	<minversion>0.9.20</minversion>
</app>
