<?xml version="1.0"?>
<window type="window" id="14000">
	<onload lang="python"><![CDATA[ 
import rss			
import mc

mc.GetWindow(14000).GetControl(200).SetVisible(False);
mc.GetWindow(14000).GetControl(110).SetFocus();

if rss._get('disclaimer'):
	mc.GetWindow(14000).GetControl(200).SetVisible(True);
	rss.on_directory_load();
	
]]></onload>
	<allowoverlay>no</allowoverlay>
	<controls>
		<include>Common_Background</include>
		<control type="group" id="100">
			<control type="image">
				<posx>0</posx>
				<posy>0</posy>
				<width>1280</width>
				<height>720</height>
				<texture>black.png</texture>
			</control>
			<control type="label">
				<posx>100</posx>
				<posy>100</posy>
				<width>1080</width>
				<height>450</height>
				<label><![CDATA[Diese App wurde von der D-Link (Deutschland) GmbH erstellt und beinhaltet eine Auswahl verschiedener deutschsprachiger Inhalte, basierend auf dem Internetdienst Miro Guide. Die Inhalte können sich jederzeit ändern. Die D-Link (Deutschland) GmbH kann daher keine Verantwortung für die ständige Verfügbarkeit einzelner Angebote übernehmen. Es können Angebote enthalten sein, die nicht für Kinder und Jugendliche geeignet sind. 

Wie du diese App in wenigen Schritten fest integrierst:

1. Klicke auf das Menü-Symbol auf deiner Fernbedienung.
2. Gehe in den Bereich "Apps"
3. Gehe auf "Repositories"
4. Gehe auf das "Plus" oben rechts
5. Gib folgenden Link ein: http://boxee.dlink.de/repo
6. Wähle D-Link Deutschland Repository in der Liste aus]]></label>
				<font>sans28</font>
				<align>left</align>
				<wrapmultiline>true</wrapmultiline>
			</control>
			<control type="button" id="110">
				<posx>450</posx>
				<posy>600</posy>
				<width>175</width>
				<height>50</height>
				<label>Akzeptieren</label>
				<font>sans28b</font>
				<textcolor>white</textcolor>
				<focusedcolor>black</focusedcolor>
				<disabledcolor>disabled</disabledcolor>
				<texturenofocus border="16" diffuse="464646.png">button_8_pixel.png</texturenofocus>
				<texturefocus border="16" diffuse="00ff24.png">button_8_pixel.png</texturefocus>
				<textureclick border="16" diffuse="f1f1f1.png">button_8_pixel.png</textureclick>
				<align>center</align>
				<aligny>center</aligny>
				<onright>120</onright>
				<onclick lang="python"><![CDATA[
mc.GetWindow(14000).GetControl(100).SetVisible(False)
mc.GetWindow(14000).GetControl(200).SetVisible(True)
mc.GetWindow(14000).GetControl(200).SetFocus()
rss._set('disclaimer', 1)
rss.on_directory_load()
]]></onclick>
			</control>
			<control type="button" id="120">
				<posx>650</posx>
				<posy>600</posy>
				<width>175</width>
				<height>50</height>
				<label>Verlassen</label>
				<font>sans28b</font>
				<textcolor>white</textcolor>
				<focusedcolor>black</focusedcolor>
				<disabledcolor>disabled</disabledcolor>
				<texturenofocus border="16" diffuse="464646.png">button_8_pixel.png</texturenofocus>
				<texturefocus border="16" diffuse="ff0000.png">button_8_pixel.png</texturefocus>
				<textureclick border="16" diffuse="f1f1f1.png">button_8_pixel.png</textureclick>
				<align>center</align>
				<aligny>center</aligny>
				<onleft>110</onleft>
				<onclick lang="python"><![CDATA[
mc.CloseWindow()
]]></onclick>
			</control>
		</control>
        <control type="group" id="200">
			<control type="group">
				<include>BrowseListsAnimation</include>
				<control type="label">
					<include>PageTitleProperties</include>
					<label>[B]Deutschsprachige Videocasts[/B]</label>
				</control>
				<control type="label">
					<visible>App.HasSetting(category)</visible>
					<include>PageSubtitleProperties</include>
					<label>$INFO[App.String(category)]</label>
				</control>	
				<control type="label">
					<visible>App.HasSetting(searching)</visible>
					<include>PageSubtitleProperties</include>
					<label>$INFO[App.String(searching),Searching for ]</label>
				</control>	
			</control>
			<control type="group" id="9000">
				<control type="group">
					<!-- CATEGORIES list column -->
					<control type="fixedlist" id="2000">
						<posx>29</posx>
						<posy>140</posy>
						<width>430</width>
						<height>558</height>
						<onup>8000</onup>
						<onleft>-</onleft>
						<onright>2001</onright>
						<ondown>-</ondown>
						<offsety>4</offsety>
						<visible>true</visible>
						<orientation>vertical</orientation>
						<focusposition>7</focusposition>
						<pagecontrol>60</pagecontrol>
						<itemlayout height="62">
							<control type="image">
								<visible>IsEmpty(ListItem.property(custom:selected))</visible>
								<posx>0</posx>
								<posy>0</posy>
								<width>430</width>
								<height>54</height>
								<colordiffuse>FF464646</colordiffuse>
								<texture border="16">button_8_pixel.png</texture>
							</control>
							<control type="image">
								<visible>!IsEmpty(ListItem.property(custom:selected))</visible>
								<posx>0</posx>
								<posy>0</posy>
								<width>430</width>
								<height>54</height>
								<colordiffuse>FFF1F1F1</colordiffuse>
								<texture border="16">button_8_pixel.png</texture>
							</control>
							<control type="label">
								<visible>IsEmpty(ListItem.property(custom:selected))</visible>
								<posx>16</posx>
								<posy>0</posy>
								<width>400</width>
								<height>54</height>
								<font>font24b</font>
								<align>left</align>
								<aligny>center</aligny>
								<info>ListItem.Label</info>
								<textcolor>white</textcolor>
							</control>
							<control type="label">
								<visible>!IsEmpty(ListItem.property(custom:selected))</visible>
								<posx>16</posx>
								<posy>0</posy>
								<width>400</width>
								<height>54</height>
								<font>font24b</font>
								<align>left</align>
								<aligny>center</aligny>
								<info>ListItem.Label</info>
								<textcolor>black</textcolor>
							</control>
						</itemlayout>
						<focusedlayout height="62">
							<control type="group">
								<visible>!Control.HasFocus(2000)</visible>
								<control type="image">
									<visible>IsEmpty(ListItem.property(custom:selected))</visible>
									<posx>0</posx>
									<posy>0</posy>
									<width>430</width>
									<height>54</height>
									<colordiffuse>FF464646</colordiffuse>
									<texture border="16">button_8_pixel.png</texture>
								</control>
								<control type="image">
									<visible>!IsEmpty(ListItem.property(custom:selected))</visible>
									<posx>0</posx>
									<posy>0</posy>
									<width>430</width>
									<height>54</height>
									<colordiffuse>FFF1F1F1</colordiffuse>
									<texture border="16">button_8_pixel.png</texture>
								</control>
								<control type="label">
									<visible>IsEmpty(ListItem.property(custom:selected))</visible>
									<posx>16</posx>
									<posy>0</posy>
									<width>400</width>
									<height>54</height>
									<font>font24b</font>
									<align>left</align>
									<aligny>center</aligny>
									<info>ListItem.Label</info>
									<textcolor>white</textcolor>
								</control>
								<control type="label">
									<visible>!IsEmpty(ListItem.property(custom:selected))</visible>
									<posx>16</posx>
									<posy>0</posy>
									<width>400</width>
									<height>54</height>
									<font>font24b</font>
									<align>left</align>
									<aligny>center</aligny>
									<info>ListItem.Label</info>
									<textcolor>black</textcolor>
								</control>
							</control>
							<control type="group">
								<visible>Control.HasFocus(2000)</visible>
								<control type="image">
									<posx>0</posx>
									<posy>0</posy>
									<width>430</width>
									<height>54</height>
									<colordiffuse>FF10B9F2</colordiffuse>
									<texture border="16">button_8_pixel.png</texture>
								</control>
								<control type="label">
									<posx>16</posx>
									<posy>0</posy>
									<width>400</width>
									<height>54</height>
									<font>font24b</font>
									<align>left</align>
									<aligny>center</aligny>
									<info>ListItem.Label</info>
									<textcolor>black</textcolor>
								</control>
							</control>
						</focusedlayout>
						<content type="url" url="">
							<onclick lang="python">rss.directory_click()</onclick>
						</content>
					</control>
					<!-- END LEFT column -->
					<!-- SCROLLBAR -->
					<control type="scrollbar" id="60">
						<visible>Control.IsVisible(2000)</visible>
						<posx>480</posx>
						<posy>142</posy>
						<width>12</width>
						<height>560</height>
						<texturesliderbackground border="6">scrollbar_bg.png</texturesliderbackground>
						<textureslidernib>-</textureslidernib>
						<textureslidernibfocus>-</textureslidernibfocus>
						<texturesliderbar diffuse="nofocus.png" border="6">scrollbar_slider.png</texturesliderbar>
						<texturesliderbarfocus diffuse="nofocus.png" border="6">scrollbar_slider.png</texturesliderbarfocus>
						<orientation>vertical</orientation>
						<showonepage>false</showonepage>
					</control>
					<!-- FEED list column -->
					<control type="panel" id="2001">
						<include>BrowseListAnimation</include>
						<preloaditems>2</preloaditems>
						<posx>502</posx>
						<posy>140</posy>
						<width>720</width>
						<height>550</height>
						<onleft>2000</onleft>
						<onright>8000</onright>
						<onup>8000</onup>
						<ondown lang="python">rss.directory_paginate()</ondown>
						<scrolltime>400</scrolltime>
						<pagecontrol>61</pagecontrol>
						<orientation>vertical</orientation>
						<itemlayout width="240" height="272">
							<include>BrowseSquareThumbUnfocus</include>
							<include>BrowseSquareLabelUnfocus</include>
						</itemlayout>
						<focusedlayout width="240" height="272">
							<control type="group">
								<visible>!Control.HasFocus(2001)</visible>
								<include>BrowseSquareThumbUnfocus</include>
								<include>BrowseSquareLabelUnfocus</include>
								<control type="image">
									<visible>!IsEmpty(ListItem.property(custom:subscribed))</visible>
									<posx>510</posx>
									<posy>70</posy>
									<width>20</width>
									<height>20</height>
									<texture>checkmark.png</texture>
									<aspectratio>keep</aspectratio>
								</control>
							</control>
							<control type="group">
								<visible>Control.HasFocus(2001)</visible>
								<include>BrowseSquareThumbFocus</include>
								<include>BrowseSquareLabelFocus</include>
								<control type="image">
									<visible>!IsEmpty(ListItem.property(custom:subscribed))</visible>
									<posx>510</posx>
									<posy>70</posy>
									<width>20</width>
									<height>20</height>
									<texture>checkmark.png</texture>
									<aspectratio>keep</aspectratio>
								</control>
							</control>
						</focusedlayout>
						<content type="url" url="">
							<onclick lang="python">rss.directory_feed_click()</onclick>
						</content>
					</control>
					<control type="scrollbar" id="61">
						<visible>Control.IsVisible(2001)</visible>
						<posx>1229</posx>
						<posy>148</posy>
						<width>12</width>
						<height>502</height>
						<texturesliderbackground border="6">scrollbar_bg.png</texturesliderbackground>
						<textureslidernib>-</textureslidernib>
						<textureslidernibfocus>-</textureslidernibfocus>
						<texturesliderbar diffuse="nofocus.png" border="6">scrollbar_slider.png</texturesliderbar>
						<texturesliderbarfocus diffuse="nofocus.png" border="6">scrollbar_slider.png</texturesliderbarfocus>
						<orientation>vertical</orientation>
						<showonepage>false</showonepage>
					</control>
					<!-- END RIGHT column -->
				</control>
			</control>
			<control type="grouplist" id="8000">
				<posx>932</posx>
				<posy>29</posy>
				<width>700</width>
				<height>56</height>
				<itemgap>12</itemgap>
				<onup>-</onup>
				<ondown>9000</ondown>
				<onleft>9000</onleft>
				<onright>-</onright>
				<orientation>horizontal</orientation>
				<usecontrolcoords>false</usecontrolcoords>
				<control type="button" id="8003">
					<width>56</width>
					<height>56</height>
					<texturenofocus diffuse="masks/f1f1f1.png">icon_rss_search.png</texturenofocus>
					<texturefocus diffuse="masks/10b9f2.png">icon_rss_search.png</texturefocus>
					<textureclick diffuse="masks/868d89.png">-</textureclick>
					<label>-</label>
					<onclick lang="python">rss.directory_search()</onclick>
				</control>
			</control>
			<control type="multiimage">
				<include>Loading_Animation</include>
				<visible>Container(2001).IsLoading</visible>
			</control>
		</control>
	</controls>
</window>
