<?xml version="1.0"?>
<window type="window" id="14001">
	<onload lang="python"><![CDATA[ 
import rss			
import mc

params = mc.GetApp().GetLaunchedWindowParameters()
rss.on_feed_load(params)
]]></onload>
	<defaultcontrol always="true">2000</defaultcontrol>
	<allowoverlay>no</allowoverlay>
	<controls>
		<include>Common_Background</include>
		<control type="group">
			<include>BrowseListsAnimation</include>
			<include>BoxeeLogo</include>
			<control type="label">
				<include>PageTitleProperties</include>
				<label>[B]$INFO[App.param(title)][/B]</label>
			</control>
			<control type="label">
				<include>PageSubtitleProperties</include>
				<label>$INFO[Container(2000).NumItems,, items]</label>
			</control>	
		</control>
		<control type="group" id="9000">
			<!-- LEFT list column -->
			<control type="list" id="2000">
				<include>BrowseListAnimation</include>
				<preloaditems>2</preloaditems>
				<posx>29</posx>
				<posy>140</posy>
				<width>600</width>
				<height>580</height>
				<onup>8000</onup>
				<onright>8000</onright>
				<onleft>-</onleft>
				<ondown>-</ondown>
				<scrolltime>200</scrolltime>
				<pagecontrol>60</pagecontrol>
				<orientation>vertical</orientation>
				<focusposition>6</focusposition>
				<itemlayout height="52">
					<control type="image">
						<include>BrowseLongLineUnfocus</include>
					</control>
					<control type="group">
						<visible>!ListItem.Property(isseparator)</visible>
						<control type="label">
							<visible>ListItem.Property(watched)</visible>
							<posx>16</posx>
							<posy>0</posy>
							<width>570</width>
							<height>52</height>
							<font>font30</font>
							<align>left</align>
							<aligny>center</aligny>
							<label>$INFO[ListItem.Episode,,   ]$INFO[ListItem.Label]</label>
							<textcolor>grey</textcolor>
							<selectedcolor>grey</selectedcolor>
						</control>
						<control type="label">
							<visible>!ListItem.Property(watched)</visible>
							<posx>16</posx>
							<posy>0</posy>
							<width>570</width>
							<height>52</height>
							<font>font30</font>
							<align>left</align>
							<aligny>center</aligny>
							<label>$INFO[ListItem.Episode,,   ]$INFO[ListItem.Label]</label>
							<textcolor>white</textcolor>
							<selectedcolor>white</selectedcolor>
						</control>
					</control>
					<control type="group">
						<visible>ListItem.Property(isseparator)</visible>
						<control type="label">
							<posx>16</posx>
							<posy>0</posy>
							<width>570</width>
							<height>52</height>
							<font>font30b</font>
							<align>left</align>
							<aligny>center</aligny>
							<label>$INFO[ListItem.Label]</label>
							<textcolor>grey</textcolor>
						</control>
					</control>
				</itemlayout>
				<focusedlayout height="52">
					<control type="image">
						<visible>Control.HasFocus(2000)</visible>
						<include>BrowseLongLineFocus</include>
					</control>
					<control type="image">
						<visible>!Control.HasFocus(2000)</visible>
						<include>BrowseLongLineUnfocus</include>
					</control>
					<control type="label">
						<visible>!Control.HasFocus(2000)</visible>
						<posx>16</posx>
						<posy>0</posy>
						<width>570</width>
						<height>52</height>
						<font>font30</font>
						<align>left</align>
						<aligny>center</aligny>
						<label>$INFO[ListItem.Label]</label>
						<textcolor>white</textcolor>
						<selectedcolor>white</selectedcolor>
					</control>
					<control type="label">
						<visible>Control.HasFocus(2000)</visible>
						<posx>16</posx>
						<posy>0</posy>
						<width>570</width>
						<height>52</height>
						<font>font30</font>
						<align>left</align>
						<aligny>center</aligny>
						<label>$INFO[ListItem.Label]</label>
						<textcolor>black</textcolor>
						<selectedcolor>black</selectedcolor>
						<scroll>true</scroll>
					</control>
				</focusedlayout>
				<content type="url" url="">
					<!--onclick lang="python"><![CDATA[
win  = mc.GetActiveWindow()
list = win.GetList(2000)
item = list.GetItem(list.GetFocusedItem())								
item.SetProviderSource('')
mc.GetPlayer().PlayWithActionMenu(item)
]]></onclick-->
				</content>
			</control>
			<!-- END LEFT column -->
			<!-- SCROLLBAR -->
			<control type="scrollbar" id="60">
				<visible>Control.IsVisible(2000)</visible>
				<posx>640</posx>
				<posy>142</posy>
				<width>12</width>
				<height>560</height>
				<texturesliderbackground border="6">scrollbar_bg.png</texturesliderbackground>
				<textureslidernib>-</textureslidernib>
				<textureslidernibfocus>-</textureslidernibfocus>
				<texturesliderbar diffuse="nofocus.png" border="6">scrollbar_slider.png</texturesliderbar>
				<texturesliderbarfocus diffuse="nofocus.png" border="6">scrollbar_slider.png</texturesliderbarfocus>
				<orientation>vertical</orientation>
				<showonepage>false</showonepage>
			</control>
			<control type="group">
				<visible>!Container(2000).OnNext + !Container(2000).OnPrevious</visible>
				<animation effect="fade" start="0" end="100" time="200" tween="cubic" easing="inout" delay="50">Visible</animation>
				<posx>682</posx>
				<posy>140</posy>
				<control type="image" id="9001">
					<visible>!IsEmpty(Container(2000).ListItem.Thumb)</visible>
					<include>BrowseThumbAnimationUnfocus</include>
					<posx>0</posx>
					<posy>0</posy>
					<width>320</width>
					<height>320</height>
					<texture blend="false">$INFO[Container(2000).ListItem.Icon]</texture>
					<bordertexture border="10">masks/thumb_border.png</bordertexture>
					<bordersize>10</bordersize>
					<aspectratio scalediffuse="false">scale</aspectratio>
					<fadetime>200</fadetime>
				</control>
				<control type="label">
					<posx>10</posx>
					<posy>340</posy>
					<width>560</width>
					<height>220</height>
					<font>font22</font>
					<align>left</align>
					<aligny>top</aligny>
					<textcolor>white</textcolor>
					<label>[B]$INFO[container(2000).ListItem.Label][/B][CR][CR]$INFO[container(2000).ListItem.Property(description)]</label>
					<wrapmultiline>true</wrapmultiline>
				</control>
			</control>
		</control>
		<control type="group" id="8000">
			<control type="togglebutton" id="8002">
				<include>ViewButton</include>
				<onleft>9000</onleft>
				<onright>-</onright>
				<ondown>9000</ondown>
				<texturenofocus diffuse="masks/f1f1f1.png">icons/icon_action_menu_favorite_add.png</texturenofocus>
				<texturefocus diffuse="masks/10b9f2.png">icons/icon_action_menu_favorite_add.png</texturefocus>
				<alttexturenofocus diffuse="masks/f1f1f1.png">icons/icon_action_menu_favorite_selected.png</alttexturenofocus>
				<alttexturefocus diffuse="masks/10b9f2.png">icons/icon_action_menu_favorite_add.png</alttexturefocus>
				<textureclick diffuse="masks/868d89.png">-</textureclick>
				<label>-</label>
				<onclick lang="python">rss.subscribe_btn_click()</onclick>
			</control>
		</control>
	</controls>
</window>
