<?xml version="1.0"?>
<window type="window" id="14000">
    <defaultcontrol always="true">300</defaultcontrol>
    <allowoverlay>no</allowoverlay>
    <controls>
    <control type="image">
			<posx>0</posx>
			<posy>0</posy>
			<width>1280</width>
			<height>720</height>
			<texture>bg.png</texture>
		</control>
		
        <!--Begin CATEGORY List-->
		<control type="list" id="300">
			<posx>60</posx>
			<posy>330</posy>
			<width>270</width>
			<height>300</height>
			<orientation>vertical</orientation>
			<ondown>-</ondown>
			<onup>-</onup>
			<onright>100</onright>
			<onleft>-</onleft>
			<itemlayout width="126" height="30">
				<control type="image">
					<posx>0</posx>
					<posy>0</posy>
					<width>300</width>
					<height>234</height>
				</control>
				<control type="label">
					<posx>83</posx>
					<posy>0</posy>
					<width>300</width>
					<height>30</height>
					<font>font70</font>
					<align>center</align>
					<aligny>center</aligny>
					<label>$INFO[ListItem.Label]</label>
					<textcolor>white</textcolor>
				</control>
			</itemlayout>
			<focusedlayout width="126" height="30">
				<control type="image">
					<visible>!Control.HasFocus(300)</visible>
					<posx>0</posx>
					<posy>0</posy>
					<width>200</width>
					<height>30</height>
					<texture>white.png</texture>
					<colordiffuse>black</colordiffuse>
				</control>
				<control type="image">
					<visible>Control.HasFocus(300)</visible>
					<posx>0</posx>
					<posy>0</posy>
					<width>200</width>
					<height>30</height>
					<texture>white.png</texture>
					<colordiffuse>FF505050</colordiffuse>
				</control>
				<control type="label">
					<posx>83</posx>
					<posy>0</posy>
					<width>300</width>
					<height>30</height>
					<font>font70</font>
					<align>center</align>
					<aligny>center</aligny>
					<label>$INFO[ListItem.Label]</label>
					<textcolor>white</textcolor>
				</control>
			</focusedlayout>
			<content type="url" url="http://feeds.rapidfeeds.com/42649/">
				<onclick lang="python"><![CDATA[
try:
    list = mc.GetWindow(14000).GetList(300)
    listitems = list.GetItems()
    listitem = listitems[list.GetFocusedItem()]
    params = mc.Parameters()
    params["title"] = str( listitem.GetLabel() )
    params["description"] = str( listitem.GetDescription() )
    params["link"] = str( listitem.GetPath() )
    mc.GetWindow(14000).GetList(100).SetContentURL(params["link"])
except Exception, e:
    print "Main page error: " + str( e )
]]></onclick>
			</content>
		</control>
		<!--End CATEGORY List-->
		<!--Begin shows list-->
		<control type="list" id="100">
			<posx>400</posx>
			<posy>410</posy>
			<width>777</width>
			<height>250</height>
			<onup>300</onup>
			<onright>-</onright>
			<onleft>300</onleft>
			<ondown>-</ondown>
			<orientation>horizontal</orientation>
			<itemlayout width="259" height="170">
				

				<control type="image">
					<posx>10</posx>
					<posy>5</posy>
					<width>250</width>
					<height>141</height>
					<align>center</align>
					<texture>$INFO[ListItem.Thumb]</texture>
					<aspectratio>stretch</aspectratio>
				</control>
			</itemlayout>
			<focusedlayout width="259" height="170">
				
				
				<control type="image">
					<visible>!Control.HasFocus(100)</visible>
					<posx>10</posx>
					<posy>5</posy>
					<width>250</width>
					<height>141</height>
					<align>center</align>
					<texture>$INFO[ListItem.Thumb]</texture>
					<aspectratio>stretch</aspectratio>
				</control>
				<control type="image">
					<visible>Control.HasFocus(100)</visible>
					<posx>10</posx>
					<posy>5</posy>
					<width>250</width>
					<height>141</height>
					<align>center</align>
					<texture>$INFO[ListItem.Thumb]</texture>
			        <aspectratio>stretch</aspectratio>
				</control>
				
				
				<control type="image">
					<visible>Control.HasFocus(100)</visible>
					<posx>10</posx>
					<posy>0</posy>
					<width>250</width>
					<height>5</height>
					<align>left</align>
					<texture>indicator.png</texture>
					<aspectratio>scale</aspectratio>
				</control>
				<control type="image">
					<visible>Control.HasFocus(100)</visible>
					<posx>10</posx>
					<posy>0</posy>
					<width>250</width>
					<height>5</height>
					<texture>indicator.png</texture>
			        <aspectratio>scale</aspectratio>
				</control>
				<control type="label">
					<visible>Control.HasFocus(100)</visible>
					<posx>10</posx>
					<posy>145</posy>
					<width>250</width>
					<height>100</height>
					<font>font20</font>
					<align>left</align>
					
					<label>[B]$INFO[ListItem.Title][/B]</label>
					<textcolor>yellow</textcolor>
					<wrapmultiline>true</wrapmultiline>
				</control>
			</focusedlayout>
			<content type="url" url="http://backlot.ooyala.com/syndication/boxee?id=65345133-d974-4a81-a8e0-fcddc0b24fe7">
				
			</content>
		</control>
		<!--Arrow nav for menu-->
		<control type="image">
			<posx>350</posx>
			<posy>450</posy>
			<width>48</width>
			<height>51</height>
			<texture>leftarrow.png</texture>
			<visible>Container(100).HasPrevious</visible>
		</control>
		<control type="image">
			<posx>1188</posx>
			<posy>450</posy>
			<width>44</width>
			<height>51</height>
			<texture>rightarrow.png</texture>
			<visible>Container(100).HasNext</visible>
		</control>
		<!--End Show list-->
		<!--This is the thumbnail and description-->
		<control type="group">
           <control type="image">
              <visible>true</visible>
              <posx>450</posx>
              <posy>45</posy>
              <width>440</width>
              <height>250</height>
              <texture>$INFO[Container(100).ListItem.Thumb]</texture>
           </control>
           <control type="label">
              <orientation>vertical</orientation>
              <visible>true</visible>
              <posx>900</posx>
              <posy>10</posy>
              <width>300</width>
              <height>350</height>
              <font>font20</font>
              <align>left</align>
              <aligny>center</aligny>
              <label>$INFO[Container(100).ListItem.property(description)]</label>
              <background>grey</background>
              <textcolor>white</textcolor>
              <wrapmultiline>true</wrapmultiline>
           </control>
         </control>
         <!--END thumbnail and description-->
   </controls>
</window>
