<app>
  <id>sugardvd</id>
  <name>SugarDVD Boxee App</name>
  <version>1.21</version>
  <description>SugarDVD Boxee Application v1.21</description>
  <thumb>http://oddesse.hs.llnwd.net/o41/u/sugardvd1.png</thumb>
  <repository>http://dir.boxee.tv/apps</repository>
  <media>video</media>
  <rating>adult</rating>
  <copyright>SugarDVD</copyright>
  <email>support@sugardvd.com</email>
  <type>skin</type>
  <startWindow>start</startWindow>
  <platform>all</platform>
  <minversion>1.0</minversion>
  <testapp>true</testapp>
</app>
