<app>
	<id>ride-show</id>
	<name>The Ride Show</name>
	<version>1.7</version>
	<description>The Ride Show TV is a weekly automotive entertainment show. If you can ride in it, or on it you will find it on The Ride Show.</description>
        <thumb>http://www.iveho.com/rideshow/thumb.png</thumb>
        <repository>http://dir.boxee.tv/apps</repository>
	<media>video</media>
        <copyright>KRCW-TV</copyright>
        <email>nik.j.miles@gmail.com</email>
	<type>skin</type>
	<startWindow>14000</startWindow>
	<platform>all</platform>
	<minversion>0.9.11</minversion>
</app>
