<?xml version="1.0"?>
<window type="window" id="14000">
	<onload lang="python"><![CDATA[
		import mc,time,random

		config = mc.GetApp().GetLocalConfig()
		now = int(time.time())
		conf_time=config.GetValue("time")

		#send "visit" at most once a day
		if conf_time=="" or int(conf_time) < now - 86400:

		    var_utmac = 'UA-6814818-1'; #replace with your own analytics account UA string
		    var_utmhn = 'lifeminute.tv' 
		    var_utmn = str(random.randint(1000000000,9999999999))
		    var_cookie = str(random.randint(10000000,99999999))
		    var_random = str(random.randint(1000000000,2147483647))
		    var_today = str(now)
		    var_referer = '-'
		    var_uservar = '-'
		    var_utmp = '/' + mc.GetApp().GetId()

		    config.SetValue('time',var_today)

		    imgpath = 'http://www.google-analytics.com/__utm.gif?utmwv=3&utmn=' + \
		     var_utmn + '&utme=&utmcs=-&utmsr=-&utmsc=-&utmul=-&utmje=0&utmfl=-&utmdt=-&utmhn=' + \
		     var_utmhn + '&utmhid=' + var_utmn + '&utmr=' + var_referer + \
		     '&utmp=' + var_utmp + '&utmac=' + var_utmac + '&utmcc=__utma%3D' + \
		     var_cookie + '.' + var_random + '.' + var_today + '.' + var_today + \
		     '.' + var_today + '.2%3B%2B__utmz%3D' + var_cookie + '.' + \
		     var_today + '.2.2.utmcsr%3D_SOURCE_%7Cutmccn%3D_CAMPAIGN_%7Cutmcmd%3D_MEDIUM_%7Cutmctr%3D_KEYWORD_%7Cutmcct%3D_CONTENT_%3B%2B__utmv%3D' + \
		     var_cookie + '.' + var_uservar + '%3B' 

		    mc.GetWindow(14000).GetImage(9999).SetTexture(imgpath)

	]]></onload>
	<control type="largeimage" id="9999">
	<width>1</width>
	<height>1</height>
	<texture></texture>
	</control>
   <defaultcontrol always="true">120</defaultcontrol>
   <allowoverlay>yes</allowoverlay>
   <controls>
      <control type="group">
         <animation type="WindowOpen">
            <effect type="fade" start="0" end="100" time="200" />
         </animation>
         <control type="image">
            <width>1280</width>
            <height>720</height>
            <texture>ba_background.png</texture>
         </control>
         <control type="group">
            <posy>160</posy>
			<posx>50</posx>
            <control type="image">
               <width>800</width>
               <height>530</height>
               <texture>-ba_overlay.png</texture>
            </control>
            <control type="image">
               <posy>0</posy>
               <posx>810</posx>
               <width>355</width>
               <height>200</height>
               <info>Container(120).Listitem.thumb</info>
            </control>
            <control type="label">
               <posy>230</posy>
               <posx>810</posx>
               <align>center</align>
               <width>350</width>
               <height>180</height>
               <info>Container(120).Listitem.property(description)</info>
               <wrapmultiline>true</wrapmultiline>
			   <textcolor>black</textcolor>
            </control>
            <control type="list" id="120">
                <posy>3</posy>
                <posx>15</posx>
                <width>700</width>
                <height>500</height>
                <scrolltime>200</scrolltime>
                <orientation>vertical</orientation>
                <itemlayout width="700" height="95">
                    <control type="image">
							<posx>10</posx>
							<posy>5</posy>
							<width>140</width>
							<height>95</height>
							<info>ListItem.Thumb</info>
						</control>
						<control type="label">
                        	<posx>160</posx>
							<posy>10</posy>
                        	<width>655</width>
                        	<height>25</height>
                        	<font>font23</font>
                        	<aligny>center</aligny>
                        	<label>$INFO[ListItem.Label]</label>
							<wrapmultiline>false</wrapmultiline>
                        	<textcolor>black</textcolor>
							<selectedcolor>FFCC8E19</selectedcolor>
                    	</control>
						<control type="label">
		                    <posx>170</posx>
							<posy>40</posy>
		                    <width>655</width>
		                    <height>16</height>
		                    <font>font16</font>
		                    <aligny>center</aligny>
		                    <label>$INFO[ListItem.Premiered]</label>
							<wrapmultiline>false</wrapmultiline>
		                    <textcolor>black</textcolor>
							<selectedcolor>FFCC8E19</selectedcolor>
		                </control>
						<control type="label">
			                <posx>170</posx>
							<posy>60</posy>
			                <width>655</width>
			                <height>16</height>
			                <font>font14</font>
			                <aligny>center</aligny>
			                <label>Runtime: $INFO[ListItem.property(duration)]</label>
							<wrapmultiline>false</wrapmultiline>
			                <textcolor>black</textcolor>
							<selectedcolor>FFCC8E19</selectedcolor>
			            </control>
                </itemlayout>
                <focusedlayout width="700" height="95">
					 <control type="image">
							<posx>10</posx>
							<posy>5</posy>
							<width>140</width>
							<height>95</height>
							<info>ListItem.Thumb</info>
						</control>
						<control type="label">
                        	<posx>160</posx>
							<posy>10</posy>
                        	<width>655</width>
                        	<height>25</height>
                        	<font>font23</font>
                        	<aligny>center</aligny>
                        	<label>$INFO[ListItem.Label]</label>
							<wrapmultiline>false</wrapmultiline>
                        	<textcolor>FF0C82A9</textcolor>
							<selectedcolor>FFE5B966</selectedcolor>
                    	</control>
						<control type="label">
		                    <posx>170</posx>
							<posy>40</posy>
		                    <width>655</width>
		                    <height>16</height>
		                    <font>font16</font>
		                    <aligny>center</aligny>
		                    <label>$INFO[ListItem.Premiered]</label>
							<wrapmultiline>false</wrapmultiline>
		                    <textcolor>FF0C82A9</textcolor>
							<selectedcolor>FFE5B966</selectedcolor>
		                </control>
						<control type="label">
			                <posx>170</posx>
							<posy>60</posy>
			                <width>655</width>
			                <height>16</height>
			                <font>font14</font>
			                <aligny>center</aligny>
			                <label>Runtime: $INFO[ListItem.property(duration)]</label>
							<wrapmultiline>false</wrapmultiline>
			                <textcolor>FF0C82A9</textcolor>
							<selectedcolor>FFE5B966</selectedcolor>
			            </control>
                </focusedlayout>
				<content type="url" url="http://lifeminute.tv/rss/boxeeapp.xml">
                </content>
            </control>
         </control>
         <control type="image">
            <posy>20</posy>
            <posx>50</posx>
            <texture>logo.png</texture>
         </control>
      </control>
   </controls>
</window>
