<app>
  <id>sunflykaraoke</id>
  <name>Sunfly Karaoke</name>
  <version>1.05</version>
  <description>Play Sunfly Karaoke Online</description>
  <thumb>http://www.tricerasoft.com/cgi-bin/Boxee/SunflyAppLogo.png</thumb>
  <repository>http://dir.boxee.tv/apps</repository>
  <media>video</media>
  <copyright>TriceraSoft</copyright>
  <email>submit@tricerasoft.com</email>
  <type>skin</type>
  <startWindow>14000</startWindow>
  <platform>all</platform>
  <minversion>0.9.20</minversion>
</app>
