<?xml version="1.0"?>
<window type="window" id="14001">
<onload lang="python"><![CDATA[
import breakUtil
mc.GetWindow(14001).GetList(101).SetVisible( False )
currentCategory = 1
params = mc.GetApp().GetLaunchedWindowParameters()
galleryID = params["galleryID"]
galleryName = params["galleryName"]
mc.GetWindow(14001).GetLabel(600).SetLabel("Break.com > Galleries > " + galleryName )
breakUtil.fetchGallery(galleryID)
mc.GetWindow(14001).GetList(101).SetVisible( True )]]></onload>
	 <defaultcontrol always="true">200</defaultcontrol>
	 <allowoverlay>no</allowoverlay>
	 <controls>
			<control type="image">
				 <width>1280</width>
				 <height>720</height>
				 <texture>mainbg_cdp.jpg</texture>
			</control>
			<control type="image">
				 <posx>15</posx>
				 <posy>652</posy>
				 <width>1250</width>
				 <height>56</height>
				 <texture>titlebar_cdp.png</texture>
			</control>
			<control type="label" id="600">
				<posx>40</posx>
				<posy>25</posy>
				<width>950</width>
				<height>50</height>
				<font>title40b</font>
				<align>left</align>
				<label>Break.com</label>
				<textcolor>grey</textcolor>
			</control>			
			<control type="list" id="101">
				<posx>140</posx>
			   	<posy>125</posy>
			   	<width>1000</width>
			   	<height>500</height>
			   	<orientation>horizontal</orientation>
			   	<scrolltime>0</scrolltime>
			   	<itemlayout width="1000" height="500">
			    	<control type="image">
						<posx>0</posx>
						<posy>0</posy>
						<width>1000</width>
						<height>600</height>
						<aspectratio>keep</aspectratio>
						<info>ListItem.Thumb</info>
					</control>
			    </itemlayout>
			    <focusedlayout width="1000" height="500">
			    	<control type="image">
						<posx>0</posx>
						<posy>0</posy>
						<width>1000</width>
						<height>500</height>
						<aspectratio>keep</aspectratio>
						<info>ListItem.Thumb</info>
					</control>
			    </focusedlayout>
			</control>
			<!-- This button is a dummy that allows us to capture the user's button presses related to image next/prev for analytics tracking -->
			<control type="button" id="200">
				<description>login button control</description>
			    <posx>-100</posx>
			    <posy>60</posy>
			    <width>10</width>
			    <height>10</height>
			    <visible>true</visible>
			    <onleft lang="python"><![CDATA[
import breakUtil
import mc
aList = mc.GetWindow(14001).GetList(101)

listItems = aList.GetItems()
total = len( listItems )

index = aList.GetFocusedItem()
index -= 1

if index < 0:
	index = total - 1
	
aList.SetFocusedItem( index )
breakUtil.trackAnalyticsEvent("GalleryImage")]]></onleft>	
			    <onright lang="python"><![CDATA[
import breakUtil
import mc
aList = mc.GetWindow(14001).GetList(101)
index = aList.GetFocusedItem()
index += 1

if index >= total:
	index = 0

aList.SetFocusedItem( index )
breakUtil.trackAnalyticsEvent("GalleryImage")]]></onright>	
			</control>
			<control type="label">
			    <visible>Control.IsVisible(101)</visible>
			    <posx>65</posx>
			    <posy>667</posy>
			    <width>560</width>
			    <height>40</height>
			    <font>font23b</font>
			    <align>left</align>
			    <label>$INFO[Container(101).ListItem.Label]</label>
			    <textcolor>white</textcolor>
			</control>
			<control type="label">
			    <visible>Control.IsVisible(101)</visible>
			    <posx>1150</posx>
			    <posy>667</posy>
			    <width>560</width>
			    <height>40</height>
			    <font>font23b</font>
			    <align>right</align>
			    <label>$INFO[Container(101).ListItem.property(author)] / $INFO[Container(101).ListItem.property(description)]</label>
			    <textcolor>white</textcolor>
			</control>

	 </controls>
</window>
