<?xml version="1.0"?>
<window type="window" id="14000">
	 <onload lang="python"><![CDATA[
import breakUtil
breakUtil.currentCategory = 0
breakUtil.displayAppropriateGroup()
breakUtil.startLoading()
breakUtil.fetchHomepage()
breakUtil.stopLoading()
mc.GetWindow(14000).GetList(100).SetFocus()]]></onload>
	 <defaultcontrol always="true">9001</defaultcontrol>
	 <allowoverlay>no</allowoverlay>
	 <controls>
			<control type="image">
				 <posy>0</posy>
				 <posx>0</posx>
				 <width>1280</width>
				 <height>720</height>
				 <texture>mainbg_home.jpg</texture>
			</control>
			<control type="label" id="600">
				<posx>40</posx>
				<posy>25</posy>
				<width>950</width>
				<height>50</height>
				<font>title40b</font>
				<align>left</align>
				<label>Break.com</label>
				<textcolor>grey</textcolor>
			</control>			
			
			<control type="togglebutton" id="150">
			   <posx>36</posx>
			   <posy>135</posy>
			   <width>341</width>
			   <height>56</height>
			   <onup>160</onup>
			   <ondown>151</ondown>
			   <label>Homepage</label>
			   <altlabel>Homepage</altlabel>
			   <align>left</align>
			   <font>font28b</font>
			   <textoffsetx>40</textoffsetx>
			   <textcolor>ffebeef0</textcolor>
			   <focusedcolor>ff2a77c6</focusedcolor>
			   <texturenofocus>-</texturenofocus>
			   <texturefocus>sidebar_hilight.png</texturefocus>
			   <alttexturefocus>-</alttexturefocus>
			   <alttexturenofocus>sidebar_hilight.png</alttexturenofocus>
			   <onclick lang="python"><![CDATA[
import breakUtil
breakUtil.currentCategory = 0
breakUtil.displayAppropriateGroup()
breakUtil.startLoading()]]></onclick>
			    <onclick lang="python"><![CDATA[
import breakUtil
breakUtil.fetchHomepage()
breakUtil.stopLoading()
mc.GetWindow(14000).GetList(100).SetFocus()]]></onclick>
			<onfocus lang="python"><![CDATA[
import breakUtil
breakUtil.hideTabs()]]></onfocus>
			</control>

			<control type="togglebutton" id="151">
			   <posx>36</posx>
			   <posy>184</posy>
			   <width>341</width>
			   <height>56</height>
			   <onup>150</onup>
			   <ondown>152</ondown>
			   <label>Galleries</label>
			   <altlabel>Galleries</altlabel>
			   <align>left</align>
			   <font>font28b</font>
			   <textoffsetx>40</textoffsetx>
			   <textcolor>ffebeef0</textcolor>
			   <focusedcolor>ff2a77c6</focusedcolor>
			   <texturenofocus>-</texturenofocus>
			   <texturefocus>sidebar_hilight.png</texturefocus>
			   <alttexturefocus>-</alttexturefocus>
			   <alttexturenofocus>sidebar_hilight.png</alttexturenofocus>
			   <onclick lang="python"><![CDATA[
import breakUtil
breakUtil.currentCategory = 1
breakUtil.displayAppropriateGroup()
breakUtil.startLoading()]]></onclick>
			    <onclick lang="python"><![CDATA[
import breakUtil
breakUtil.fetchGalleries()
breakUtil.stopLoading()
mc.GetWindow(14000).GetList(100).SetFocus()]]></onclick>
			<onfocus lang="python"><![CDATA[
import breakUtil
breakUtil.hideTabs()]]></onfocus>
			</control>

			<control type="togglebutton" id="152">
			   <posx>36</posx>
			   <posy>233</posy>
			   <width>341</width>
			   <height>56</height>
			   <onup>151</onup>
			   <ondown>153</ondown>
			   <label>Sports</label>
			   <altlabel>Sports</altlabel>
			   <font>font28b</font>
			   <textoffsetx>40</textoffsetx>
			   <align>left</align>
			   <textcolor>ffebeef0</textcolor>
			   <focusedcolor>ff2a77c6</focusedcolor>
			   <texturenofocus>-</texturenofocus>
			   <texturefocus>sidebar_hilight.png</texturefocus>
			   <alttexturefocus>-</alttexturefocus>
			   <alttexturenofocus>sidebar_hilight.png</alttexturenofocus>
			   <onclick lang="python"><![CDATA[
import breakUtil
breakUtil.currentCategory = 2
breakUtil.displayAppropriateGroup()
breakUtil.startLoading()]]></onclick>
			    <onclick lang="python"><![CDATA[
import breakUtil
breakUtil.fetchChannel("412")
breakUtil.stopLoading()
mc.GetWindow(14000).GetList(100).SetFocus()]]></onclick>
			<onfocus lang="python"><![CDATA[
import breakUtil
breakUtil.hideTabs()]]></onfocus>
			</control>

			<!-- Toggle buttons for category selection -->
			<control type="togglebutton" id="153">
			   <posx>36</posx>
			   <posy>282</posy>
			   <width>341</width>
			   <height>56</height>
			   <onup>152</onup>
			   <ondown>154</ondown>
			   <font>font28b</font>
			   <textoffsetx>40</textoffsetx>
			   <label>Break Classics</label>
			   <altlabel>Break Classics</altlabel>
			   <align>left</align>
			   <textcolor>ffebeef0</textcolor>
			   <focusedcolor>ff2a77c6</focusedcolor>
			   <texturenofocus>-</texturenofocus>
			   <texturefocus>sidebar_hilight.png</texturefocus>
			   <alttexturefocus>-</alttexturefocus>
			   <alttexturenofocus>sidebar_hilight.png</alttexturenofocus>
			   <onclick lang="python"><![CDATA[
import breakUtil
breakUtil.currentCategory = 3
breakUtil.displayAppropriateGroup()
breakUtil.startLoading()]]></onclick>
			    <onclick lang="python"><![CDATA[
import breakUtil
breakUtil.fetchChannel("284")
breakUtil.stopLoading()
mc.GetWindow(14000).GetList(100).SetFocus()]]></onclick>
			<onfocus lang="python"><![CDATA[
import breakUtil
breakUtil.hideTabs()]]></onfocus>
			</control>

			<control type="togglebutton" id="154">
			   <posx>36</posx>
			   <posy>331</posy>
			   <width>341</width>
			   <height>56</height>
			   <onup>153</onup>
			   <ondown>155</ondown>
			   <label>Break Originals</label>
			   <altlabel>Break Originals</altlabel>
			   <font>font28b</font>
			   <textoffsetx>40</textoffsetx>
			   <align>left</align>
			   <textcolor>ffebeef0</textcolor>
			   <focusedcolor>ff2a77c6</focusedcolor>
			   <texturenofocus>-</texturenofocus>
			   <texturefocus>sidebar_hilight.png</texturefocus>
			   <alttexturefocus>-</alttexturefocus>
			   <alttexturenofocus>sidebar_hilight.png</alttexturenofocus>
			   <onclick lang="python"><![CDATA[
import breakUtil
breakUtil.currentCategory = 4
breakUtil.displayAppropriateGroup()
breakUtil.startLoading()]]></onclick>
			    <onclick lang="python"><![CDATA[
import breakUtil
breakUtil.fetchChannel("145")
breakUtil.stopLoading()
mc.GetWindow(14000).GetList(100).SetFocus()]]></onclick>
			<onfocus lang="python"><![CDATA[
import breakUtil
breakUtil.hideTabs()]]></onfocus>
			</control>

			<control type="togglebutton" id="155">
			   <posx>36</posx>
			   <posy>380</posy>
			   <width>341</width>
			   <height>56</height>
			   <onup>154</onup>
			   <ondown>156</ondown>
			   <label>Epic Fails</label>
			   <altlabel>Epic Fails</altlabel>
			   <font>font28b</font>
			   <textoffsetx>40</textoffsetx>
			   <align>left</align>
			   <textcolor>ffebeef0</textcolor>
			   <focusedcolor>ff2a77c6</focusedcolor>
			   <texturenofocus>-</texturenofocus>
			   <texturefocus>sidebar_hilight.png</texturefocus>
			   <alttexturefocus>-</alttexturefocus>
			   <alttexturenofocus>sidebar_hilight.png</alttexturenofocus>
			   <onclick lang="python"><![CDATA[
import breakUtil
breakUtil.currentCategory = 5
breakUtil.displayAppropriateGroup()
breakUtil.startLoading()]]></onclick>
			    <onclick lang="python"><![CDATA[
import breakUtil
breakUtil.fetchChannel("279")
breakUtil.stopLoading()
mc.GetWindow(14000).GetList(100).SetFocus()]]></onclick>
			<onfocus lang="python"><![CDATA[
import breakUtil
breakUtil.hideTabs()]]></onfocus>
			</control>
						
			<control type="togglebutton" id="156">
			   <posx>36</posx>
			   <posy>429</posy>
			   <width>341</width>
			   <height>56</height>
			   <onup>155</onup>
			   <ondown>157</ondown>
			   <label>Game Trailers</label>
			   <altlabel>Game Trailers</altlabel>
			   <font>font28b</font>
			   <textoffsetx>40</textoffsetx>
			   <align>left</align>
			   <textcolor>ffebeef0</textcolor>
			   <focusedcolor>ff2a77c6</focusedcolor>
			   <texturenofocus>-</texturenofocus>
			   <texturefocus>sidebar_hilight.png</texturefocus>
			   <alttexturefocus>-</alttexturefocus>
			   <alttexturenofocus>sidebar_hilight.png</alttexturenofocus>
			   <onclick lang="python"><![CDATA[
import breakUtil
breakUtil.currentCategory = 6
breakUtil.displayAppropriateGroup()
breakUtil.startLoading()]]></onclick>
			    <onclick lang="python"><![CDATA[
import breakUtil
breakUtil.fetchChannel("316")
breakUtil.stopLoading()
mc.GetWindow(14000).GetList(100).SetFocus()]]></onclick>
			<onfocus lang="python"><![CDATA[
import breakUtil
breakUtil.hideTabs()]]></onfocus>
			</control>

			<control type="togglebutton" id="157">
			   <posx>36</posx>
			   <posy>478</posy>
			   <width>341</width>
			   <height>56</height>
			   <onup>156</onup>
			   <ondown>158</ondown>
			   <label>Horror</label>
			   <altlabel>Horror</altlabel>
			   <font>font28b</font>
			   <textoffsetx>40</textoffsetx>
			   <align>left</align>
			   <textcolor>ffebeef0</textcolor>
			   <focusedcolor>ff2a77c6</focusedcolor>
			   <texturenofocus>-</texturenofocus>
			   <texturefocus>sidebar_hilight.png</texturefocus>
			   <alttexturefocus>-</alttexturefocus>
			   <alttexturenofocus>sidebar_hilight.png</alttexturenofocus>
			   <onclick lang="python"><![CDATA[
import breakUtil
breakUtil.currentCategory = 7
breakUtil.displayAppropriateGroup()
breakUtil.startLoading()]]></onclick>
			    <onclick lang="python"><![CDATA[
import breakUtil
breakUtil.fetchChannel("352")
breakUtil.stopLoading()
mc.GetWindow(14000).GetList(100).SetFocus()]]></onclick>
			<onfocus lang="python"><![CDATA[
import breakUtil
breakUtil.hideTabs()]]></onfocus>
			</control>

			<control type="togglebutton" id="158">
			   <posx>36</posx>
			   <posy>527</posy>
			   <width>341</width>
			   <height>56</height>
			   <onup>157</onup>
			   <ondown>159</ondown>
			   <label>Movie Trailers</label>
			   <altlabel>Movie Trailers</altlabel>
			   <font>font28b</font>
			   <textoffsetx>40</textoffsetx>
			   <align>left</align>
			   <textcolor>ffebeef0</textcolor>
			   <focusedcolor>ff2a77c6</focusedcolor>
			   <texturenofocus>-</texturenofocus>
			   <texturefocus>sidebar_hilight.png</texturefocus>
			   <alttexturefocus>-</alttexturefocus>
			   <alttexturenofocus>sidebar_hilight.png</alttexturenofocus>
			   <onclick lang="python"><![CDATA[
import breakUtil
breakUtil.currentCategory = 8
breakUtil.displayAppropriateGroup()
breakUtil.startLoading()]]></onclick>
			    <onclick lang="python"><![CDATA[
import breakUtil
breakUtil.fetchChannel("262")
breakUtil.stopLoading()
mc.GetWindow(14000).GetList(100).SetFocus()]]></onclick>
			<onfocus lang="python"><![CDATA[
import breakUtil
breakUtil.hideTabs()]]></onfocus>
			</control>

			<control type="togglebutton" id="159">
			   <posx>36</posx>
			   <posy>576</posy>
			   <width>341</width>
			   <height>56</height>
			   <onup>158</onup>
			   <ondown>160</ondown>
			   <label>Pranks</label>
			   <altlabel>Pranks</altlabel>
			   <font>font28b</font>
			   <textoffsetx>40</textoffsetx>
			   <align>left</align>
			   <textcolor>ffebeef0</textcolor>
			   <focusedcolor>ff2a77c6</focusedcolor>
			   <texturenofocus>-</texturenofocus>
			   <texturefocus>sidebar_hilight.png</texturefocus>
			   <alttexturefocus>-</alttexturefocus>
			   <alttexturenofocus>sidebar_hilight.png</alttexturenofocus>
			   <onclick lang="python"><![CDATA[
import breakUtil
breakUtil.currentCategory = 9
breakUtil.displayAppropriateGroup()
breakUtil.startLoading()]]></onclick>
			    <onclick lang="python"><![CDATA[
import breakUtil
breakUtil.fetchChannel("208")
breakUtil.stopLoading()
mc.GetWindow(14000).GetList(100).SetFocus()]]></onclick>
			<onfocus lang="python"><![CDATA[
import breakUtil
breakUtil.hideTabs()]]></onfocus>
			</control>

			<control type="togglebutton" id="160">
			   <posx>36</posx>
			   <posy>625</posy>
			   <width>341</width>
			   <height>56</height>
			   <onup>159</onup>
			   <ondown>150</ondown>
			   <label>Search</label>
			   <altlabel>Search</altlabel>
			   <font>font28b</font>
			   <textoffsetx>40</textoffsetx>
			   <align>left</align>
			   <textcolor>ffebeef0</textcolor>
			   <focusedcolor>ff2a77c6</focusedcolor>
			   <texturenofocus>-</texturenofocus>
			   <texturefocus>sidebar_hilight.png</texturefocus>
			   <alttexturefocus>-</alttexturefocus>
			   <alttexturenofocus>sidebar_hilight.png</alttexturenofocus>
			    	<onclick lang="python"><![CDATA[
import mc
import breakUtil
params = mc.Parameters()
breakUtil.currentCategory = 10
breakUtil.displayAppropriateGroup()
mc.GetWindow(14000).GetControl(3111).SetFocus()
mc.LogInfo("pressed search complete")]]></onclick>			    	
			<onfocus lang="python"><![CDATA[
import breakUtil
breakUtil.hideTabs()]]></onfocus>
			</control>
			
			<!-- Group for right hand side: homepage, galleries, channels -->	
			<control type="group" id="4000">
				<control type="label" id="2000">
					<posx>780</posx>
					<posy>350</posy>
					<width>200</width>
					<height>40</height>
					<font>font30b</font>
					<align>left</align>
					<label>Loading. . .</label>
					<textcolor>white</textcolor>
					<visible>false</visible>
				</control>
				<control type="image">
					 <posx>850</posx>
					 <posy>130</posy>
					 <width>20</width>
					 <height>15</height>
					 <texture>arrow_up.png</texture>			
					 <visible>Control.IsVisible(100) + Control.HasFocus(100)</visible>			 				
				</control>
				<control type="image">
					 <posx>850</posx>
					 <posy>677</posy>
					 <width>20</width>
					 <height>15</height>
					 <texture>arrow_down.png</texture>			
					 <visible>Control.IsVisible(100) + Control.HasFocus(100)</visible>			 				
				</control>
				<control type="list" id="100">
					<posx>410</posx>
				   	<posy>175</posy>
				   	<width>843</width>
				   	<height>495</height>
				   	<orientation>vertical</orientation>
				   	<itemlayout width="643" height="165">
				    	<control type="label">
							<posx>230</posx>
							<posy>20</posy>
							<width>635</width>
							<height>40</height>
							<font>font30b</font>
							<align>left</align>
							<label>$INFO[ListItem.Label]</label>
							<textcolor>white</textcolor>
				    	</control>
						<control type="label">
							<posx>230</posx>
							<posy>75</posy>
							<width>600</width>
							<height>75</height>
							<font>font20b</font>
							<align>left</align>
							<label>$INFO[ListItem.property(description)]</label>
							<textcolor>white</textcolor>
							<wrapmultiline>true</wrapmultiline>
				    	</control>
				    	<control type="image">
							<posx>25</posx>
							<posy>28</posy>
							<width>185</width>
							<height>115</height>
							<aspectratio>scale</aspectratio>
							<info>ListItem.Thumb</info>
						</control>			    	
				    </itemlayout>
				    <focusedlayout width="643" height="165">
				       	<control type="image">
					   		<posx>0</posx>
					   		<posy>0</posy>
					   		<width>843</width>
					   		<height>165</height>
					   		<texture>content_row_bg.png</texture>
				       </control>
				    	<control type="label">
							<posx>230</posx>
							<posy>20</posy>
							<width>635</width>
							<height>40</height>
							<font>font30b</font>
							<align>left</align>
							<label>$INFO[ListItem.Label]</label>
							<textcolor>white</textcolor>
				    	</control>
						<control type="label">
							<posx>230</posx>
							<posy>75</posy>
							<width>600</width>
							<height>75</height>
							<font>font20b</font>
							<align>left</align>
							<label>$INFO[ListItem.property(description)]</label>
							<textcolor>white</textcolor>
							<wrapmultiline>true</wrapmultiline>
				    	</control>		
				    	<control type="image">
							<posx>25</posx>
							<posy>28</posy>
							<width>185</width>
							<height>115</height>
							<aspectratio>scale</aspectratio>
							<info>ListItem.Thumb</info>
						</control>			    	
				    </focusedlayout>
				    <onleft>150</onleft>
				    <content type="url" url="">
	        			<onclick lang="python"><![CDATA[
import mc
import breakUtil
if breakUtil.currentCategory == 1:
	
	mc.LogInfo( "Pressed gallery" )
	
	theList = mc.GetWindow(14000).GetList(100)
	index = theList.GetFocusedItem()
	focusedItem = theList.GetItem( index )
	
	params = mc.Parameters()
	params["galleryID"] = focusedItem.GetProperty( "contentID" )
	params["galleryName"] = focusedItem.GetLabel()
	mc.GetApp().ActivateWindow( 14001, params )
			
else:
		
	breakUtil.playFocusedItem(14000,100)]]></onclick>
	    			</content>
				</control>		
			</control>
			
			<!-- Group for right hand side: Search -->
			<control type="group" id="4001">
				<visible>false</visible>
				<control type="label" id="3300">
					<posx>780</posx>
					<posy>350</posy>
					<width>200</width>
					<height>40</height>
					<font>font30b</font>
					<align>left</align>
					<label>Loading. . .</label>
					<textcolor>white</textcolor>
					<visible>false</visible>
				</control>
				<control type="image">
					 <posx>850</posx>
					 <posy>290</posy>
					 <width>20</width>
					 <height>15</height>
					 <texture>arrow_up.png</texture>			
					 <visible>Control.IsVisible(102) + Control.HasFocus(102)</visible>			 				
				</control>
				<control type="image">
					 <posx>850</posx>
					 <posy>670</posy>
					 <width>20</width>
					 <height>15</height>
					 <texture>arrow_down.png</texture>			
					 <visible>Control.IsVisible(102) + Control.HasFocus(102)</visible>			 				
				</control>
				<control type ="group" id="3200">
					<control type="label">
						<posx>780</posx>
						<posy>160</posy>
						<width>200</width>
						<height>40</height>
						<font>font34b</font>
						<align>left</align>
						<label>Search</label>
						<textcolor>white</textcolor>
					</control>
					<control type="image">
						 <posx>584</posx>
						 <posy>217</posy>
						 <width>446</width>
						 <height>59</height>
						 <texture>searchbar.png</texture>
					</control>
					<control type="grouplist">
						<posx>595</posx>
						<posy>217></posy>
					    <width>750</width>
					    <height>59</height>
					    <itemgap>25</itemgap>
					    <orientation>horizontal</orientation>
					    <usecontrolcoords>false</usecontrolcoords>
					    <ondown>102</ondown>
					    <onleft>160</onleft>
						<control type="edit" id="3111">
			                <description>Input box</description>
							<width>410</width>
							<height>59</height>
			                <align>left</align>
			                <aligny>center</aligny>
			            </control>
					    <control type="button" id="3112">
		                    <description>Search button</description>
							<width>72</width>
							<height>59</height>
		                    <align>center</align>
		                    <aligny>center</aligny>
		                    <font>font23b</font>
		                    <textcolor>DD999999</textcolor>
		                    <focusedcolor>yellow</focusedcolor>
		                    <texturenofocus>search_btn_off.png</texturenofocus>
		                    <texturefocus>search_btn_on.png</texturefocus>
		                	   <onclick lang="python"><![CDATA[
import mc
import breakUtil
mc.LogInfo( "Checking search query" )
query = mc.GetWindow(14000).GetEdit(3111).GetText()
if len(query) == 0:
	mc.ShowDialogOk("Search", "Please enter search keywords")
else:
	mc.GetWindow(14000).GetControl(3300).SetVisible( True )
	mc.GetWindow(14000).GetControl(102).SetVisible( False )
	
	mc.LogInfo( "About to search" )
	
	breakUtil.fetchForSearch(query)
	
	mc.GetWindow(14000).GetControl(3300).SetVisible( False )
	
	theList = mc.GetWindow(14000).GetList(102)
	totalItems = len( theList.GetItems() )
	if totalItems > 0:
		mc.GetWindow(14000).GetControl(102).SetVisible( True )
		mc.GetWindow(14000).GetControl(102).SetFocus()
	else:		
		mc.ShowDialogOk("Search", "No results found")
		mc.GetWindow(14000).GetControl(3111).SetFocus()]]></onclick>
		               	</control>			    
					</control> 
				</control>
				<control type="list" id="102">
					<posx>410</posx>
				   	<posy>320</posy>
				   	<width>843</width>
				   	<height>350</height>
				   	<orientation>vertical</orientation>
				   	<onup>3111</onup>
				   	<itemlayout width="643" height="165">
				    	<control type="label">
							<posx>230</posx>
							<posy>20</posy>
							<width>635</width>
							<height>40</height>
							<font>font30b</font>
							<align>left</align>
							<label>$INFO[ListItem.Label]</label>
							<textcolor>white</textcolor>
				    	</control>
						<control type="label">
							<posx>230</posx>
							<posy>75</posy>
							<width>600</width>
							<height>75</height>
							<font>font20b</font>
							<align>left</align>
							<label>$INFO[ListItem.property(description)]</label>
							<textcolor>white</textcolor>
							<wrapmultiline>true</wrapmultiline>
				    	</control>
				    	<control type="image">
							<posx>25</posx>
							<posy>28</posy>
							<width>185</width>
							<height>115</height>
							<aspectratio>scale</aspectratio>
							<info>ListItem.Thumb</info>
						</control>			    	
				    </itemlayout>
				    <focusedlayout width="643" height="165">
				       	<control type="image">
					   		<posx>0</posx>
					   		<posy>0</posy>
					   		<width>843</width>
					   		<height>165</height>
					   		<texture>content_row_bg.png</texture>
				       </control>
				    	<control type="label">
							<posx>230</posx>
							<posy>20</posy>
							<width>635</width>
							<height>40</height>
							<font>font30b</font>
							<align>left</align>
							<label>$INFO[ListItem.Label]</label>
							<textcolor>white</textcolor>
				    	</control>
						<control type="label">
							<posx>230</posx>
							<posy>75</posy>
							<width>600</width>
							<height>75</height>
							<font>font20b</font>
							<align>left</align>
							<label>$INFO[ListItem.property(description)]</label>
							<textcolor>white</textcolor>
							<wrapmultiline>true</wrapmultiline>
				    	</control>		
				    	<control type="image">
							<posx>25</posx>
							<posy>28</posy>
							<width>185</width>
							<height>115</height>
							<aspectratio>scale</aspectratio>
							<info>ListItem.Thumb</info>
						</control>			    	
				    </focusedlayout>
				    <onleft>160</onleft>
				    <content type="url" url="">
	        			<onclick lang="python"><![CDATA[
import breakUtil
breakUtil.playFocusedItem(14000,102)]]></onclick>
	    			</content>
				</control>
			</control>
	 </controls>
</window>
