<?xml version="1.0"?>
<window type="window" id="14005">
	<onload lang="python"><![CDATA[
import breakUtil
import time
breakUtil.trackAnalyticsEvent("AppLaunch")
time.sleep(3)
mc.GetWindow(14005).GetButton(10).SetFocus()]]></onload>
	 <allowoverlay>no</allowoverlay>
	 <controls>
			<control type="image">
				 <width>1280</width>
				 <height>720</height>
				 <texture>breakSplash.png</texture>
			</control>
			<control type="button" id="10">
				<description>invisible trigger button</description>				
				<texturenofocus>-</texturenofocus>
				<texturefocus>-</texturefocus>
				<onfocus>ReplaceWindow(14000)></onfocus>
			</control>
	 </controls>
</window>
