<?xml version="1.0"?>
<window type="window" id="14000">
	<defaultcontrol always="true">40</defaultcontrol>
	<allowoverlay>no</allowoverlay>
	<onload lang="python"><![CDATA[
config = mc.GetApp().GetLocalConfig()
list = mc.GetActiveWindow().GetList(120)
if not config.GetValue('feed'):
	config.SetValue("title", 'Latest Shows')
	config.SetValue("feed", "http://www.carbonated.tv/rss/feed/latest+shows+boxee.xml")
list.SetContentURL(config.GetValue('feed'))
]]></onload>
	<controls>
		<control type="image">
			<width>1280</width>
			<height>720</height>
			<texture>carbonatedtv_background.png</texture>
		</control>
		<control type="image">
			<width>250</width>
			<height>720</height>
			<texture>carbonatedtv_panel.png</texture>
		</control>
		<control type="image">
			<posx>25</posx>
			<posy>0</posy>
			<width>178</width>
			<height>136</height>
			<texture>carbonatedtv_logo.png</texture>
		</control>
		<control type="group">
			<control type="grouplist" id="40">
				<onup>-</onup>
				<itemgap>0</itemgap>
				<onright>120</onright>
				<posy>200</posy>
				<orientation>vertical</orientation>

				<control type="button" id="41">
					<width>250</width>
					<height>30</height>
					<font>font21</font>
					<onright>120</onright>
					<label>Latest Shows</label>
					<textcolor>black</textcolor>
					<align>left</align>
					<aligny>center</aligny>
					<textoffsetx>16</textoffsetx>
					<focusedcolor>FFFACA00</focusedcolor>
					<texturefocus>carbonatedtv_listitem_on.png</texturefocus>
					<texturenofocus>carbonatedtv_listitem_off.png</texturenofocus>
					<texturenofocus></texturenofocus>
					<onclick lang="python"><![CDATA[
config = mc.GetApp().GetLocalConfig()
config.SetValue("feed", "http://www.carbonated.tv/rss/feed/latest+shows+boxee.xml")
config.SetValue("title", 'Latest Shows')
mc.GetActiveWindow().GetList(120).SetContentURL("http://www.carbonated.tv/rss/feed/latest+shows+boxee.xml")
]]></onclick>
				</control>

				

				
				<control type="button" id="42">

					<width>250</width>
					<height>30</height>
					<font>font21</font>
					<onright>120</onright>
					<label>News & Politics</label>
					<textcolor>black</textcolor>
					<align>left</align>
					<aligny>center</aligny>
					<textoffsetx>16</textoffsetx>
					<focusedcolor>FFFACA00</focusedcolor>
				<texturefocus>carbonatedtv_listitem_on.png</texturefocus>
					<texturenofocus>carbonatedtv_listitem_off.png</texturenofocus>
					<texturenofocus></texturenofocus>
					<onclick lang="python"><![CDATA[
config = mc.GetApp().GetLocalConfig()
config.SetValue("feed", "http://www.carbonated.tv/rss/feed/latest+news+boxee.xml")
config.SetValue("title", 'News & Politics')
mc.GetActiveWindow().GetList(120).SetContentURL("http://www.carbonated.tv/rss/feed/latest+news+boxee.xml")
]]></onclick>

				</control>
				

				
			
				<control type="button" id="43">
	
					<width>250</width>
					<height>30</height>
					<font>font21</font>
					<onright>120</onright>
					<onup>52</onup>
					<ondown>54</ondown>
					<label>Biz & Tech</label>
					<textcolor>black</textcolor>
					<focusedcolor>FFFACA00</focusedcolor>
					<align>left</align>
					<aligny>center</aligny>
					<textoffsetx>16</textoffsetx>
					<texturefocus>carbonatedtv_listitem_on.png</texturefocus>
					<texturenofocus>carbonatedtv_listitem_off.png</texturenofocus>
					<texturenofocus></texturenofocus>
					<onclick lang="python"><![CDATA[
config = mc.GetApp().GetLocalConfig()
config.SetValue("feed", "http://www.carbonated.tv/rss/feed/latest+biztech+boxee.xml")
config.SetValue("title", 'Biz & Tech')
mc.GetActiveWindow().GetList(120).SetContentURL("http://www.carbonated.tv/rss/feed/latest+biztech+boxee.xml")
]]></onclick>
				</control>
				

				
				
<control type="button" id="44">
	
					<width>250</width>
					<height>30</height>
					<font>font21</font>
					<onright>120</onright>
					<onup>52</onup>
					<ondown>54</ondown>
					<label>Entertainment</label>
					<textcolor>black</textcolor>
					<focusedcolor>FFFACA00</focusedcolor>
					<align>left</align>
					<aligny>center</aligny>
					<textoffsetx>16</textoffsetx>
					<texturefocus>carbonatedtv_listitem_on.png</texturefocus>
					<texturenofocus>carbonatedtv_listitem_off.png</texturenofocus>
					<texturenofocus></texturenofocus>
					<onclick lang="python"><![CDATA[
config = mc.GetApp().GetLocalConfig()
config.SetValue("feed", "http://www.carbonated.tv/rss/feed/latest+entertainment+boxee.xml")
config.SetValue("title", 'Entertainment')
mc.GetActiveWindow().GetList(120).SetContentURL("http://www.carbonated.tv/rss/feed/latest+entertainment+boxee.xml")
]]></onclick>
				</control>
	

				<control type="button" id="45">
		
					<width>250</width>
					<height>30</height>
					<font>font21</font>
					<onright>120</onright>
					<ondown>48</ondown>
					<label>Fashion</label>
					<textcolor>black</textcolor>
					<focusedcolor>FFFACA00</focusedcolor>
					<align>left</align>
					<aligny>center</aligny>
					<textoffsetx>16</textoffsetx>
					<texturefocus>carbonatedtv_listitem_on.png</texturefocus>
					<texturenofocus>carbonatedtv_listitem_off.png</texturenofocus>
					<texturenofocus></texturenofocus>
					<onclick lang="python"><![CDATA[
config = mc.GetApp().GetLocalConfig()
config.SetValue("feed", "http://www.carbonated.tv/rss/feed/latest+fashion+boxee.xml")
config.SetValue("title", 'Fashion')
mc.GetActiveWindow().GetList(120).SetContentURL("http://www.carbonated.tv/rss/feed/latest+fashion+boxee.xml")
]]></onclick>
				</control>
	

					
				
				<control type="label" id="50">
					<visible>Player.HasVideo</visible>
					<width>200</width>
					<height>32</height>
					<font>font21</font>
					<align>left</align>
					<label>Now Playing</label>
					<textcolor>50ffffff</textcolor>
				</control>
				<control type="button" id="51">
					<visible>Player.HasVideo</visible>
					<width>250</width>
					<height>30</height>
					<onup>49</onup>
					<ondown>-</ondown>
					<onright>120</onright>
					<font>font21</font>
					<onright>120</onright>
					<label></label>
					<textcolor>white</textcolor>
					<align>left</align>
					<aligny>center</aligny>
					<textoffsetx>16</textoffsetx>
					<focusedcolor>FFFACA00</focusedcolor>
					<texturefocus>carbonatedtv_listitem_on.png</texturefocus>
					<texturenofocus>-</texturenofocus>
					<scroll>true</scroll>
					<onclick>ActivateWindow(FullscreenVideo)</onclick>
				</control>
			</control>
			<control type="group">
				<posx>16</posx>
				<posy>555</posy>
				<control type="label">
					<visible>Player.HasVideo + !Control.HasFocus(51)</visible>
					<width>220</width>
					<height>32</height>
					<font>font21</font>
					<align>left</align>
					<label>$INFO[VideoPlayer.Title]</label>
					<textcolor>ffffffff</textcolor>
					<alttextcolor>FFFACA00</alttextcolor>
				</control>
				<control type="label">
					<visible>Player.HasVideo + Control.HasFocus(51)</visible>
					<width>220</width>
					<height>32</height>
					<font>font21</font>
					<align>left</align>
					<label>$INFO[VideoPlayer.Title]</label>
					<textcolor>FFFACA00</textcolor>
					<scroll>true</scroll>
				</control>
			</control>
		</control>
		<control type="label">
			<posx>1200</posx>
			<posy>25</posy>
			<width>400</width>
			<font>sans40</font>
			<align>right</align>
			<textcolor>50ffffff</textcolor>
			<label>$INFO[App.String(title)]</label>
		</control>
		<control type="label">
			<posy>80</posy>
			<posx>295</posx>
			<width>930</width>
			<height>560</height>
			<font>font28b</font>
			<textcolor>50ffffff</textcolor>
			<label>No Results Found.</label>
			<visible>!Control.IsVisible(199) + !Control.IsVisible(121)</visible>
		</control>
		<control type="group" id="199">
			<visible>!Container(120).IsLoading + !Container(120).IsEmpty</visible>
			<posx>295</posx>
			<posy>80</posy>
			<control type="panel" id="120">
				<width>930</width>
				<height>715</height>
				<onup></onup>
				<ondown>-</ondown>
				<onright>-</onright>
				<onleft>40</onleft>
				<scrolltime>200</scrolltime>
				<pagecontrol>60</pagecontrol>
				<preloaditems>2</preloaditems>
				<orientation>vertical</orientation>
				<include>BrowseListAnimation</include>
				<itemlayout width="310" height="179">
					<control type="image">
						<width>300</width>
						<height>169</height>
						<info>Listitem.thumb</info>
						<bordersize>4</bordersize>
						<bordertexture>carbonatedtv_white.png</bordertexture>
						<aspectratio>scale</aspectratio>
					</control>
				</itemlayout>
				<focusedlayout width="310" height="179">
					<control type="image">
						<width>300</width>
						<height>169</height>
						<info>Listitem.thumb</info>
						<bordersize>4</bordersize>
						<bordertexture>carbonatedtv_white.png</bordertexture>
						<aspectratio>scale</aspectratio>
					</control>
					<control type="group">
						<control type="image">
							<width>300</width>
							<height>169</height>
							<info>Listitem.thumb</info>
							<bordersize>4</bordersize>
							<bordertexture>carbonatedtv_yellow.png</bordertexture>
							<aspectratio>scale</aspectratio>
						</control>
						<control type="image">
							<posy>4</posy>
							<posx>4</posx>
							<width>292</width>
							<height>161</height>
							<texture>carbonatedtv_black.png</texture>
						</control>
						<control type="group">
							<posy>5</posy>
							<posx>10</posx>
							<visible>!IsEmpty(Listitem.property(duration))</visible>
							<control type="label">
								<width>280</width>
								<height>20</height>
								<textcolor>ffffffff</textcolor>
								<label>$INFO[Listitem.property(duration)]</label>
								<font>font18</font>
							</control>
							<control type="label">
								<posy>22</posy>
								<width>280</width>
								<height>70</height>
								<textcolor>yellow</textcolor>
								<wrapmultiline>true</wrapmultiline>
								<label>[B]$INFO[Listitem.label][/B]</label>
								<font>font18</font>
							</control>
							<control type="image">
								<posx></posx>
								<posy>77</posy>
								<height>1</height>
								<width>282</width>
								<texture>carbonatedtv_white_60.png</texture>
							</control>
							<control type="label">
								<posy>78</posy>
								<width>280</width>
								<height>85</height>
								<wrapmultiline>true</wrapmultiline>
								<label>$INFO[Listitem.property(description)]</label>
								<font>font18</font>
							</control>
						</control>
						<control type="group">
							<posy>6</posy>
							<posx>10</posx>
							<visible>IsEmpty(Listitem.property(duration))</visible>
							<control type="label">
								<posy>0</posy>
								<width>280</width>
								<height>70</height>
								<textcolor>yellow</textcolor>
								<wrapmultiline>true</wrapmultiline>
								<label>[B]$INFO[Listitem.label][/B]</label>
								<font>font18</font>
							</control>
							<control type="image">
								<posx></posx>
								<posy>55</posy>
								<height>1</height>
								<width>282</width>
								<texture>carbonatedtv_white_60.png</texture>
							</control>
							<control type="label">
								<posy>52</posy>
								<width>280</width>
								<height>100</height>
								<wrapmultiline>true</wrapmultiline>
								<label>$INFO[Listitem.property(description)]</label>
								<font>font18</font>
							</control>
						</control>
					</control>
				</focusedlayout>
				<content type="url" url="">
					<onclick lang="python"><![CDATA[
list = mc.GetActiveWindow().GetList(120)
item = list.GetItem(list.GetFocusedItem())
if "rss://" in item.GetPath():
	reg = mc.GetApp().GetLocalConfig()
	reg.SetValue('title', item.GetLabel())
	reg.SetValue('feed', item.GetPath())
	list.SetContentURL(item.GetPath())
else:
	mc.GetPlayer().PlayWithActionMenu(item)
]]></onclick>
				</content>
			</control>
		</control>
		<control type="multiimage" id="121">
			<posx>540</posx>
			<posy>348</posy>
			<width>200</width>
			<height>24</height>
			<imagepath>loading</imagepath>
			<timeperimage>12</timeperimage>
			<fadetime>4</fadetime>
			<pauseatend>0</pauseatend>
			<randomize>false</randomize>
			<loop>yes</loop>
			<aspectratio>keep</aspectratio>
			<colordiffuse>title</colordiffuse>
			<visible>Container(120).IsLoading</visible>
		</control>
	</controls>
</window>
