<app>
  <id>canada-cbc-the-national-on-demand</id>
  <name>CBC The National On Demand</name>
  <version>1.1</version>
  <description>CBC News' Chief Correspondent Peter Mansbridge hosts The National On Demand weekdays at 6:00 p.m. (ET).  It's a unique and dynamic digest of the days top stories for people who are on the go and online, and a preview of what's coming up on The National.</description>
  <thumb>http://www.folstad.ca/static/cbc-thumb.png</thumb>
  <repository>http://dir.boxee.tv/apps</repository>
  <media>video</media>
  <copyright>CBC</copyright>
  <email>ryan.folstad@gmail.com</email>
  <type>skin</type>
  <startWindow>14000</startWindow>
  <platform>all</platform>
  <minversion>0.9.30</minversion>
</app>