<?xml version="1.0"?>
<window type="window" id="14000">
   <defaultcontrol always="false">120</defaultcontrol>
   <allowoverlay>no</allowoverlay>
   <onunload lang="python">
<![CDATA[
#MAIN.epg.stop()
]]>
   </onunload> 
   <controls>
         <control type="image">
            <width>1280</width>
            <height>720</height>
            <texture>background.png</texture>
         </control>

        <control type="list" id="110">
               <posy>280</posy>
               <posx>45</posx>
               <width>220</width>
               <height>250</height>
               <onup>-</onup>
               <onleft>-</onleft>
			   <onright>120</onright>
               <scrolltime>200</scrolltime>
               <orientation>vertical</orientation>
               <itemlayout width="215" height="60">
                     <control type="image">
                        <posx>0</posx>
						<posy>2</posy>
                        <width>215</width>
                        <height>50</height>
                        <texture>menu_normal.png</texture>
                     </control>
                     <control type="label">
                        <posx>15</posx>
						<posy>16</posy>
                        <width>190</width>
                        <height>30</height>
                        <aligny>right</aligny>
                        <info>ListItem.Label</info>
						<font>font18b</font>
                        <textcolor>white</textcolor>
                     </control>
               </itemlayout>
               <focusedlayout width="215" height="60">
                     <control type="image">
                        <posx>0</posx>
						<posy>2</posy>
                        <width>215</width>
                        <height>50</height>
                        <texture>menu_normal.png</texture>
                     </control>
					<control type="image">
						<visible>Control.HasFocus(110)</visible>
                        <posx>0</posx>
						<posy>0</posy>
                        <width>220</width>
                        <height>55</height>
                        <texture>menu_selected.png</texture>
                     </control>
                     <control type="label">
                        <posx>15</posx>
						<posy>16</posy>
                        <width>190</width>
                        <height>30</height>
                        <aligny>right</aligny>
                        <info>ListItem.Label</info>
						<font>font18b</font>
                        <textcolor>white</textcolor>
                     </control>
               </focusedlayout>
               <content type="action">
					<onclick lang="python">
<![CDATA[
MAIN.process_menu()
]]>
					</onclick>
               </content>
	   </control>
	   
        <control type="wraplist" id="120">
               <posy>85</posy>
               <posx>350</posx>
               <width>850</width>
               <height>570</height>
               <onup>-</onup>
               <onleft>110</onleft>
               <scrolltime>200</scrolltime>
               <orientation>vertical</orientation>
			   <focusposition>4</focusposition>
               <itemlayout width="850" height="50">
                     <control type="largeimage">
                        <posx>85</posx>
						<posy>5</posy>
                        <width>55</width>
                        <height>40</height>
                        <texture>$INFO[ListItem.Thumb]</texture>
                     </control>
                     <control type="label">
                        <posx>170</posx>
						<posy>10</posy>
                        <width>500</width>
                        <height>30</height>
                        <aligny>left</aligny>
                        <info>ListItem.Label</info>
						<font>font21b</font>
                        <textcolor>white</textcolor>
                     </control>
               </itemlayout>
               <focusedlayout width="850" height="120">
                     <control type="image">
                        <posx>0</posx>
						<posy>0</posy>
                        <width>850</width>
                        <height>162</height>
                        <texture>channel_selected.png</texture>
                     </control>
                     <control type="image">
						<visible>Control.HasFocus(120)</visible>
                        <posx>0</posx>
						<posy>0</posy>
                        <width>850</width>
                        <height>162</height>
                        <texture>channel_focus.png</texture>
                     </control>
                     <control type="largeimage">
                        <posx>30</posx>
						<posy>26</posy>
                        <width>85</width>
                        <height>75</height>
                        <texture>$INFO[ListItem.Thumb]</texture>
                     </control>
                     <control type="label">
                        <posx>125</posx>
						<posy>45</posy>
                        <width>300</width>
                        <height>40</height>
                        <aligny>left</aligny>
						<font>font28b</font>
                        <info>ListItem.Label</info>
                        <textcolor>black</textcolor>
                     </control>
               </focusedlayout>
               <content type="action">
					<onclick lang="python">
<![CDATA[
list = mc.GetActiveWindow().GetList(120)
item = list.GetItem(list.GetFocusedItem())
mc.GetPlayer().Play(item)
]]>
					</onclick>
               </content>
	   </control>
	   
       <control type="label" id="200">
            <posy>324</posy>
            <posx>880</posx>
            <width>285</width>
            <height>30</height>
            <align>left</align>
			<font>font20b</font>
            <textcolor>black</textcolor>
			<scroll>true</scroll>
        </control>
       <control type="label" id="201">
            <posy>352</posy>
            <posx>880</posx>
            <width>285</width>
            <height>30</height>
            <align>left</align>
			<font>font20b</font>
            <textcolor>black</textcolor>
			<scroll>true</scroll>
        </control>
		<control type="label" >
			<visible>!StringCompare(Container(110).ListItem.Property(custom:tuner),)</visible>
            <posy>640</posy>
            <posx>230</posx>
            <width>285</width>
            <height>25</height>
            <align>right</align>
			<font>font18b</font>
			<label>Active Tuner:</label>
            <textcolor>FFd7df21</textcolor>
        </control>
       <control type="label">
            <posy>670</posy>
            <posx>225</posx>
            <width>285</width>
            <height>25</height>
            <align>right</align>
			<font>font16b</font>
			<info>Container(110).ListItem.Property(custom:tuner)</info>
            <textcolor>white</textcolor>
        </control>
		 <control type="group" id="300">
			<control type="image">
				<width>1280</width>
				<height>720</height>
				<texture>splashscreen.png</texture>
			</control>
		 </control>
   </controls>
</window>
