<app>
  <id>islambox</id>
  <name>IslamBox</name>
  <version>1.4</version>
  <description>Watch live Islamic channels and on demand videos. With large collection of debates, documentaries, nasheeds and even kids shows on your fingertips, IslamBox also offers live coverage of daily prayers and other events beamed directly from around the world.</description>
  <thumb>http://www.islambox.com/images/islambox2-logo.png</thumb>
  <repository>http://dir.boxee.tv/apps</repository>
  <media>video</media>
  <copyright>IslamBox</copyright>
  <email>customerservices@islambox.com</email>
  <type>skin</type>
  <startWindow>launch</startWindow>
  <platform>all</platform>
  <minversion>1.1.2</minversion> 
  </app>
