<?xml version="1.0"?>
<window type="window" id="14000">
	<defaultcontrol>9000</defaultcontrol>
	<allowoverlay>no</allowoverlay>
   <onload lang="python">
<![CDATA[
import play
]]>
   </onload>	
	<controls>
		<control type="image">
			<posx>0</posx>
			<posy>0</posy>
			<width>1280</width>
			<height>720</height>
			<texture>black.png</texture>
		</control>
		<control type="image">
			<posx>300</posx>
			<posy>40</posy>
			<width>930</width>
			<height>636</height>
			<texture>frame.png</texture>
		</control>
		<control type="group">
			<control type="group">
				<include>Main_Menu_Fade_Animation</include>
				<control type="image">
					<posx>74</posx>
					<posy>50</posy>
					<width>180</width>
					<height>120</height>
					<texture>infowars.png</texture>
				</control>
				<control type="group">
					<posx>500</posx>
					<posy>213</posy>
					<control type="image">
						<posx>-140</posx>
						<posy>-120</posy>
						<width>820</width>
						<height>520</height>
            <texture>alex_jones.png</texture>
						<visible>Container(100).IsEmpty + !Container(100).IsLoading</visible>
					</control>
					<control type="label">
						<posx>-10</posx>
						<posy>420</posy>
						<width>580</width>
						<height>20</height>
						<font>light23</font>
						<align>center</align>
						<aligny>center</aligny>
						<label>Welcome my friend. Please select a channel to watch.</label>
						<textcolor>FFFFFFFF</textcolor>
						<visible>Container(100).IsEmpty + !Container(100).IsLoading</visible>
					</control>
				</control>
				<control type="group">
					<animation type="Conditional" condition="Window.IsVisible(DialogProgress.xml)">
						<effect type="fade" start="100" end="50" time="200"/>
					</animation>
					<control type="grouplist" id="9000">
						<include>Main_Menu_Fade_Animation</include>
						<posx>50</posx>
						<posy>200</posy>
						<width>220</width>
						<height>588</height>
						<itemgap>14</itemgap>
						<orientation>vertical</orientation>
						<usecontrolcoords>false</usecontrolcoords>
						<onleft>-</onleft>
						<onright>100</onright>
						<control type="togglebutton" id="8888">
							<width>220</width>
							<height>56</height>
							<onleft>-</onleft>
							<onright>100</onright>
							<onup>-</onup>
							<ondown>9001</ondown>
							<label>Live Show</label>
							<align>left</align>
							<aligny>center</aligny>
							<textcolor>FFFFFFFF</textcolor>
							<focusedcolor>FF265797</focusedcolor>
							<texturenofocus>-</texturenofocus>
							<texturefocus>tab_button_on.png</texturefocus>
							<alttexturefocus>tab_button_on.png</alttexturefocus>
							<alttexturenofocus>-</alttexturenofocus>
							<usealttexture>App.HasSetting(8888)</usealttexture>
							<font>font23</font>
							<textoffsetx>30</textoffsetx>
							<onclick>App.SetBool(8888,true)</onclick>
							<onclick>App.Reset(9001)</onclick>
							<onclick>App.Reset(9002)</onclick>
							<onclick>App.Reset(9003)</onclick>
							<onclick>App.Reset(9004)</onclick>
							<onclick>App.Reset(9005)</onclick>
							<onclick>App.Reset(9006)</onclick>
			        <onclick lang="python"><![CDATA[
import hlslive
hlslive.playHlsStream(play.var1, play.var2)
]]></onclick>
						</control>
						<control type="togglebutton" id="9001">
							<width>220</width>
							<height>56</height>
							<onleft>-</onleft>
							<onright>100</onright>
							<onup>8888</onup>
							<ondown>9002</ondown>
							<label>Daily Shows</label>
							<align>left</align>
							<aligny>center</aligny>
							<textcolor>FFFFFFFF</textcolor>
							<focusedcolor>FF265797</focusedcolor>
							<texturenofocus>-</texturenofocus>
							<texturefocus>tab_button_on.png</texturefocus>
							<alttexturefocus>open_tab_on.png</alttexturefocus>
							<alttexturenofocus>open_tab.png</alttexturenofocus>
							<usealttexture>App.HasSetting(9001)</usealttexture>
							<font>font23</font>
							<textoffsetx>30</textoffsetx>
							<onclick>App.SetBool(9001,true)</onclick>
							<onclick>App.Reset(9002)</onclick>
							<onclick>App.Reset(9003)</onclick>
							<onclick>App.Reset(9004)</onclick>
							<onclick>App.Reset(9005)</onclick>
							<onclick>App.Reset(9006)</onclick>
							<onclick>App.Reset(8888)</onclick>
			        <onclick lang="python"><![CDATA[
mc.ShowDialogWait()
mc.GetActiveWindow().GetList(100).SetContentURL(play.mystr[0])
mc.HideDialogWait()
]]></onclick>
						</control>
						<control type="togglebutton" id="9002">
							<width>220</width>
							<height>56</height>
							<onleft>-</onleft>
							<onright>100</onright>
							<onup>9001</onup>
							<ondown>9003</ondown>
							<label>Nightly News</label>
							<align>left</align>
							<aligny>center</aligny>
							<textcolor>FFFFFFFF</textcolor>
							<focusedcolor>FF265797</focusedcolor>
							<texturenofocus>-</texturenofocus>
							<texturefocus>tab_button_on.png</texturefocus>
							<alttexturefocus>open_tab_on.png</alttexturefocus>
							<alttexturenofocus>open_tab.png</alttexturenofocus>
							<usealttexture>App.HasSetting(9002)</usealttexture>
							<font>font23</font>
							<textoffsetx>30</textoffsetx>
							<onclick>App.SetBool(9002,true)</onclick>
							<onclick>App.Reset(9001)</onclick>
							<onclick>App.Reset(9003)</onclick>
							<onclick>App.Reset(9004)</onclick>
							<onclick>App.Reset(9005)</onclick>
							<onclick>App.Reset(9006)</onclick>
							<onclick>App.Reset(8888)</onclick>
			        <onclick lang="python"><![CDATA[
mc.ShowDialogWait()
mc.GetActiveWindow().GetList(100).SetContentURL(play.mystr[1])
mc.HideDialogWait()
]]></onclick>
						</control>
						<control type="togglebutton" id="9003">
							<width>220</width>
							<height>56</height>
							<onleft>-</onleft>
							<onright>100</onright>
							<onup>9002</onup>
							<ondown>9004</ondown>
							<label>Special Reports</label>
							<align>left</align>
							<aligny>center</aligny>
							<textcolor>FFFFFFFF</textcolor>
							<focusedcolor>FF265797</focusedcolor>
							<texturenofocus>-</texturenofocus>
							<texturefocus>tab_button_on.png</texturefocus>
							<alttexturefocus>open_tab_on.png</alttexturefocus>
							<alttexturenofocus>open_tab.png</alttexturenofocus>
							<usealttexture>App.HasSetting(9003)</usealttexture>
							<font>font23</font>
							<textoffsetx>30</textoffsetx>
							<onclick>App.SetBool(9003,true)</onclick>
							<onclick>App.Reset(9001)</onclick>
							<onclick>App.Reset(9002)</onclick>
							<onclick>App.Reset(9004)</onclick>
							<onclick>App.Reset(9005)</onclick>
							<onclick>App.Reset(9006)</onclick>
							<onclick>App.Reset(8888)</onclick>
			        <onclick lang="python"><![CDATA[
mc.ShowDialogWait()
mc.GetActiveWindow().GetList(100).SetContentURL(play.mystr[2])
mc.HideDialogWait()
]]></onclick>
						</control>
						<control type="togglebutton" id="9004">
							<width>220</width>
							<height>56</height>
							<onleft>-</onleft>
							<onright>100</onright>
							<onup>9003</onup>
							<ondown>9005</ondown>
							<label>Reports Archive</label>
							<align>left</align>
							<aligny>center</aligny>
							<textcolor>FFFFFFFF</textcolor>
							<focusedcolor>FF265797</focusedcolor>
							<texturenofocus>-</texturenofocus>
							<texturefocus>tab_button_on.png</texturefocus>
							<alttexturefocus>open_tab_on.png</alttexturefocus>
							<alttexturenofocus>open_tab.png</alttexturenofocus>
							<usealttexture>App.HasSetting(9004)</usealttexture>
							<font>font23</font>
							<textoffsetx>30</textoffsetx>
							<onclick>App.SetBool(9004,true)</onclick>
							<onclick>App.Reset(9001)</onclick>
							<onclick>App.Reset(9002)</onclick>
							<onclick>App.Reset(9003)</onclick>
							<onclick>App.Reset(9005)</onclick>
							<onclick>App.Reset(9006)</onclick>
							<onclick>App.Reset(8888)</onclick>
			        <onclick lang="python"><![CDATA[
mc.ShowDialogWait()
mc.GetActiveWindow().GetList(100).SetContentURL(play.mystr[3])
mc.HideDialogWait()
]]></onclick>
						</control>
						<control type="togglebutton" id="9005">
							<width>220</width>
							<height>56</height>
							<onleft>-</onleft>
							<onright>100</onright>
							<onup>9004</onup>
							<ondown>9006</ondown>
							<label>Movies</label>
							<align>left</align>
							<aligny>center</aligny>
							<textcolor>FFFFFFFF</textcolor>
							<focusedcolor>FF265797</focusedcolor>
							<texturenofocus>-</texturenofocus>
							<texturefocus>tab_button_on.png</texturefocus>
							<alttexturefocus>open_tab_on.png</alttexturefocus>
							<alttexturenofocus>open_tab.png</alttexturenofocus>
							<usealttexture>App.HasSetting(9005)</usealttexture>
							<font>font23</font>
							<textoffsetx>30</textoffsetx>
							<onclick>App.SetBool(9005,true)</onclick>
							<onclick>App.Reset(9001)</onclick>
							<onclick>App.Reset(9002)</onclick>
							<onclick>App.Reset(9003)</onclick>
							<onclick>App.Reset(9004)</onclick>
							<onclick>App.Reset(9006)</onclick>
							<onclick>App.Reset(8888)</onclick>
			        <onclick lang="python"><![CDATA[
mc.ShowDialogWait()
mc.GetActiveWindow().GetList(100).SetContentURL(play.mystr[4])
mc.HideDialogWait()
]]></onclick>
						</control>
						<control type="togglebutton" id="9006">
							<width>220</width>
							<height>56</height>
							<onleft>-</onleft>
							<onright>100</onright>
							<onup>9005</onup>
							<ondown>9007</ondown>
							<label>Rants</label>
							<align>left</align>
							<aligny>center</aligny>
							<textcolor>FFFFFFFF</textcolor>
							<focusedcolor>FF265797</focusedcolor>
							<texturenofocus>-</texturenofocus>
							<texturefocus>tab_button_on.png</texturefocus>
							<alttexturefocus>open_tab_on.png</alttexturefocus>
							<alttexturenofocus>open_tab.png</alttexturenofocus>
							<usealttexture>App.HasSetting(9006)</usealttexture>
							<font>font23</font>
							<textoffsetx>30</textoffsetx>
							<onclick>App.SetBool(9006,true)</onclick>
							<onclick>App.Reset(9001)</onclick>
							<onclick>App.Reset(9002)</onclick>
							<onclick>App.Reset(9003)</onclick>
							<onclick>App.Reset(9004)</onclick>
							<onclick>App.Reset(9005)</onclick>
							<onclick>App.Reset(8888)</onclick>
			        <onclick lang="python"><![CDATA[
mc.ShowDialogWait()
mc.GetActiveWindow().GetList(100).SetContentURL(play.mystr[5])
mc.HideDialogWait()
]]></onclick>
						</control>
					</control>
					<control type="group">
						<animation type="Conditional" condition="Window.IsVisible(DialogProgress.xml)">
							<effect type="fade" start="100" end="0" time="200"/>
						</animation>
						<control type="panel" id="100">
							<animation effect="fade" time="200" reversible="false" tween="quadratic" easing="out">VisibleChange</animation>
							<posx>318</posx>
							<posy>56</posy>
							<width>980</width>
							<height>608</height>
							<onleft>9000</onleft>
							<onright>-</onright>
							<onup>-</onup>
							<ondown>-</ondown>
							<scrolltime>200</scrolltime>
							<pagecontrol>60</pagecontrol>
							<orientation>vertical</orientation>
							<itemlayout width="996" height="202">
								<control type="image">
									<posx>2</posx>
									<posy>2</posy>
									<width>892</width>
									<height>192</height>
									<texture border="8" diffuse="masks/464646.png">button_8_pixel.png</texture>
								</control>
								<control type="image">
									<posx>0</posx>
									<posy>14</posy>
									<width>286</width>
									<height>167</height>
									<info>ListItem.Thumb</info>
									<aspectratio>keep</aspectratio>
									<bordersize>4</bordersize>
									<bordertexture>info_cover_border.png</bordertexture>
								</control>
								<control type="label">
									<posx>270</posx>
									<posy>8</posy>
									<width>568</width>
									<height>60</height>
									<font>font21</font>
									<align>left</align>
									<aligny>top</aligny>
									<textcolor>white</textcolor>
									<info>ListItem.Label</info>
								</control>
								<control type="label">
									<posx>270</posx>
									<posy>44</posy>
									<width>598</width>
									<height>140</height>
									<font>font18</font>
									<align>left</align>
									<aligny>center</aligny>
									<textcolor>white</textcolor>
									<wrapmultiline>true</wrapmultiline>
									<label>$INFO[ListItem.property(description)]</label>
								</control>
							</itemlayout>
							<focusedlayout width="896" height="196">
								<control type="image">
									<posx>0</posx>
									<posy>0</posy>
									<width>896</width>
									<height>196</height>
									<texture border="8" diffuse="masks/464646.png">button_8_pixel.png</texture>
									<animation type="Focus">
										<effect type="fade" start="60" time="120"/>
										<effect type="zoom" start="97,97" center="auto" time="120" delay="60"/>
									</animation>
								</control>
								<control type="image">
									<posx>0</posx>
									<posy>0</posy>
									<width>896</width>
									<height>196</height>
									<texture border="8" >button_8_pixel.png</texture>
                  <colordiffuse>DDC0C0C0</colordiffuse>
									<visible>Control.HasFocus(100)</visible>
									<animation type="Focus">
										<effect type="fade" start="60" time="120"/>
										<effect type="zoom" start="97,97" center="auto" time="120" delay="60"/>
									</animation>
								</control>
								<control type="image">
									<posx>0</posx>
									<posy>14</posy>
									<width>286</width>
									<height>167</height>
									<info>ListItem.Thumb</info>
									<aspectratio>keep</aspectratio>
									<bordersize>4</bordersize>
									<bordertexture>info_cover_border.png</bordertexture>
								</control>
								<control type="label">
									<posx>270</posx>
									<posy>8</posy>
									<width>568</width>
									<height>60</height>
									<font>font21</font>
									<align>left</align>
									<aligny>top</aligny>
									<textcolor>black</textcolor>
									<info>ListItem.Label</info>
								</control>
								<control type="label">
									<posx>270</posx>
									<posy>44</posy>
									<width>598</width>
									<height>140</height>
									<font>font18</font>
									<align>left</align>
									<aligny>center</aligny>
									<textcolor>black</textcolor>
									<wrapmultiline>true</wrapmultiline>
									<label>$INFO[ListItem.property(description)]</label>
								</control>
							</focusedlayout>
						</control>
						<control type="scrollbar" id="60">
							<description>scroll bar indicator for lists</description>
							<posx>1242</posx>
							<posy>38</posy>
							<width>8</width>
							<height>640</height>
							<texturesliderbackground border="4">scrollbar_vertical_bg.png</texturesliderbackground>
							<texturesliderbar border="4">scrollbar_vertical_nib.png</texturesliderbar>
							<texturesliderbarfocus border="4">scrollbar_vertical_nib.png</texturesliderbarfocus>
							<orientation>vertical</orientation>
							<showonepage>false</showonepage>
						</control>
					</control>
				</control>
			</control>
			<control type="group">
				<posx>-10</posx>
				<include>Common_Main_Menu_Button</include>
			</control>
		</control>
	</controls>
</window>
