<?xml version="1.0"?>
<!-- Adopted from Revision3 Boxee Channel -->
<window type="window" id="14000">
	<defaultcontrol always="true">110</defaultcontrol>
	<allowoverlay>no</allowoverlay>
	<controls>
		<control type="group">
			<control type="image">
				<width>1280</width>
				<height>720</height>
				<texture>8nn-main-back.png</texture>
			</control>
			<control type="image">
				<visible>!Player.HasVideo</visible>
				<posx>20</posx>
				<posy>20</posy>
				<width>265</width>
				<height>100</height>
				<texture>8nn-logo.png</texture>
				<aspectratio>keep</aspectratio>
			</control>
			<control type="image">
				<visible>Player.HasVideo</visible>
				<posx>210</posx>
				<posy>20</posy>
				<width>265</width>
				<height>100</height>
				<texture>8nn-logo.png</texture>
				<aspectratio>keep</aspectratio>
			</control>
			<control type="label">
				<posy>0</posy>
				<posx>1250</posx>
				<width>1280</width>
				<height>135</height>
				<font>font34b</font>
				<align>right</align>
				<aligny>center</aligny>
				<label>8 News NOW, Las Vegas</label>
			</control>
		</control>
		<control type="group">
			<animation effect="fade" start="100" end="20" time="200" condition="Window.IsVisible(DialogProgress.xml)">Conditional</animation>
			<control type="list" id="110">
				<posx>245</posx>
				<posy>136</posy>
				<width>790</width>
				<height>364</height>
				<onleft>-</onleft>
				<onright>-</onright>
				<onup>7000</onup>
				<ondown>130</ondown>
				<scrolltime>0</scrolltime>
				<pagecontrol>60</pagecontrol>
				<orientation>horizontal</orientation>
				<itemlayout width="790" height="364">
					<control type="image">
						<posx>-5</posx>
						<posy>-50</posy>
						<width>790</width>
						<height>450</height>
						<info>ListItem.property(Image0)</info>
						<aspectratio>keep</aspectratio>
					</control>
					<control type="group">
						<posx>0</posx>
						<posy>263</posy>
						<control type="image">
							<posx>0</posx>
							<posy>0</posy>
							<width>790</width>
							<height>101</height>
							<texture>8nn_text_gradient.png</texture>
						</control>
						<control type="group">
							<posx>10</posx>
							<posy>4</posy>
							<control type="label">
								<width>750</width>
								<height>34</height>
								<font>sans23b</font>
								<label>$INFO[ListItem.Label]</label>
								<textcolor>white</textcolor>
								<selectedcolor>white</selectedcolor>
							</control>
							<control type="label">
								<posy>28</posy>
								<width>750</width>
								<height>34</height>
								<font>sans17</font>
								<info>ListItem.property(description)</info>
								<textcolor>white</textcolor>
								<selectedcolor>white</selectedcolor>
							</control>
		                   <control type="button">
								<posy>60</posy>
								<width>113</width>
								<height>28</height>
		                        <texturefocus>8nn_watch_button.png</texturefocus>
		                        <texturenofocus>8nn_watch_button.png</texturenofocus>
							</control>
						</control>
					</control>
				</itemlayout>
				<focusedlayout width="790" height="364">
					<control type="image">
						<posx>-5</posx>
						<posy>-50</posy>
						<width>790</width>
						<height>450</height>
						<info>ListItem.property(Image0)</info>
						<aspectratio>keep</aspectratio>
					</control>
					<control type="group">
						<posx>0</posx>
						<posy>263</posy>
						<control type="image">
							<posx>0</posx>
							<posy>0</posy>
							<width>790</width>
							<height>101</height>
							<texture>8nn_text_gradient.png</texture>
						</control>
						<control type="group">
							<posx>10</posx>
							<posy>4</posy>
							<control type="label">
								<width>750</width>
								<height>34</height>
								<font>sans23b</font>
								<label>$INFO[ListItem.Label]</label>
								<textcolor>white</textcolor>
								<selectedcolor>white</selectedcolor>
							</control>
							<control type="label">
								<posy>28</posy>
								<width>750</width>
								<height>34</height>
								<font>sans17</font>
								<info>ListItem.property(description)</info>
								<textcolor>white</textcolor>
								<selectedcolor>white</selectedcolor>
							</control>
		                   <control type="button">
								<posy>60</posy>
								<width>113</width>
								<height>28</height>
		                        <texturefocus>8nn_watch_button.png</texturefocus>
		                        <texturenofocus>8nn_watch_button.png</texturenofocus>
							</control>
						</control>
					</control>
				</focusedlayout>
				<content type="url" url="http://www3.8newsnow.com/boxee/feeds/popular.xml"></content>
			</control>
			<control type="image">
				<posx>232</posx>
				<posy>136</posy>
				<width>15</width>
				<height>364</height>
				<texture>8nn_divider.png</texture>
			</control>
			<control type="image">
				<posx>1030</posx>
				<posy>136</posy>
				<width>15</width>
				<height>364</height>
				<texture flipx="true">8nn_divider.png</texture>
			</control>
			<control type="scrollbar" id="60">
				<visible>false</visible>
				<orientation>vertical</orientation>
				<showonepage>false</showonepage>
			</control>
			<control type="group">
				<posx>175</posx>
				<posy>425</posy>
				<control type="button">
					<width>25</width>
					<height>50</height>
					<texturenofocus>8nn_arrow.png</texturenofocus>
					<texturefocus>8nn_arrow_on.png</texturefocus>
					<visible>Container(110).HasPrevious</visible>
					<onclick>PageUp(60)</onclick>
					<animation effect="zoom" start="100" end="110" center="auto" time="50" delay="0">Focus</animation>
				</control>
				<control type="button">
					<width>25</width>
					<height>50</height>
					<texturenofocus>8nn_arrow_on.png</texturenofocus>
					<texturefocus>8nn_arrow_on.png</texturefocus>
					<visible>Container(110).OnPrevious</visible>
					<onclick>PageUp(60)</onclick>
					<animation effect="zoom" start="100" end="110" center="auto" time="200" delay="0">Hidden</animation>
					<animation effect="zoom" start="100" end="110" center="auto" time="50" delay="0">Focus</animation>
				</control>
			</control>
			<control type="group">
				<posx>1078</posx>
				<posy>425</posy>
				<control type="button">
					<width>25</width>
					<height>50</height>
					<texturenofocus flipx="true">8nn_arrow.png</texturenofocus>
					<texturefocus flipx="true">8nn_arrow_on.png</texturefocus>
					<visible>Container(110).HasNext</visible>
					<onclick>PageDown(60)</onclick>
					<animation effect="zoom" start="100" end="110" center="auto" time="50" delay="0">Focus</animation>
				</control>
				<control type="button">
					<width>25</width>
					<height>50</height>
					<texturenofocus flipx="true">8nn_arrow_on.png</texturenofocus>
					<texturefocus flipx="true">8nn_arrow_on.png</texturefocus>
					<visible>Container(110).OnNext</visible>
					<onclick>PageDown(60)</onclick>
					<animation effect="zoom" start="100" end="110" center="auto" time="200" delay="0">Hidden</animation>
					<animation effect="zoom" start="100" end="110" center="auto" time="50" delay="0">Focus</animation>
				</control>
			</control>
		</control>
		<control type="image">
			<animation effect="fade" start="0" end="100" time="140" delay="0" condition="Control.HasFocus(130)">Conditional</animation>
			<animation effect="fade" start="100" end="0" time="140" delay="0" condition="!Control.HasFocus(130)">Conditional</animation>
			<posy>136</posy>
			<width>1280</width>
			<height>364</height>
			<texture>8nn_overlay.png</texture>
		</control>
        <control type="group" id="9000">
			<control type="label">
				<visible>Control.HasFocus(130)</visible>
				<posy>510</posy>
				<posx>117</posx>
				<width>900</width>
				<height>64</height>
				<font>sans23b</font>
				<info>Container(130).ListItem.Label</info>
			</control>
			<control type="wraplist" id="130">
				<visible>!Control.IsVisible(100)</visible>
				<posx>105</posx>
				<posy>535</posy>
				<width>1085</width>
				<height>155</height>
				<onup>110</onup>
				<ondown>-</ondown>
				<onleft>-</onleft>
				<onright>-</onright>
				<scrolltime>200</scrolltime>
				<pagecontrol>61</pagecontrol>
				<focusposition>3</focusposition>
				<orientation>horizontal</orientation>
				<itemlayout width="155" height="155">
					<control type="image">
						<posx>4</posx>
						<posy>4</posy>
						<width>140</width>
						<height>140</height>
						<info>ListItem.Thumb</info>
						<bordersize>3</bordersize>
						<bordertexture>181818.png</bordertexture>
					</control>
				</itemlayout>
				<focusedlayout width="155" height="155">
                    <control type="image">
						<posx>4</posx>
						<posy>4</posy>
						<width>140</width>
						<height>140</height>
						<info>ListItem.Thumb</info>
						<bordersize>3</bordersize>
						<bordertexture>blue.png</bordertexture>
						<animation effect="zoom" end="115,115" center="auto" time="100">Focus</animation>
						<animation effect="zoom" start="115,115" end="100,100" center="auto" time="200">Unfocus</animation>
					</control>
				</focusedlayout>
				<content type="url" url="rss://www3.8newsnow.com/boxee/feeds/categories.xml">
                    <onclick lang="python"><![CDATA[
list = mc.GetWindow(14000).GetList(130)
listitems = list.GetItems()
listitem = listitems[list.GetFocusedItem()]
browse = mc.GetWindow(14000).GetList(100)
browse.SetContentURL(listitem.GetPath())
mc.GetActiveWindow().PushState()
mc.GetWindow(14000).GetControl(100).SetVisible(True)
mc.GetWindow(14000).GetControl(100).SetFocus()
]]></onclick>
                </content>
			</control>
            <control type="scrollbar" id="61">
                <visible>false</visible>
                <orientation>horizontal</orientation>
                <showonepage>false</showonepage>
            </control>
        </control>
		<control type="group">
			<posx>55</posx>
			<posy>597</posy>
			<control type="button">
				<width>25</width>
				<height>50</height>
				<texturenofocus>8nn_arrow.png</texturenofocus>
				<texturefocus>8nn_arrow_on.png</texturefocus>
				<onclick>PageUp(61)</onclick>
				<animation effect="zoom" start="100" end="110" center="auto" time="50" delay="0">Focus</animation>
			</control>
			<control type="button">
				<width>25</width>
				<height>50</height>
				<texturenofocus>8nn_arrow_on.png</texturenofocus>
				<texturefocus>8nn_arrow_on.png</texturefocus>
				<visible>Container(130).OnPrevious</visible>
				<onclick>PageUp(61)</onclick>
				<animation effect="zoom" start="100" end="110" center="auto" time="200" delay="0">Hidden</animation>
				<animation effect="zoom" start="100" end="110" center="auto" time="50" delay="0">Focus</animation>
			</control>
		</control>
		<control type="group">
			<posx>1208</posx>
			<posy>597</posy>
			<control type="button">
				<width>25</width>
				<height>50</height>
				<texturenofocus flipx="true">8nn_arrow.png</texturenofocus>
				<texturefocus flipx="true">8nn_arrow_on.png</texturefocus>
				<onclick>PageDown(61)</onclick>
				<animation effect="zoom" start="100" end="110" center="auto" time="50" delay="0">Focus</animation>
			</control>
			<control type="button">
				<width>25</width>
				<height>50</height>
				<texturenofocus flipx="true">8nn_arrow_on.png</texturenofocus>
				<texturefocus flipx="true">8nn_arrow_on.png</texturefocus>
				<visible>Container(130).OnNext</visible>
				<onclick>PageDown(61)</onclick>
				<animation effect="zoom" start="100" end="110" center="auto" time="200" delay="0">Hidden</animation>
				<animation effect="zoom" start="100" end="110" center="auto" time="50" delay="0">Focus</animation>
			</control>
		</control>
		<control type="image">
			<animation effect="fade" start="0" end="100" time="140" delay="0" condition="!Control.HasFocus(130)">Conditional</animation>
			<animation effect="fade" start="100" end="0" time="140" delay="0" condition="Control.HasFocus(130)">Conditional</animation>
			<posy>500</posy>
			<width>1280</width>
			<height>220</height>
			<texture>8nn_overlay.png</texture>
		</control>
		<control type="group">
			<posx>15</posx>
			<posy>15</posy>
	        <control type="button" id="7000">
				<width>182</width>
				<height>108</height>
				<texturenofocus>181818.png</texturenofocus>
				<texturefocus>blue.png</texturefocus>
				<visible>Player.HasVideo</visible>
				<onclick>ActivateWindow(FullscreenVideo)</onclick>
				<ondown>SetFocus(110)</ondown>
			</control>
			<control type="videowindow">
				<visible>Player.HasVideo</visible>
				<posx>5</posx>
				<posy>5</posy>
				<width>172</width>
				<height>98</height>
			</control>
		</control>
		<control type="group" id="9999">
			<visible>Control.IsVisible(100)</visible>
			<control type="image">
				<width>1280</width>
				<height>720</height>
				<texture>8nn-grid-back.png</texture>
			</control>
			<control type="image">
				<visible>!Player.HasVideo</visible>
				<posx>20</posx>
				<posy>20</posy>
				<width>265</width>
				<height>100</height>
				<texture>8nn-logo.png</texture>
				<aspectratio>keep</aspectratio>
			</control>
			<control type="image">
				<visible>Player.HasVideo</visible>
				<posx>210</posx>
				<posy>20</posy>
				<width>265</width>
				<height>100</height>
				<texture>8nn-logo.png</texture>
				<aspectratio>keep</aspectratio>
			</control>
            <control type="label" id="98">
            	<posx>1220</posx>
                <posy>35</posy>
                <width>1280</width>
                <height>60</height>
                <font>font34b</font>
                <align>right</align>
                <textcolor>white</textcolor>
                <info>Container(130).ListItem.label</info>
            </control>
            <control type="label" id="97">
            	<posx>1220</posx>
                <posy>70</posy>
                <width>1280</width>
                <height>100</height>
                <font>font23</font>
                <align>right</align>
                <textcolor>white</textcolor>
                <selectedcolor>white</selectedcolor>
                <wrapmultiline>true</wrapmultiline>
                <info>Container(130).ListItem.property(description)</info>
            </control>
			<control type="group">
				<posx>60</posx>
				<posy>130</posy>
				<animation type="Conditional" condition="Window.IsVisible(DialogProgress.xml)">
					<effect type="fade" start="100" end="20" time="200"/>
				</animation>
				<control type="panel" id="100">
					<visible>false</visible>
					<posy>45</posy>
					<width>1200</width>
					<height>545</height>
					<onleft>-</onleft>
					<onright>-</onright>
					<onup>7001</onup>
					<ondown>-</ondown>
					<scrolltime>200</scrolltime>
					<pagecontrol>-</pagecontrol>
					<orientation>vertical</orientation>
					<itemlayout width="300" height="250">
						<control type="image">
							<width>256</width>
							<height>147</height>
							<texture>181818.png</texture>
						</control>
						<control type="image">
							<posx>3</posx>
							<posy>3</posy>
							<width>250</width>
							<height>141</height>
							<texture>black.png</texture>
						</control>	
						<control type="image">
							<posx>3</posx>
							<posy>3</posy>
							<width>250</width>
							<height>141</height>
							<texture>8nn_missing.png</texture>
						</control>			
						<control type="image">
							<posx>3</posx>
							<posy>3</posy>
							<width>250</width>
							<height>141</height>
							<info>ListItem.thumb</info>
						</control>			
						<control type="label">
							<posx>3</posx>
							<posy>150</posy>
							<width>250</width>
							<height>80</height>
							<font>font21sq</font>
							<align>left</align>
							<aligny>top</aligny>
							<label>$INFO[ListItem.Label]</label>
							<textcolor>white</textcolor>
							<selectedcolor>white</selectedcolor>
							<wrapmultiline>true</wrapmultiline>
						</control>
					</itemlayout>
					<focusedlayout width="300" height="250">
						<control type="image">
							<width>256</width>
							<height>147</height>
							<texture>181818.png</texture>
						</control>	
						<control type="image">
							<posx>3</posx>
							<posy>3</posy>
							<width>250</width>
							<height>141</height>
							<texture>black.png</texture>
						</control>	
						<control type="image">
							<width>256</width>
							<height>147</height>
							<texture>8nn_blue_border.png</texture>
							<animation effect="fade" start="0" end="100" time="300" delay="0" reversable="true">Focus</animation>
							<animation effect="fade" start="100" end="0" time="300" delay="0" reversable="true">UnFocus</animation>
						</control>
						<control type="image">
							<posx>3</posx>
							<posy>3</posy>
							<width>250</width>
							<height>141</height>
							<texture>8nn_missing.png</texture>
						</control>		
						<control type="image">
							<posx>3</posx>
							<posy>3</posy>
							<width>250</width>
							<height>141</height>
							<info>ListItem.thumb</info>
						</control>
						<control type="image">
							<posx>0</posx>
							<posy>0</posy>
							<width>250</width>
							<height>141</height>
							<texture>8nn_play.png</texture>
							<aspectratio>keep</aspectratio>
							<animation effect="fade" start="0" end="100" time="300" delay="0" reversable="true">Focus</animation>
							<animation effect="fade" start="100" end="0" time="300" delay="0" reversable="true">UnFocus</animation>
						</control>	
						<control type="label">
							<posx>3</posx>
							<posy>150</posy>
							<width>250</width>
							<height>80</height>
							<font>font21sq</font>
							<align>left</align>
							<aligny>top</aligny>
							<label>$INFO[ListItem.Label]</label>
							<textcolor>white</textcolor>
							<selectedcolor>white</selectedcolor>
							<wrapmultiline>true</wrapmultiline>
						</control>
						<control type="label">
							<posx>3</posx>
							<posy>150</posy>
							<width>250</width>
							<height>80</height>
							<font>font21sq</font>
							<align>left</align>
							<aligny>top</aligny>
							<label>$INFO[ListItem.Label]</label>
							<textcolor>blue</textcolor>
							<selectedcolor>blue</selectedcolor>
							<wrapmultiline>true</wrapmultiline>
							<animation effect="fade" start="0" end="100" time="300" delay="0" reversable="true">Focus</animation>
							<animation effect="fade" start="100" end="0" time="300" delay="0" reversable="true">UnFocus</animation>
						</control>
					</focusedlayout>
					<content type="url" url=""></content>
				</control>
			</control>
			<control type="group">
				<posx>15</posx>
				<posy>15</posy>
			    <control type="button" id="7001">
			        <ondown>100</ondown>
					<width>182</width>
					<height>108</height>
					<texturenofocus>181818.png</texturenofocus>
					<texturefocus>blue.png</texturefocus>
					<visible>Player.HasVideo</visible>
					<onclick>SetFocus(100)</onclick>
					<onclick>ActivateWindow(FullscreenVideo)</onclick>
					<ondown>SetFocus(100)</ondown>
					<onup>-</onup>
					<onleft>-</onleft>
					<onright>-</onright>
				</control>
				<control type="videowindow">
					<visible>Player.HasVideo</visible>
					<posx>5</posx>
					<posy>5</posy>
					<width>172</width>
					<height>98</height>
				</control>
			</control>
			<control type="multiimage">
				<posx>540</posx>
				<posy>348</posy>
				<width>200</width>
				<height>24</height>
				<imagepath>loading</imagepath>
				<timeperimage>12</timeperimage>
				<fadetime>4</fadetime>
				<pauseatend>0</pauseatend>
				<randomize>false</randomize>
				<loop>yes</loop>
				<aspectratio>keep</aspectratio>
				<colordiffuse>title</colordiffuse>
				<visible>Container(100).IsLoading</visible>
			</control>
		</control>
	</controls>
</window>