﻿<?xml version="1.0"?>
<window type="window" id="14001">
  <defaultcontrol always="true">122</defaultcontrol>
  <allowoverlay>no</allowoverlay>
  <onload lang="python">
    <![CDATA[
import utils
import xbmcgui
dp = xbmcgui.DialogProgress()
dp.create( "", "", "" )
channelsListUI = mc.ListItems()
if utils.Get_Player().IsPlaying():
    utils.Get_Player().Stop()
params = mc.GetApp().GetLaunchedWindowParameters()
pid = params["id"]
channelsListUI = utils.get_ChannelsList(pid)
mc.GetWindow(14001).GetList(122).SetItems(channelsListUI)
mc.GetWindow(14001).GetControl(122).SetVisible(True)
Chctrl = mc.GetWindow(14001).GetControl(122)
Chctrl.SetFocus()
dp.close()
]]>
  </onload>
  <allowoverlay>no</allowoverlay>
  <controls>
    <include>Common_Background</include>
    <control type="image">
      <width>1280</width>
      <height>720</height>
      <texture>ytv_background.png</texture>
    </control>
    <control type="image">
      <posx>20</posx>
      <posy>10</posy>
      <width>256</width>
      <height>100</height>
      <texture>yupptv_logo.png</texture>
    </control>
    <control type="label">
      <posx>1200</posx>
      <posy>50</posy>
      <font>font21sq</font>
      <align>right</align>
      <aligny>top</aligny>
      <wrapmultiline>true</wrapmultiline>
      <textcolor>white</textcolor>
      <label>[B]Channels[/B]</label>
    </control>
    <control type="group" id="8000">
      <defaultcontrol>122</defaultcontrol>
      <control type="panel" id="122">
        <posx>50</posx>
        <posy>150</posy>
        <width>1150</width>
        <height>480</height>
        <pagecontrol>6006</pagecontrol>
        <orientation>vertical</orientation>
        <itemlayout width="180" height="125">
          <control type="image">
            <posx>5</posx>
            <posy>5</posy>
            <width>140</width>
            <height>90</height>
            <aspectratio>stretch</aspectratio>
          </control>
          <control type="image">
            <posx>6</posx>
            <posy>6</posy>
            <width>140</width>
            <height>90</height>
            <aspectratio>stretch</aspectratio>
            <info>ListItem.Thumb</info>
          </control>
          <control type="label">
            <posx>50</posx>
            <posy>100</posy>
            <font>font21sq</font>
            <align>center</align>
            <aligny>top</aligny>
            <wrapmultiline>true</wrapmultiline>
            <textcolor>white</textcolor>
            <info>ListItem.Label</info>
          </control>
        </itemlayout>
        <focusedlayout width="180" height="140">
          <control type="image">
            <posx>0</posx>
            <posy>0</posy>
            <width>150</width>
            <height>100</height>
            <texture>panel_frameback_selected.png</texture>
            <animation effect="zoom" end="165,165" center="auto" time="140">Focus</animation>
            <animation effect="zoom" start="165,165" end="100,100" center="auto" time="140">Unfocus</animation>
          </control>
          <control type="image">
            <posx>0</posx>
            <posy>0</posy>
            <width>150</width>
            <height>100</height>
            <animation effect="zoom" end="120,120" center="auto" time="140">Focus</animation>
            <animation effect="zoom" start="120,120" end="100,100" center="auto" time="140">Unfocus</animation>
          </control>
          <control type="image">
            <posx>5</posx>
            <posy>5</posy>
            <width>140</width>
            <height>90</height>
            <aspectratio>stretch</aspectratio>
            <animation effect="zoom" end="120,120" center="auto" time="140">Focus</animation>
            <animation effect="zoom" start="120,120" end="100,100" center="auto" time="140">Unfocus</animation>
          </control>
          <control type="image">
            <posx>6</posx>
            <posy>6</posy>
            <width>140</width>
            <height>90</height>
            <info>ListItem.Thumb</info>
            <aspectratio>stretch</aspectratio>
            <animation effect="zoom" end="120,120" center="auto" time="140">Focus</animation>
            <animation effect="zoom" start="120,120" end="100,100" center="auto" time="140">Unfocus</animation>
          </control>
        </focusedlayout>
        <content type="url" url="">
          <onclick lang="python">
<![CDATA[
channel_selected_int = mc.GetWindow(14001).GetList(122).GetFocusedItem()
channel_item = mc.GetWindow(14001).GetList(122).GetItem(channel_selected_int)
vod_int = channel_item.GetProperty("vodid")
if (vod_int==""):
    chan_int = channel_item.GetProperty("chid")
    chan_name = channel_item.GetProperty("Desc")
    stream_url = utils.playurlLive(1,chan_int,0)
    if utils.Get_Player().IsPlaying():
        utils.Get_Player().Stop()
    utils.playHlsStream(stream_url,chan_name)
else :
    mc.GetApp().GetLocalConfig().SetValue("vodindex", '')
    utils.launchVods(vod_int)
]]>

          </onclick>
        </content>
      </control>

      <control type="scrollbar" id="6006">
        <posx>1190</posx>
        <posy>200</posy>
        <width>10</width>
        <height>300</height>
        <texturesliderbar border="3">scrollbar_slider_blue.png</texturesliderbar>
        <texturesliderbarfocus border="4">scrollbar_slider_selected.png</texturesliderbarfocus>
        <texturesliderbackground>scrollbar_background_grey.png</texturesliderbackground>
        <orientation>vertical</orientation>
        <showonepage>true</showonepage>
      </control>

    </control>

    <control type="label">
      <posx>1280</posx>
      <posy>650</posy>
      <font>font21sq</font>
      <align>right</align>
      <aligny>top</aligny>
      <wrapmultiline>true</wrapmultiline>
      <textcolor>white</textcolor>
      <label>[B]Copyrights 2012 YUPPTV.   All Rights Reserved.[/B]</label>
   </control>
	<control type="label">
      <posx>755</posx>
      <posy>650</posy>
      <font>font21sq</font>
      <align>right</align>
      <aligny>top</aligny>
      <wrapmultiline>true</wrapmultiline>
      <textcolor>white</textcolor>
 	  <label>[B]Toll Free : 1866-663-7557 (US and CANADA) , 44-11-6228-2985 (UK),1800-612-952 (AU).[/B]</label>
    </control>
  </controls>
</window>