﻿<?xml version="1.0"?>
<window type="window" id="14000">
  <defaultcontrol always="true">120</defaultcontrol>
  <allowoverlay>no</allowoverlay>
  <onload lang="python">
    <![CDATA[
import utils
import xbmcgui
dp = xbmcgui.DialogProgress()
dp.create( "", "", "" )
username_string = mc.GetApp().GetLocalConfig().GetValue("yupptv_username")
password_string = mc.GetApp().GetLocalConfig().GetValue("yupptv_password")
if (username_string.strip()!=''):
  mc.GetWindow(14000).GetToggleButton(132).SetSelected(True)
packagesListUI = mc.ListItems()
channelFreeListUI = mc.ListItems()
if utils.Get_Player().IsPlaying():
   utils.Get_Player().Stop()
packagesListUI = utils.get_packagesList()
mc.GetWindow(14000).GetList(120).SetItems(packagesListUI)
mc.GetWindow(14000).GetControl(120).SetVisible(True)
mc.GetWindow(14000).GetList(120).SetFocusedItem(0)
channelFreeListUI = utils.get_ChannelsFree()
mc.GetWindow(14000).GetList(122).SetItems(channelFreeListUI)
mc.GetWindow(14000).GetControl(122).SetVisible(True)
Pakctrl = mc.GetWindow(14000).GetControl(120)
Pakctrl.SetFocus()
dp.close()
]]>
  </onload>
  <allowoverlay>no</allowoverlay>
  <controls>
    <include>Common_Background</include>
    <control type="image">
      <width>1280</width>
      <height>720</height>
      <texture>ytv_background.png</texture>
    </control>
    <control type="image">
      <posx>20</posx>
      <posy>10</posy>
      <width>256</width>
      <height>100</height>
      <texture>yupptv_logo.png</texture>
    </control>
    <control type="togglebutton" id="132">
      <posx>1150</posx>
      <posy>10</posy>
      <width>105</width>
      <height>49</height>
      <label>Login</label>
      <ondown lang="python">
        <![CDATA[
import mc          
Packctrl = mc.GetWindow(14000).GetControl(120)
Packctrl.SetFocus()
]]>
      </ondown>
      <altlabel>Logout</altlabel>
      <font>light23b</font>
      <align>center</align>
      <textcolor>grey</textcolor>
      <focusedcolor>white</focusedcolor>
      <texturenofocus>-</texturenofocus>
      <alttexturenofocus>-</alttexturenofocus>
      <usealttexture></usealttexture>
      <onclick lang="python">
        <![CDATA[
import utils
isValid = utils.relogin_user()
if (isValid.strip() == ''):
  mc.ShowDialogOk("Login failed","Credentials are not correct!.Please check username and password  Or Please sign up yupptv.com/boxee")
  mc.GetWindow(14000).GetToggleButton(132).SetSelected(False)
else:
  mc.GetWindow(14000).GetToggleButton(132).SetSelected(True)
]]>
      </onclick>
      <altclick lang="python">
        <![CDATA[
mc.GetApp().GetLocalConfig().SetValue("yupptv_username", '')
mc.GetApp().GetLocalConfig().SetValue("yupptv_password", '')
mc.GetWindow(14000).GetToggleButton(132).SetSelected(False)
]]>
      </altclick>
    </control>
    <control type="group" id="8000">
      <defaultcontrol>120</defaultcontrol>
		
      <control type="panel" id="120">
        <posx>100</posx>
        <posy>180</posy>
        <width>1000</width>
        <height>400</height>
        <onfocus></onfocus>
        <ondown lang="python">
          <![CDATA[
import mc          
Chctrl = mc.GetWindow(14000).GetControl(122)
Chctrl.SetFocus()
]]>
</ondown>
        <onup lang="python">
          <![CDATA[
import mc          
Loginctrl = mc.GetWindow(14000).GetControl(132)
Loginctrl.SetFocus()
]]>
        </onup>
        <orientation>horizontal</orientation>
        <itemlayout width="350" height="250">
          <control type="image">
            <posx>5</posx>
            <posy>5</posy>
            <width>280</width>
            <height>180</height>
            <aspectratio>stretch</aspectratio>
          </control>
          <control type="image">
            <posx>6</posx>
            <posy>6</posy>
            <width>280</width>
            <height>180</height>
            <aspectratio>stretch</aspectratio>
            <info>ListItem.Thumb</info>
          </control>
       </itemlayout>
        <focusedlayout width="350" height="280">
          <control type="image">
            <posx>0</posx>
            <posy>0</posy>
            <width>290</width>
            <height>190</height>
            <texture>panel_frameback_selected.png</texture>
            <animation effect="zoom" end="165,165" center="auto" time="140">Focus</animation>
            <animation effect="zoom" start="165,165" end="100,100" center="auto" time="140">Unfocus</animation>
          </control>
          <control type="image">
            <posx>0</posx>
            <posy>0</posy>
            <width>290</width>
            <height>190</height>
            <animation effect="zoom" end="120,120" center="auto" time="140">Focus</animation>
            <animation effect="zoom" start="120,120" end="100,100" center="auto" time="140">Unfocus</animation>
          </control>
          <control type="image">
            <posx>5</posx>
            <posy>5</posy>
            <width>280</width>
            <height>180</height>
            <aspectratio>stretch</aspectratio>
            <animation effect="zoom" end="120,120" center="auto" time="140">Focus</animation>
            <animation effect="zoom" start="120,120" end="100,100" center="auto" time="140">Unfocus</animation>
          </control>
          <control type="image">
            <posx>6</posx>
            <posy>6</posy>
            <width>280</width>
            <height>180</height>
            <info>ListItem.Thumb</info>
            <aspectratio>stretch</aspectratio>
            <animation effect="zoom" end="120,120" center="auto" time="140">Focus</animation>
            <animation effect="zoom" start="120,120" end="100,100" center="auto" time="140">Unfocus</animation>
          </control>
        </focusedlayout>
        <content type="url" url="">
          <onclick lang="python">
  <![CDATA[
import utils  
package_index = mc.GetWindow(14000).GetList(120).GetFocusedItem()
package_item = mc.GetWindow(14000).GetList(120).GetItem(package_index)
package_int = package_item.GetProperty("Pakid")
isValid = utils.login_user(package_int)
if (isValid.strip()=='0'):
  mc.ShowDialogOk("Login failed","Credentials are not correct!.Please check username and password  Or Please sign up yupptv.com/boxee")
elif (isValid.strip()=='1'):
  mc.ShowDialogOk("Subscribe","Please go to yupptv.com/boxee and subscribe to "+ package_item.GetLabel())
else:
  utils.launchChannels(package_int) 
]]>
          </onclick>
        </content>
      </control>
		
		
      <control type="panel" id="122">
        <posx>30</posx>
        <posy>490</posy>
        <width>1250</width>
        <height>130</height>
        <onup lang="python">
          <![CDATA[
import mc          
Pakctrl = mc.GetWindow(14000).GetControl(120)
Pakctrl.SetFocus()
]]>
        </onup>
        <pagecontrol>6006</pagecontrol>
        <orientation>horizontal</orientation>
        <itemlayout width="180" height="125">
          <control type="image">
            <posx>5</posx>
            <posy>5</posy>
            <width>140</width>
            <height>90</height>
            <aspectratio>stretch</aspectratio>
          </control>
          <control type="image">
            <posx>6</posx>
            <posy>6</posy>
            <width>140</width>
            <height>90</height>
            <aspectratio>stretch</aspectratio>
            <info>ListItem.Thumb</info>
          </control>
          <control type="label">
            <posx>50</posx>
            <posy>100</posy>
            <font>font21sq</font>
            <align>left</align>
            <aligny>top</aligny>
            <wrapmultiline>true</wrapmultiline>
            <textcolor>white</textcolor>
            <info>ListItem.Label</info>
          </control>
        </itemlayout>
        <focusedlayout width="180" height="140">
          <control type="image">
            <posx>0</posx>
            <posy>0</posy>
            <width>150</width>
            <height>100</height>
            <texture>panel_frameback_selected.png</texture>
            <animation effect="zoom" end="165,165" center="auto" time="140">Focus</animation>
            <animation effect="zoom" start="165,165" end="100,100" center="auto" time="140">Unfocus</animation>
          </control>
          <control type="image">
            <posx>0</posx>
            <posy>0</posy>
            <width>150</width>
            <height>100</height>
            <animation effect="zoom" end="120,120" center="auto" time="140">Focus</animation>
            <animation effect="zoom" start="120,120" end="100,100" center="auto" time="140">Unfocus</animation>
          </control>
          <control type="image">
            <posx>5</posx>
            <posy>5</posy>
            <width>140</width>
            <height>90</height>
            <aspectratio>stretch</aspectratio>
            <animation effect="zoom" end="120,120" center="auto" time="140">Focus</animation>
            <animation effect="zoom" start="120,120" end="100,100" center="auto" time="140">Unfocus</animation>
          </control>
          <control type="image">
            <posx>6</posx>
            <posy>6</posy>
            <width>140</width>
            <height>90</height>
            <info>ListItem.Thumb</info>
            <aspectratio>stretch</aspectratio>
            <animation effect="zoom" end="120,120" center="auto" time="140">Focus</animation>
            <animation effect="zoom" start="120,120" end="100,100" center="auto" time="140">Unfocus</animation>
          </control>
      </focusedlayout>
        <content type="url" url="">
          <onclick lang="python">
            <![CDATA[
import utils  
channel_selected_int = mc.GetWindow(14000).GetList(122).GetFocusedItem()
channel_item = mc.GetWindow(14000).GetList(122).GetItem(channel_selected_int)
chan_int = channel_item.GetProperty("chid")
chan_name = channel_item.GetProperty("Desc")
stream_url = utils.playurlLive(0,chan_int,0)
if utils.Get_Player().IsPlaying():
    utils.Get_Player().Stop()
utils.playHlsStream(stream_url,chan_name)
]]>            
          </onclick>
        </content>
      </control>

      <control type="scrollbar" id="6006">
        <posx>300</posx>
        <posy>620</posy>
        <width>600</width>
        <height>5</height>
        <texturesliderbar border="3">scrollbar_slider_blue.png</texturesliderbar>
        <texturesliderbarfocus border="4">scrollbar_slider_selected.png</texturesliderbarfocus>
        <texturesliderbackground>scrollbar_background_grey.png</texturesliderbackground>
        <orientation>horizontal</orientation>
        <showonepage>true</showonepage>
      </control>
      
    </control>
    <control type="label">
      <posx>1280</posx>
      <posy>650</posy>
      <font>font21sq</font>
      <align>right</align>
      <aligny>top</aligny>
      <wrapmultiline>true</wrapmultiline>
      <textcolor>white</textcolor>
      <label>[B]Copyrights 2012 YUPPTV.   All Rights Reserved.[/B]</label>
   </control>
	<control type="label">
      <posx>755</posx>
      <posy>650</posy>
      <font>font21sq</font>
      <align>right</align>
      <aligny>top</aligny>
      <wrapmultiline>true</wrapmultiline>
      <textcolor>white</textcolor>
 	  <label>[B]Toll Free : 1866-663-7557 (US and CANADA) , 44-11-6228-2985 (UK),1800-612-952 (AU).[/B]</label>
    </control>
  </controls>
</window>