﻿<?xml version="1.0"?>
<window type="window" id="14002">
  <defaultcontrol always="true">122</defaultcontrol>
  <allowoverlay>no</allowoverlay>
  <onload lang="python">
    <![CDATA[
import utils
import xbmcgui
dp = xbmcgui.DialogProgress()
dp.create( "", "", "" )

vodDatelistUI = mc.ListItems()
vodlistUI = mc.ListItems()
if utils.Get_Player().IsPlaying():
    utils.Get_Player().Stop()
params = mc.GetApp().GetLaunchedWindowParameters()
vid = params["vid"]
vodDatelistUI = utils.get_VodDatesList()
mc.GetWindow(14002).GetList(2000).SetItems(vodDatelistUI)
voddt = mc.GetApp().GetLocalConfig().GetValue("vodindex")
if (voddt == ''):
    mc.GetWindow(14002).GetList(2000).SetFocusedItem(0)
    voddt=0
else:
    mc.GetWindow(14002).GetList(2000).SetFocusedItem(voddt)
date_item = mc.GetWindow(14002).GetList(2000).GetItem(voddt)
date_int = date_item.GetProperty("vodDt")
vodlistUI = utils.get_VodList(vid,date_int,date_int)
mc.GetWindow(14002).GetList(122).SetItems(vodlistUI)
mc.GetWindow(14002).GetControl(122).SetVisible(True)
dp.close()
]]>
  </onload>
  <allowoverlay>no</allowoverlay>

  <controls>
    <include>Common_Background</include>
    <control type="image">
      <width>1280</width>
      <height>720</height>
      <texture>ytv_background.png</texture>
    </control>
    <control type="image">
      <posx>20</posx>
      <posy>10</posy>
      <width>256</width>
      <height>100</height>
      <texture>yupptv_logo.png</texture>
    </control>
    <control type="label">
      <posx>1200</posx>
      <posy>50</posy>
      <font>font21sq</font>
      <align>right</align>
      <aligny>top</aligny>
      <wrapmultiline>true</wrapmultiline>
      <textcolor>white</textcolor>
      <label>[B]VODs[/B]</label>
    </control>
    <control type="group" id="8000">
      <defaultcontrol>122</defaultcontrol>
      <control type="panel" id="122">
        <posx>300</posx>
        <posy>200</posy>
        <width>900</width>
        <height>380</height>
        <onleft lang="python">
          <![CDATA[
import mc          
vodctrl = mc.GetWindow(14002).GetControl(2000)
vodctrl.SetFocus()
]]>
        </onleft>
        <orientation>vertical</orientation>
        <pagecontrol>6007</pagecontrol>
        <itemlayout width="180" height="125">
          <control type="image">
            <posx>5</posx>
            <posy>5</posy>
            <width>140</width>
            <height>90</height>
            <aspectratio>stretch</aspectratio>
          </control>
          <control type="image">
            <posx>6</posx>
            <posy>6</posy>
            <width>140</width>
            <height>90</height>
            <aspectratio>stretch</aspectratio>
            <info>ListItem.Thumb</info>
          </control>
        </itemlayout>
        <focusedlayout width="180" height="140">
          <control type="image">
            <posx>0</posx>
            <posy>0</posy>
            <width>150</width>
            <height>100</height>
            <texture>panel_frameback_selected.png</texture>
            <animation effect="zoom" end="165,165" center="auto" time="140">Focus</animation>
            <animation effect="zoom" start="165,165" end="100,100" center="auto" time="140">Unfocus</animation>
          </control>
          <control type="image">
            <posx>0</posx>
            <posy>0</posy>
            <width>150</width>
            <height>100</height>
            <animation effect="zoom" end="120,120" center="auto" time="140">Focus</animation>
            <animation effect="zoom" start="120,120" end="100,100" center="auto" time="140">Unfocus</animation>
          </control>
          <control type="image">
            <posx>5</posx>
            <posy>5</posy>
            <width>140</width>
            <height>90</height>
            <aspectratio>stretch</aspectratio>
            <animation effect="zoom" end="120,120" center="auto" time="140">Focus</animation>
            <animation effect="zoom" start="120,120" end="100,100" center="auto" time="140">Unfocus</animation>
          </control>
          <control type="image">
            <posx>6</posx>
            <posy>6</posy>
            <width>140</width>
            <height>90</height>
            <info>ListItem.Thumb</info>
            <aspectratio>stretch</aspectratio>
            <animation effect="zoom" end="120,120" center="auto" time="140">Focus</animation>
            <animation effect="zoom" start="120,120" end="100,100" center="auto" time="140">Unfocus</animation>
          </control>
        </focusedlayout>
        <content type="url" url="">
          <onclick lang="python">
            <![CDATA[
import utils  
channel_selected_int = mc.GetWindow(14002).GetList(122).GetFocusedItem()
channel_item = mc.GetWindow(14002).GetList(122).GetItem(channel_selected_int)
chan_int = channel_item.GetProperty("chid")
vod_int = channel_item.GetProperty("id")
playlist_item = mc.ListItem(mc.ListItem.MEDIA_VIDEO_CLIP)
playlist_item.SetThumbnail(channel_item.GetThumbnail())
url = channel_item.GetProperty("url")
playlist_item.SetPath(url)
if utils.Get_Player().IsPlaying():
   utils.Get_Player().Stop()
playlist = mc.PlayList( mc.PlayList.PLAYLIST_VIDEO )
playlist.Clear()
playlist.Add(playlist_item)
utils.Get_Player().Play(playlist.GetItem(0))
]]>

          </onclick>
        </content>
      </control>
      <control type="list" id="2000">
        <posx>50</posx>
        <posy>150</posy>
        <width>150</width>
        <height>445</height>
        <offsety>4</offsety>
         <onright lang="python">
          <![CDATA[
import mc          
vodctrl = mc.GetWindow(14002).GetControl(122)
vodctrl.SetFocus()
]]>
</onright>
        <visible>true</visible>
        <orientation>vertical</orientation>
        <pagecontrol>6006</pagecontrol>
        <itemlayout height="40">
          <control type="label">
            <posx>45</posx>
            <posy>0</posy>
            <width>150</width>
            <height>33</height>
            <font>font21</font>
            <align>left</align>
            <aligny>center</aligny>
            <info>ListItem.Label</info>
            <textcolor>grey</textcolor>
            <selectedcolor>grey</selectedcolor>
          </control>
        </itemlayout>
        <focusedlayout height="40">
          <control type="image">
            <visible>Control.HasFocus(2000)</visible>
            <posx>5</posx>
            <posy>-20</posy>
            <width>150</width>
            <height>78</height>
            <texture border="39">line_view_on.png</texture>
          </control>
          <control type="label">
            <visible>Control.HasFocus(2000)</visible>
            <posx>43</posx>
            <posy>0</posy>
            <width>150</width>
            <height>33</height>
            <font>font21b</font>
            <align>left</align>
            <aligny>center</aligny>
            <info>ListItem.Label</info>
            <scroll>true</scroll>
            <textcolor>FFFFFFFF</textcolor>
            <selectedcolor>FFFFFFFF</selectedcolor>
          </control>
          <control type="label">
            <visible>!Control.HasFocus(2000)</visible>
            <posx>45</posx>
            <posy>0</posy>
            <width>150</width>
            <height>33</height>
            <font>font21</font>
            <align>left</align>
            <aligny>center</aligny>
            <info>ListItem.Label</info>
            <textcolor>grey</textcolor>
            <selectedcolor>grey</selectedcolor>
          </control>
        </focusedlayout>
        <content type="url" url="">
          <onclick lang="python">
            <![CDATA[
import utils
import xbmcgui
dp = xbmcgui.DialogProgress()
dp.create( "", "", "" )
date_index = mc.GetWindow(14002).GetList(2000).GetFocusedItem()
mc.GetApp().GetLocalConfig().SetValue("vodindex", str(date_index))
date_item = mc.GetWindow(14002).GetList(2000).GetItem(date_index)
date_int = date_item.GetProperty("vodDt")
vodlistUI = utils.get_VodList(vid,date_int,date_int)
mc.GetWindow(14002).GetList(122).SetItems(vodlistUI)
vodctrl = mc.GetWindow(14002).GetControl(122)
mc.GetWindow(14002).GetList(122).SetFocusedItem(3)
vodctrl.SetFocus()
mc.GetWindow(14002).GetControl(122).SetVisible(True)
dp.close()
]]>            
          </onclick>
        </content>
      </control>
      <control type="label">
        <posx>50</posx>
        <posy>650</posy>
        <font>font21sq</font>
        <align>left</align>
        <aligny>top</aligny>
        <wrapmultiline>true</wrapmultiline>
        <textcolor>white</textcolor>
        <label>[B]$INFO[Container(122).ListItem.Label][/B]</label>
      </control>
      <control type="scrollbar" id="6007">
        <posx>1225</posx>
        <posy>200</posy>
        <width>10</width>
        <height>300</height>
        <texturesliderbar border="3">scrollbar_slider_blue.png</texturesliderbar>
        <texturesliderbarfocus border="4">scrollbar_slider_selected.png</texturesliderbarfocus>
        <texturesliderbackground>scrollbar_background_grey.png</texturesliderbackground>
        <orientation>vertical</orientation>
        <showonepage>true</showonepage>
      </control>

      <control type="scrollbar" id="6006">
        <posx>200</posx>
        <posy>200</posy>
        <width>10</width>
        <height>300</height>
        <texturesliderbar border="3">scrollbar_slider_blue.png</texturesliderbar>
        <texturesliderbarfocus border="4">scrollbar_slider_selected.png</texturesliderbarfocus>
        <texturesliderbackground>scrollbar_background_grey.png</texturesliderbackground>
        <orientation>vertical</orientation>
        <showonepage>true</showonepage>
      </control>
    </control>
    <control type="label">
      <posx>1280</posx>
      <posy>650</posy>
      <font>font21sq</font>
      <align>right</align>
      <aligny>top</aligny>
      <wrapmultiline>true</wrapmultiline>
      <textcolor>white</textcolor>
      <label>[B]Copyrights 2012 YUPPTV.   All Rights Reserved.[/B]</label>
   </control>
  </controls>
</window>