<app>
	<id>thaifood</id>
  	<name>Thai Food</name>
  	<version>1.0</version>
  	<description>Thai Food by ifood.tv brings trustworthy and practical food videos on Thai cooking. Enjoy recipes for Thai Curry, Sauce, Noodles, Desserts, Drinks, Kids, Healthy, Easy, Vegetarian and other foods you will love.Learn cooking delicious Thai dishes and enjoy taste of life.</description>
  	<thumb>http://thumbs.ifood.tv/files/images/iptv/thai/boxee/thai.png</thumb>
  	<platform>all</platform>
	<copyright>Future Today Inc</copyright>
	<type>skin</type>
	<media>video</media>
  	<email>Admin@ifood.tv</email>
  	<startWindow>14000</startWindow>
  	<minversion>0.9.11</minversion>
  	<repository>http://dir.boxee.tv/apps</repository>
</app>
