<?xml version="1.0"?>
<window type="window" id="14000">
  <defaultcontrol always="true">100</defaultcontrol>
  <allowoverlay>no</allowoverlay>
  <controls>
    <control type="group">
	
      <control type="image">
        <posx>0</posx>
        <posy>0</posy>
        <width>1280</width>
        <height>720</height>
        <texture>bg.png</texture>
      </control>
	  
      <control type="button" id="100">
        <onleft>102</onleft>
        <onright>101</onright>
        <onup>-</onup>
        <ondown>1000</ondown>
        <posx>20</posx>
        <posy>110</posy>
        <width>110</width>
        <height>30</height>
        <label>Sermons</label>
        <font>font21b</font>
        <textoffsetx>10</textoffsetx>
        <textoffsety>1</textoffsety>
        <textcolor>white</textcolor>
        <focusedcolor>white</focusedcolor>
        <texturefocus>button_outline.png</texturefocus>
        <texturenofocus>button.png</texturenofocus>
        <visible>true</visible>
        <onclick>Container.SetPath(1000,http://pipes.yahoo.com/pipes/pipe.run?_id=3055854707fb2eae255790ed1af8c9a6&_render=rss)</onclick>
      </control>
	  
      <control type="button" id="101">
        <onleft>100</onleft>
        <onright>102</onright>
        <onup>-</onup>
        <ondown>1000</ondown>
        <posx>140</posx>
        <posy>110</posy>
        <width>110</width>
        <height>30</height>
        <label>Worship</label>
        <font>font21b</font>
        <textoffsetx>10</textoffsetx>
        <textoffsety>1</textoffsety>
        <textcolor>white</textcolor>
        <focusedcolor>white</focusedcolor>
        <texturefocus>button_outline.png</texturefocus>
        <texturenofocus>button.png</texturenofocus>
        <visible>true</visible>
        <onclick>Container.SetPath(1000,http://pipes.yahoo.com/pipes/pipe.run?_id=f8d0509d5a3689e153cf79f828ef3465&_render=rss)</onclick>
      </control>
	  
      <control type="button" id="102">
        <onleft>101</onleft>
        <onright>100</onright>
        <onup>-</onup>
        <ondown>1000</ondown>
        <posx>260</posx>
        <posy>110</posy>
        <width>110</width>
        <height>30</height>
        <label>Specials</label>
        <font>font21b</font>
        <textoffsetx>10</textoffsetx>
        <textoffsety>1</textoffsety>
        <textcolor>white</textcolor>
        <focusedcolor>white</focusedcolor>
        <texturefocus>button_outline.png</texturefocus>
        <texturenofocus>button.png</texturenofocus>
        <visible>true</visible>
        <onclick>Container.SetPath(1000,http://pipes.yahoo.com/pipes/pipe.run?_id=8998182796b7fc20504b33d4e1ce0ddc&_render=rss)</onclick>
      </control>
	  
      <control type="multiimage">
        <visible>Container(1000).IsLoading + !Window.IsVisible(DialogProgress.xml)</visible>
        <posx>540</posx>
        <posy>350</posy>
        <width>200</width>
        <height>20</height>
        <imagepath>loading</imagepath>
        <timeperimage>25</timeperimage>
        <fadetime>0.5</fadetime>
        <loop>yes</loop>
        <randomize>false</randomize>
        <colordiffuse>F3FFC029</colordiffuse>
      </control>
	  
      <control type="list" id="1000">
        <onup>100</onup>
        <onleft>100</onleft>
        <onright>100</onright>
        <posx>20</posx>
        <posy>160</posy>
        <width>520</width>
        <height>500</height>
        <orientation>vertical</orientation>
        <itemlayout width="520" height="50">
		
          <control type="label">
            <posx>0</posx>
            <posy>0</posy>
            <width>520</width>
            <height>50</height>
            <font>font30</font>
            <align>left</align>
            <aligny>center</aligny>
            <label>$INFO[ListItem.Label]</label>
            <textcolor>FFCCCCCC</textcolor>
          </control>
		  
        </itemlayout>
        <focusedlayout width="520" height="50">
		  
          <control type="label">
            <visible>!Control.HasFocus(1000)</visible>
            <posx>0</posx>
            <posy>0</posy>
            <width>520</width>
            <height>50</height>
            <font>font30</font>
            <align>left</align>
            <aligny>center</aligny>
            <label>$INFO[ListItem.Label]</label>
            <textcolor>black</textcolor>
            <selectedcolor>F3FFF82F</selectedcolor>
          </control>
		  
          <control type="label">
            <visible>Control.HasFocus(1000)</visible>
            <posx>0</posx>
            <posy>0</posy>
            <width>520</width>
            <height>50</height>
            <font>font30</font>
            <align>left</align>
            <aligny>center</aligny>
            <label>$INFO[ListItem.Label]</label>
            <textcolor>black</textcolor>
            <selectedcolor>F3FFF82F</selectedcolor>
            <scroll>true</scroll>
            <scrollspeed>30</scrollspeed>
          </control>
		  
        </focusedlayout>
        <content type="url" url="http://pipes.yahoo.com/pipes/pipe.run?_id=3055854707fb2eae255790ed1af8c9a6&_render=rss"></content>
      </control>
	  
      <control type="group">
        <animation type="Conditional" condition="Window.IsVisible(DialogProgress.xml)">
          <effect type="fade" start="100" end="20" time="200"/>
        </animation>
		
        <control type="image">
          <visible>true</visible>
          <posx>580</posx>
          <posy>230</posy>
          <width>624</width>
          <height>351</height>
          <texture>$INFO[Container(1000).ListItem.Thumb]</texture>
        </control>
		
		<!--<control type="label">
          <visible>true</visible>
          <posx>730</posx>
          <posy>515</posy>
          <width>400</width>
          <height>140</height>
          <font>light23</font>
          <align>left</align>
          <aligny>top</aligny>
          <label>$INFO[Container(1000).ListItem.property(description)]</label>
          <background>grey</background>
          <textcolor>black</textcolor>
          <wrapmultiline>true</wrapmultiline>
        </control>-->
		
      </control>
    </control>
  </controls>
</window>
