<app>
	<id>kids</id>
  	<name>Kids Recipes</name>
  	<version>1.0</version>
  	<description>Kids recipe video app with 5,000 trustworthy food videos. Looking for Kids recipes? Whether it’s Breakfast, Dessert, drinks or high protein, this app has recipes for all kids, be Happy.</description>
  	<thumb>http://thumbs.ifood.tv/files/images/iptv/kids/boxee/ChannelStore_logo.png</thumb>
  	<platform>all</platform>
	<copyright>Future Today Inc</copyright>
	<type>skin</type>
	<media>video</media>
  	<email>admin@ifood.tv</email>
  	<startWindow>14000</startWindow>
  	<minversion>0.9.11</minversion>
  	<repository>http://dir.boxee.tv/apps</repository>
</app>
