<app>
  <id>focusrally</id>
  <name>Focus Rally America</name>
  <version>2.7</version>
  <description>Focus Rally America is the ultimate interactive cross-country road rally and you can join in the adventure.  Watch six teams of two, along with the all-new 2012 Ford Focus, will compete against each other to complete various challenges and tasks along the way hoping to win the ultimate prize of $100,000 and a new Focus.</description>
  <thumb>http://csassets.mediafly.com/2961a25dcf0a419686f3b424d0bac0eb/appThumb-200x200.png</thumb>
  <repository>http://dir.boxee.tv/apps</repository>
  <media>video</media>
  <copyright>Mediafly</copyright>
  <email>support@mediafly.com</email>
  <type>skin</type>
  <startWindow>launch</startWindow>
  <platform>all</platform>
  <minversion>0.9.30</minversion>
</app>
