<app>
  <id>spiritclips-channel</id>
  <name>SpiritClips</name>
  <version>1.1</version>
  <description>Watch Hallmark Hall of Fame movies, award-winning SpiritClips Originals and much more. The SpiritClips Channel presents quality films and videos depicting uplifting messages of hope and inspiration for audiences of all ages.</description>
<thumb>http://spiritclips.com/boxeedevice/images/icon_200x200.png</thumb>
  <repository>http://dir.boxee.tv/apps</repository>
  <media>video</media>
  <copyright>JunctionTV Inc</copyright>
  <email>apps@junctiontv.com</email>
  <type>skin</type>
  <startWindow>14000</startWindow>
  <platform>all</platform>
  <minversion>0.9.20</minversion>
</app>
