<app>
	<id>wheelstv</id>
	<name>WheelsTV</name>
	<version>1.1</version>
	<description>All things Automotive, from tuners, to classics.  See footage from auto shows, and expos such as HIN and Spocom!</description>
	<thumb>http://dir.boxee.tv/apps/wheelstv/thumb.png</thumb>
	<repository>http://dir.boxee.tv/apps</repository>
	<media>video</media>
	<copyright>WheelsTV.net</copyright>
	<email>gfontenot@wheelstv.net</email>
	<type>skin</type>
	<startWindow>14000</startWindow>
	<platform>all</platform>
	<minversion>0.9.30</minversion>
</app>
