<?xml version="1.0" encoding="UTF-8" ?>
<window type="window" id="14001">
	<allowoverlay>no</allowoverlay>
	<onload lang="python">
<![CDATA[
import pythonscript
pythonscript.Window_OnLoad()		
]]>
	</onload>
	<controls>
		<control type="image">
			<posx>0</posx>
			<posy>0</posy>
			<width>1280</width>
			<height>720</height>
			<texture>Background.png</texture>
		</control>
		<control type="group" id="1000">
			<description>Header</description>
			<control type="image" id="1001">
				<posx>16</posx>
				<posy>16</posy>
				<width>230</width>
				<height>85</height>
				<texture>Logo.png</texture>
			</control>
			<control type="group" id="1100">
				<description>Menu Buttons</description>
				<posx>640</posx>
				<posy>40</posy>
				<control type="button" id="1101">
					<description>Settings Button</description>
					<width>35</width>
					<height>35</height>
					<visible>true</visible>
					<texturefocus>SettingsButton_Selected.png</texturefocus>
					<texturenofocus>SettingsButton.png</texturenofocus>
					<onfocus>-</onfocus>
					<onup>-</onup>
					<onright>1102</onright>
					<onleft>1104</onleft>
					<ondown lang="python">
<![CDATA[
pythonscript.MenuButton_OnDown()
]]>
					</ondown>
					<onclick lang="python">
<![CDATA[
pythonscript.MenuButton_OnClick("1101")
]]>						
					</onclick>
				</control>
				<control type="button" id="1102">
					<description>Watch Live Button</description>
					<posx>75</posx>
					<width>165</width>
					<height>35</height>
					<visible>true</visible>
					<colordiffuse>FFFFFFFF</colordiffuse>
					<texturefocus>WatchLive_Selected.png</texturefocus>
					<texturenofocus>WatchLive.png</texturenofocus>
					<label>Watch Live</label>
					<font>font24b</font>
					<textcolor>white</textcolor>
					<disabledcolor>88FFFFFF</disabledcolor>
					<align>center</align>
					<aligny>center</aligny>
					<onfocus>-</onfocus>
					<onup>-</onup>
					<onright>1103</onright>
					<onleft>1101</onleft>
					<ondown lang="python">
<![CDATA[
pythonscript.MenuButton_OnDown()
]]>
					</ondown>
					<onclick lang="python">
<![CDATA[
pythonscript.MenuButton_OnClick("1102")
]]>						
					</onclick>
				</control>
				<control type="button" id="1103">
					<description>Shows Button</description>
					<posx>280</posx>
					<width>115</width>
					<height>35</height>
					<visible>true</visible>
					<colordiffuse>FFFFFFFF</colordiffuse>
					<texturefocus>GreyButton.png</texturefocus>
					<texturenofocus>Transparent.png</texturenofocus>
					<label>Shows</label>
					<font>font24b</font>
					<textcolor>white</textcolor>
					<disabledcolor>88FFFFFF</disabledcolor>
					<align>center</align>
					<aligny>center</aligny>
					<onfocus>-</onfocus>
					<onup>-</onup>
					<onright>1104</onright>
					<onleft>1102</onleft>
					<ondown lang="python">
<![CDATA[
pythonscript.MenuButton_OnDown()
]]>
					</ondown>
					<onclick lang="python">
<![CDATA[
pythonscript.MenuButton_OnClick("1103")					
]]>						
					</onclick>
				</control>
				<control type="button" id="1104">
					<description>Recent Button</description>
					<posx>435</posx>
					<width>115</width>
					<height>35</height>
					<visible>true</visible>
					<colordiffuse>FFFFFFFF</colordiffuse>
					<texturefocus>GreyButton.png</texturefocus>
					<texturenofocus>Transparent.png</texturenofocus>
					<label>Recent</label>
					<font>font24b</font>
					<textcolor>white</textcolor>
					<disabledcolor>88FFFFFF</disabledcolor>
					<align>center</align>
					<aligny>center</aligny>
					<onfocus>-</onfocus>
					<onup>-</onup>
					<onright>1101</onright>
					<onleft>1103</onleft>
					<ondown lang="python">
<![CDATA[
pythonscript.MenuButton_OnDown()
]]>
					</ondown>
					<onclick lang="python">
<![CDATA[
pythonscript.MenuButton_OnClick("1104")
]]>
					</onclick>
				</control>
			</control>
		</control>
		<control type="group" id="2000">
			<description>Body</description>
			<posx>16</posx>
			<posy>116</posy>
			<width>1248</width>
			<height>572</height>
			<control type="group" id="2100">
				<description>Settings Pane</description>
				<visible>false</visible>
				<control type="group" id="2110">
					<description>Default Tab Settings</description>
					<posx>28</posx>
					<posy>24</posy>
					<control type="label">
						<posx>0</posx>
						<posy>0</posy>
						<font>font26b</font>
						<label>Default Tab</label>
						<align>left</align>
						<aligny>top</aligny>
						<textcolor>black</textcolor>
					</control>
					<control type="togglebutton" id="2111">
						<posx>35</posx>
						<posy>35</posy>
						<width>30</width>
						<height>30</height>
						<onleft>-</onleft>
						<onright>-</onright>
						<onup>1101</onup>
						<ondown>2112</ondown>
						<label>Last Active Tab</label>
						<textoffsetx>32</textoffsetx>
						<font>light23b</font>
						<align>left</align>
						<aligny>top</aligny>
						<textcolor>black</textcolor>
						<focusedcolor>black</focusedcolor>
						<texturenofocus>ToggleOff.png</texturenofocus>
						<texturefocus>ToggleOffSelected.png</texturefocus>
						<alttexturefocus>ToggleOnSelected.png</alttexturefocus>
						<alttexturenofocus>ToggleOn.png</alttexturenofocus>
						<onclick lang="python">
<![CDATA[
pythonscript.DefaultTabToggle_OnClick("2111")
]]>
						</onclick>
						<altclick lang="python">
<![CDATA[
pythonscript.DefaultTabToggle_AltClick("2111")
]]>
						</altclick>
					</control>
					<control type="togglebutton" id="2112">
						<posx>35</posx>
						<posy>70</posy>
						<width>30</width>
						<height>30</height>
						<onleft>-</onleft>
						<onright>-</onright>
						<onup>2111</onup>
						<ondown>2113</ondown>
						<label>Watch Live</label>
						<textoffsetx>32</textoffsetx>
						<font>light23b</font>
						<align>left</align>
						<aligny>top</aligny>
						<textcolor>black</textcolor>
						<focusedcolor>black</focusedcolor>
						<texturenofocus>ToggleOff.png</texturenofocus>
						<texturefocus>ToggleOffSelected.png</texturefocus>
						<alttexturefocus>ToggleOnSelected.png</alttexturefocus>
						<alttexturenofocus>ToggleOn.png</alttexturenofocus>
						<onclick lang="python">
<![CDATA[
pythonscript.DefaultTabToggle_OnClick("2112")
]]>
						</onclick>
						<altclick lang="python">
<![CDATA[
pythonscript.DefaultTabToggle_AltClick("2112")
]]>
						</altclick>
					</control>
					<control type="togglebutton" id="2113">
						<posx>35</posx>
						<posy>105</posy>
						<width>30</width>
						<height>30</height>
						<onleft>-</onleft>
						<onright>-</onright>
						<onup>2112</onup>
						<ondown>2114</ondown>
						<label>Shows</label>
						<textoffsetx>32</textoffsetx>
						<font>light23b</font>
						<align>left</align>
						<aligny>top</aligny>
						<textcolor>black</textcolor>
						<focusedcolor>black</focusedcolor>
						<texturenofocus>ToggleOff.png</texturenofocus>
						<texturefocus>ToggleOffSelected.png</texturefocus>
						<alttexturefocus>ToggleOnSelected.png</alttexturefocus>
						<alttexturenofocus>ToggleOn.png</alttexturenofocus>
						<onclick lang="python">
<![CDATA[
pythonscript.DefaultTabToggle_OnClick("2113")
]]>
						</onclick>
						<altclick lang="python">
<![CDATA[
pythonscript.DefaultTabToggle_AltClick("2113")
]]>
						</altclick>
					</control>
					<control type="togglebutton" id="2114">
						<posx>35</posx>
						<posy>140</posy>
						<width>30</width>
						<height>30</height>
						<onleft>-</onleft>
						<onright>-</onright>
						<onup>2113</onup>
						<ondown>2121</ondown>
						<label>Recent</label>
						<textoffsetx>32</textoffsetx>
						<font>light23b</font>
						<align>left</align>
						<aligny>top</aligny>
						<textcolor>black</textcolor>
						<focusedcolor>black</focusedcolor>
						<texturenofocus>ToggleOff.png</texturenofocus>
						<texturefocus>ToggleOffSelected.png</texturefocus>
						<alttexturefocus>ToggleOnSelected.png</alttexturefocus>
						<alttexturenofocus>ToggleOn.png</alttexturenofocus>
						<onclick lang="python">
<![CDATA[
pythonscript.DefaultTabToggle_OnClick("2114")
]]>
						</onclick>
						<altclick lang="python">
<![CDATA[
pythonscript.DefaultTabToggle_AltClick("2114")
]]>
						</altclick>
					</control>
				</control>
				<control type="group" id="2120">
					<description>Show Quality</description>
					<posx>28</posx>
					<posy>215</posy>
					<control type="label">
						<posx>0</posx>
						<posy>0</posy>
						<font>font26b</font>
						<label>Show Quality</label>
						<align>left</align>
						<aligny>top</aligny>
						<textcolor>black</textcolor>
					</control>
					<control type="togglebutton" id="2121">
						<posx>35</posx>
						<posy>35</posy>
						<width>30</width>
						<height>30</height>
						<onleft>-</onleft>
						<onright>-</onright>
						<onup>2114</onup>
						<ondown>2122</ondown>
						<label>Audio Only</label>
						<textoffsetx>32</textoffsetx>
						<font>light23b</font>
						<align>left</align>
						<aligny>top</aligny>
						<textcolor>black</textcolor>
						<focusedcolor>black</focusedcolor>
						<texturenofocus>ToggleOff.png</texturenofocus>
						<texturefocus>ToggleOffSelected.png</texturefocus>
						<alttexturefocus>ToggleOnSelected.png</alttexturefocus>
						<alttexturenofocus>ToggleOn.png</alttexturenofocus>
						<onclick lang="python">
<![CDATA[
pythonscript.ShowQualityToggle_OnClick("2121")
]]>
						</onclick>
						<altclick lang="python">
<![CDATA[
pythonscript.ShowQualityToggle_AltClick("2121")
]]>
						</altclick>
					</control>
					<control type="togglebutton" id="2122">
						<posx>35</posx>
						<posy>70</posy>
						<width>30</width>
						<height>30</height>
						<onleft>-</onleft>
						<onright>-</onright>
						<onup>2121</onup>
						<ondown>2123</ondown>
						<label>SD Low</label>
						<textoffsetx>32</textoffsetx>
						<font>light23b</font>
						<align>left</align>
						<aligny>top</aligny>
						<textcolor>black</textcolor>
						<focusedcolor>black</focusedcolor>
						<texturenofocus>ToggleOff.png</texturenofocus>
						<texturefocus>ToggleOffSelected.png</texturefocus>
						<alttexturefocus>ToggleOnSelected.png</alttexturefocus>
						<alttexturenofocus>ToggleOn.png</alttexturenofocus>
						<onclick lang="python">
<![CDATA[
pythonscript.ShowQualityToggle_OnClick("2122")
]]>
						</onclick>
						<altclick lang="python">
<![CDATA[
pythonscript.ShowQualityToggle_AltClick("2122")
]]>
						</altclick>
					</control>
					<control type="togglebutton" id="2123">
						<posx>35</posx>
						<posy>105</posy>
						<width>30</width>
						<height>30</height>
						<onleft>-</onleft>
						<onright>-</onright>
						<onup>2122</onup>
						<ondown>2124</ondown>
						<label>SD High</label>
						<textoffsetx>32</textoffsetx>
						<font>light23b</font>
						<align>left</align>
						<aligny>top</aligny>
						<textcolor>black</textcolor>
						<focusedcolor>black</focusedcolor>
						<texturenofocus>ToggleOff.png</texturenofocus>
						<texturefocus>ToggleOffSelected.png</texturefocus>
						<alttexturefocus>ToggleOnSelected.png</alttexturefocus>
						<alttexturenofocus>ToggleOn.png</alttexturenofocus>
						<onclick lang="python">
<![CDATA[
pythonscript.ShowQualityToggle_OnClick("2123")
]]>
						</onclick>
						<altclick lang="python">
<![CDATA[
pythonscript.ShowQualityToggle_AltClick("2123")
]]>
						</altclick>
					</control>
					<control type="togglebutton" id="2124">
						<posx>35</posx>
						<posy>140</posy>
						<width>30</width>
						<height>30</height>
						<onleft>-</onleft>
						<onright>-</onright>
						<onup>2123</onup>
						<ondown>2130</ondown>
						<label>HD</label>
						<textoffsetx>32</textoffsetx>
						<font>light23b</font>
						<align>left</align>
						<aligny>top</aligny>
						<textcolor>black</textcolor>
						<focusedcolor>black</focusedcolor>
						<texturenofocus>ToggleOff.png</texturenofocus>
						<texturefocus>ToggleOffSelected.png</texturefocus>
						<alttexturefocus>ToggleOnSelected.png</alttexturefocus>
						<alttexturenofocus>ToggleOn.png</alttexturenofocus>
						<onclick lang="python">
<![CDATA[
pythonscript.ShowQualityToggle_OnClick("2124")
]]>
						</onclick>
						<altclick lang="python">
<![CDATA[
pythonscript.ShowQualityToggle_AltClick("2124")
]]>
						</altclick>
					</control>
				</control>
				<control type="button" id="2130">
					<posx>28</posx>
					<posy>484</posy>
					<width>200</width>
					<height>60</height>
					<label>Reset Settings</label>
					<font>font26</font>
					<textcolor>white</textcolor>
					<focusedcolor>black</focusedcolor>
					<align>center</align>
					<onup>2124</onup>
					<onclick lang="python">
<![CDATA[
mc.GetWindow(14001).GetControl(2100).SetVisible(False)
mc.GetWindow(14001).GetControl(2200).SetVisible(False)
mc.GetWindow(14001).GetControl(2300).SetVisible(False)
mc.GetWindow(14001).GetControl(2400).SetVisible(False)						
mc.GetApp().GetLocalConfig().ResetAll()
mc.ActivateWindow(14000)						
]]>						
					</onclick>
				</control>
				<control type="group" id="2140">
					<description>App Info</description>
					<control type="label" id="2141">
						<posx>1220</posx>
						<posy>25</posy>
						<font>font26b</font>
						<label>App Info:</label>
						<align>right</align>
						<aligny>top</aligny>
						<textcolor>black</textcolor>
					</control>
					<control type="label" id="2142">
						<posx>1220</posx>
						<posy>60</posy>
						<font>font20</font>
						<align>right</align>
						<aligny>top</aligny>
						<textcolor>black</textcolor>
					</control>
					<control type="label" id="2143">
						<posx>1220</posx>
						<posy>95</posy>
						<font>font20</font>
						<align>right</align>
						<aligny>top</aligny>
						<textcolor>black</textcolor>
					</control>
				</control>
			</control>
			<control type="group" id="2200">
				<description>Watch Live Pane</description>
				<visible>false</visible>
				<posx>140</posx>
				<posy>114</posy>
				<width>935</width>
				<height>350</height>
				<control type="button" id="2201">
					<posx>0</posx>
					<posy>0</posy>
					<width>155</width>
					<height>155</height>
					<visible>true</visible>
					<colordiffuse>FFFFFFFF</colordiffuse>
					<texturefocus>StreamButtons/TWiTAM_56kbps_Selected.png</texturefocus>
					<texturenofocus>StreamButtons/TWiTAM_56kbps.png</texturenofocus>
					<onfocus>-</onfocus>
					<onup>1102</onup>
					<onright>2202</onright>
					<onleft>2205</onleft>
					<ondown>2206</ondown>
					<onclick lang="python">
<![CDATA[
mc.GetApp().GetLocalConfig().SetValue("lastlivestream", "2201")
item = mc.ListItem(mc.ListItem.MEDIA_AUDIO_OTHER)
item.SetLabel("Boxee Browser")
item.SetContentType("application/mpeg")
item.SetPath("http://twit.am/listen")
item.Dump()
mc.Player().Play(item)
]]>
					</onclick>
				</control>
				<control type="button" id="2202">
					<posx>195</posx>
					<posy>0</posy>
					<width>155</width>
					<height>155</height>
					<visible>true</visible>
					<colordiffuse>FFFFFFFF</colordiffuse>
					<texturefocus>StreamButtons/JustinTV_228kbps_Selected.png</texturefocus>
					<texturenofocus>StreamButtons/JustinTV_228kbps.png</texturenofocus>
					<onfocus>-</onfocus>
					<onup>1102</onup>
					<onright>2203</onright>
					<onleft>2201</onleft>
					<ondown>2207</ondown>
					<onclick lang="python">
<![CDATA[
mc.GetApp().GetLocalConfig().SetValue("lastlivestream", "2202")
my_stream = {
   'url':      'http://usher.justin.tv/stream/multi_playlist/twit.m3u',
   'quality':  'A',
   'title':    'Justin.TV'
}
pythonscript.playHlsStream(my_stream)
]]>
					</onclick>
				</control>
				<control type="button" id="2203">
					<posx>390</posx>
					<width>155</width>
					<height>155</height>
					<visible>true</visible>
					<colordiffuse>FFFFFFFF</colordiffuse>
					<texturefocus>StreamButtons/Ustream_VBR_Selected.png</texturefocus>
					<texturenofocus>StreamButtons/Ustream_VBR.png</texturenofocus>
					<onfocus>-</onfocus>
					<onup>1102</onup>
					<onright>2204</onright>
					<onleft>2202</onleft>
					<ondown>2208</ondown>
					<onclick lang="python">
<![CDATA[
mc.GetApp().GetLocalConfig().SetValue("lastlivestream", "2203")					
my_stream = {
   'url':      'http://iphone-streaming.ustream.tv/ustreamVideo/1524/streams/live/playlist.m3u8',
   'quality':  'A',
   'title':    'Ustream'
}
pythonscript.playHlsStream(my_stream)
]]>
					</onclick>
				</control>
				<control type="button" id="2204">
					<posx>585</posx>
					<posy>0</posy>
					<width>155</width>
					<height>155</height>
					<visible>true</visible>
					<colordiffuse>FFFFFFFF</colordiffuse>
					<texturefocus>StreamButtons/BitGravity_400kbps_Selected.png</texturefocus>
					<texturenofocus>StreamButtons/BitGravity_400kbps.png</texturenofocus>
					<onfocus>-</onfocus>
					<onup>1102</onup>
					<onright>2205</onright>
					<onleft>2203</onleft>
					<ondown>2209</ondown>
					<onclick lang="python">
<![CDATA[
mc.GetApp().GetLocalConfig().SetValue("lastlivestream", "2204")
my_stream = {
   'url':      'http://twit.live-s.cdn.bitgravity.com/cdn-live-s1/_definst_/twit/live/low/playlist.m3u8',
   'quality':  'A',
   'title':    'BitGravity Low'
}
pythonscript.playHlsStream(my_stream)
]]>
					</onclick>
				</control>
				<control type="button" id="2205">
					<posx>780</posx>
					<width>155</width>
					<height>155</height>
					<visible>true</visible>
					<colordiffuse>FFFFFFFF</colordiffuse>
					<texturefocus>StreamButtons/BitGravity_1Mbps_Selected.png</texturefocus>
					<texturenofocus>StreamButtons/BitGravity_1Mbps.png</texturenofocus>
					<onfocus>-</onfocus>
					<onup>1102</onup>
					<onright>2201</onright>
					<onleft>2204</onleft>
					<ondown>2210</ondown>
					<onclick lang="python">
<![CDATA[
mc.GetApp().GetLocalConfig().SetValue("lastlivestream", "2205")
my_stream = {
   'url':      'http://twit.live-s.cdn.bitgravity.com/cdn-live-s1/_definst_/twit/live/high/playlist.m3u8',
   'quality':  'A',
   'title':    'BitGravity High'
}
pythonscript.playHlsStream(my_stream)
]]>
					</onclick>
				</control>
				<control type="button" id="2206">
					<posx>0</posx>
					<posy>195</posy>
					<width>155</width>
					<height>155</height>
					<visible>true</visible>
					<colordiffuse>FFFFFFFF</colordiffuse>
					<texturefocus>StreamButtons/TWiTAM_64kbps_Selected.png</texturefocus>
					<texturenofocus>StreamButtons/TWiTAM_64kbps.png</texturenofocus>
					<onfocus>-</onfocus>
					<onup>2201</onup>
					<onright>2207</onright>
					<onleft>2210</onleft>
					<ondown>-</ondown>
					<onclick lang="python">
<![CDATA[
mc.GetApp().GetLocalConfig().SetValue("lastlivestream", "2206")
item = mc.ListItem(mc.ListItem.MEDIA_AUDIO_OTHER)
item.SetLabel("TWiT.AM AAC")
item.SetContentType("application/mpeg")
item.SetPath("http://174.36.55.198:80/stream/1/")
item.Dump()
mc.Player().Play(item)
]]>
					</onclick>
				</control>
				<control type="button" id="2207">
					<posx>195</posx>
					<posy>195</posy>
					<width>155</width>
					<height>155</height>
					<visible>true</visible>
					<colordiffuse>FFFFFFFF</colordiffuse>
					<texturefocus>StreamButtons/Flosoft_496kbps_Selected.png</texturefocus>
					<texturenofocus>StreamButtons/Flosoft_496kbps.png</texturenofocus>
					<onfocus>-</onfocus>
					<onup>2202</onup>
					<onright>2208</onright>
					<onleft>2206</onleft>
					<ondown>-</ondown>
					<onclick lang="python">
<![CDATA[
mc.GetApp().GetLocalConfig().SetValue("lastlivestream", "2207")
my_stream = {
   'url':      'http://hls.twit.tv:1935/flosoft/_definst_/mp4:twitStream_496/playlist.m3u8',
   'quality':  'A',
   'title':    'Flosoft 496 kbps'
}
pythonscript.playHlsStream(my_stream)
]]>
					</onclick>
				</control>
				<control type="button" id="2208">
					<posx>390</posx>
					<posy>195</posy>
					<width>155</width>
					<height>155</height>
					<visible>true</visible>
					<colordiffuse>FFFFFFFF</colordiffuse>
					<texturefocus>StreamButtons/Flosoft_696kbps_Selected.png</texturefocus>
					<texturenofocus>StreamButtons/Flosoft_696kbps.png</texturenofocus>
					<onfocus>-</onfocus>
					<onup>2203</onup>
					<onright>2209</onright>
					<onleft>2207</onleft>
					<ondown>-</ondown>
					<onclick lang="python">
<![CDATA[
mc.GetApp().GetLocalConfig().SetValue("lastlivestream", "2208")
my_stream = {
   'url':      'http://hls.twit.tv:1935/flosoft/_definst_/mp4:twitStream_696/playlist.m3u8',
   'quality':  'A',
   'title':    'Flosoft 696 kbps'
}
pythonscript.playHlsStream(my_stream)
]]>
					</onclick>
				</control>
				<control type="button" id="2209">
					<posx>585</posx>
					<posy>195</posy>
					<width>155</width>
					<height>155</height>
					<visible>true</visible>
					<colordiffuse>FFFFFFFF</colordiffuse>
					<texturefocus>StreamButtons/Flosoft_1128kbps_Selected.png</texturefocus>
					<texturenofocus>StreamButtons/Flosoft_1128kbps.png</texturenofocus>
					<onfocus>-</onfocus>
					<onup>2204</onup>
					<onright>2210</onright>
					<onleft>2208</onleft>
					<ondown>-</ondown>
					<onclick lang="python">
<![CDATA[
mc.GetApp().GetLocalConfig().SetValue("lastlivestream", "2209")
my_stream = {
   'url':      'http://hls.twit.tv:1935/flosoft/_definst_/mp4:twitStream_1128/playlist.m3u8',
   'quality':  'A',
   'title':    'Flosoft 1128 kbps'
}
pythonscript.playHlsStream(my_stream)
]]>
					</onclick>
				</control>
				<control type="button" id="2210">
					<posx>780</posx>
					<posy>195</posy>
					<width>155</width>
					<height>155</height>
					<visible>true</visible>
					<colordiffuse>FFFFFFFF</colordiffuse>
					<texturefocus>StreamButtons/Flosoft_1628kbps_Selected.png</texturefocus>
					<texturenofocus>StreamButtons/Flosoft_1628kbps.png</texturenofocus>
					<onfocus>-</onfocus>
					<onup>2205</onup>
					<onright>2206</onright>
					<onleft>2209</onleft>
					<ondown>-</ondown>
					<onclick lang="python">
<![CDATA[
mc.GetApp().GetLocalConfig().SetValue("lastlivestream", "2210")
my_stream = {
   'url':      'http://hls.twit.tv:1935/flosoft/_definst_/mp4:twitStreamHi_1628/playlist.m3u8',
   'quality':  'A',
   'title':    'Flosoft 1628 kbps'
}
pythonscript.playHlsStream(my_stream)
]]>
					</onclick>
				</control>
			</control>
			<control type="group" id="2300">
				<description>Shows Pane</description>
				<visible>false</visible>
				<control type="label" id="2301">
					<description>Show Label</description>
					<visible>Control.HasFocus(2302)</visible>
					<posx>77</posx>
					<posy>24</posy>
					<width>550</width>
					<font>font26b</font>
					<info>Container(2302).ListItem.Label</info>
					<align>left</align>
					<aligny>center</aligny>
					<textcolor>black</textcolor>
				</control>
				<control type="panel" id="2302">
					<description>Show List</description>
					<posx>62</posx>
					<posy>34</posy>
					<width>1125</width>
					<height>430</height>
					<onup>1103</onup>
					<ondown>-</ondown>
					<onleft>-</onleft>
					<onright>-</onright>
					<scrolltime>200</scrolltime>
					<orientation>vertical</orientation>
					<itemlayout width="225" height="215">
						<control type="image">
							<posx>15</posx>
							<posy>15</posy>
							<width>190</width>
							<height>190</height>
							<aligny>center</aligny>
							<alignx>center</alignx>
							<info>ListItem.Thumb</info>
						</control>
					</itemlayout>
					<focusedlayout width="225" height="220">
						<control type="image">
							<posx>15</posx>
							<posy>15</posy>
							<width>190</width>
							<height>190</height>
							<aligny>center</aligny>
							<info>ListItem.Thumb</info>
							<animation effect="zoom" start="100,100" end="115,115" center="auto" time="100">Focus</animation>
							<animation effect="zoom" start="115,115" end="100,100" center="auto" time="200">Unfocus</animation>
						</control>
					</focusedlayout>
					<content type="url">
						<onclick lang="python"><![CDATA[
list = mc.GetWindow(14001).GetList(2302)
listitems = list.GetItems()
listitem = listitems[list.GetFocusedItem()]
browse = mc.GetWindow(14001).GetList(2310)
browse.SetContentURL(listitem.GetPath())
mc.GetActiveWindow().PushState()
mc.GetWindow(14001).GetControl(2302).SetVisible(False)							
mc.GetWindow(14001).GetControl(2310).SetVisible(True)
mc.GetWindow(14001).GetControl(2310).SetFocus()]]>
						</onclick>
					</content>
				</control>
				<control type="label" id="2303">
					<description>Description</description>
					<visible>Control.HasFocus(2302)</visible>
					<posx>77</posx>
					<posy>464</posy>
					<width>1125</width>
					<font>font21</font>
					<info>Container(2302).ListItem.property(description)</info>
					<align>left</align>
					<aligny>top</aligny>
					<textcolor>black</textcolor>
					<wrapmultiline>true</wrapmultiline>
				</control>
				<control type="label" id="2304">
					<description>Quality Label</description>
					<visible>Control.IsVisible(2302)</visible>
					<posx>1144</posx>
					<posy>24</posy>
					<width>350</width>
					<font>font26b</font>
					<align>right</align>
					<aligny>center</aligny>
					<textcolor>black</textcolor>
				</control>
				<control type="panel" id="2310">
					<visible>false</visible>
					<posx>48</posx>
					<posy>48</posy>
					<width>1248</width>
					<height>476</height>
					<align>center</align>
					<aligny>center</aligny>
					<onleft>-</onleft>
					<onright>-</onright>
					<onup>1103</onup>
					<ondown>-</ondown>
					<scrolltime>400</scrolltime>
					<pagecontrol>-</pagecontrol>
					<orientation>vertical</orientation>
					<itemlayout width="300" height="250">
						<control type="image">
							<width>256</width>
							<height>147</height>
							<texture>181818.png</texture>
						</control>
						<control type="image">
							<posx>3</posx>
							<posy>3</posy>
							<width>250</width>
							<height>141</height>
							<texture>black.png</texture>
						</control>
						<control type="image">
							<posx>3</posx>
							<posy>3</posy>
							<width>250</width>
							<height>141</height>
							<texture>MissingVideo.png</texture>
						</control>
						<control type="image">
							<posx>3</posx>
							<posy>3</posy>
							<width>250</width>
							<height>141</height>
							<info>ListItem.thumb</info>
						</control>
						<control type="label">
							<posx>3</posx>
							<posy>150</posy>
							<width>250</width>
							<height>80</height>
							<font>font20</font>
							<align>left</align>
							<aligny>top</aligny>
							<label>$INFO[ListItem.Label]</label>
							<textcolor>black</textcolor>
							<selectedcolor>white</selectedcolor>
							<wrapmultiline>true</wrapmultiline>
						</control>
					</itemlayout>
					<focusedlayout width="300" height="250">
						<control type="image">
							<width>256</width>
							<height>147</height>
							<texture>181818.png</texture>
						</control>
						<control type="image">
							<posx>3</posx>
							<posy>3</posy>
							<width>250</width>
							<height>141</height>
							<texture>black.png</texture>
						</control>
						<control type="image">
							<width>256</width>
							<height>147</height>
							<texture>SelectedBorder.png</texture>
							<animation effect="fade" start="0" end="100" time="300" delay="0" reversable="true">Focus</animation>
							<animation effect="fade" start="100" end="0" time="300" delay="0" reversable="true">UnFocus</animation>
						</control>
						<control type="image">
							<posx>3</posx>
							<posy>3</posy>
							<width>250</width>
							<height>141</height>
							<texture>MissingVideo.png</texture>
						</control>
						<control type="image">
							<posx>3</posx>
							<posy>3</posy>
							<width>250</width>
							<height>141</height>
							<info>ListItem.thumb</info>
							<aspectratio>keep</aspectratio>
						</control>
						<control type="image">
							<posx>3</posx>
							<posy>3</posy>
							<width>250</width>
							<height>141</height>
							<texture>Play.png</texture>
							<animation effect="fade" start="0" end="100" time="300" delay="0" reversable="true">Focus</animation>
							<animation effect="fade" start="100" end="0" time="300" delay="0" reversable="true">UnFocus</animation>
						</control>
						<control type="label">
							<posx>3</posx>
							<posy>150</posy>
							<width>250</width>
							<height>80</height>
							<font>font20</font>
							<align>left</align>
							<aligny>top</aligny>
							<label>$INFO[ListItem.Label]</label>
							<textcolor>black</textcolor>
							<selectedcolor>white</selectedcolor>
							<wrapmultiline>true</wrapmultiline>
						</control>
						<control type="label">
							<posx>3</posx>
							<posy>150</posy>
							<width>250</width>
							<height>80</height>
							<font>font20</font>
							<align>left</align>
							<aligny>top</aligny>
							<label>$INFO[ListItem.Label]</label>
							<textcolor>blue</textcolor>
							<selectedcolor>blue</selectedcolor>
							<wrapmultiline>true</wrapmultiline>
							<animation effect="fade" start="0" end="100" time="300" delay="0" reversable="true">Focus</animation>
							<animation effect="fade" start="100" end="0" time="300" delay="0" reversable="true">UnFocus</animation>
						</control>
					</focusedlayout>
					<content type="url" url="" />
				</control>
			</control>
			<control type="group" id="2400">
				<description>Recent Pane</description>
				<visible>false</visible>
				<onfocus>2401</onfocus>
				<control type="list" id="2401">
					<posx>0</posx>
					<posy>0</posy>
					<width>1248</width>
					<height>572</height>
					<onleft>-</onleft>
					<onright>-</onright>
					<onup>1104</onup>
					<ondown>-</ondown>
					<scrolltime>200</scrolltime>
					<pagecontrol>60</pagecontrol>
					<orientation>vertical</orientation>
					<itemlayout width="814" height="101">
						<control type="group">
							<posx>0</posx>
							<posy>0</posy>
							<control type="image">
								<posx>0</posx>
								<posy>0</posy>
								<width>1248</width>
								<height>101</height>
								<texture>MenuItem.png</texture>
							</control>
							<control type="group">
								<posx>185</posx>
								<posy>4</posy>
								<control type="label">
									<width>874</width>
									<height>34</height>
									<font>font23b</font>
									<label>$INFO[ListItem.Label]</label>
									<textcolor>white</textcolor>
									<selectedcolor>white</selectedcolor>
								</control>
								<control type="label">
									<posy>28</posy>
									<width>874</width>
									<height>68</height>
									<font>font15</font>
									<info>ListItem.property(description)</info>
									<textcolor>white</textcolor>
									<selectedcolor>white</selectedcolor>
									<wrapmultiline>true</wrapmultiline>
									<autoscroll>true</autoscroll>
								</control>
							</control>
						</control>
					</itemlayout>
					<focusedlayout width="814" height="101">
						<control type="group">
							<posx>0</posx>
							<posy>0</posy>
							<control type="image">
								<posx>0</posx>
								<posy>0</posy>
								<width>1248</width>
								<height>101</height>
								<texture>MenuItem_Selected.png</texture>
							</control>
							<control type="group">
								<posx>185</posx>
								<posy>4</posy>
								<control type="label">
									<width>874</width>
									<height>34</height>
									<font>font23b</font>
									<label>$INFO[ListItem.Label]</label>
									<textcolor>black</textcolor>
									<selectedcolor>black</selectedcolor>
								</control>
								<control type="label">
									<posy>28</posy>
									<width>874</width>
									<height>68</height>
									<font>font15</font>
									<info>ListItem.property(description)</info>
									<textcolor>black</textcolor>
									<selectedcolor>black</selectedcolor>
									<wrapmultiline>true</wrapmultiline>
									<autoscroll>true</autoscroll>
								</control>
							</control>
						</control>
					</focusedlayout>
					<content type="url" />
				</control>
			</control>
		</control>
		<control type="group" id="3000">
			<description>Footer</description>
			<posx>16</posx>
			<posy>688</posy>
			<width>1248</width>
			<height>32</height>
			<control type="image" id="3001">
				<description>TWiT Bug</description>
				<posy>1</posy>
				<width>30</width>
				<height>30</height>
				<texture>TWiTBug.png</texture>
			</control>
			<control type="label" id="3002">
				<description>Copyright Info</description>
				<posx>40</posx>
				<height>32</height>
				<label>TWiT® and the TWiT Logo are registered trademarks of Leo Laporte.</label>
				<align>left</align>
				<aligny>center</aligny>
				<font>font16b</font>
				<color>white</color>
			</control>
			<control type="label" id="3003">
				<description>Company URL</description>
				<posx>1096</posx>
				<height>32</height>
				<label>breedingbits.com</label>
				<align>left</align>
				<aligny>center</aligny>
				<font>font16b</font>
				<color>white</color>
			</control>
		</control>
	</controls>
</window>
