<?xml version="1.0"?>
<window type="window" id="14000">
	<onload lang="python"><![CDATA[
import mc,time,random,splashscript
import splashscript
mc.GetWindow(14000).GetLabel(1001).SetLabel(splashscript.AppVersion)

config = mc.GetApp().GetLocalConfig()
now = int(time.time())
conf_time=config.GetValue("time")

var_utmac = 'UA-31773419-1'; #replace with your own analytics account UA string
var_utmhn = '' 
var_utmn = str(random.randint(1000000000,9999999999))
var_cookie = str(random.randint(10000000,99999999))
var_random = str(random.randint(1000000000,2147483647))
var_today = str(now)
var_referer = '-'
var_uservar = '-'
var_utmp = '/' + 'twittv/Launch'
config.SetValue('time',var_today)
imgpath = 'http://www.google-analytics.com/__utm.gif?utmwv=3&utmn=' + \
 var_utmn + '&utme=&utmcs=-&utmsr=-&utmsc=-&utmul=-&utmje=0&utmfl=-&utmdt=-&utmhn=' + \
 var_utmhn + '&utmhid=' + var_utmn + '&utmr=' + var_referer + \
 '&utmp=' + var_utmp + '&utmac=' + var_utmac + '&utmcc=__utma%3D' + \
 var_cookie + '.' + var_random + '.' + var_today + '.' + var_today + \
 '.' + var_today + '.2%3B%2B__utmz%3D' + var_cookie + '.' + \
 var_today + '.2.2.utmcsr%3D_SOURCE_%7Cutmccn%3D_CAMPAIGN_%7Cutmcmd%3D_MEDIUM_%7Cutmctr%3D_KEYWORD_%7Cutmcct%3D_CONTENT_%3B%2B__utmv%3D' + \
 var_cookie + '.' + var_uservar + '%3B' 
		
mc.GetWindow(14000).GetImage(1002).SetTexture(imgpath)
		
time.sleep(1.5)
mc.GetWindow(14000).GetButton(1000).SetFocus()
]]></onload>
	<allowoverlay>no</allowoverlay>
	<controls>
		<control type="image">
			<width>1280</width>
			<height>720</height>
			<texture>TWiTSplash.png</texture>
		</control>
		<control type="button" id="1000">
			<description>invisible trigger button</description>				
			<texturenofocus>-</texturenofocus>
			<texturefocus>-</texturefocus>
			<onfocus>ReplaceWindow(14001)</onfocus>
		</control>
		<control type="label" id="1001">
			<description>Version Label</description>
			<visible>true</visible>
			<posx>1270</posx>
			<posy>690</posy>
			<font>font15</font>
			<align>right</align>
			<textcolor>white</textcolor>
		</control>
		<control type="largeimage" id="1002">
			<width>1</width>
			<height>1</height>
			<texture></texture>
		</control>
	 </controls>
</window>
