<?xml version="1.0" encoding="UTF-8"?>
<window type="window" id="14023">
  <defaultcontrol>483</defaultcontrol>
  <allowoverlay>no</allowoverlay>
  <onload lang="python">
    <![CDATA[print("ONLOAD: about")
if space.unload == 'about' and space.application_mode == 'F':
  print('loading the same view after screensaver')
  current_scope = space.cache.current().scope()
  #space.cache.clear_after_screensaver()
  mc.CloseWindow()
  space.after_screensaver = True
else:
  print(space.cache.current().scope() + ' - about')
  if not space.cache.current().scope() == 'about':
    space.cache.pop_level()

  try:
    func = getattr(fyre.controllers.about, 'load')
  except AttributeError:
    print('Loading view about (no load() method in controller)')
  else:
    print('Loading view about')
    space.cache.current().invalidate()
    func(space.cache.current())

]]>
  </onload>
  <onunload lang="python">
    <![CDATA[print("ONUNLOAD: about")
try:
  func = getattr(fyre.controllers.about, 'unload')
except AttributeError:
  print('Unloading view about (no unload() method in controller)')
else:
  print('Unloading view about')
  func(space.cache.current())

if not space.unload == 'player':
  space.unload = 'about'

]]>
  </onunload>
  <controls>
    <control type="group">
      <posy>0</posy>
      <posx>0</posx>
      <control type="image">
        <width>1280</width>
        <height>720</height>
        <texture>background.png</texture>
      </control>
      <control type="image">
        <width>1280</width>
        <height>40</height>
        <texture>nav_bar_thin.png</texture>
        <posy>40</posy>
      </control>
      <control type="image">
        <width>100</width>
        <height>80</height>
        <texture>fyretv_logo.png</texture>
        <posx>1050</posx>
      </control>
      <control type="label" id="484">
        <width>425</width>
        <height>16</height>
        <label>About FyreTV</label>
        <posy>48</posy>
        <posx>130</posx>
        <font>font22b</font>
        <scroll>true</scroll>
      </control>
    </control>
    <control type="group" id="483">
      <visible>true</visible>
      <animation type="WindowOpen">
        <effect type="slide" time="200" start="-1000,0" end="0,0">
        </effect>
      </animation>
      <animation type="WindowClose">
        <effect type="slide" time="200" end="2000,0" star="0,0">
        </effect>
      </animation>
      <control type="grouplist">
        <orientation>vertical</orientation>
        <posy>150</posy>
        <posx>300</posx>
        <control type="label" id="">
          <width>300</width>
          <height>25</height>
          <label>IP Address:</label>
          <font>font22b</font>
          <scroll>false</scroll>
        </control>
        <control type="label" id="">
          <width>300</width>
          <height>25</height>
          <label>Ethernet MAC:</label>
          <font>font22b</font>
          <scroll>false</scroll>
        </control>
        <control type="label" id="">
          <width>300</width>
          <height>25</height>
          <label>Netmask:</label>
          <font>font22b</font>
          <scroll>false</scroll>
        </control>
        <control type="label" id="">
          <width>300</width>
          <height>25</height>
          <label>Gateway:</label>
          <font>font22b</font>
          <scroll>false</scroll>
        </control>
        <control type="label" id="">
          <width>300</width>
          <height>25</height>
          <label>DNS:</label>
          <font>font22b</font>
          <scroll>false</scroll>
        </control>
        <control type="label" id="">
          <width>300</width>
          <height>25</height>
          <label>Serial Number:</label>
          <font>font22b</font>
          <scroll>false</scroll>
        </control>
        <control type="label" id="">
          <width>300</width>
          <height>25</height>
          <label>FyreTV version:</label>
          <font>font22b</font>
          <scroll>false</scroll>
        </control>
      </control>
      <control type="grouplist">
        <orientation>vertical</orientation>
        <posy>150</posy>
        <posx>600</posx>
        <control type="label" id="">
          <width>300</width>
          <height>25</height>
          <label>$INFO[Network.IPAddress]</label>
          <font>font22b</font>
          <scroll>false</scroll>
        </control>
        <control type="label" id="">
          <width>300</width>
          <height>25</height>
          <label>$INFO[Network.MacAddress]</label>
          <font>font22b</font>
          <scroll>false</scroll>
        </control>
        <control type="label" id="">
          <width>300</width>
          <height>25</height>
          <label>$INFO[Network.SubnetAddress]</label>
          <font>font22b</font>
          <scroll>false</scroll>
        </control>
        <control type="label" id="">
          <width>300</width>
          <height>25</height>
          <label>$INFO[Network.GatewayAddress]</label>
          <font>font22b</font>
          <scroll>false</scroll>
        </control>
        <control type="label" id="">
          <width>300</width>
          <height>25</height>
          <label>$INFO[Network.DNS1Address]</label>
          <font>font22b</font>
          <scroll>false</scroll>
        </control>
        <control type="label" id="485">
          <width>300</width>
          <height>25</height>
          <label></label>
          <font>font22b</font>
          <scroll>false</scroll>
        </control>
        <control type="label" id="486">
          <width>300</width>
          <height>25</height>
          <label></label>
          <font>font22b</font>
          <scroll>false</scroll>
        </control>
      </control>
    </control>
  </controls>
</window>
