<?xml version="1.0" encoding="UTF-8"?>
<window type="window" id="14006">
  <defaultcontrol>21</defaultcontrol>
  <allowoverlay>no</allowoverlay>
  <controls>
    <control type="group">
      <posy>0</posy>
      <posx>0</posx>
      <control type="image">
        <width>1280</width>
        <height>720</height>
        <texture>background.png</texture>
      </control>
      <control type="image">
        <width>1280</width>
        <height>720</height>
        <texture>black.png</texture>
        <colordiffuse>99999999</colordiffuse>
      </control>
      <control type="image">
        <width>1280</width>
        <height>540</height>
        <texture>black.png</texture>
        <posy>90</posy>
      </control>
      <control type="image">
        <width>1280</width>
        <height>22</height>
        <texture>popup_border_top.png</texture>
        <posy>68</posy>
      </control>
      <control type="image">
        <width>1280</width>
        <height>22</height>
        <texture>popup_border_bottom.png</texture>
        <posy>630</posy>
      </control>
    </control>
    <control type="group" id="21">
      <visible>true</visible>
      <animation type="WindowOpen">
        <effect type="slide" time="200" start="-1000,0" end="0,0">
        </effect>
      </animation>
      <animation type="WindowClose">
        <effect type="slide" time="200" end="2000,0" star="0,0">
        </effect>
      </animation>
      <control type="group">
        <defaultcontrol>22</defaultcontrol>
        <posx>0</posx>
        <posy>90</posy>
        <control type="label">
          <textcolor>FFFFFFFF</textcolor>
          <width>800</width>
          <height>48</height>
          <label>WARNING - ADULT CONTENT</label>
          <posy>0</posy>
          <posx>240</posx>
          <font>font48b</font>
          <align>center</align>
        </control>
        <control type="label">
          <textcolor>FFFFFFFF</textcolor>
          <aligny>center</aligny>
          <width>800</width>
          <height>344</height>
          <label>Please note that this application contains sexually oriented adult material intended for individuals 18 years of age or older and of legal age to view sexually explicit material as determined by the local or national laws of the region in which you reside. If you are not yet 18, if adult material offends you, or if you are accessing this application from any country or locale where adult material is specifically prohibited by law, DO NOT PROCEED! By accessing this application and/or subscribing to its services, you agree to the Terms and Conditions and Privacy Policy of Wreal, LLC pertaining to this application. These can be found by clicking on the links at the bottom of this page.
</label>
          <wrapmultiline>true</wrapmultiline>
          <posy>40</posy>
          <posx>240</posx>
          <font>font22</font>
          <align>center</align>
        </control>
        <control type="label">
          <textcolor>FFFFFFFF</textcolor>
          <aligny>center</aligny>
          <width>800</width>
          <height>44</height>
          <label>ARE YOU OVER 18 YEARS OF AGE?</label>
          <posy>373</posy>
          <posx>240</posx>
          <font>font22</font>
          <align>center</align>
        </control>
        <control type="button" id="23">
          <texturenofocus>frame-blue.png</texturenofocus>
          <textcolor>FF7895b6</textcolor>
          <onup>-</onup>
          <aligny>center</aligny>
          <width>195</width>
          <focusedcolor>FFFFFFFF</focusedcolor>
          <ondown>-</ondown>
          <height>49</height>
          <onleft>-</onleft>
          <onright>22</onright>
          <label>YES</label>
          <posy>450</posy>
          <posx>402</posx>
          <texturefocus>frame-green.png</texturefocus>
          <font>font18</font>
          <align>center</align>
          <onclick lang="python">
            <![CDATA[xbmc.executebuiltin("ReplaceWindow(%s)" % fyre.hash.windows['switcher'])
]]>
          </onclick>
        </control>
        <control type="button" id="22">
          <texturenofocus>frame-blue.png</texturenofocus>
          <textcolor>FF7895b6</textcolor>
          <onup>-</onup>
          <aligny>center</aligny>
          <width>195</width>
          <focusedcolor>FFFFFFFF</focusedcolor>
          <ondown>-</ondown>
          <height>49</height>
          <onleft>23</onleft>
          <onright>-</onright>
          <label>NO</label>
          <posy>450</posy>
          <posx>702</posx>
          <texturefocus>frame-green.png</texturefocus>
          <font>font18</font>
          <align>center</align>
          <onclick lang="python">
            <![CDATA[fyre.helpers.pin.exit_fyre()]]>
          </onclick>
        </control>
      </control>
    </control>
  </controls>
</window>
