<?xml version="1.0" encoding="UTF-8"?>
<window type="window" id="14011">
  <defaultcontrol>125</defaultcontrol>
  <allowoverlay>no</allowoverlay>
  <onload lang="python">
    <![CDATA[print("ONLOAD: categories")
if space.unload == 'categories' and space.application_mode == 'F':
  print('loading the same view after screensaver')
  current_scope = space.cache.current().scope()
  #space.cache.clear_after_screensaver()
  mc.CloseWindow()
  space.after_screensaver = True
else:
  print(space.cache.current().scope() + ' - categories')
  if not space.cache.current().scope() == 'categories':
    space.cache.pop_level()

  try:
    func = getattr(fyre.controllers.categories, 'load')
  except AttributeError:
    print('Loading view categories (no load() method in controller)')
  else:
    print('Loading view categories')
    space.cache.current().invalidate()
    func(space.cache.current())

]]>
  </onload>
  <onunload lang="python">
    <![CDATA[print("ONUNLOAD: categories")
try:
  func = getattr(fyre.controllers.categories, 'unload')
except AttributeError:
  print('Unloading view categories (no unload() method in controller)')
else:
  print('Unloading view categories')
  func(space.cache.current())

if not space.unload == 'player':
  space.unload = 'categories'

]]>
  </onunload>
  <controls>
    <control type="group">
      <posy>0</posy>
      <posx>0</posx>
      <control type="image">
        <width>1280</width>
        <height>720</height>
        <texture>background.png</texture>
      </control>
      <control type="image">
        <width>1280</width>
        <height>40</height>
        <texture>nav_bar_thin.png</texture>
        <posy>40</posy>
      </control>
      <control type="image">
        <width>100</width>
        <height>80</height>
        <texture>fyretv_logo.png</texture>
        <posx>1050</posx>
      </control>
      <control type="label" id="126">
        <width>425</width>
        <height>16</height>
        <label>Categories</label>
        <posy>48</posy>
        <posx>130</posx>
        <font>font22b</font>
        <scroll>true</scroll>
      </control>
    </control>
    <control type="group" id="125">
      <visible>true</visible>
      <animation type="WindowOpen">
        <effect type="slide" time="200" start="-1000,0" end="0,0">
        </effect>
      </animation>
      <animation type="WindowClose">
        <effect type="slide" time="200" end="2000,0" star="0,0">
        </effect>
      </animation>
      <control type="image">
        <width>300</width>
        <height>500</height>
        <texture>category_search_bg.png</texture>
        <posy>150</posy>
        <posx>100</posx>
      </control>
      <control type="list" id="127">
        <orientation>vertical</orientation>
        <preloaditems>20</preloaditems>
        <width>300</width>
        <height>470</height>
        <scrolltime>250</scrolltime>
        <posy>160</posy>
        <posx>100</posx>
        <itemlayout width="200" height="30">
          <control type="label">
            <textcolor>FF7895B6</textcolor>
            <width>180</width>
            <height>30</height>
            <label>$INFO[ListItem.Label]</label>
            <posy>5</posy>
            <posx>30</posx>
            <font>font18</font>
          </control>
        </itemlayout>
        <focusedlayout width="200" height="30">
          <control type="image">
            <height>30</height>
            <texture>redarrow_right.png</texture>
          </control>
          <control type="label">
            <textcolor>FFFFFFFF</textcolor>
            <width>180</width>
            <height>30</height>
            <label>$INFO[ListItem.Label]</label>
            <posy>5</posy>
            <posx>30</posx>
            <font>font18</font>
          </control>
        </focusedlayout>
        <content type="url">
          <onclick lang="python">
            <![CDATA[fyre.controllers.categories.on_click()]]>
          </onclick>
        </content>
        <onright lang="python">
          <![CDATA[fyre.controllers.categories.on_click()]]>
        </onright>
      </control>
      <control type="group">
        <posy>100</posy>
        <posx>500</posx>
        <control type="label">
          <textcolor>FF7895B6</textcolor>
          <width>180</width>
          <height>30</height>
          <label>[B]$INFO[Container(127).ListItem.Label][/B]</label>
          <font>font18</font>
        </control>
        <control type="image">
          <width>312</width>
          <height>234</height>
          <texture>$INFO[Container(127).ListItem.Thumb]</texture>
          <posy>40</posy>
        </control>
        <control type="label">
          <textcolor>FFFFFFFF</textcolor>
          <width>500</width>
          <height>200</height>
          <label>$INFO[Container(127).ListItem.property(custom:description)]</label>
          <wrapmultiline>true</wrapmultiline>
          <posy>300</posy>
          <font>font18</font>
        </control>
      </control>
      <control type="label">
        <label>Results $INFO[Container(127).ListItem.property(custom:index)] of $INFO[Container(127).NumItems]</label>
        <posy>670</posy>
        <posx>100</posx>
        <font>font18</font>
      </control>
    </control>
  </controls>
</window>
