<?xml version="1.0" encoding="UTF-8"?>
<window type="window" id="14013">
  <defaultcontrol>145</defaultcontrol>
  <allowoverlay>no</allowoverlay>
  <onload lang="python">
    <![CDATA[print("ONLOAD: coverflow")
if space.unload == 'coverflow' and space.application_mode == 'F':
  print('loading the same view after screensaver')
  current_scope = space.cache.current().scope()
  #space.cache.clear_after_screensaver()
  mc.CloseWindow()
  space.after_screensaver = True
else:
  print(space.cache.current().scope() + ' - coverflow')
  if not space.cache.current().scope() == 'coverflow':
    space.cache.pop_level()

  try:
    func = getattr(fyre.controllers.coverflow, 'load')
  except AttributeError:
    print('Loading view coverflow (no load() method in controller)')
  else:
    print('Loading view coverflow')
    space.cache.current().invalidate()
    func(space.cache.current())

]]>
  </onload>
  <onunload lang="python">
    <![CDATA[print("ONUNLOAD: coverflow")
try:
  func = getattr(fyre.controllers.coverflow, 'unload')
except AttributeError:
  print('Unloading view coverflow (no unload() method in controller)')
else:
  print('Unloading view coverflow')
  func(space.cache.current())

if not space.unload == 'player':
  space.unload = 'coverflow'

]]>
  </onunload>
  <controls>
    <control type="group">
      <posy>0</posy>
      <posx>0</posx>
      <control type="image">
        <width>1280</width>
        <height>720</height>
        <texture>background.png</texture>
      </control>
      <control type="image">
        <width>1280</width>
        <height>40</height>
        <texture>nav_bar_thin.png</texture>
        <posy>40</posy>
      </control>
      <control type="image">
        <width>100</width>
        <height>80</height>
        <texture>fyretv_logo.png</texture>
        <posx>1050</posx>
      </control>
      <control type="label" id="147">
        <width>425</width>
        <height>16</height>
        <label>Coverflow</label>
        <posy>48</posy>
        <posx>130</posx>
        <font>font22b</font>
        <scroll>true</scroll>
      </control>
    </control>
    <control type="group" id="145">
      <defaultcontrol>146</defaultcontrol>
      <visible>true</visible>
      <animation type="WindowOpen">
        <effect type="slide" time="200" start="-1000,0" end="0,0">
        </effect>
      </animation>
      <animation type="WindowClose">
        <effect type="slide" time="200" end="2000,0" star="0,0">
        </effect>
      </animation>
      <control type="group" id="148">
        <control type="label">
          <width>280</width>
          <height>16</height>
          <label>Add Categories</label>
          <posx>500</posx>
          <posy>48</posy>
          <font>font18</font>
          <align>center</align>
        </control>
        <control type="image">
          <width>24</width>
          <height>10</height>
          <texture>greyarrow_up.png</texture>
          <posx>628</posx>
          <posy>23</posy>
        </control>
      </control>
      <control type="group" id="146">
        <defaultcontrol>149</defaultcontrol>
        <control type="group" id="150">
          <control type="group">
            <posy>110</posy>
            <control type="group" id="153">
              <defaultcontrol>154</defaultcontrol>
              <posy>-20</posy>
              <visible>false</visible>
              <animation type="Conditional" condition="Control.IsVisible(153)">
                <effect type="fade" time="500" start="0" end="100">
                </effect>
              </animation>
              <control type="wraplist" id="155">
                <orientation>horizontal</orientation>
                <width>1440</width>
                <height>434</height>
                <scrolltime>200</scrolltime>
                <focusposition>2</focusposition>
                <posy>33</posy>
                <posx>-90</posx>
                <visible>true</visible>
                <itemlayout width="292" height="217">
                  <control type="image">
                    <width>292</width>
                    <aspectratio>stretch</aspectratio>
                    <height>217</height>
                    <texture>$INFO[ListItem.Thumb]</texture>
                  </control>
                </itemlayout>
                <focusedlayout width="292" height="217">
                  <control type="image">
                    <width>292</width>
                    <aspectratio>stretch</aspectratio>
                    <height>217</height>
                    <texture>$INFO[ListItem.Thumb]</texture>
                  </control>
                </focusedlayout>
                <content type="url">
                  <onclick lang="python">
                  </onclick>
                </content>
              </control>
              <control type="wraplist" id="156">
                <orientation>horizontal</orientation>
                <width>1440</width>
                <height>217</height>
                <scrolltime>200</scrolltime>
                <focusposition>2</focusposition>
                <posy>250</posy>
                <posx>-90</posx>
                <visible>true</visible>
                <itemlayout width="292" height="217">
                  <control type="image">
                    <width>292</width>
                    <aspectratio>stretch</aspectratio>
                    <height>217</height>
                    <texture>$INFO[ListItem.Thumb]</texture>
                  </control>
                </itemlayout>
                <focusedlayout width="292" height="217">
                  <control type="image">
                    <width>292</width>
                    <aspectratio>stretch</aspectratio>
                    <height>217</height>
                    <texture>$INFO[ListItem.Thumb]</texture>
                  </control>
                </focusedlayout>
              </control>
              <control type="group">
                <posy>215</posy>
                <posx>490</posx>
                <visible>Control.HasFocus(154)</visible>
                <control type="image">
                  <width>300</width>
                  <height>65</height>
                  <texture>bluecatalog_tab.png</texture>
                  <posy>35</posy>
                  <visible>!Container(155).ListItem.property(custom:new_release)</visible>
                </control>
                <control type="image">
                  <width>37</width>
                  <height>27</height>
                  <texture>hd.png</texture>
                  <posx>225</posx>
                  <posy>45</posy>
                  <visible>Container(155).ListItem.property(custom:is_hd)</visible>
                </control>
                <control type="label">
                  <textcolor>99000000</textcolor>
                  <width>300</width>
                  <height>18</height>
                  <label>CATALOG</label>
                  <posy>45</posy>
                  <font>font18b</font>
                  <scroll>false</scroll>
                  <align>center</align>
                  <visible>!Container(155).ListItem.property(custom:new_release)</visible>
                </control>
                <control type="image">
                  <width>300</width>
                  <height>65</height>
                  <texture>yellowpremium_tab.png</texture>
                  <posy>35</posy>
                  <visible>Container(155).ListItem.property(custom:new_release)</visible>
                </control>
                <control type="image">
                  <width>37</width>
                  <height>27</height>
                  <texture>hd.png</texture>
                  <posx>225</posx>
                  <posy>45</posy>
                  <visible>Container(155).ListItem.property(custom:is_hd)</visible>
                </control>
                <control type="label">
                  <textcolor>99000000</textcolor>
                  <width>300</width>
                  <height>18</height>
                  <label>NEW RELEASE</label>
                  <posy>45</posy>
                  <font>font18b</font>
                  <scroll>false</scroll>
                  <align>center</align>
                  <visible>Container(155).ListItem.property(custom:new_release)</visible>
                </control>
              </control>
              <control type="group">
                <posy>432</posy>
                <posx>490</posx>
                <visible>Control.HasFocus(157)</visible>
                <control type="image">
                  <width>300</width>
                  <height>65</height>
                  <texture>bluecatalog_tab.png</texture>
                  <posy>35</posy>
                  <visible>!Container(156).ListItem.property(custom:new_release)</visible>
                </control>
                <control type="image">
                  <width>37</width>
                  <height>27</height>
                  <texture>hd.png</texture>
                  <posx>225</posx>
                  <posy>45</posy>
                  <visible>Container(155).ListItem.property(custom:is_hd)</visible>
                </control>
                <control type="label">
                  <textcolor>99000000</textcolor>
                  <width>300</width>
                  <height>18</height>
                  <label>CATALOG</label>
                  <posy>45</posy>
                  <font>font18b</font>
                  <scroll>false</scroll>
                  <align>center</align>
                  <visible>!Container(156).ListItem.property(custom:new_release)</visible>
                </control>
                <control type="image">
                  <width>300</width>
                  <height>65</height>
                  <texture>yellowpremium_tab.png</texture>
                  <posy>35</posy>
                  <visible>Container(156).ListItem.property(custom:new_release)</visible>
                </control>
                <control type="image">
                  <width>37</width>
                  <height>27</height>
                  <texture>hd.png</texture>
                  <posx>225</posx>
                  <posy>45</posy>
                  <visible>Container(155).ListItem.property(custom:is_hd)</visible>
                </control>
                <control type="label">
                  <textcolor>99000000</textcolor>
                  <width>300</width>
                  <height>18</height>
                  <label>NEW RELEASE</label>
                  <posy>45</posy>
                  <font>font18b</font>
                  <scroll>false</scroll>
                  <align>center</align>
                  <visible>Container(156).ListItem.property(custom:new_release)</visible>
                </control>
              </control>
              <control type="button" id="154">
                <texturenofocus>transparent.png</texturenofocus>
                <onup>151</onup>
                <aligny>center</aligny>
                <width>378</width>
                <height>303</height>
                <onfocus>-</onfocus>
                <posy>-10</posy>
                <posx>451</posx>
                <texturefocus>redframe_sceneoutline.png</texturefocus>
                <align>center</align>
                <visible>true</visible>
                <onclick lang="python">
                  <![CDATA[fyre.controllers.scenes_panel.scene_click(mc.GetActiveWindow().GetList(155).GetItem(mc.GetActiveWindow().GetList(155).GetFocusedItem()).GetProperty('scene_id'))]]>
                </onclick>
                <onright lang="python">
                  <![CDATA[fyre.controllers.coverflow.scroll_right_scenes()]]>
                </onright>
                <onleft lang="python">
                  <![CDATA[fyre.controllers.coverflow.scroll_left_scenes()]]>
                </onleft>
                <ondown lang="python">
                  <![CDATA[fyre.controllers.coverflow.scroll_down_scenes()]]>
                </ondown>
              </control>
              <control type="button" id="157">
                <texturenofocus>transparent.png</texturenofocus>
                <aligny>center</aligny>
                <width>378</width>
                <ondown>152</ondown>
                <height>303</height>
                <onfocus>-</onfocus>
                <posy>207</posy>
                <posx>451</posx>
                <texturefocus>redframe_sceneoutline.png</texturefocus>
                <align>center</align>
                <visible>true</visible>
                <onclick lang="python">
                  <![CDATA[fyre.controllers.scenes_panel.scene_click(mc.GetActiveWindow().GetList(156).GetItem(mc.GetActiveWindow().GetList(156).GetFocusedItem()).GetProperty('scene_id'))]]>
                </onclick>
                <onright lang="python">
                  <![CDATA[fyre.controllers.coverflow.scroll_right_scenes()]]>
                </onright>
                <onleft lang="python">
                  <![CDATA[fyre.controllers.coverflow.scroll_left_scenes()]]>
                </onleft>
                <onup lang="python">
                  <![CDATA[fyre.controllers.coverflow.scroll_up_scenes()]]>
                </onup>
              </control>
              <control type="label">
                <textcolor>FFFFFFFF</textcolor>
                <width>600</width>
                <height>30</height>
                <label>[B]$INFO[Container(155).ListItem.Label][/B]</label>
                <posx>340</posx>
                <font>font26</font>
                <visible>Control.HasFocus(154)</visible>
                <scroll>false</scroll>
                <align>center</align>
              </control>
              <control type="label">
                <textcolor>FFFFFFFF</textcolor>
                <width>600</width>
                <height>30</height>
                <label>[B]$INFO[Container(156).ListItem.Label][/B]</label>
                <posx>340</posx>
                <font>font26</font>
                <visible>Control.HasFocus(157)</visible>
                <scroll>false</scroll>
                <align>center</align>
              </control>
              <control type="label">
                <textcolor>FF799ab9</textcolor>
                <width>600</width>
                <height>28</height>
                <label>$INFO[Container(155).ListItem.property(title)]</label>
                <posy>-15</posy>
                <posx>340</posx>
                <font>font28b</font>
                <scroll>false</scroll>
                <align>center</align>
              </control>
            </control>
            <control type="label">
              <textcolor>FF799ab9</textcolor>
              <aligny>center</aligny>
              <width>200</width>
              <height>22</height>
              <label>Scene $INFO[Container(155).ListItem.property(custom:index)] of </label>
              <posy>505</posy>
              <posx>60</posx>
              <font>font16b</font>
              <visible>Control.HasFocus(154) | Control.HasFocus(151)</visible>
              <align>left</align>
            </control>
            <control type="label">
              <textcolor>FF799ab9</textcolor>
              <aligny>center</aligny>
              <width>200</width>
              <height>22</height>
              <label>Scene $INFO[Container(156).ListItem.property(custom:index)] of </label>
              <posy>505</posy>
              <posx>60</posx>
              <font>font16b</font>
              <visible>Control.HasFocus(157)</visible>
              <align>left</align>
            </control>
          </control>
          <control type="group" id="158">
            <defaultcontrol>149</defaultcontrol>
            <visible>false</visible>
            <animation type="Conditional" condition="Control.IsVisible(158)">
              <effect type="fade" time="500" start="0" end="100">
              </effect>
            </animation>
            <control type="group">
              <posy>555</posy>
              <posx>490</posx>
              <visible>Control.HasFocus(149)</visible>
              <control type="image">
                <width>300</width>
                <height>65</height>
                <texture>bluecatalog_tab.png</texture>
                <posy>35</posy>
                <visible>!Container(159).ListItem.property(custom:new_release)</visible>
              </control>
              <control type="image">
                <width>37</width>
                <height>27</height>
                <texture>hd.png</texture>
                <posx>225</posx>
                <posy>45</posy>
                <visible>Container(159).ListItem.property(custom:is_hd)</visible>
              </control>
              <control type="label">
                <textcolor>99000000</textcolor>
                <width>300</width>
                <height>18</height>
                <label>CATALOG</label>
                <posy>45</posy>
                <font>font18b</font>
                <scroll>false</scroll>
                <align>center</align>
                <visible>!Container(159).ListItem.property(custom:new_release)</visible>
              </control>
              <control type="image">
                <width>300</width>
                <height>65</height>
                <texture>yellowpremium_tab.png</texture>
                <posy>35</posy>
                <visible>Container(159).ListItem.property(custom:new_release)</visible>
              </control>
              <control type="image">
                <width>37</width>
                <height>27</height>
                <texture>hd.png</texture>
                <posx>225</posx>
                <posy>45</posy>
                <visible>Container(159).ListItem.property(custom:is_hd)</visible>
              </control>
              <control type="label">
                <textcolor>99000000</textcolor>
                <width>300</width>
                <height>18</height>
                <label>NEW RELEASE</label>
                <posy>45</posy>
                <font>font18b</font>
                <scroll>false</scroll>
                <align>center</align>
                <visible>Container(159).ListItem.property(custom:new_release)</visible>
              </control>
            </control>
            <control type="wraplist" id="159">
              <orientation>horizontal</orientation>
              <width>1375</width>
              <height>500</height>
              <scrolltime>200</scrolltime>
              <focusposition>2</focusposition>
              <posy>155</posy>
              <posx>-110</posx>
              <visible>true</visible>
              <itemlayout width="300" height="436">
                <control type="image">
                  <width>300</width>
                  <aspectratio>stretch</aspectratio>
                  <height>436</height>
                  <texture>$INFO[ListItem.Thumb]</texture>
                  <posy>0</posy>
                  <posx>0</posx>
                </control>
              </itemlayout>
              <focusedlayout width="300" height="436">
                <control type="image">
                  <width>300</width>
                  <aspectratio>stretch</aspectratio>
                  <height>436</height>
                  <texture>$INFO[ListItem.Thumb]</texture>
                  <posy>0</posy>
                  <posx>0</posx>
                </control>
              </focusedlayout>
            </control>
            <control type="button" id="149">
              <texturenofocus></texturenofocus>
              <onup>151</onup>
              <width>391</width>
              <ondown>160</ondown>
              <height>528</height>
              <posy>109</posy>
              <posx>445</posx>
              <texturefocus>border.png</texturefocus>
              <onright lang="python">
                <![CDATA[fyre.controllers.coverflow.scrollRight()]]>
              </onright>
              <onleft lang="python">
                <![CDATA[fyre.controllers.coverflow.scrollLeft()]]>
              </onleft>
              <onclick lang="python">
                <![CDATA[fyre.controllers.coverflow.movie_click()]]>
              </onclick>
            </control>
            <control type="label">
              <textcolor>FFFFFFFF</textcolor>
              <width>600</width>
              <height>30</height>
              <label>[B]$INFO[Container(159).ListItem.Label][/B]</label>
              <posy>110</posy>
              <posx>340</posx>
              <font>font26</font>
              <scroll>false</scroll>
              <align>center</align>
              <visible>!ControlGroup(152).HasFocus()</visible>
            </control>
            <control type="label">
              <textcolor>FF799ab9</textcolor>
              <aligny>center</aligny>
              <width>100</width>
              <height>22</height>
              <label>Title $INFO[Container(159).ListItem.property(custom:index)] of </label>
              <posy>615</posy>
              <posx>160</posx>
              <font>font16b</font>
              <align>right</align>
              <visible>!ControlGroup(152).HasFocus()</visible>
            </control>
          </control>
          <control type="label" id="161">
            <textcolor>FF799ab9</textcolor>
            <aligny>center</aligny>
            <width>100</width>
            <height>22</height>
            <label></label>
            <posy>615</posy>
            <posx>160</posx>
            <font>font16b</font>
            <align>left</align>
            <visible>!ControlGroup(152).HasFocus()</visible>
          </control>
        </control>
        <control type="button" id="162">
          <texturenofocus>remove.png</texturenofocus>
          <onup>163</onup>
          <width>61</width>
          <ondown>160</ondown>
          <height>63</height>
          <posy>329</posy>
          <posx>610</posx>
          <texturefocus>remove.png</texturefocus>
          <visible>false</visible>
        </control>
      </control>
      <control type="group" id="163">
        <defaultcontrol>151</defaultcontrol>
        <width>1280</width>
        <height>360</height>
        <posy>-360</posy>
        <posx>0</posx>
        <animation type="Conditional" condition="Control.HasFocus(151)">
          <effect type="slide" time="200" end="0,360">
          </effect>
        </animation>
        <control type="image">
          <width>1280</width>
          <height>360</height>
          <texture>black.png</texture>
          <posy>0</posy>
          <posx>0</posx>
        </control>
        <control type="group">
          <visible>Control.HasFocus(151)</visible>
          <control type="image">
            <width>1280</width>
            <height>1</height>
            <texture>rollout_bar.png</texture>
            <posy>359</posy>
            <posx>0</posx>
          </control>
          <control type="image">
            <width>24</width>
            <height>10</height>
            <texture>greyarrow_down.png</texture>
            <posy>340</posy>
            <posx>628</posx>
          </control>
        </control>
        <control type="label">
          <textcolor>FF799ab9</textcolor>
          <width>120</width>
          <height>18</height>
          <label>Active Filters:</label>
          <posy>300</posy>
          <posx>60</posx>
          <font>font18b</font>
        </control>
        <control type="panel" id="164">
          <orientation>horizontal</orientation>
          <width>1100</width>
          <height>18</height>
          <scrolltime>200</scrolltime>
          <posy>300</posy>
          <posx>200</posx>
          <itemlayout width="120" height="18">
            <control type="image">
              <width>17</width>
              <height>17</height>
              <texture>raisedgreen_plusbutton.png</texture>
              <posy>1</posy>
              <posx>1</posx>
              <visible>ListItem.property(custom:category-include)</visible>
            </control>
            <control type="image">
              <width>17</width>
              <height>17</height>
              <texture>raisedred_minusbutton.png</texture>
              <posy>1</posy>
              <posx>1</posx>
              <visible>ListItem.property(custom:category-exclude)</visible>
            </control>
            <control type="label">
              <textcolor>white</textcolor>
              <aligny>center</aligny>
              <width>100</width>
              <height>18</height>
              <label>$INFO[ListItem.Label]</label>
              <posy>0</posy>
              <posx>19</posx>
              <font>font18b</font>
              <align>left</align>
            </control>
          </itemlayout>
          <focusedlayout width="120" height="18">
            <control type="image">
              <width>17</width>
              <height>17</height>
              <texture>raisedgreen_plusbutton.png</texture>
              <posy>1</posy>
              <posx>1</posx>
              <visible>ListItem.property(custom:category-include)</visible>
            </control>
            <control type="image">
              <width>17</width>
              <height>17</height>
              <texture>raisedred_minusbutton.png</texture>
              <posy>1</posy>
              <posx>1</posx>
              <visible>ListItem.property(custom:category-exclude)</visible>
            </control>
            <control type="label">
              <textcolor>white</textcolor>
              <aligny>center</aligny>
              <width>100</width>
              <height>18</height>
              <label>$INFO[ListItem.Label]</label>
              <posy>0</posy>
              <posx>19</posx>
              <font>font18b</font>
              <align>left</align>
            </control>
          </focusedlayout>
        </control>
        <control type="panel" id="151">
          <orientation>horizontal</orientation>
          <onup>-</onup>
          <width>1200</width>
          <ondown>146</ondown>
          <height>240</height>
          <scrolltime>200</scrolltime>
          <onleft>-</onleft>
          <posy>40</posy>
          <posx>40</posx>
          <itemlayout width="240" height="40">
            <control type="image">
              <width>17</width>
              <height>17</height>
              <texture>raisedgreen_plusbutton.png</texture>
              <posy>6</posy>
              <posx>24</posx>
              <visible>ListItem.property(custom:category-include)</visible>
            </control>
            <control type="image">
              <width>17</width>
              <height>17</height>
              <texture>raisedred_minusbutton.png</texture>
              <posy>6</posy>
              <posx>24</posx>
              <visible>ListItem.property(custom:category-exclude)</visible>
            </control>
            <control type="image">
              <width>19</width>
              <height>19</height>
              <texture>active_checkcircle.png</texture>
              <posy>5</posy>
              <posx>23</posx>
            </control>
            <control type="label">
              <textcolor>grey</textcolor>
              <aligny>center</aligny>
              <width>197</width>
              <height>29</height>
              <info>ListItem.Label</info>
              <posy>0</posy>
              <posx>45</posx>
              <font>font18b</font>
              <visible>ListItem.property(custom:enabled)</visible>
              <align>left</align>
            </control>
            <control type="label">
              <textcolor>FF222222</textcolor>
              <aligny>center</aligny>
              <width>197</width>
              <height>29</height>
              <info>ListItem.Label</info>
              <posy>0</posy>
              <posx>45</posx>
              <font>font18b</font>
              <visible>!ListItem.property(custom:enabled)</visible>
              <align>left</align>
            </control>
          </itemlayout>
          <focusedlayout width="240" height="40">
            <control type="image">
              <width>23</width>
              <height>29</height>
              <texture>redarrow_right.png</texture>
              <posy>0</posy>
              <posx>0</posx>
            </control>
            <control type="image">
              <width>17</width>
              <height>17</height>
              <texture>raisedgreen_plusbutton.png</texture>
              <posy>6</posy>
              <posx>24</posx>
              <visible>ListItem.property(custom:category-include)</visible>
            </control>
            <control type="image">
              <width>17</width>
              <height>17</height>
              <texture>raisedred_minusbutton.png</texture>
              <posy>6</posy>
              <posx>24</posx>
              <visible>ListItem.property(custom:category-exclude)</visible>
            </control>
            <control type="image">
              <width>19</width>
              <height>19</height>
              <texture>active_checkcircle.png</texture>
              <posy>5</posy>
              <posx>23</posx>
            </control>
            <control type="label">
              <textcolor>white</textcolor>
              <aligny>center</aligny>
              <width>197</width>
              <height>29</height>
              <info>ListItem.Label</info>
              <posy>0</posy>
              <posx>45</posx>
              <font>font18b</font>
              <visible>ListItem.property(custom:enabled)</visible>
              <align>left</align>
            </control>
            <control type="label">
              <textcolor>FF222222</textcolor>
              <aligny>center</aligny>
              <width>197</width>
              <height>29</height>
              <info>ListItem.Label</info>
              <posy>0</posy>
              <posx>45</posx>
              <font>font18b</font>
              <visible>!ListItem.property(custom:enabled)</visible>
              <align>left</align>
            </control>
          </focusedlayout>
          <content type="url">
            <onclick lang="python">
              <![CDATA[fyre.controllers.coverflow.checkCategoryOnFilter()]]>
            </onclick>
          </content>
        </control>
        <control type="group">
          <posy>160</posy>
          <posx>15</posx>
          <control type="image">
            <width>10</width>
            <height>24</height>
            <texture>greyarrow_right.png</texture>
            <visible>Container(151).HasPrevious</visible>
          </control>
          <control type="image">
            <width>10</width>
            <height>24</height>
            <texture>greyarrow_left.png</texture>
            <posx>1213</posx>
            <visible>Container(151).HasNext</visible>
          </control>
        </control>
      </control>
      <control type="group" id="152">
        <defaultcontrol>options</defaultcontrol>
        <control type="group" id="165">
          <defaultcontrol>160</defaultcontrol>
          <width>1280</width>
          <height>360</height>
          <posy>640</posy>
          <posx>0</posx>
          <animation type="Conditional" condition="ControlGroup(165).HasFocus()">
            <effect type="slide" time="200" end="0,-120">
            </effect>
          </animation>
          <control type="image">
            <width>1280</width>
            <height>240</height>
            <texture>black.png</texture>
            <colordiffuse>99000000</colordiffuse>
            <posy>0</posy>
            <posx>0</posx>
          </control>
          <control type="image">
            <width>1280</width>
            <height>1</height>
            <texture>rollout_bar.png</texture>
            <posy>0</posy>
            <posx>0</posx>
          </control>
          <control type="image">
            <width>24</width>
            <height>10</height>
            <texture>greyarrow_down.png</texture>
            <posy>5</posy>
            <posx>628</posx>
          </control>
          <control type="label">
            <textcolor>FF666666</textcolor>
            <width>100</width>
            <height>18</height>
            <label>View By</label>
            <posy>27</posy>
            <posx>270</posx>
            <font>font18b</font>
            <scroll>false</scroll>
            <align>center</align>
          </control>
          <control type="label">
            <textcolor>FF666666</textcolor>
            <width>100</width>
            <height>18</height>
            <label>Sort By</label>
            <posy>27</posy>
            <posx>590</posx>
            <font>font18b</font>
            <scroll>false</scroll>
            <align>center</align>
          </control>
          <control type="label">
            <textcolor>FF666666</textcolor>
            <width>100</width>
            <height>18</height>
            <label>Show</label>
            <posy>27</posy>
            <posx>910</posx>
            <font>font18b</font>
            <scroll>false</scroll>
            <align>center</align>
          </control>
          <control type="group">
            <animation type="Conditional" condition="!ControlGroup(165).HasFocus() | Control.HasFocus(149)">
              <effect type="fade" time="0" start="100" end="0">
              </effect>
            </animation>
            <control type="togglebutton" id="166">
              <texturenofocus>active_checkcircle_without_arrow.png</texturenofocus>
              <alttexturefocus>active_checkcircle_ticked_with_arrow.png</alttexturefocus>
              <textcolor>grey</textcolor>
              <width>35</width>
              <aligny>middle</aligny>
              <onup>146</onup>
              <alttexturenofocus>active_checkcircle_ticked_without_arrow.png</alttexturenofocus>
              <focusedcolor>FFFFFFFF</focusedcolor>
              <height>20</height>
              <textoffsetx>40</textoffsetx>
              <ondown>167</ondown>
              <disabledcolor>FF333333</disabledcolor>
              <textoffsety>1</textoffsety>
              <onleft>-</onleft>
              <label>Scenes</label>
              <onright>160</onright>
              <posy>80</posy>
              <posx>270</posx>
              <texturefocus>active_checkcircle_with_arrow.png</texturefocus>
              <font>font16</font>
              <align>left</align>
              <onclick lang="python">
                <![CDATA[fyre.helpers.options.select_scenes()]]>
              </onclick>
            </control>
            <control type="togglebutton" id="167">
              <texturenofocus>active_checkcircle_without_arrow.png</texturenofocus>
              <alttexturefocus>active_checkcircle_ticked_with_arrow.png</alttexturefocus>
              <textcolor>grey</textcolor>
              <width>35</width>
              <aligny>middle</aligny>
              <onup>166</onup>
              <alttexturenofocus>active_checkcircle_ticked_without_arrow.png</alttexturenofocus>
              <focusedcolor>FFFFFFFF</focusedcolor>
              <height>20</height>
              <textoffsetx>40</textoffsetx>
              <ondown>-</ondown>
              <disabledcolor>FF333333</disabledcolor>
              <textoffsety>1</textoffsety>
              <onleft>-</onleft>
              <label>Movie covers</label>
              <onright>168</onright>
              <posy>105</posy>
              <posx>270</posx>
              <texturefocus>active_checkcircle_with_arrow.png</texturefocus>
              <font>font16</font>
              <align>left</align>
              <onclick lang="python">
                <![CDATA[fyre.helpers.options.select_movies()]]>
              </onclick>
            </control>
            <control type="togglebutton" id="160">
              <texturenofocus>active_checkcircle_without_arrow.png</texturenofocus>
              <alttexturefocus>active_checkcircle_ticked_with_arrow.png</alttexturefocus>
              <textcolor>grey</textcolor>
              <width>35</width>
              <aligny>middle</aligny>
              <onup>146</onup>
              <alttexturenofocus>active_checkcircle_ticked_without_arrow.png</alttexturenofocus>
              <focusedcolor>FFFFFFFF</focusedcolor>
              <height>20</height>
              <textoffsetx>40</textoffsetx>
              <ondown>168</ondown>
              <disabledcolor>FF333333</disabledcolor>
              <textoffsety>1</textoffsety>
              <onleft>166</onleft>
              <label>Release Date</label>
              <onright>169</onright>
              <posy>80</posy>
              <posx>590</posx>
              <texturefocus>active_checkcircle_with_arrow.png</texturefocus>
              <font>font16</font>
              <align>left</align>
              <onclick lang="python">
                <![CDATA[fyre.controllers.coverflow.toggle_sort_buttons('addition_date')]]>
              </onclick>
            </control>
            <control type="togglebutton" id="168">
              <texturenofocus>active_checkcircle_without_arrow.png</texturenofocus>
              <alttexturefocus>active_checkcircle_ticked_with_arrow.png</alttexturefocus>
              <textcolor>grey</textcolor>
              <width>35</width>
              <aligny>middle</aligny>
              <onup>160</onup>
              <alttexturenofocus>active_checkcircle_ticked_without_arrow.png</alttexturenofocus>
              <focusedcolor>FFFFFFFF</focusedcolor>
              <height>20</height>
              <textoffsetx>40</textoffsetx>
              <ondown>170</ondown>
              <disabledcolor>FF333333</disabledcolor>
              <textoffsety>1</textoffsety>
              <onleft>167</onleft>
              <label>A - Z</label>
              <onright>171</onright>
              <posy>105</posy>
              <posx>590</posx>
              <texturefocus>active_checkcircle_with_arrow.png</texturefocus>
              <font>font16</font>
              <align>left</align>
              <onclick lang="python">
                <![CDATA[fyre.controllers.coverflow.toggle_sort_buttons('name')]]>
              </onclick>
            </control>
            <control type="togglebutton" id="170">
              <texturenofocus>active_checkcircle_without_arrow.png</texturenofocus>
              <alttexturefocus>active_checkcircle_ticked_with_arrow.png</alttexturefocus>
              <textcolor>grey</textcolor>
              <width>35</width>
              <aligny>middle</aligny>
              <onup>168</onup>
              <alttexturenofocus>active_checkcircle_ticked_without_arrow.png</alttexturenofocus>
              <focusedcolor>FFFFFFFF</focusedcolor>
              <height>20</height>
              <textoffsetx>40</textoffsetx>
              <ondown>172</ondown>
              <disabledcolor>FF333333</disabledcolor>
              <textoffsety>1</textoffsety>
              <onleft>167</onleft>
              <label>Rating</label>
              <onright>173</onright>
              <posy>130</posy>
              <posx>590</posx>
              <texturefocus>active_checkcircle_with_arrow.png</texturefocus>
              <font>font16</font>
              <align>left</align>
              <onclick lang="python">
                <![CDATA[fyre.controllers.coverflow.toggle_sort_buttons('rating')]]>
              </onclick>
            </control>
            <control type="togglebutton" id="172">
              <texturenofocus>active_checkcircle_without_arrow.png</texturenofocus>
              <alttexturefocus>active_checkcircle_ticked_with_arrow.png</alttexturefocus>
              <textcolor>grey</textcolor>
              <width>35</width>
              <aligny>middle</aligny>
              <onup>170</onup>
              <alttexturenofocus>active_checkcircle_ticked_without_arrow.png</alttexturenofocus>
              <focusedcolor>FFFFFFFF</focusedcolor>
              <height>20</height>
              <textoffsetx>40</textoffsetx>
              <ondown>-</ondown>
              <disabledcolor>FF333333</disabledcolor>
              <textoffsety>1</textoffsety>
              <onleft>167</onleft>
              <label>Most Watched</label>
              <onright>174</onright>
              <posy>155</posy>
              <posx>590</posx>
              <texturefocus>active_checkcircle_with_arrow.png</texturefocus>
              <font>font16</font>
              <align>left</align>
              <onclick lang="python">
                <![CDATA[fyre.controllers.coverflow.toggle_sort_buttons('views_count')]]>
              </onclick>
            </control>
            <control type="togglebutton" id="169">
              <texturenofocus>active_checkcircle_without_arrow.png</texturenofocus>
              <alttexturefocus>active_checkcircle_ticked_with_arrow.png</alttexturefocus>
              <textcolor>grey</textcolor>
              <width>35</width>
              <aligny>middle</aligny>
              <onup>146</onup>
              <alttexturenofocus>active_checkcircle_ticked_without_arrow.png</alttexturenofocus>
              <focusedcolor>FFFFFFFF</focusedcolor>
              <height>20</height>
              <textoffsetx>40</textoffsetx>
              <ondown>171</ondown>
              <disabledcolor>FF333333</disabledcolor>
              <textoffsety>1</textoffsety>
              <onleft>160</onleft>
              <label>New Releases</label>
              <onright>-</onright>
              <posy>80</posy>
              <posx>910</posx>
              <texturefocus>active_checkcircle_with_arrow.png</texturefocus>
              <font>font16</font>
              <align>left</align>
              <onclick lang="python">
                <![CDATA[fyre.controllers.coverflow.change_show_new_releases()]]>
              </onclick>
            </control>
            <control type="togglebutton" id="171">
              <texturenofocus>active_checkcircle_without_arrow.png</texturenofocus>
              <alttexturefocus>active_checkcircle_ticked_with_arrow.png</alttexturefocus>
              <textcolor>grey</textcolor>
              <width>35</width>
              <aligny>middle</aligny>
              <onup>169</onup>
              <alttexturenofocus>active_checkcircle_ticked_without_arrow.png</alttexturenofocus>
              <focusedcolor>FFFFFFFF</focusedcolor>
              <height>20</height>
              <textoffsetx>40</textoffsetx>
              <ondown>173</ondown>
              <disabledcolor>FF333333</disabledcolor>
              <textoffsety>1</textoffsety>
              <onleft>168</onleft>
              <label>Watched</label>
              <onright>-</onright>
              <posy>105</posy>
              <posx>910</posx>
              <texturefocus>active_checkcircle_with_arrow.png</texturefocus>
              <font>font16</font>
              <align>left</align>
              <onclick lang="python">
                <![CDATA[fyre.controllers.coverflow.change_show_watched()]]>
              </onclick>
            </control>
            <control type="togglebutton" id="173">
              <texturenofocus>active_checkcircle_without_arrow.png</texturenofocus>
              <alttexturefocus>active_checkcircle_ticked_with_arrow.png</alttexturefocus>
              <textcolor>grey</textcolor>
              <width>35</width>
              <aligny>middle</aligny>
              <onup>169</onup>
              <alttexturenofocus>active_checkcircle_ticked_without_arrow.png</alttexturenofocus>
              <focusedcolor>FFFFFFFF</focusedcolor>
              <height>20</height>
              <textoffsetx>40</textoffsetx>
              <ondown>174</ondown>
              <disabledcolor>FF333333</disabledcolor>
              <textoffsety>1</textoffsety>
              <onleft>170</onleft>
              <label>HD</label>
              <onright>-</onright>
              <posy>130</posy>
              <posx>910</posx>
              <texturefocus>active_checkcircle_with_arrow.png</texturefocus>
              <font>font16</font>
              <align>left</align>
              <onclick lang="python">
                <![CDATA[fyre.controllers.coverflow.toggle_quality('hd')]]>
              </onclick>
            </control>
            <control type="togglebutton" id="174">
              <texturenofocus>active_checkcircle_without_arrow.png</texturenofocus>
              <alttexturefocus>active_checkcircle_ticked_with_arrow.png</alttexturefocus>
              <textcolor>grey</textcolor>
              <width>35</width>
              <aligny>middle</aligny>
              <onup>173</onup>
              <alttexturenofocus>active_checkcircle_ticked_without_arrow.png</alttexturenofocus>
              <focusedcolor>FFFFFFFF</focusedcolor>
              <height>20</height>
              <textoffsetx>40</textoffsetx>
              <disabledcolor>FF333333</disabledcolor>
              <textoffsety>1</textoffsety>
              <onleft>172</onleft>
              <label>SD</label>
              <onright>-</onright>
              <posy>155</posy>
              <posx>910</posx>
              <texturefocus>active_checkcircle_with_arrow.png</texturefocus>
              <font>font16</font>
              <align>left</align>
              <onclick lang="python">
                <![CDATA[fyre.controllers.coverflow.toggle_quality('sd')]]>
              </onclick>
            </control>
          </control>
        </control>
        <control type="group" id="175">
          <width>1280</width>
          <height>360</height>
          <posy>640</posy>
          <posx>0</posx>
          <animation type="Conditional" condition="ControlGroup(175).HasFocus()">
            <effect type="slide" time="200" end="0,-120">
            </effect>
          </animation>
          <control type="image">
            <width>1280</width>
            <height>240</height>
            <texture>black.png</texture>
            <colordiffuse>99000000</colordiffuse>
            <posy>0</posy>
            <posx>0</posx>
          </control>
          <control type="image">
            <width>1280</width>
            <height>1</height>
            <texture>rollout_bar.png</texture>
            <posy>0</posy>
            <posx>0</posx>
          </control>
          <control type="image">
            <width>24</width>
            <height>10</height>
            <texture>greyarrow_down.png</texture>
            <posy>5</posy>
            <posx>628</posx>
          </control>
          <control type="label">
            <textcolor>FF666666</textcolor>
            <width>100</width>
            <height>18</height>
            <label>Clear</label>
            <posy>27</posy>
            <posx>590</posx>
            <font>font18b</font>
            <scroll>false</scroll>
            <align>center</align>
          </control>
          <control type="togglebutton" id="176">
            <texturenofocus>active_checkcircle_without_arrow.png</texturenofocus>
            <alttexturefocus>active_checkcircle_ticked_with_arrow.png</alttexturefocus>
            <textcolor>grey</textcolor>
            <width>35</width>
            <aligny>middle</aligny>
            <onup>146</onup>
            <alttexturenofocus>active_checkcircle_ticked_without_arrow.png</alttexturenofocus>
            <focusedcolor>FFFFFFFF</focusedcolor>
            <height>20</height>
            <textoffsetx>40</textoffsetx>
            <ondown>-</ondown>
            <disabledcolor>FF333333</disabledcolor>
            <textoffsety>1</textoffsety>
            <onleft>-</onleft>
            <label>Clear now</label>
            <onright>-</onright>
            <posy>80</posy>
            <posx>590</posx>
            <texturefocus>active_checkcircle_with_arrow.png</texturefocus>
            <font>font16</font>
            <align>left</align>
            <onclick lang="python">
              <![CDATA[fyre.controllers.coverflow.clear()]]>
            </onclick>
          </control>
        </control>
      </control>
    </control>
  </controls>
</window>
