<?xml version="1.0" encoding="UTF-8"?>
<window type="dialog" id="14018">
  <allowoverlay>no</allowoverlay>
  <controls>
    <control type="group" id="264">
      <animation type="VisibleChange">
        <effect type="fade" time="200" start="0" end="100">
        </effect>
      </animation>
      <control type="image">
        <width>1280</width>
        <height>720</height>
        <texture>black.png</texture>
        <colordiffuse>88000000</colordiffuse>
      </control>
      <control type="multiimage">
        <width>300</width>
        <aspectratio>keep</aspectratio>
        <loop>yes</loop>
        <height>400</height>
        <pauseatend>0</pauseatend>
        <imagepath>loading_fyretv</imagepath>
        <timeperimage>100</timeperimage>
        <posy>160</posy>
        <posx>490</posx>
        <randomize>false</randomize>
      </control>
    </control>
  </controls>
</window>
