<?xml version="1.0" encoding="UTF-8"?>
<window type="window" id="14026">
  <defaultcontrol>575</defaultcontrol>
  <allowoverlay>no</allowoverlay>
  <onload lang="python">
    <![CDATA[print("ONLOAD: menu")
if space.unload == 'menu' and space.application_mode == 'F':
  print('loading the same view after screensaver')
  current_scope = space.cache.current().scope()
  #space.cache.clear_after_screensaver()
  mc.CloseWindow()
  space.after_screensaver = True
else:
  print(space.cache.current().scope() + ' - menu')
  if not space.cache.current().scope() == 'menu':
    space.cache.pop_level()

  try:
    func = getattr(fyre.controllers.menu, 'load')
  except AttributeError:
    print('Loading view menu (no load() method in controller)')
  else:
    print('Loading view menu')
    space.cache.current().invalidate()
    func(space.cache.current())

]]>
  </onload>
  <onunload lang="python">
    <![CDATA[print("ONUNLOAD: menu")
try:
  func = getattr(fyre.controllers.menu, 'unload')
except AttributeError:
  print('Unloading view menu (no unload() method in controller)')
else:
  print('Unloading view menu')
  func(space.cache.current())

if not space.unload == 'player':
  space.unload = 'menu'

]]>
  </onunload>
  <controls>
    <control type="group" id="575">
      <defaultcontrol>1001</defaultcontrol>
      <visible>true</visible>
      <animation type="WindowOpen">
        <effect type="slide" time="200" start="-1000,0" end="0,0">
        </effect>
      </animation>
      <animation type="WindowClose">
        <effect type="slide" time="200" end="2000,0" star="0,0">
        </effect>
      </animation>
      <control type="group">
        <posy>0</posy>
        <posx>0</posx>
        <control type="image">
          <width>1280</width>
          <height>720</height>
          <texture>background.png</texture>
        </control>
      </control>
      <control type="group" id="576">
        <visible>Control.HasFocus(577)</visible>
        <control type="label">
          <width>300</width>
          <height>16</height>
          <label>Personalized Recomendations</label>
          <posx>550</posx>
          <posy>48</posy>
          <font>font16</font>
        </control>
        <control type="image">
          <width>24</width>
          <height>10</height>
          <texture>greyarrow_up.png</texture>
          <posx>628</posx>
          <posy>75</posy>
        </control>
      </control>
      <control type="group" id="578">
        <animation type="Conditional" condition="Control.HasFocus(579) | Control.HasFocus(580)">
          <effect tween="sine" type="slide" time="400" start="0,0" end="0,450" easing="inout">
          </effect>
        </animation>
        <control type="group">
          <visible>![Control.HasFocus(579) | Control.HasFocus(580)]</visible>
          <control type="label">
            <textcolor>88ffffff</textcolor>
            <width>300</width>
            <height>20</height>
            <label>Personalized Recomendations</label>
            <posx>525</posx>
            <posy>48</posy>
            <font>font20</font>
          </control>
          <control type="image">
            <width>24</width>
            <height>10</height>
            <texture>greyarrow_up.png</texture>
            <posx>628</posx>
            <posy>75</posy>
          </control>
        </control>
        <control type="image">
          <posx>0</posx>
          <posy>303</posy>
          <width>1280</width>
          <height>113</height>
          <texture>bar.png</texture>
        </control>
        <control type="group">
          <posx>20</posx>
          <posy>272</posy>
          <width>120</width>
          <height>192</height>
          <control type="image">
            <width>120</width>
            <height>192</height>
            <texture>movie.png</texture>
            <animation time="200" effect="fade" start="0" end="100">VisibleChange</animation>
            <visible>Container(1001).HasFocus(1023)</visible>
          </control>
          <control type="image">
            <width>120</width>
            <height>192</height>
            <texture>account.png</texture>
            <animation time="200" effect="fade" start="0" end="100">VisibleChange</animation>
            <visible>Container(1001).HasFocus(1028)</visible>
          </control>
          <control type="image">
            <width>120</width>
            <height>192</height>
            <texture>store.png</texture>
            <animation time="200" effect="fade" start="0" end="100">VisibleChange</animation>
            <visible>Container(1001).HasFocus(1034)</visible>
          </control>
          <control type="image">
            <width>120</width>
            <height>192</height>
            <texture>lock.png</texture>
            <animation time="200" effect="fade" start="0" end="100">VisibleChange</animation>
            <visible>Container(1001).HasFocus(1037)</visible>
          </control>
        </control>
        <control type="wraplist" id="1001">
          <ondown>7890</ondown>
          <onup>577</onup>
          <posx>164</posx>
          <posy>280</posy>
          <width>700</width>
          <height>192</height>
          <orientation>horizontal</orientation>
          <visible>true</visible>
          <focusposition>0</focusposition>
          <scrolltime>200</scrolltime>
          <itemlayout width="140" height="192">
            <control type="label">
              <posx>20</posx>
              <posy>90</posy>
              <width>120</width>
              <height>40</height>
              <align>left</align>
              <aligny>center</aligny>
              <font>font22</font>
              <textcolor>88ffffff</textcolor>
              <label>$INFO[ListItem.Label]</label>
            </control>
          </itemlayout>
          <focusedlayout width="140" height="192">
            <control type="image">
              <posx>0</posx>
              <posy>90</posy>
              <texture>selected_menu.png</texture>
              <visible>Control.HasFocus(1001)</visible>
            </control>
            <control type="label">
              <posx>20</posx>
              <posy>90</posy>
              <width>120</width>
              <height>40</height>
              <align>left</align>
              <aligny>center</aligny>
              <font>font22b</font>
              <textcolor>ffffffff</textcolor>
              <label>$INFO[ListItem.Label]</label>
            </control>
          </focusedlayout>
          <content type="action">
            <onclick lang="python">
              <![CDATA[fyre.controllers.menu.set_focus_to_submenu()]]>
            </onclick>
            <item id="1023">
              <label>Movies</label>
              <onclick>7890</onclick>
            </item>
            <item id="1028">
              <label>Account</label>
              <onclick>7890</onclick>
            </item>
            <item id="1034">
              <label>Store</label>
              <onclick>7890</onclick>
            </item>
            <item id="1037">
              <label>Quit</label>
              <onclick>7890</onclick>
            </item>
          </content>
        </control>
        <control type="group" id="7890">
          <control type="grouplist" id="581">
            <onup>1001</onup>
            <visible>Container(1001).HasFocus(1023)</visible>
            <onright>7891</onright>
            <animation time="200" effect="fade" start="0" end="100">VisibleChange</animation>
            <posx>184</posx>
            <posy>424</posy>
            <width>300</width>
            <height>400</height>
            <orientation>vertical</orientation>
            <control type="button" id="1009">
              <width>200</width>
              <height>40</height>
              <textcolor>88ffffff</textcolor>
              <focusedcolor>ffffffff</focusedcolor>
              <disabledcolor>88ffffff</disabledcolor>
              <texturefocus>selected_menu.png</texturefocus>
              <textoffsetx>25</textoffsetx>
              <texturenofocus></texturenofocus>
              <font>font22</font>
              <align>left</align>
              <aligny>center</aligny>
              <label>View</label>
            </control>
            <control type="button" id="1016">
              <width>200</width>
              <height>40</height>
              <textcolor>88ffffff</textcolor>
              <focusedcolor>ffffffff</focusedcolor>
              <disabledcolor>88ffffff</disabledcolor>
              <texturefocus>selected_menu.png</texturefocus>
              <textoffsetx>25</textoffsetx>
              <texturenofocus></texturenofocus>
              <font>font22</font>
              <align>left</align>
              <aligny>center</aligny>
              <label>Search</label>
            </control>
            <control type="button" id="1021">
              <width>200</width>
              <height>40</height>
              <textcolor>88ffffff</textcolor>
              <focusedcolor>ffffffff</focusedcolor>
              <disabledcolor>88ffffff</disabledcolor>
              <texturefocus>selected_menu.png</texturefocus>
              <textoffsetx>25</textoffsetx>
              <texturenofocus></texturenofocus>
              <font>font22</font>
              <align>left</align>
              <aligny>center</aligny>
              <label>Playlist</label>
            </control>
            <control type="button" id="1022">
              <width>200</width>
              <height>40</height>
              <textcolor>88ffffff</textcolor>
              <focusedcolor>ffffffff</focusedcolor>
              <disabledcolor>88ffffff</disabledcolor>
              <texturefocus>selected_menu.png</texturefocus>
              <textoffsetx>25</textoffsetx>
              <texturenofocus></texturenofocus>
              <font>font22</font>
              <align>left</align>
              <aligny>center</aligny>
              <label>My Library</label>
              <onclick lang="python">
                <![CDATA[
fyre.controllers.menu.remember_entered_menu()
fyre.view.show('my_library')
]]>
              </onclick>
            </control>
          </control>
          <control type="grouplist" id="582">
            <onup>1001</onup>
            <visible>Container(1001).HasFocus(1028)</visible>
            <onright>7891</onright>
            <animation time="200" effect="fade" start="0" end="100">VisibleChange</animation>
            <posx>184</posx>
            <posy>424</posy>
            <width>300</width>
            <height>400</height>
            <orientation>vertical</orientation>
            <control type="button" id="1025">
              <width>200</width>
              <height>40</height>
              <textcolor>88ffffff</textcolor>
              <focusedcolor>ffffffff</focusedcolor>
              <disabledcolor>88ffffff</disabledcolor>
              <texturefocus>selected_menu.png</texturefocus>
              <textoffsetx>25</textoffsetx>
              <texturenofocus></texturenofocus>
              <font>font22</font>
              <align>left</align>
              <aligny>center</aligny>
              <label>Sign Up</label>
              <visible>!App.String(mode_f)</visible>
              <onclick lang="python">
                <![CDATA[
fyre.controllers.menu.remember_entered_menu()
fyre.view.show('signup_reminder')
]]>
              </onclick>
            </control>
            <control type="button" id="1026">
              <width>200</width>
              <height>40</height>
              <textcolor>88ffffff</textcolor>
              <focusedcolor>ffffffff</focusedcolor>
              <disabledcolor>88ffffff</disabledcolor>
              <texturefocus>selected_menu.png</texturefocus>
              <textoffsetx>25</textoffsetx>
              <texturenofocus></texturenofocus>
              <font>font22</font>
              <align>left</align>
              <aligny>center</aligny>
              <label>Terms and Conditions</label>
              <onclick lang="python">
                <![CDATA[
fyre.controllers.menu.remember_entered_menu()
fyre.view.show('terms_and_conditions')
]]>
              </onclick>
            </control>
            <control type="button" id="1027">
              <width>200</width>
              <height>40</height>
              <textcolor>88ffffff</textcolor>
              <focusedcolor>ffffffff</focusedcolor>
              <disabledcolor>88ffffff</disabledcolor>
              <texturefocus>selected_menu.png</texturefocus>
              <textoffsetx>25</textoffsetx>
              <texturenofocus></texturenofocus>
              <font>font22</font>
              <align>left</align>
              <aligny>center</aligny>
              <label>About</label>
              <onclick lang="python">
                <![CDATA[
fyre.controllers.menu.remember_entered_menu()

space.cache.current().entered_menu = 2
fyre.view.show('about')
                      
]]>
              </onclick>
            </control>
          </control>
          <control type="grouplist" id="583">
            <onup>1001</onup>
            <visible>Container(1001).HasFocus(1034)</visible>
            <onright>7891</onright>
            <animation time="200" effect="fade" start="0" end="100">VisibleChange</animation>
            <posx>184</posx>
            <posy>424</posy>
            <width>300</width>
            <height>400</height>
            <orientation>vertical</orientation>
            <control type="button" id="1030">
              <width>200</width>
              <height>40</height>
              <textcolor>88ffffff</textcolor>
              <focusedcolor>ffffffff</focusedcolor>
              <disabledcolor>88ffffff</disabledcolor>
              <texturefocus>selected_menu.png</texturefocus>
              <textoffsetx>25</textoffsetx>
              <texturenofocus></texturenofocus>
              <font>font22</font>
              <align>left</align>
              <aligny>center</aligny>
              <label>Viewing Minutes</label>
              <onclick lang="python">
                <![CDATA[
fyre.controllers.menu.remember_entered_menu()
fyre.view.show('store_minutes')
]]>
              </onclick>
            </control>
            <control type="button" id="1031">
              <width>200</width>
              <height>40</height>
              <textcolor>88ffffff</textcolor>
              <focusedcolor>ffffffff</focusedcolor>
              <disabledcolor>88ffffff</disabledcolor>
              <texturefocus>selected_menu.png</texturefocus>
              <textoffsetx>25</textoffsetx>
              <texturenofocus></texturenofocus>
              <font>font22</font>
              <align>left</align>
              <aligny>center</aligny>
              <label>Movies</label>
              <onclick lang="python">
                <![CDATA[
fyre.controllers.menu.remember_entered_menu()
fyre.view.show('coverflow', 'movies', {'media_type': 'movie', 'label': 'Store: Movies'})
]]>
              </onclick>
            </control>
            <control type="button" id="1032">
              <width>200</width>
              <height>40</height>
              <textcolor>88ffffff</textcolor>
              <focusedcolor>ffffffff</focusedcolor>
              <disabledcolor>88ffffff</disabledcolor>
              <texturefocus>selected_menu.png</texturefocus>
              <textoffsetx>25</textoffsetx>
              <texturenofocus></texturenofocus>
              <font>font22</font>
              <align>left</align>
              <aligny>center</aligny>
              <label>Scenes</label>
              <onclick lang="python">
                <![CDATA[
fyre.controllers.menu.remember_entered_menu()
fyre.view.show('coverflow', 'scenes', {'media_type': 'scene', 'label': 'Store: Scenes'})
]]>
              </onclick>
            </control>
            <control type="button" id="1033">
              <width>200</width>
              <height>40</height>
              <textcolor>88ffffff</textcolor>
              <focusedcolor>ffffffff</focusedcolor>
              <disabledcolor>88ffffff</disabledcolor>
              <texturefocus>selected_menu.png</texturefocus>
              <textoffsetx>25</textoffsetx>
              <texturenofocus></texturenofocus>
              <font>font22</font>
              <align>left</align>
              <aligny>center</aligny>
              <label>Packages</label>
              <onclick lang="python">
                <![CDATA[
fyre.controllers.menu.remember_entered_menu()
fyre.view.show('store_packages')
]]>
              </onclick>
            </control>
          </control>
          <control type="grouplist" id="584">
            <onup>1001</onup>
            <visible>Container(1001).HasFocus(1037)</visible>
            <onright>7891</onright>
            <animation time="200" effect="fade" start="0" end="100">VisibleChange</animation>
            <posx>184</posx>
            <posy>424</posy>
            <width>300</width>
            <height>400</height>
            <orientation>vertical</orientation>
            <control type="button" id="1036">
              <width>200</width>
              <height>40</height>
              <textcolor>88ffffff</textcolor>
              <focusedcolor>ffffffff</focusedcolor>
              <disabledcolor>88ffffff</disabledcolor>
              <texturefocus>selected_menu.png</texturefocus>
              <textoffsetx>25</textoffsetx>
              <texturenofocus></texturenofocus>
              <font>font22</font>
              <align>left</align>
              <aligny>center</aligny>
              <label>Quit Now</label>
              <onclick lang="python">
                <![CDATA[
fyre.controllers.menu.remember_entered_menu()
fyre.helpers.pin.exit_fyre()
]]>
              </onclick>
            </control>
          </control>
        </control>
        <control type="group" id="7891">
          <control type="grouplist" id="585">
            <onup>1001</onup>
            <visible>ControlGroup(7890).HasFocus(1009) + !Control.HasFocus(1001)</visible>
            <onleft>7890</onleft>
            <onup>-</onup>
            <animation time="200" effect="fade" start="0" end="100">VisibleChange</animation>
            <posx>404</posx>
            <posy>424</posy>
            <width>200</width>
            <height>400</height>
            <orientation>vertical</orientation>
            <control type="button" id="1004">
              <width>200</width>
              <height>40</height>
              <textcolor>88ffffff</textcolor>
              <focusedcolor>ffffffff</focusedcolor>
              <disabledcolor>88ffffff</disabledcolor>
              <texturefocus>selected_menu.png</texturefocus>
              <textoffsetx>25</textoffsetx>
              <texturenofocus></texturenofocus>
              <font>font22</font>
              <align>left</align>
              <aligny>center</aligny>
              <label>New Releases</label>
              <onclick lang="python">
                <![CDATA[
fyre.controllers.menu.remember_entered_menu()
fyre.view.show('coverflow', 'new_releases')
]]>
              </onclick>
            </control>
            <control type="button" id="1005">
              <width>200</width>
              <height>40</height>
              <textcolor>88ffffff</textcolor>
              <focusedcolor>ffffffff</focusedcolor>
              <disabledcolor>88ffffff</disabledcolor>
              <texturefocus>selected_menu.png</texturefocus>
              <textoffsetx>25</textoffsetx>
              <texturenofocus></texturenofocus>
              <font>font22</font>
              <align>left</align>
              <aligny>center</aligny>
              <label>New Catalog</label>
              <onclick lang="python">
                <![CDATA[
fyre.controllers.menu.remember_entered_menu()
fyre.view.show('coverflow', 'new_catalog')
]]>
              </onclick>
            </control>
            <control type="button" id="1006">
              <width>200</width>
              <height>40</height>
              <textcolor>88ffffff</textcolor>
              <focusedcolor>ffffffff</focusedcolor>
              <disabledcolor>88ffffff</disabledcolor>
              <texturefocus>selected_menu.png</texturefocus>
              <textoffsetx>25</textoffsetx>
              <texturenofocus></texturenofocus>
              <font>font22</font>
              <align>left</align>
              <aligny>center</aligny>
              <label>Just Added</label>
              <onclick lang="python">
                <![CDATA[
fyre.controllers.menu.remember_entered_menu()
fyre.view.show('coverflow', 'just_added')
]]>
              </onclick>
            </control>
            <control type="button" id="1007">
              <width>200</width>
              <height>40</height>
              <textcolor>88ffffff</textcolor>
              <focusedcolor>ffffffff</focusedcolor>
              <disabledcolor>88ffffff</disabledcolor>
              <texturefocus>selected_menu.png</texturefocus>
              <textoffsetx>25</textoffsetx>
              <texturenofocus></texturenofocus>
              <font>font22</font>
              <align>left</align>
              <aligny>center</aligny>
              <label>Most Watched</label>
              <onclick lang="python">
                <![CDATA[
fyre.controllers.menu.remember_entered_menu()
fyre.view.show('coverflow', 'most_watched')
]]>
              </onclick>
            </control>
            <control type="button" id="1008">
              <width>200</width>
              <height>40</height>
              <textcolor>88ffffff</textcolor>
              <focusedcolor>ffffffff</focusedcolor>
              <disabledcolor>88ffffff</disabledcolor>
              <texturefocus>selected_menu.png</texturefocus>
              <textoffsetx>25</textoffsetx>
              <texturenofocus></texturenofocus>
              <font>font22</font>
              <align>left</align>
              <aligny>center</aligny>
              <label>Best Rated</label>
              <onclick lang="python">
                <![CDATA[
fyre.controllers.menu.remember_entered_menu()
fyre.view.show('coverflow', 'best_rated')
]]>
              </onclick>
            </control>
          </control>
          <control type="grouplist" id="586">
            <onup>1001</onup>
            <visible>ControlGroup(7890).HasFocus(1016) + !Control.HasFocus(1001)</visible>
            <onleft>7890</onleft>
            <onup>-</onup>
            <animation time="200" effect="fade" start="0" end="100">VisibleChange</animation>
            <posx>404</posx>
            <posy>424</posy>
            <width>200</width>
            <height>400</height>
            <orientation>vertical</orientation>
            <control type="button" id="1011">
              <width>200</width>
              <height>40</height>
              <textcolor>88ffffff</textcolor>
              <focusedcolor>ffffffff</focusedcolor>
              <disabledcolor>88ffffff</disabledcolor>
              <texturefocus>selected_menu.png</texturefocus>
              <textoffsetx>25</textoffsetx>
              <texturenofocus></texturenofocus>
              <font>font22</font>
              <align>left</align>
              <aligny>center</aligny>
              <label>Category</label>
              <onclick lang="python">
                <![CDATA[
fyre.controllers.menu.remember_entered_menu()
fyre.view.show('categories')
]]>
              </onclick>
            </control>
            <control type="button" id="1012">
              <width>200</width>
              <height>40</height>
              <textcolor>88ffffff</textcolor>
              <focusedcolor>ffffffff</focusedcolor>
              <disabledcolor>88ffffff</disabledcolor>
              <texturefocus>selected_menu.png</texturefocus>
              <textoffsetx>25</textoffsetx>
              <texturenofocus></texturenofocus>
              <font>font22</font>
              <align>left</align>
              <aligny>center</aligny>
              <label>Title</label>
              <onclick lang="python">
                <![CDATA[
fyre.controllers.menu.remember_entered_menu()
fyre.view.show('movies')
]]>
              </onclick>
            </control>
            <control type="button" id="1013">
              <width>200</width>
              <height>40</height>
              <textcolor>88ffffff</textcolor>
              <focusedcolor>ffffffff</focusedcolor>
              <disabledcolor>88ffffff</disabledcolor>
              <texturefocus>selected_menu.png</texturefocus>
              <textoffsetx>25</textoffsetx>
              <texturenofocus></texturenofocus>
              <font>font22</font>
              <align>left</align>
              <aligny>center</aligny>
              <label>Star</label>
              <onclick lang="python">
                <![CDATA[
fyre.controllers.menu.remember_entered_menu()
fyre.view.show('stars')
]]>
              </onclick>
            </control>
            <control type="button" id="1014">
              <width>200</width>
              <height>40</height>
              <textcolor>88ffffff</textcolor>
              <focusedcolor>ffffffff</focusedcolor>
              <disabledcolor>88ffffff</disabledcolor>
              <texturefocus>selected_menu.png</texturefocus>
              <textoffsetx>25</textoffsetx>
              <texturenofocus></texturenofocus>
              <font>font22</font>
              <align>left</align>
              <aligny>center</aligny>
              <label>Package</label>
              <onclick lang="python">
                <![CDATA[
fyre.controllers.menu.remember_entered_menu()
fyre.view.show('packages')
]]>
              </onclick>
            </control>
            <control type="button" id="1015">
              <width>200</width>
              <height>40</height>
              <textcolor>88ffffff</textcolor>
              <focusedcolor>ffffffff</focusedcolor>
              <disabledcolor>88ffffff</disabledcolor>
              <texturefocus>selected_menu.png</texturefocus>
              <textoffsetx>25</textoffsetx>
              <texturenofocus></texturenofocus>
              <font>font22</font>
              <align>left</align>
              <aligny>center</aligny>
              <label>Studio</label>
              <onclick lang="python">
                <![CDATA[
fyre.controllers.menu.remember_entered_menu()
fyre.view.show('studios')
]]>
              </onclick>
            </control>
          </control>
          <control type="grouplist" id="587">
            <onup>1001</onup>
            <visible>ControlGroup(7890).HasFocus(1021) + !Control.HasFocus(1001)</visible>
            <onleft>7890</onleft>
            <onup>-</onup>
            <animation time="200" effect="fade" start="0" end="100">VisibleChange</animation>
            <posx>404</posx>
            <posy>424</posy>
            <width>200</width>
            <height>400</height>
            <orientation>vertical</orientation>
            <control type="button" id="1018">
              <width>200</width>
              <height>40</height>
              <textcolor>88ffffff</textcolor>
              <focusedcolor>ffffffff</focusedcolor>
              <disabledcolor>88ffffff</disabledcolor>
              <texturefocus>selected_menu.png</texturefocus>
              <textoffsetx>25</textoffsetx>
              <texturenofocus></texturenofocus>
              <font>font22</font>
              <align>left</align>
              <aligny>center</aligny>
              <label>Current</label>
              <onclick lang="python">
                <![CDATA[
fyre.controllers.menu.remember_entered_menu()
fyre.view.show('coverflow', 'playlist', {'media_type': 'scene'})
]]>
              </onclick>
            </control>
            <control type="button" id="1019">
              <width>200</width>
              <height>40</height>
              <textcolor>88ffffff</textcolor>
              <focusedcolor>ffffffff</focusedcolor>
              <disabledcolor>88ffffff</disabledcolor>
              <texturefocus>selected_menu.png</texturefocus>
              <textoffsetx>25</textoffsetx>
              <texturenofocus></texturenofocus>
              <font>font22</font>
              <align>left</align>
              <aligny>center</aligny>
              <label>Favorites</label>
              <onclick lang="python">
                <![CDATA[
fyre.controllers.menu.remember_entered_menu()
fyre.view.show('coverflow', 'favorites', {'media_type': 'scene'})
]]>
              </onclick>
            </control>
            <control type="button" id="1020">
              <width>200</width>
              <height>40</height>
              <textcolor>88ffffff</textcolor>
              <focusedcolor>ffffffff</focusedcolor>
              <disabledcolor>88ffffff</disabledcolor>
              <texturefocus>selected_menu.png</texturefocus>
              <textoffsetx>25</textoffsetx>
              <texturenofocus></texturenofocus>
              <font>font22</font>
              <align>left</align>
              <aligny>center</aligny>
              <label>Watched</label>
              <onclick lang="python">
                <![CDATA[
fyre.controllers.menu.remember_entered_menu()
fyre.view.show('coverflow', 'watched', {'media_type': 'scene'})
]]>
              </onclick>
            </control>
          </control>
        </control>
        <control type="image">
          <width>165</width>
          <height>128</height>
          <texture>fyretv_logo.png</texture>
          <posy>240</posy>
          <posx>750</posx>
        </control>
      </control>
      <control type="group" id="577">
        <defaultcontrol>579</defaultcontrol>
        <posy>-600</posy>
        <animation type="Focus">
          <effect tween="sine" type="slide" time="400" start="0,0" end="0,600" easing="inout">
          </effect>
        </animation>
        <animation type="Unfocus">
          <effect tween="sine" type="slide" time="400" start="0,600" end="0,0" easing="inout">
          </effect>
        </animation>
        <control type="label">
          <textcolor>FFFFFFFF</textcolor>
          <height>30</height>
          <label>Personalized Recommendations</label>
          <posy>5</posy>
          <posx>5</posx>
          <font>font26</font>
        </control>
        <control type="group" id="588">
          <defaultcontrol>579</defaultcontrol>
          <posy>60</posy>
          <control type="image">
            <width>1280</width>
            <height>500</height>
            <texture>black.png</texture>
            <colordiffuse>99000000</colordiffuse>
            <posy>0</posy>
            <posx>0</posx>
          </control>
          <control type="group" id="589">
            <defaultcontrol>579</defaultcontrol>
            <posy>-20</posy>
            <visible>false</visible>
            <animation type="Conditional" condition="Control.IsVisible(589)">
              <effect type="fade" time="500" start="0" end="100">
              </effect>
            </animation>
            <control type="wraplist" id="590">
              <orientation>horizontal</orientation>
              <width>1440</width>
              <height>434</height>
              <scrolltime>200</scrolltime>
              <focusposition>2</focusposition>
              <posy>33</posy>
              <posx>-90</posx>
              <visible>true</visible>
              <itemlayout width="292" height="217">
                <control type="image">
                  <width>292</width>
                  <aspectratio>stretch</aspectratio>
                  <height>217</height>
                  <texture>$INFO[ListItem.Thumb]</texture>
                </control>
              </itemlayout>
              <focusedlayout width="292" height="217">
                <control type="image">
                  <width>292</width>
                  <aspectratio>stretch</aspectratio>
                  <height>217</height>
                  <texture>$INFO[ListItem.Thumb]</texture>
                </control>
              </focusedlayout>
              <content type="url">
                <onclick lang="python">
                </onclick>
              </content>
            </control>
            <control type="wraplist" id="591">
              <orientation>horizontal</orientation>
              <width>1440</width>
              <height>217</height>
              <scrolltime>200</scrolltime>
              <focusposition>2</focusposition>
              <posy>250</posy>
              <posx>-90</posx>
              <visible>true</visible>
              <itemlayout width="292" height="217">
                <control type="image">
                  <width>292</width>
                  <aspectratio>stretch</aspectratio>
                  <height>217</height>
                  <texture>$INFO[ListItem.Thumb]</texture>
                </control>
              </itemlayout>
              <focusedlayout width="292" height="217">
                <control type="image">
                  <width>292</width>
                  <aspectratio>stretch</aspectratio>
                  <height>217</height>
                  <texture>$INFO[ListItem.Thumb]</texture>
                </control>
              </focusedlayout>
            </control>
            <control type="group">
              <posy>215</posy>
              <posx>490</posx>
              <visible>Control.HasFocus(579)</visible>
              <control type="image">
                <width>300</width>
                <height>65</height>
                <texture>bluecatalog_tab.png</texture>
                <posy>35</posy>
                <visible>!Container(590).ListItem.property(custom:new_release)</visible>
              </control>
              <control type="image">
                <width>37</width>
                <height>27</height>
                <texture>hd.png</texture>
                <posx>225</posx>
                <posy>45</posy>
                <visible>Container(590).ListItem.property(custom:is_hd)</visible>
              </control>
              <control type="label">
                <textcolor>99000000</textcolor>
                <width>300</width>
                <height>18</height>
                <label>CATALOG</label>
                <posy>45</posy>
                <font>font18b</font>
                <scroll>false</scroll>
                <align>center</align>
                <visible>!Container(590).ListItem.property(custom:new_release)</visible>
              </control>
              <control type="image">
                <width>300</width>
                <height>65</height>
                <texture>yellowpremium_tab.png</texture>
                <posy>35</posy>
                <visible>Container(590).ListItem.property(custom:new_release)</visible>
              </control>
              <control type="image">
                <width>37</width>
                <height>27</height>
                <texture>hd.png</texture>
                <posx>225</posx>
                <posy>45</posy>
                <visible>Container(590).ListItem.property(custom:is_hd)</visible>
              </control>
              <control type="label">
                <textcolor>99000000</textcolor>
                <width>300</width>
                <height>18</height>
                <label>NEW RELEASE</label>
                <posy>45</posy>
                <font>font18b</font>
                <scroll>false</scroll>
                <align>center</align>
                <visible>Container(590).ListItem.property(custom:new_release)</visible>
              </control>
            </control>
            <control type="group">
              <posy>432</posy>
              <posx>490</posx>
              <visible>Control.HasFocus(580)</visible>
              <control type="image">
                <width>300</width>
                <height>65</height>
                <texture>bluecatalog_tab.png</texture>
                <posy>35</posy>
                <visible>!Container(591).ListItem.property(custom:new_release)</visible>
              </control>
              <control type="image">
                <width>37</width>
                <height>27</height>
                <texture>hd.png</texture>
                <posx>225</posx>
                <posy>45</posy>
                <visible>Container(590).ListItem.property(custom:is_hd)</visible>
              </control>
              <control type="label">
                <textcolor>99000000</textcolor>
                <width>300</width>
                <height>18</height>
                <label>CATALOG</label>
                <posy>45</posy>
                <font>font18b</font>
                <scroll>false</scroll>
                <align>center</align>
                <visible>!Container(591).ListItem.property(custom:new_release)</visible>
              </control>
              <control type="image">
                <width>300</width>
                <height>65</height>
                <texture>yellowpremium_tab.png</texture>
                <posy>35</posy>
                <visible>Container(591).ListItem.property(custom:new_release)</visible>
              </control>
              <control type="image">
                <width>37</width>
                <height>27</height>
                <texture>hd.png</texture>
                <posx>225</posx>
                <posy>45</posy>
                <visible>Container(590).ListItem.property(custom:is_hd)</visible>
              </control>
              <control type="label">
                <textcolor>99000000</textcolor>
                <width>300</width>
                <height>18</height>
                <label>NEW RELEASE</label>
                <posy>45</posy>
                <font>font18b</font>
                <scroll>false</scroll>
                <align>center</align>
                <visible>Container(591).ListItem.property(custom:new_release)</visible>
              </control>
            </control>
            <control type="button" id="579">
              <texturenofocus>transparent.png</texturenofocus>
              <onup>-</onup>
              <aligny>center</aligny>
              <width>378</width>
              <height>303</height>
              <onfocus>-</onfocus>
              <posy>-10</posy>
              <posx>451</posx>
              <texturefocus>redframe_sceneoutline.png</texturefocus>
              <align>center</align>
              <visible>true</visible>
              <onclick lang="python">
                <![CDATA[fyre.controllers.scenes_panel.scene_click(mc.GetActiveWindow().GetList(590).GetItem(mc.GetActiveWindow().GetList(590).GetFocusedItem()).GetProperty('scene_id'))]]>
              </onclick>
              <onright lang="python">
                <![CDATA[fyre.controllers.menu.scroll_right_scenes()]]>
              </onright>
              <onleft lang="python">
                <![CDATA[fyre.controllers.menu.scroll_left_scenes()]]>
              </onleft>
              <ondown lang="python">
                <![CDATA[fyre.controllers.menu.scroll_down_scenes()]]>
              </ondown>
            </control>
            <control type="button" id="580">
              <texturenofocus>transparent.png</texturenofocus>
              <aligny>center</aligny>
              <width>378</width>
              <ondown>1001</ondown>
              <height>303</height>
              <onfocus>-</onfocus>
              <posy>207</posy>
              <posx>451</posx>
              <texturefocus>redframe_sceneoutline.png</texturefocus>
              <align>center</align>
              <visible>true</visible>
              <onclick lang="python">
                <![CDATA[fyre.controllers.scenes_panel.scene_click(mc.GetActiveWindow().GetList(591).GetItem(mc.GetActiveWindow().GetList(591).GetFocusedItem()).GetProperty('scene_id'))]]>
              </onclick>
              <onright lang="python">
                <![CDATA[fyre.controllers.menu.scroll_right_scenes()]]>
              </onright>
              <onleft lang="python">
                <![CDATA[fyre.controllers.menu.scroll_left_scenes()]]>
              </onleft>
              <onup lang="python">
                <![CDATA[fyre.controllers.menu.scroll_up_scenes()]]>
              </onup>
            </control>
            <control type="label">
              <textcolor>FFFFFFFF</textcolor>
              <width>600</width>
              <height>30</height>
              <label>[B]$INFO[Container(590).ListItem.Label][/B]</label>
              <posx>340</posx>
              <font>font26</font>
              <visible>Control.HasFocus(579)</visible>
              <scroll>false</scroll>
              <align>center</align>
            </control>
            <control type="label">
              <textcolor>FFFFFFFF</textcolor>
              <width>600</width>
              <height>30</height>
              <label>[B]$INFO[Container(591).ListItem.Label][/B]</label>
              <posx>340</posx>
              <font>font26</font>
              <visible>Control.HasFocus(580)</visible>
              <scroll>false</scroll>
              <align>center</align>
            </control>
            <control type="label">
              <textcolor>FF799ab9</textcolor>
              <width>600</width>
              <height>28</height>
              <label>$INFO[Container(590).ListItem.property(title)]</label>
              <posy>-15</posy>
              <posx>340</posx>
              <font>font28b</font>
              <scroll>false</scroll>
              <align>center</align>
            </control>
          </control>
        </control>
        <control type="image">
          <width>24</width>
          <height>10</height>
          <texture>greyarrow_down.png</texture>
          <posy>550</posy>
          <posx>628</posx>
        </control>
      </control>
    </control>
  </controls>
</window>
