<?xml version="1.0" encoding="UTF-8"?>
<window type="window" id="14020">
  <defaultcontrol>343</defaultcontrol>
  <allowoverlay>no</allowoverlay>
  <onload lang="python">
    <![CDATA[print("ONLOAD: movies")
if space.unload == 'movies' and space.application_mode == 'F':
  print('loading the same view after screensaver')
  current_scope = space.cache.current().scope()
  #space.cache.clear_after_screensaver()
  mc.CloseWindow()
  space.after_screensaver = True
else:
  print(space.cache.current().scope() + ' - movies')
  if not space.cache.current().scope() == 'movies':
    space.cache.pop_level()

  try:
    func = getattr(fyre.controllers.movies, 'load')
  except AttributeError:
    print('Loading view movies (no load() method in controller)')
  else:
    print('Loading view movies')
    space.cache.current().invalidate()
    func(space.cache.current())
fyre.helpers.keyboard.set_focus('movies')
]]>
  </onload>
  <onunload lang="python">
    <![CDATA[print("ONUNLOAD: movies")
try:
  func = getattr(fyre.controllers.movies, 'unload')
except AttributeError:
  print('Unloading view movies (no unload() method in controller)')
else:
  print('Unloading view movies')
  func(space.cache.current())

if not space.unload == 'player':
  space.unload = 'movies'

]]>
  </onunload>
  <controls>
    <control type="group">
      <posy>0</posy>
      <posx>0</posx>
      <control type="image">
        <width>1280</width>
        <height>720</height>
        <texture>background.png</texture>
      </control>
      <control type="image">
        <width>1280</width>
        <height>40</height>
        <texture>nav_bar_thin.png</texture>
        <posy>40</posy>
      </control>
      <control type="image">
        <width>100</width>
        <height>80</height>
        <texture>fyretv_logo.png</texture>
        <posx>1050</posx>
      </control>
      <control type="label" id="345">
        <width>425</width>
        <height>16</height>
        <label>Movie Titles</label>
        <posy>48</posy>
        <posx>130</posx>
        <font>font22b</font>
        <scroll>true</scroll>
      </control>
    </control>
    <control type="group" id="343">
      <defaultcontrol>344</defaultcontrol>
      <visible>true</visible>
      <animation type="WindowOpen">
        <effect type="slide" time="200" start="-1000,0" end="0,0">
        </effect>
      </animation>
      <animation type="WindowClose">
        <effect type="slide" time="200" end="2000,0" star="0,0">
        </effect>
      </animation>
      <animation type="Conditional" condition="Control.HasFocus(346) | Control.HasFocus(347)">
        <effect type="slide" time="200" end="-700,0">
        </effect>
      </animation>
      <control type="edit" id="348">
        <textcolor>CCFFFFFF</textcolor>
        <texturenofocus>input-area.png</texturenofocus>
        <aligny>center</aligny>
        <width>330</width>
        <focusedcolor>FFFFFFFF</focusedcolor>
        <ondown>350</ondown>
        <textoffsetx>20</textoffsetx>
        <height>50</height>
        <textoffsety>0</textoffsety>
        <onright>349</onright>
        <posy>100</posy>
        <posx>20</posx>
        <font>font22b</font>
        <texturefocus>input-area.png</texturefocus>
        <align>left</align>
      </control>
      <control type="group" id="344">
        <defaultcontrol>351</defaultcontrol>
        <posx>20</posx>
        <posy>160</posy>
        <visible>True</visible>
        <control type="button" id="352">
          <texturenofocus>greyarrow_left.png</texturenofocus>
          <width>10</width>
          <height>24</height>
          <posy>230</posy>
          <posx>450</posx>
          <texturefocus>redarrow_right.png</texturefocus>
          <visible>True</visible>
          <onfocus lang="python">
            <![CDATA[fyre.helpers.keyboard.deductAction()]]>
          </onfocus>
        </control>
        <control type="group" id="350">
          <control type="group" id="353">
            <width>319</width>
            <height>380</height>
            <visible>true</visible>
            <control type="button" id="351">
              <textcolor>FFFFFFFF</textcolor>
              <texturenofocus>letter-inactive.png</texturenofocus>
              <aligny>center</aligny>
              <onup>348</onup>
              <width>50</width>
              <focusedcolor>FFFFFFFF</focusedcolor>
              <ondown>354</ondown>
              <height>50</height>
              <disabledcolor>88FFFFFF</disabledcolor>
              <onleft>352</onleft>
              <label>A</label>
              <colordiffuse>FFFFFFFF</colordiffuse>
              <onright>355</onright>
              <posy>0</posy>
              <posx>0</posx>
              <font>font28b</font>
              <texturefocus>letter-active.png</texturefocus>
              <align>center</align>
              <onclick lang="python">
                <![CDATA[fyre.helpers.keyboard.keyPressed("a")]]>
              </onclick>
            </control>
            <control type="button" id="355">
              <textcolor>FFFFFFFF</textcolor>
              <texturenofocus>letter-inactive.png</texturenofocus>
              <aligny>center</aligny>
              <onup>348</onup>
              <width>50</width>
              <focusedcolor>FFFFFFFF</focusedcolor>
              <ondown>356</ondown>
              <height>50</height>
              <disabledcolor>88FFFFFF</disabledcolor>
              <onleft>351</onleft>
              <label>B</label>
              <colordiffuse>FFFFFFFF</colordiffuse>
              <onright>357</onright>
              <posy>0</posy>
              <posx>55</posx>
              <font>font28b</font>
              <texturefocus>letter-active.png</texturefocus>
              <align>center</align>
              <onclick lang="python">
                <![CDATA[fyre.helpers.keyboard.keyPressed("b")]]>
              </onclick>
            </control>
            <control type="button" id="357">
              <textcolor>FFFFFFFF</textcolor>
              <texturenofocus>letter-inactive.png</texturenofocus>
              <aligny>center</aligny>
              <onup>348</onup>
              <width>50</width>
              <focusedcolor>FFFFFFFF</focusedcolor>
              <ondown>358</ondown>
              <height>50</height>
              <disabledcolor>88FFFFFF</disabledcolor>
              <onleft>355</onleft>
              <label>C</label>
              <colordiffuse>FFFFFFFF</colordiffuse>
              <onright>359</onright>
              <posy>0</posy>
              <posx>110</posx>
              <font>font28b</font>
              <texturefocus>letter-active.png</texturefocus>
              <align>center</align>
              <onclick lang="python">
                <![CDATA[fyre.helpers.keyboard.keyPressed("c")]]>
              </onclick>
            </control>
            <control type="button" id="359">
              <textcolor>FFFFFFFF</textcolor>
              <texturenofocus>letter-inactive.png</texturenofocus>
              <aligny>center</aligny>
              <onup>348</onup>
              <width>50</width>
              <focusedcolor>FFFFFFFF</focusedcolor>
              <ondown>360</ondown>
              <height>50</height>
              <disabledcolor>88FFFFFF</disabledcolor>
              <onleft>357</onleft>
              <label>D</label>
              <colordiffuse>FFFFFFFF</colordiffuse>
              <onright>361</onright>
              <posy>0</posy>
              <posx>165</posx>
              <font>font28b</font>
              <texturefocus>letter-active.png</texturefocus>
              <align>center</align>
              <onclick lang="python">
                <![CDATA[fyre.helpers.keyboard.keyPressed("d")]]>
              </onclick>
            </control>
            <control type="button" id="361">
              <textcolor>FFFFFFFF</textcolor>
              <texturenofocus>letter-inactive.png</texturenofocus>
              <aligny>center</aligny>
              <onup>348</onup>
              <width>50</width>
              <focusedcolor>FFFFFFFF</focusedcolor>
              <ondown>362</ondown>
              <height>50</height>
              <disabledcolor>88FFFFFF</disabledcolor>
              <onleft>359</onleft>
              <label>E</label>
              <colordiffuse>FFFFFFFF</colordiffuse>
              <onright>363</onright>
              <posy>0</posy>
              <posx>220</posx>
              <font>font28b</font>
              <texturefocus>letter-active.png</texturefocus>
              <align>center</align>
              <onclick lang="python">
                <![CDATA[fyre.helpers.keyboard.keyPressed("e")]]>
              </onclick>
            </control>
            <control type="button" id="363">
              <textcolor>FFFFFFFF</textcolor>
              <texturenofocus>letter-inactive.png</texturenofocus>
              <aligny>center</aligny>
              <onup>348</onup>
              <width>50</width>
              <focusedcolor>FFFFFFFF</focusedcolor>
              <ondown>364</ondown>
              <height>50</height>
              <disabledcolor>88FFFFFF</disabledcolor>
              <onleft>361</onleft>
              <label>F</label>
              <colordiffuse>FFFFFFFF</colordiffuse>
              <onright>352</onright>
              <posy>0</posy>
              <posx>275</posx>
              <font>font28b</font>
              <texturefocus>letter-active.png</texturefocus>
              <align>center</align>
              <onclick lang="python">
                <![CDATA[fyre.helpers.keyboard.keyPressed("f")]]>
              </onclick>
            </control>
            <control type="button" id="354">
              <textcolor>FFFFFFFF</textcolor>
              <texturenofocus>letter-inactive.png</texturenofocus>
              <aligny>center</aligny>
              <onup>351</onup>
              <width>50</width>
              <focusedcolor>FFFFFFFF</focusedcolor>
              <ondown>365</ondown>
              <height>50</height>
              <disabledcolor>88FFFFFF</disabledcolor>
              <onleft>352</onleft>
              <label>G</label>
              <colordiffuse>FFFFFFFF</colordiffuse>
              <onright>356</onright>
              <posy>55</posy>
              <posx>0</posx>
              <font>font28b</font>
              <texturefocus>letter-active.png</texturefocus>
              <align>center</align>
              <onclick lang="python">
                <![CDATA[fyre.helpers.keyboard.keyPressed("g")]]>
              </onclick>
            </control>
            <control type="button" id="356">
              <textcolor>FFFFFFFF</textcolor>
              <texturenofocus>letter-inactive.png</texturenofocus>
              <aligny>center</aligny>
              <onup>355</onup>
              <width>50</width>
              <focusedcolor>FFFFFFFF</focusedcolor>
              <ondown>366</ondown>
              <height>50</height>
              <disabledcolor>88FFFFFF</disabledcolor>
              <onleft>354</onleft>
              <label>H</label>
              <colordiffuse>FFFFFFFF</colordiffuse>
              <onright>358</onright>
              <posy>55</posy>
              <posx>55</posx>
              <font>font28b</font>
              <texturefocus>letter-active.png</texturefocus>
              <align>center</align>
              <onclick lang="python">
                <![CDATA[fyre.helpers.keyboard.keyPressed("h")]]>
              </onclick>
            </control>
            <control type="button" id="358">
              <textcolor>FFFFFFFF</textcolor>
              <texturenofocus>letter-inactive.png</texturenofocus>
              <aligny>center</aligny>
              <onup>357</onup>
              <width>50</width>
              <focusedcolor>FFFFFFFF</focusedcolor>
              <ondown>367</ondown>
              <height>50</height>
              <disabledcolor>88FFFFFF</disabledcolor>
              <onleft>356</onleft>
              <label>I</label>
              <colordiffuse>FFFFFFFF</colordiffuse>
              <onright>360</onright>
              <posy>55</posy>
              <posx>110</posx>
              <font>font28b</font>
              <texturefocus>letter-active.png</texturefocus>
              <align>center</align>
              <onclick lang="python">
                <![CDATA[fyre.helpers.keyboard.keyPressed("i")]]>
              </onclick>
            </control>
            <control type="button" id="360">
              <textcolor>FFFFFFFF</textcolor>
              <texturenofocus>letter-inactive.png</texturenofocus>
              <aligny>center</aligny>
              <onup>359</onup>
              <width>50</width>
              <focusedcolor>FFFFFFFF</focusedcolor>
              <ondown>368</ondown>
              <height>50</height>
              <disabledcolor>88FFFFFF</disabledcolor>
              <onleft>358</onleft>
              <label>J</label>
              <colordiffuse>FFFFFFFF</colordiffuse>
              <onright>362</onright>
              <posy>55</posy>
              <posx>165</posx>
              <font>font28b</font>
              <texturefocus>letter-active.png</texturefocus>
              <align>center</align>
              <onclick lang="python">
                <![CDATA[fyre.helpers.keyboard.keyPressed("j")]]>
              </onclick>
            </control>
            <control type="button" id="362">
              <textcolor>FFFFFFFF</textcolor>
              <texturenofocus>letter-inactive.png</texturenofocus>
              <aligny>center</aligny>
              <onup>361</onup>
              <width>50</width>
              <focusedcolor>FFFFFFFF</focusedcolor>
              <ondown>369</ondown>
              <height>50</height>
              <disabledcolor>88FFFFFF</disabledcolor>
              <onleft>360</onleft>
              <label>K</label>
              <colordiffuse>FFFFFFFF</colordiffuse>
              <onright>364</onright>
              <posy>55</posy>
              <posx>220</posx>
              <font>font28b</font>
              <texturefocus>letter-active.png</texturefocus>
              <align>center</align>
              <onclick lang="python">
                <![CDATA[fyre.helpers.keyboard.keyPressed("k")]]>
              </onclick>
            </control>
            <control type="button" id="364">
              <textcolor>FFFFFFFF</textcolor>
              <texturenofocus>letter-inactive.png</texturenofocus>
              <aligny>center</aligny>
              <onup>363</onup>
              <width>50</width>
              <focusedcolor>FFFFFFFF</focusedcolor>
              <ondown>370</ondown>
              <height>50</height>
              <disabledcolor>88FFFFFF</disabledcolor>
              <onleft>362</onleft>
              <label>L</label>
              <colordiffuse>FFFFFFFF</colordiffuse>
              <onright>352</onright>
              <posy>55</posy>
              <posx>275</posx>
              <font>font28b</font>
              <texturefocus>letter-active.png</texturefocus>
              <align>center</align>
              <onclick lang="python">
                <![CDATA[fyre.helpers.keyboard.keyPressed("l")]]>
              </onclick>
            </control>
            <control type="button" id="365">
              <textcolor>FFFFFFFF</textcolor>
              <texturenofocus>letter-inactive.png</texturenofocus>
              <aligny>center</aligny>
              <onup>354</onup>
              <width>50</width>
              <focusedcolor>FFFFFFFF</focusedcolor>
              <ondown>371</ondown>
              <height>50</height>
              <disabledcolor>88FFFFFF</disabledcolor>
              <onleft>352</onleft>
              <label>M</label>
              <colordiffuse>FFFFFFFF</colordiffuse>
              <onright>366</onright>
              <posy>110</posy>
              <posx>0</posx>
              <font>font28b</font>
              <texturefocus>letter-active.png</texturefocus>
              <align>center</align>
              <onclick lang="python">
                <![CDATA[fyre.helpers.keyboard.keyPressed("m")]]>
              </onclick>
            </control>
            <control type="button" id="366">
              <textcolor>FFFFFFFF</textcolor>
              <texturenofocus>letter-inactive.png</texturenofocus>
              <aligny>center</aligny>
              <onup>356</onup>
              <width>50</width>
              <focusedcolor>FFFFFFFF</focusedcolor>
              <ondown>372</ondown>
              <height>50</height>
              <disabledcolor>88FFFFFF</disabledcolor>
              <onleft>365</onleft>
              <label>N</label>
              <colordiffuse>FFFFFFFF</colordiffuse>
              <onright>367</onright>
              <posy>110</posy>
              <posx>55</posx>
              <font>font28b</font>
              <texturefocus>letter-active.png</texturefocus>
              <align>center</align>
              <onclick lang="python">
                <![CDATA[fyre.helpers.keyboard.keyPressed("n")]]>
              </onclick>
            </control>
            <control type="button" id="367">
              <textcolor>FFFFFFFF</textcolor>
              <texturenofocus>letter-inactive.png</texturenofocus>
              <aligny>center</aligny>
              <onup>358</onup>
              <width>50</width>
              <focusedcolor>FFFFFFFF</focusedcolor>
              <ondown>373</ondown>
              <height>50</height>
              <disabledcolor>88FFFFFF</disabledcolor>
              <onleft>366</onleft>
              <label>O</label>
              <colordiffuse>FFFFFFFF</colordiffuse>
              <onright>368</onright>
              <posy>110</posy>
              <posx>110</posx>
              <font>font28b</font>
              <texturefocus>letter-active.png</texturefocus>
              <align>center</align>
              <onclick lang="python">
                <![CDATA[fyre.helpers.keyboard.keyPressed("o")]]>
              </onclick>
            </control>
            <control type="button" id="368">
              <textcolor>FFFFFFFF</textcolor>
              <texturenofocus>letter-inactive.png</texturenofocus>
              <aligny>center</aligny>
              <onup>360</onup>
              <width>50</width>
              <focusedcolor>FFFFFFFF</focusedcolor>
              <ondown>374</ondown>
              <height>50</height>
              <disabledcolor>88FFFFFF</disabledcolor>
              <onleft>367</onleft>
              <label>P</label>
              <colordiffuse>FFFFFFFF</colordiffuse>
              <onright>369</onright>
              <posy>110</posy>
              <posx>165</posx>
              <font>font28b</font>
              <texturefocus>letter-active.png</texturefocus>
              <align>center</align>
              <onclick lang="python">
                <![CDATA[fyre.helpers.keyboard.keyPressed("p")]]>
              </onclick>
            </control>
            <control type="button" id="369">
              <textcolor>FFFFFFFF</textcolor>
              <texturenofocus>letter-inactive.png</texturenofocus>
              <aligny>center</aligny>
              <onup>362</onup>
              <width>50</width>
              <focusedcolor>FFFFFFFF</focusedcolor>
              <ondown>375</ondown>
              <height>50</height>
              <disabledcolor>88FFFFFF</disabledcolor>
              <onleft>368</onleft>
              <label>Q</label>
              <colordiffuse>FFFFFFFF</colordiffuse>
              <onright>370</onright>
              <posy>110</posy>
              <posx>220</posx>
              <font>font28b</font>
              <texturefocus>letter-active.png</texturefocus>
              <align>center</align>
              <onclick lang="python">
                <![CDATA[fyre.helpers.keyboard.keyPressed("q")]]>
              </onclick>
            </control>
            <control type="button" id="370">
              <textcolor>FFFFFFFF</textcolor>
              <texturenofocus>letter-inactive.png</texturenofocus>
              <aligny>center</aligny>
              <onup>364</onup>
              <width>50</width>
              <focusedcolor>FFFFFFFF</focusedcolor>
              <ondown>376</ondown>
              <height>50</height>
              <disabledcolor>88FFFFFF</disabledcolor>
              <onleft>369</onleft>
              <label>R</label>
              <colordiffuse>FFFFFFFF</colordiffuse>
              <onright>352</onright>
              <posy>110</posy>
              <posx>275</posx>
              <font>font28b</font>
              <texturefocus>letter-active.png</texturefocus>
              <align>center</align>
              <onclick lang="python">
                <![CDATA[fyre.helpers.keyboard.keyPressed("r")]]>
              </onclick>
            </control>
            <control type="button" id="371">
              <textcolor>FFFFFFFF</textcolor>
              <texturenofocus>letter-inactive.png</texturenofocus>
              <aligny>center</aligny>
              <onup>365</onup>
              <width>50</width>
              <focusedcolor>FFFFFFFF</focusedcolor>
              <ondown>377</ondown>
              <height>50</height>
              <disabledcolor>88FFFFFF</disabledcolor>
              <onleft>352</onleft>
              <label>S</label>
              <colordiffuse>FFFFFFFF</colordiffuse>
              <onright>372</onright>
              <posy>165</posy>
              <posx>0</posx>
              <font>font28b</font>
              <texturefocus>letter-active.png</texturefocus>
              <align>center</align>
              <onclick lang="python">
                <![CDATA[fyre.helpers.keyboard.keyPressed("s")]]>
              </onclick>
            </control>
            <control type="button" id="372">
              <textcolor>FFFFFFFF</textcolor>
              <texturenofocus>letter-inactive.png</texturenofocus>
              <aligny>center</aligny>
              <onup>366</onup>
              <width>50</width>
              <focusedcolor>FFFFFFFF</focusedcolor>
              <ondown>377</ondown>
              <height>50</height>
              <disabledcolor>88FFFFFF</disabledcolor>
              <onleft>371</onleft>
              <label>T</label>
              <colordiffuse>FFFFFFFF</colordiffuse>
              <onright>373</onright>
              <posy>165</posy>
              <posx>55</posx>
              <font>font28b</font>
              <texturefocus>letter-active.png</texturefocus>
              <align>center</align>
              <onclick lang="python">
                <![CDATA[fyre.helpers.keyboard.keyPressed("t")]]>
              </onclick>
            </control>
            <control type="button" id="373">
              <textcolor>FFFFFFFF</textcolor>
              <texturenofocus>letter-inactive.png</texturenofocus>
              <aligny>center</aligny>
              <onup>367</onup>
              <width>50</width>
              <focusedcolor>FFFFFFFF</focusedcolor>
              <ondown>378</ondown>
              <height>50</height>
              <disabledcolor>88FFFFFF</disabledcolor>
              <onleft>372</onleft>
              <label>U</label>
              <colordiffuse>FFFFFFFF</colordiffuse>
              <onright>374</onright>
              <posy>165</posy>
              <posx>110</posx>
              <font>font28b</font>
              <texturefocus>letter-active.png</texturefocus>
              <align>center</align>
              <onclick lang="python">
                <![CDATA[fyre.helpers.keyboard.keyPressed("u")]]>
              </onclick>
            </control>
            <control type="button" id="374">
              <textcolor>FFFFFFFF</textcolor>
              <texturenofocus>letter-inactive.png</texturenofocus>
              <aligny>center</aligny>
              <onup>368</onup>
              <width>50</width>
              <focusedcolor>FFFFFFFF</focusedcolor>
              <ondown>379</ondown>
              <height>50</height>
              <disabledcolor>88FFFFFF</disabledcolor>
              <onleft>373</onleft>
              <label>V</label>
              <colordiffuse>FFFFFFFF</colordiffuse>
              <onright>375</onright>
              <posy>165</posy>
              <posx>165</posx>
              <font>font28b</font>
              <texturefocus>letter-active.png</texturefocus>
              <align>center</align>
              <onclick lang="python">
                <![CDATA[fyre.helpers.keyboard.keyPressed("v")]]>
              </onclick>
            </control>
            <control type="button" id="375">
              <textcolor>FFFFFFFF</textcolor>
              <texturenofocus>letter-inactive.png</texturenofocus>
              <aligny>center</aligny>
              <onup>369</onup>
              <width>50</width>
              <focusedcolor>FFFFFFFF</focusedcolor>
              <ondown>380</ondown>
              <height>50</height>
              <disabledcolor>88FFFFFF</disabledcolor>
              <onleft>374</onleft>
              <label>W</label>
              <colordiffuse>FFFFFFFF</colordiffuse>
              <onright>376</onright>
              <posy>165</posy>
              <posx>220</posx>
              <font>font28b</font>
              <texturefocus>letter-active.png</texturefocus>
              <align>center</align>
              <onclick lang="python">
                <![CDATA[fyre.helpers.keyboard.keyPressed("w")]]>
              </onclick>
            </control>
            <control type="button" id="376">
              <textcolor>FFFFFFFF</textcolor>
              <texturenofocus>letter-inactive.png</texturenofocus>
              <aligny>center</aligny>
              <onup>370</onup>
              <width>50</width>
              <focusedcolor>FFFFFFFF</focusedcolor>
              <ondown>380</ondown>
              <height>50</height>
              <disabledcolor>88FFFFFF</disabledcolor>
              <onleft>375</onleft>
              <label>X</label>
              <colordiffuse>FFFFFFFF</colordiffuse>
              <onright>352</onright>
              <posy>165</posy>
              <posx>275</posx>
              <font>font28b</font>
              <texturefocus>letter-active.png</texturefocus>
              <align>center</align>
              <onclick lang="python">
                <![CDATA[fyre.helpers.keyboard.keyPressed("x")]]>
              </onclick>
            </control>
            <control type="button" id="377">
              <textcolor>FFFFFFFF</textcolor>
              <texturenofocus>enter-inactive.png</texturenofocus>
              <aligny>center</aligny>
              <onup>371</onup>
              <width>105</width>
              <focusedcolor>FFFFFFFF</focusedcolor>
              <ondown>381</ondown>
              <height>50</height>
              <disabledcolor>88FFFFFF</disabledcolor>
              <onleft>352</onleft>
              <label></label>
              <colordiffuse>FFFFFFFF</colordiffuse>
              <onright>378</onright>
              <posy>220</posy>
              <posx>0</posx>
              <font>font28b</font>
              <texturefocus>enter-active.png</texturefocus>
              <align>center</align>
              <onclick lang="python">
                <![CDATA[fyre.helpers.keyboard.toggleShift()]]>
              </onclick>
            </control>
            <control type="image">
              <width>105</width>
              <aspectratio>keep</aspectratio>
              <height>20</height>
              <texture>shift-icon.png</texture>
              <posy>235</posy>
              <posx>0</posx>
            </control>
            <control type="button" id="378">
              <textcolor>FFFFFFFF</textcolor>
              <texturenofocus>letter-inactive.png</texturenofocus>
              <aligny>center</aligny>
              <onup>373</onup>
              <width>50</width>
              <focusedcolor>FFFFFFFF</focusedcolor>
              <ondown>381</ondown>
              <height>50</height>
              <disabledcolor>88FFFFFF</disabledcolor>
              <onleft>377</onleft>
              <label>Y</label>
              <colordiffuse>FFFFFFFF</colordiffuse>
              <onright>379</onright>
              <posy>220</posy>
              <posx>110</posx>
              <font>font28b</font>
              <texturefocus>letter-active.png</texturefocus>
              <align>center</align>
              <onclick lang="python">
                <![CDATA[fyre.helpers.keyboard.keyPressed("y")]]>
              </onclick>
            </control>
            <control type="button" id="379">
              <textcolor>FFFFFFFF</textcolor>
              <texturenofocus>letter-inactive.png</texturenofocus>
              <aligny>center</aligny>
              <onup>374</onup>
              <width>50</width>
              <focusedcolor>FFFFFFFF</focusedcolor>
              <ondown>382</ondown>
              <height>50</height>
              <disabledcolor>88FFFFFF</disabledcolor>
              <onleft>378</onleft>
              <label>Z</label>
              <colordiffuse>FFFFFFFF</colordiffuse>
              <onright>380</onright>
              <posy>220</posy>
              <posx>165</posx>
              <font>font28b</font>
              <texturefocus>letter-active.png</texturefocus>
              <align>center</align>
              <onclick lang="python">
                <![CDATA[fyre.helpers.keyboard.keyPressed("z")]]>
              </onclick>
            </control>
            <control type="button" id="380">
              <textcolor>FFFFFFFF</textcolor>
              <texturenofocus>enter-inactive.png</texturenofocus>
              <aligny>center</aligny>
              <onup>375</onup>
              <width>105</width>
              <focusedcolor>FFFFFFFF</focusedcolor>
              <ondown>382</ondown>
              <height>50</height>
              <disabledcolor>88FFFFFF</disabledcolor>
              <onleft>379</onleft>
              <label></label>
              <colordiffuse>FFFFFFFF</colordiffuse>
              <onright>352</onright>
              <posy>220</posy>
              <posx>220</posx>
              <font>font28b</font>
              <texturefocus>enter-active.png</texturefocus>
              <align>center</align>
              <onclick lang="python">
                <![CDATA[fyre.helpers.keyboard.delChar()]]>
              </onclick>
            </control>
            <control type="image">
              <width>105</width>
              <aspectratio>keep</aspectratio>
              <height>20</height>
              <texture>x.png</texture>
              <posy>235</posy>
              <posx>220</posx>
            </control>
            <control type="button" id="381">
              <textcolor>FFFFFFFF</textcolor>
              <texturenofocus>enter-inactive.png</texturenofocus>
              <aligny>center</aligny>
              <onup>377</onup>
              <width>160</width>
              <focusedcolor>FFFFFFFF</focusedcolor>
              <ondown>383</ondown>
              <height>50</height>
              <disabledcolor>88FFFFFF</disabledcolor>
              <onleft>352</onleft>
              <label>num...</label>
              <colordiffuse>FFFFFFFF</colordiffuse>
              <onright>382</onright>
              <posy>275</posy>
              <posx>0</posx>
              <font>font28b</font>
              <texturefocus>enter-active.png</texturefocus>
              <align>center</align>
              <onclick lang="python">
                <![CDATA[fyre.helpers.keyboard.showNumbers()]]>
              </onclick>
            </control>
            <control type="button" id="382">
              <textcolor>FFFFFFFF</textcolor>
              <texturenofocus>enter-inactive.png</texturenofocus>
              <aligny>center</aligny>
              <onup>379</onup>
              <width>160</width>
              <focusedcolor>FFFFFFFF</focusedcolor>
              <ondown>383</ondown>
              <height>50</height>
              <disabledcolor>88FFFFFF</disabledcolor>
              <onleft>381</onleft>
              <label>enter</label>
              <colordiffuse>FFFFFFFF</colordiffuse>
              <onright>352</onright>
              <posy>275</posy>
              <posx>165</posx>
              <font>font28b</font>
              <texturefocus>enter-active.png</texturefocus>
              <align>center</align>
              <onclick lang="python">
                <![CDATA[fyre.helpers.keyboard.deductAction()]]>
              </onclick>
            </control>
            <control type="button" id="383">
              <textcolor>FFFFFFFF</textcolor>
              <texturenofocus>space-inactive.png</texturenofocus>
              <aligny>center</aligny>
              <onup>381</onup>
              <width>215</width>
              <focusedcolor>FFFFFFFF</focusedcolor>
              <ondown>-</ondown>
              <height>50</height>
              <disabledcolor>88FFFFFF</disabledcolor>
              <onleft>352</onleft>
              <label>space</label>
              <colordiffuse>FFFFFFFF</colordiffuse>
              <onright>352</onright>
              <posy>330</posy>
              <posx>55</posx>
              <font>font28b</font>
              <texturefocus>space-active.png</texturefocus>
              <align>center</align>
              <onclick lang="python">
                <![CDATA[fyre.helpers.keyboard.keyPressed(" ")]]>
              </onclick>
            </control>
          </control>
          <control type="group" id="384">
            <width>319</width>
            <height>380</height>
            <visible>false</visible>
            <control type="button" id="385">
              <textcolor>FFFFFFFF</textcolor>
              <texturenofocus>letter-inactive.png</texturenofocus>
              <aligny>center</aligny>
              <onup>348</onup>
              <width>50</width>
              <focusedcolor>FFFFFFFF</focusedcolor>
              <ondown>386</ondown>
              <height>50</height>
              <disabledcolor>88FFFFFF</disabledcolor>
              <onleft>352</onleft>
              <label> 1 </label>
              <colordiffuse>FFFFFFFF</colordiffuse>
              <onright>387</onright>
              <posy>0</posy>
              <posx>0</posx>
              <font>font28b</font>
              <texturefocus>letter-active.png</texturefocus>
              <align>center</align>
              <onclick lang="python">
                <![CDATA[fyre.helpers.keyboard.keyPressed("1")]]>
              </onclick>
            </control>
            <control type="button" id="387">
              <textcolor>FFFFFFFF</textcolor>
              <texturenofocus>letter-inactive.png</texturenofocus>
              <aligny>center</aligny>
              <onup>348</onup>
              <width>50</width>
              <focusedcolor>FFFFFFFF</focusedcolor>
              <ondown>388</ondown>
              <height>50</height>
              <disabledcolor>88FFFFFF</disabledcolor>
              <onleft>385</onleft>
              <label> 2 </label>
              <colordiffuse>FFFFFFFF</colordiffuse>
              <onright>389</onright>
              <posy>0</posy>
              <posx>55</posx>
              <font>font28b</font>
              <texturefocus>letter-active.png</texturefocus>
              <align>center</align>
              <onclick lang="python">
                <![CDATA[fyre.helpers.keyboard.keyPressed("2")]]>
              </onclick>
            </control>
            <control type="button" id="389">
              <textcolor>FFFFFFFF</textcolor>
              <texturenofocus>letter-inactive.png</texturenofocus>
              <aligny>center</aligny>
              <onup>348</onup>
              <width>50</width>
              <focusedcolor>FFFFFFFF</focusedcolor>
              <ondown>390</ondown>
              <height>50</height>
              <disabledcolor>88FFFFFF</disabledcolor>
              <onleft>387</onleft>
              <label> 3 </label>
              <colordiffuse>FFFFFFFF</colordiffuse>
              <onright>391</onright>
              <posy>0</posy>
              <posx>110</posx>
              <font>font28b</font>
              <texturefocus>letter-active.png</texturefocus>
              <align>center</align>
              <onclick lang="python">
                <![CDATA[fyre.helpers.keyboard.keyPressed("3")]]>
              </onclick>
            </control>
            <control type="button" id="391">
              <textcolor>FFFFFFFF</textcolor>
              <texturenofocus>letter-inactive.png</texturenofocus>
              <aligny>center</aligny>
              <onup>348</onup>
              <width>50</width>
              <focusedcolor>FFFFFFFF</focusedcolor>
              <ondown>392</ondown>
              <height>50</height>
              <disabledcolor>88FFFFFF</disabledcolor>
              <onleft>389</onleft>
              <label> 4 </label>
              <colordiffuse>FFFFFFFF</colordiffuse>
              <onright>393</onright>
              <posy>0</posy>
              <posx>165</posx>
              <font>font28b</font>
              <texturefocus>letter-active.png</texturefocus>
              <align>center</align>
              <onclick lang="python">
                <![CDATA[fyre.helpers.keyboard.keyPressed("4")]]>
              </onclick>
            </control>
            <control type="button" id="393">
              <textcolor>FFFFFFFF</textcolor>
              <texturenofocus>letter-inactive.png</texturenofocus>
              <aligny>center</aligny>
              <onup>348</onup>
              <width>50</width>
              <focusedcolor>FFFFFFFF</focusedcolor>
              <ondown>394</ondown>
              <height>50</height>
              <disabledcolor>88FFFFFF</disabledcolor>
              <onleft>391</onleft>
              <label> 5 </label>
              <colordiffuse>FFFFFFFF</colordiffuse>
              <onright>395</onright>
              <posy>0</posy>
              <posx>220</posx>
              <font>font28b</font>
              <texturefocus>letter-active.png</texturefocus>
              <align>center</align>
              <onclick lang="python">
                <![CDATA[fyre.helpers.keyboard.keyPressed("5")]]>
              </onclick>
            </control>
            <control type="button" id="395">
              <textcolor>FFFFFFFF</textcolor>
              <texturenofocus>letter-inactive.png</texturenofocus>
              <aligny>center</aligny>
              <onup>348</onup>
              <width>50</width>
              <focusedcolor>FFFFFFFF</focusedcolor>
              <ondown>396</ondown>
              <height>50</height>
              <disabledcolor>88FFFFFF</disabledcolor>
              <onleft>393</onleft>
              <label> 6 </label>
              <colordiffuse>FFFFFFFF</colordiffuse>
              <onright>352</onright>
              <posy>0</posy>
              <posx>275</posx>
              <font>font28b</font>
              <texturefocus>letter-active.png</texturefocus>
              <align>center</align>
              <onclick lang="python">
                <![CDATA[fyre.helpers.keyboard.keyPressed("6")]]>
              </onclick>
            </control>
            <control type="button" id="386">
              <textcolor>FFFFFFFF</textcolor>
              <texturenofocus>letter-inactive.png</texturenofocus>
              <aligny>center</aligny>
              <onup>385</onup>
              <width>50</width>
              <focusedcolor>FFFFFFFF</focusedcolor>
              <ondown>397</ondown>
              <height>50</height>
              <disabledcolor>88FFFFFF</disabledcolor>
              <onleft>352</onleft>
              <label> 7 </label>
              <colordiffuse>FFFFFFFF</colordiffuse>
              <onright>388</onright>
              <posy>55</posy>
              <posx>0</posx>
              <font>font28b</font>
              <texturefocus>letter-active.png</texturefocus>
              <align>center</align>
              <onclick lang="python">
                <![CDATA[fyre.helpers.keyboard.keyPressed("7")]]>
              </onclick>
            </control>
            <control type="button" id="388">
              <textcolor>FFFFFFFF</textcolor>
              <texturenofocus>letter-inactive.png</texturenofocus>
              <aligny>center</aligny>
              <onup>387</onup>
              <width>50</width>
              <focusedcolor>FFFFFFFF</focusedcolor>
              <ondown>398</ondown>
              <height>50</height>
              <disabledcolor>88FFFFFF</disabledcolor>
              <onleft>386</onleft>
              <label> 8 </label>
              <colordiffuse>FFFFFFFF</colordiffuse>
              <onright>390</onright>
              <posy>55</posy>
              <posx>55</posx>
              <font>font28b</font>
              <texturefocus>letter-active.png</texturefocus>
              <align>center</align>
              <onclick lang="python">
                <![CDATA[fyre.helpers.keyboard.keyPressed("8")]]>
              </onclick>
            </control>
            <control type="button" id="390">
              <textcolor>FFFFFFFF</textcolor>
              <texturenofocus>letter-inactive.png</texturenofocus>
              <aligny>center</aligny>
              <onup>389</onup>
              <width>50</width>
              <focusedcolor>FFFFFFFF</focusedcolor>
              <ondown>399</ondown>
              <height>50</height>
              <disabledcolor>88FFFFFF</disabledcolor>
              <onleft>388</onleft>
              <label> 9 </label>
              <colordiffuse>FFFFFFFF</colordiffuse>
              <onright>392</onright>
              <posy>55</posy>
              <posx>110</posx>
              <font>font28b</font>
              <texturefocus>letter-active.png</texturefocus>
              <align>center</align>
              <onclick lang="python">
                <![CDATA[fyre.helpers.keyboard.keyPressed("9")]]>
              </onclick>
            </control>
            <control type="button" id="392">
              <textcolor>FFFFFFFF</textcolor>
              <texturenofocus>letter-inactive.png</texturenofocus>
              <aligny>center</aligny>
              <onup>391</onup>
              <width>50</width>
              <focusedcolor>FFFFFFFF</focusedcolor>
              <ondown>400</ondown>
              <height>50</height>
              <disabledcolor>88FFFFFF</disabledcolor>
              <onleft>390</onleft>
              <label> 0 </label>
              <colordiffuse>FFFFFFFF</colordiffuse>
              <onright>394</onright>
              <posy>55</posy>
              <posx>165</posx>
              <font>font28b</font>
              <texturefocus>letter-active.png</texturefocus>
              <align>center</align>
              <onclick lang="python">
                <![CDATA[fyre.helpers.keyboard.keyPressed("0")]]>
              </onclick>
            </control>
            <control type="button" id="394">
              <textcolor>FFFFFFFF</textcolor>
              <texturenofocus>letter-inactive.png</texturenofocus>
              <aligny>center</aligny>
              <onup>393</onup>
              <width>50</width>
              <focusedcolor>FFFFFFFF</focusedcolor>
              <ondown>401</ondown>
              <height>50</height>
              <disabledcolor>88FFFFFF</disabledcolor>
              <onleft>392</onleft>
              <label>$</label>
              <colordiffuse>FFFFFFFF</colordiffuse>
              <onright>396</onright>
              <posy>55</posy>
              <posx>220</posx>
              <font>font28b</font>
              <texturefocus>letter-active.png</texturefocus>
              <align>center</align>
              <onclick lang="python">
                <![CDATA[fyre.helpers.keyboard.keyPressed("$")]]>
              </onclick>
            </control>
            <control type="button" id="396">
              <textcolor>FFFFFFFF</textcolor>
              <texturenofocus>letter-inactive.png</texturenofocus>
              <aligny>center</aligny>
              <onup>395</onup>
              <width>50</width>
              <focusedcolor>FFFFFFFF</focusedcolor>
              <ondown>402</ondown>
              <height>50</height>
              <disabledcolor>88FFFFFF</disabledcolor>
              <onleft>394</onleft>
              <label>.</label>
              <colordiffuse>FFFFFFFF</colordiffuse>
              <onright>352</onright>
              <posy>55</posy>
              <posx>275</posx>
              <font>font28b</font>
              <texturefocus>letter-active.png</texturefocus>
              <align>center</align>
              <onclick lang="python">
                <![CDATA[fyre.helpers.keyboard.keyPressed(".")]]>
              </onclick>
            </control>
            <control type="button" id="397">
              <textcolor>FFFFFFFF</textcolor>
              <texturenofocus>letter-inactive.png</texturenofocus>
              <aligny>center</aligny>
              <onup>386</onup>
              <width>50</width>
              <focusedcolor>FFFFFFFF</focusedcolor>
              <ondown>403</ondown>
              <height>50</height>
              <disabledcolor>88FFFFFF</disabledcolor>
              <onleft>352</onleft>
              <label>,</label>
              <colordiffuse>FFFFFFFF</colordiffuse>
              <onright>398</onright>
              <posy>110</posy>
              <posx>0</posx>
              <font>font28b</font>
              <texturefocus>letter-active.png</texturefocus>
              <align>center</align>
              <onclick lang="python">
                <![CDATA[fyre.helpers.keyboard.keyPressed(",")]]>
              </onclick>
            </control>
            <control type="button" id="398">
              <textcolor>FFFFFFFF</textcolor>
              <texturenofocus>letter-inactive.png</texturenofocus>
              <aligny>center</aligny>
              <onup>388</onup>
              <width>50</width>
              <focusedcolor>FFFFFFFF</focusedcolor>
              <ondown>404</ondown>
              <height>50</height>
              <disabledcolor>88FFFFFF</disabledcolor>
              <onleft>397</onleft>
              <label>'</label>
              <colordiffuse>FFFFFFFF</colordiffuse>
              <onright>399</onright>
              <posy>110</posy>
              <posx>55</posx>
              <font>font28b</font>
              <texturefocus>letter-active.png</texturefocus>
              <align>center</align>
              <onclick lang="python">
                <![CDATA[fyre.helpers.keyboard.keyPressed("'")]]>
              </onclick>
            </control>
            <control type="button" id="399">
              <textcolor>FFFFFFFF</textcolor>
              <texturenofocus>letter-inactive.png</texturenofocus>
              <aligny>center</aligny>
              <onup>390</onup>
              <width>50</width>
              <focusedcolor>FFFFFFFF</focusedcolor>
              <ondown>405</ondown>
              <height>50</height>
              <disabledcolor>88FFFFFF</disabledcolor>
              <onleft>398</onleft>
              <label>"</label>
              <colordiffuse>FFFFFFFF</colordiffuse>
              <onright>400</onright>
              <posy>110</posy>
              <posx>110</posx>
              <font>font28b</font>
              <texturefocus>letter-active.png</texturefocus>
              <align>center</align>
              <onclick lang="python">
                <![CDATA[fyre.helpers.keyboard.keyPressed("\"")]]>
              </onclick>
            </control>
            <control type="button" id="400">
              <textcolor>FFFFFFFF</textcolor>
              <texturenofocus>letter-inactive.png</texturenofocus>
              <aligny>center</aligny>
              <onup>392</onup>
              <width>50</width>
              <focusedcolor>FFFFFFFF</focusedcolor>
              <ondown>406</ondown>
              <height>50</height>
              <disabledcolor>88FFFFFF</disabledcolor>
              <onleft>399</onleft>
              <label>#</label>
              <colordiffuse>FFFFFFFF</colordiffuse>
              <onright>401</onright>
              <posy>110</posy>
              <posx>165</posx>
              <font>font28b</font>
              <texturefocus>letter-active.png</texturefocus>
              <align>center</align>
              <onclick lang="python">
                <![CDATA[fyre.helpers.keyboard.keyPressed("#")]]>
              </onclick>
            </control>
            <control type="button" id="401">
              <textcolor>FFFFFFFF</textcolor>
              <texturenofocus>letter-inactive.png</texturenofocus>
              <aligny>center</aligny>
              <onup>394</onup>
              <width>50</width>
              <focusedcolor>FFFFFFFF</focusedcolor>
              <ondown>407</ondown>
              <height>50</height>
              <disabledcolor>88FFFFFF</disabledcolor>
              <onleft>400</onleft>
              <label>%</label>
              <colordiffuse>FFFFFFFF</colordiffuse>
              <onright>402</onright>
              <posy>110</posy>
              <posx>220</posx>
              <font>font28b</font>
              <texturefocus>letter-active.png</texturefocus>
              <align>center</align>
              <onclick lang="python">
                <![CDATA[fyre.helpers.keyboard.keyPressed("%")]]>
              </onclick>
            </control>
            <control type="button" id="402">
              <textcolor>FFFFFFFF</textcolor>
              <texturenofocus>letter-inactive.png</texturenofocus>
              <aligny>center</aligny>
              <onup>396</onup>
              <width>50</width>
              <focusedcolor>FFFFFFFF</focusedcolor>
              <ondown>408</ondown>
              <height>50</height>
              <disabledcolor>88FFFFFF</disabledcolor>
              <onleft>401</onleft>
              <label> - </label>
              <colordiffuse>FFFFFFFF</colordiffuse>
              <onright>352</onright>
              <posy>110</posy>
              <posx>275</posx>
              <font>font28b</font>
              <texturefocus>letter-active.png</texturefocus>
              <align>center</align>
              <onclick lang="python">
                <![CDATA[fyre.helpers.keyboard.keyPressed("-")]]>
              </onclick>
            </control>
            <control type="button" id="403">
              <textcolor>FFFFFFFF</textcolor>
              <texturenofocus>letter-inactive.png</texturenofocus>
              <aligny>center</aligny>
              <onup>397</onup>
              <width>50</width>
              <focusedcolor>FFFFFFFF</focusedcolor>
              <ondown>409</ondown>
              <height>50</height>
              <disabledcolor>88FFFFFF</disabledcolor>
              <onleft>352</onleft>
              <label>+</label>
              <colordiffuse>FFFFFFFF</colordiffuse>
              <onright>404</onright>
              <posy>165</posy>
              <posx>0</posx>
              <font>font28b</font>
              <texturefocus>letter-active.png</texturefocus>
              <align>center</align>
              <onclick lang="python">
                <![CDATA[fyre.helpers.keyboard.keyPressed("+")]]>
              </onclick>
            </control>
            <control type="button" id="404">
              <textcolor>FFFFFFFF</textcolor>
              <texturenofocus>letter-inactive.png</texturenofocus>
              <aligny>center</aligny>
              <onup>398</onup>
              <width>50</width>
              <focusedcolor>FFFFFFFF</focusedcolor>
              <ondown>410</ondown>
              <height>50</height>
              <disabledcolor>88FFFFFF</disabledcolor>
              <onleft>403</onleft>
              <label>=</label>
              <colordiffuse>FFFFFFFF</colordiffuse>
              <onright>405</onright>
              <posy>165</posy>
              <posx>55</posx>
              <font>font28b</font>
              <texturefocus>letter-active.png</texturefocus>
              <align>center</align>
              <onclick lang="python">
                <![CDATA[fyre.helpers.keyboard.keyPressed("=")]]>
              </onclick>
            </control>
            <control type="button" id="405">
              <textcolor>FFFFFFFF</textcolor>
              <texturenofocus>letter-inactive.png</texturenofocus>
              <aligny>center</aligny>
              <onup>399</onup>
              <width>50</width>
              <focusedcolor>FFFFFFFF</focusedcolor>
              <ondown>411</ondown>
              <height>50</height>
              <disabledcolor>88FFFFFF</disabledcolor>
              <onleft>404</onleft>
              <label>_</label>
              <colordiffuse>FFFFFFFF</colordiffuse>
              <onright>406</onright>
              <posy>165</posy>
              <posx>110</posx>
              <font>font28b</font>
              <texturefocus>letter-active.png</texturefocus>
              <align>center</align>
              <onclick lang="python">
                <![CDATA[fyre.helpers.keyboard.keyPressed("_")]]>
              </onclick>
            </control>
            <control type="button" id="406">
              <textcolor>FFFFFFFF</textcolor>
              <texturenofocus>letter-inactive.png</texturenofocus>
              <aligny>center</aligny>
              <onup>400</onup>
              <width>50</width>
              <focusedcolor>FFFFFFFF</focusedcolor>
              <ondown>412</ondown>
              <height>50</height>
              <disabledcolor>88FFFFFF</disabledcolor>
              <onleft>405</onleft>
              <label>/</label>
              <colordiffuse>FFFFFFFF</colordiffuse>
              <onright>407</onright>
              <posy>165</posy>
              <posx>165</posx>
              <font>font28b</font>
              <texturefocus>letter-active.png</texturefocus>
              <align>center</align>
              <onclick lang="python">
                <![CDATA[fyre.helpers.keyboard.keyPressed("/")]]>
              </onclick>
            </control>
            <control type="button" id="407">
              <textcolor>FFFFFFFF</textcolor>
              <texturenofocus>letter-inactive.png</texturenofocus>
              <aligny>center</aligny>
              <onup>401</onup>
              <width>50</width>
              <focusedcolor>FFFFFFFF</focusedcolor>
              <ondown>413</ondown>
              <height>50</height>
              <disabledcolor>88FFFFFF</disabledcolor>
              <onleft>406</onleft>
              <label>\</label>
              <colordiffuse>FFFFFFFF</colordiffuse>
              <onright>408</onright>
              <posy>165</posy>
              <posx>220</posx>
              <font>font28b</font>
              <texturefocus>letter-active.png</texturefocus>
              <align>center</align>
              <onclick lang="python">
                <![CDATA[fyre.helpers.keyboard.keyPressed("\\")]]>
              </onclick>
            </control>
            <control type="button" id="408">
              <textcolor>FFFFFFFF</textcolor>
              <texturenofocus>letter-inactive.png</texturenofocus>
              <aligny>center</aligny>
              <onup>402</onup>
              <width>50</width>
              <focusedcolor>FFFFFFFF</focusedcolor>
              <ondown>414</ondown>
              <height>50</height>
              <disabledcolor>88FFFFFF</disabledcolor>
              <onleft>407</onleft>
              <label>;</label>
              <colordiffuse>FFFFFFFF</colordiffuse>
              <onright>352</onright>
              <posy>165</posy>
              <posx>275</posx>
              <font>font28b</font>
              <texturefocus>letter-active.png</texturefocus>
              <align>center</align>
              <onclick lang="python">
                <![CDATA[fyre.helpers.keyboard.keyPressed(";")]]>
              </onclick>
            </control>
            <control type="button" id="409">
              <textcolor>FFFFFFFF</textcolor>
              <texturenofocus>letter-inactive.png</texturenofocus>
              <aligny>center</aligny>
              <onup>403</onup>
              <width>50</width>
              <focusedcolor>FFFFFFFF</focusedcolor>
              <ondown>415</ondown>
              <height>50</height>
              <disabledcolor>88FFFFFF</disabledcolor>
              <onleft>352</onleft>
              <label>:</label>
              <colordiffuse>FFFFFFFF</colordiffuse>
              <onright>410</onright>
              <posy>220</posy>
              <posx>0</posx>
              <font>font28b</font>
              <texturefocus>letter-active.png</texturefocus>
              <align>center</align>
              <onclick lang="python">
                <![CDATA[fyre.helpers.keyboard.keyPressed(":")]]>
              </onclick>
            </control>
            <control type="button" id="410">
              <textcolor>FFFFFFFF</textcolor>
              <texturenofocus>letter-inactive.png</texturenofocus>
              <aligny>center</aligny>
              <onup>404</onup>
              <width>50</width>
              <focusedcolor>FFFFFFFF</focusedcolor>
              <ondown>415</ondown>
              <height>50</height>
              <disabledcolor>88FFFFFF</disabledcolor>
              <onleft>409</onleft>
              <label>@</label>
              <colordiffuse>FFFFFFFF</colordiffuse>
              <onright>411</onright>
              <posy>220</posy>
              <posx>55</posx>
              <font>font28b</font>
              <texturefocus>letter-active.png</texturefocus>
              <align>center</align>
              <onclick lang="python">
                <![CDATA[fyre.helpers.keyboard.keyPressed("@")]]>
              </onclick>
            </control>
            <control type="button" id="411">
              <textcolor>FFFFFFFF</textcolor>
              <texturenofocus>letter-inactive.png</texturenofocus>
              <aligny>center</aligny>
              <onup>405</onup>
              <width>50</width>
              <focusedcolor>FFFFFFFF</focusedcolor>
              <ondown>415</ondown>
              <height>50</height>
              <disabledcolor>88FFFFFF</disabledcolor>
              <onleft>410</onleft>
              <label>&amp;</label>
              <colordiffuse>FFFFFFFF</colordiffuse>
              <onright>412</onright>
              <posy>220</posy>
              <posx>110</posx>
              <font>font28b</font>
              <texturefocus>letter-active.png</texturefocus>
              <align>center</align>
              <onclick lang="python">
                <![CDATA[fyre.helpers.keyboard.keyPressed("&")]]>
              </onclick>
            </control>
            <control type="button" id="412">
              <textcolor>FFFFFFFF</textcolor>
              <texturenofocus>letter-inactive.png</texturenofocus>
              <aligny>center</aligny>
              <onup>406</onup>
              <width>50</width>
              <focusedcolor>FFFFFFFF</focusedcolor>
              <ondown>416</ondown>
              <height>50</height>
              <disabledcolor>88FFFFFF</disabledcolor>
              <onleft>411</onleft>
              <label>!</label>
              <colordiffuse>FFFFFFFF</colordiffuse>
              <onright>413</onright>
              <posy>220</posy>
              <posx>165</posx>
              <font>font28b</font>
              <texturefocus>letter-active.png</texturefocus>
              <align>center</align>
              <onclick lang="python">
                <![CDATA[fyre.helpers.keyboard.keyPressed("!")]]>
              </onclick>
            </control>
            <control type="button" id="413">
              <textcolor>FFFFFFFF</textcolor>
              <texturenofocus>letter-inactive.png</texturenofocus>
              <aligny>center</aligny>
              <onup>407</onup>
              <width>50</width>
              <focusedcolor>FFFFFFFF</focusedcolor>
              <ondown>416</ondown>
              <height>50</height>
              <disabledcolor>88FFFFFF</disabledcolor>
              <onleft>412</onleft>
              <label>(</label>
              <colordiffuse>FFFFFFFF</colordiffuse>
              <onright>414</onright>
              <posy>220</posy>
              <posx>220</posx>
              <font>font28b</font>
              <texturefocus>letter-active.png</texturefocus>
              <align>center</align>
              <onclick lang="python">
                <![CDATA[fyre.helpers.keyboard.keyPressed("(")]]>
              </onclick>
            </control>
            <control type="button" id="414">
              <textcolor>FFFFFFFF</textcolor>
              <texturenofocus>letter-inactive.png</texturenofocus>
              <aligny>center</aligny>
              <onup>408</onup>
              <width>50</width>
              <focusedcolor>FFFFFFFF</focusedcolor>
              <ondown>416</ondown>
              <height>50</height>
              <disabledcolor>88FFFFFF</disabledcolor>
              <onleft>413</onleft>
              <label>)</label>
              <colordiffuse>FFFFFFFF</colordiffuse>
              <onright>352</onright>
              <posy>220</posy>
              <posx>275</posx>
              <font>font28b</font>
              <texturefocus>letter-active.png</texturefocus>
              <align>center</align>
              <onclick lang="python">
                <![CDATA[fyre.helpers.keyboard.keyPressed(")")]]>
              </onclick>
            </control>
            <control type="button" id="415">
              <textcolor>FFFFFFFF</textcolor>
              <texturenofocus>space-inactive.png</texturenofocus>
              <aligny>center</aligny>
              <onup>409</onup>
              <width>160</width>
              <focusedcolor>FFFFFFFF</focusedcolor>
              <ondown>417</ondown>
              <height>50</height>
              <disabledcolor>88FFFFFF</disabledcolor>
              <onleft>352</onleft>
              <label>ABC...</label>
              <colordiffuse>FFFFFFFF</colordiffuse>
              <onright>416</onright>
              <posy>275</posy>
              <posx>0</posx>
              <font>font28b</font>
              <texturefocus>space-active.png</texturefocus>
              <align>center</align>
              <onclick lang="python">
                <![CDATA[fyre.helpers.keyboard.showAlphabet()]]>
              </onclick>
            </control>
            <control type="button" id="416">
              <textcolor>FFFFFFFF</textcolor>
              <texturenofocus>space-inactive.png</texturenofocus>
              <aligny>center</aligny>
              <onup>412</onup>
              <width>160</width>
              <focusedcolor>FFFFFFFF</focusedcolor>
              <ondown>418</ondown>
              <height>50</height>
              <disabledcolor>88FFFFFF</disabledcolor>
              <onleft>415</onleft>
              <label></label>
              <colordiffuse>FFFFFFFF</colordiffuse>
              <onright>352</onright>
              <posy>275</posy>
              <posx>165</posx>
              <font>font28b</font>
              <texturefocus>space-active.png</texturefocus>
              <align>center</align>
              <onclick lang="python">
                <![CDATA[fyre.helpers.keyboard.delChar()]]>
              </onclick>
            </control>
            <control type="image">
              <width>160</width>
              <aspectratio>keep</aspectratio>
              <height>20</height>
              <texture>x.png</texture>
              <posy>290</posy>
              <posx>165</posx>
            </control>
            <control type="button" id="417">
              <textcolor>FFFFFFFF</textcolor>
              <texturenofocus>enter-inactive.png</texturenofocus>
              <aligny>center</aligny>
              <onup>415</onup>
              <width>215</width>
              <focusedcolor>FFFFFFFF</focusedcolor>
              <ondown>-</ondown>
              <height>50</height>
              <disabledcolor>88FFFFFF</disabledcolor>
              <onleft>352</onleft>
              <label>space</label>
              <colordiffuse>FFFFFFFF</colordiffuse>
              <onright>418</onright>
              <posy>330</posy>
              <posx>0</posx>
              <font>font28b</font>
              <texturefocus>enter-active.png</texturefocus>
              <align>center</align>
              <onclick lang="python">
                <![CDATA[fyre.helpers.keyboard.keyPressed(" ")]]>
              </onclick>
            </control>
            <control type="button" id="418">
              <textcolor>FFFFFFFF</textcolor>
              <texturenofocus>enter-inactive.png</texturenofocus>
              <aligny>center</aligny>
              <onup>416</onup>
              <width>105</width>
              <focusedcolor>FFFFFFFF</focusedcolor>
              <ondown>-</ondown>
              <height>50</height>
              <disabledcolor>88FFFFFF</disabledcolor>
              <onleft>417</onleft>
              <label>enter</label>
              <colordiffuse>FFFFFFFF</colordiffuse>
              <onright>352</onright>
              <posy>330</posy>
              <posx>220</posx>
              <font>font28b</font>
              <texturefocus>enter-active.png</texturefocus>
              <align>center</align>
              <onclick lang="python">
                <![CDATA[fyre.helpers.keyboard.deductAction()]]>
              </onclick>
            </control>
          </control>
        </control>
      </control>
      <control type="button" id="347">
        <texturenofocus></texturenofocus>
        <textcolor>FF7895B6</textcolor>
        <width>200</width>
        <focusedcolor>FFFFFFFF</focusedcolor>
        <ondown>346</ondown>
        <textoffsetx>25</textoffsetx>
        <height>30</height>
        <label>Show on coverflow</label>
        <posy>120</posy>
        <posx>800</posx>
        <texturefocus>selected_menu.png</texturefocus>
        <font>font18</font>
        <onclick lang="python">
          <![CDATA[
edit = mc.GetActiveWindow().GetEdit(fyre.hash.ids['movies']['edit_field'])
fyre.view.show('coverflow', 'movies', {'pattern': edit.GetText(), 'label': '"%s"' % edit.GetText().upper()})]]>
        </onclick>
        <onright lang="python">
          <![CDATA[fyre.controllers.movies.on_click(mc.GetActiveWindow().GetList(346))]]>
        </onright>
        <onleft lang="python">
          <![CDATA[fyre.helpers.keyboard.set_focus('movies')]]>
        </onleft>
      </control>
      <control type="group">
        <posy>150</posy>
        <posx>800</posx>
        <control type="image">
          <width>300</width>
          <height>500</height>
          <texture>category_search_bg.png</texture>
        </control>
        <control type="group" id="349">
          <control type="list" id="346">
            <orientation>vertical</orientation>
            <onup>347</onup>
            <preloaditems>20</preloaditems>
            <width>300</width>
            <height>470</height>
            <scrolltime>250</scrolltime>
            <posy>10</posy>
            <itemlayout width="200" height="30">
              <control type="label">
                <textcolor>FF7895B6</textcolor>
                <width>180</width>
                <height>30</height>
                <label>$INFO[ListItem.Label]</label>
                <posx>30</posx>
                <font>font18</font>
              </control>
            </itemlayout>
            <focusedlayout width="200" height="30">
              <control type="image">
                <height>30</height>
                <texture>redarrow_right.png</texture>
                <visible>Control.HasFocus(346)</visible>
              </control>
              <control type="label">
                <textcolor>FFFFFFFF</textcolor>
                <width>180</width>
                <height>30</height>
                <label>$INFO[ListItem.Label]</label>
                <posx>30</posx>
                <font>font18</font>
              </control>
            </focusedlayout>
            <content type="url">
              <onclick lang="python">
                <![CDATA[fyre.controllers.movies.on_click(mc.GetActiveWindow().GetList(346))]]>
              </onclick>
            </content>
            <onright lang="python">
              <![CDATA[fyre.controllers.movies.on_click(mc.GetActiveWindow().GetList(346))]]>
            </onright>
            <onleft lang="python">
              <![CDATA[fyre.helpers.keyboard.set_focus('movies')]]>
            </onleft>
            <ondown lang="python">
              <![CDATA[fyre.controllers.movies.next_page()]]>
            </ondown>
            <onprev lang="python">
              <![CDATA[print('back back back to black')]]>
            </onprev>
          </control>
          <control type="label">
            <label>Results $INFO[Container(346).ListItem.property(custom:index)] of </label>
            <posy>520</posy>
            <font>font18</font>
          </control>
          <control type="label" id="419">
            <label></label>
            <posx>120</posx>
            <posy>520</posy>
            <font>font18</font>
            <align>left</align>
          </control>
        </control>
        <control type="button" id="420">
          <texturenofocus>remove.png</texturenofocus>
          <width>61</width>
          <height>63</height>
          <posy>220</posy>
          <posx>120</posx>
          <texturefocus>remove.png</texturefocus>
          <visible>false</visible>
        </control>
        <control type="group">
          <visible>Control.HasFocus(346) | Control.HasFocus(347)</visible>
          <animation type="VisibleChange">
            <effect type="fade" time="600" start="0" end="100">
            </effect>
          </animation>
          <control type="group">
            <posx>470</posx>
            <visible>True</visible>
            <control type="image">
              <width>350</width>
              <height>520</height>
              <texture>$INFO[Container(346).ListItem.Thumb]</texture>
            </control>
            <control type="largeimage">
              <width>350</width>
              <height>520</height>
              <texture>$INFO[Container(346).ListItem.property(image0)]</texture>
              <posx>350</posx>
            </control>
          </control>
        </control>
      </control>
    </control>
  </controls>
</window>
