<?xml version="1.0" encoding="UTF-8"?>
<window type="window" id="14012">
  <defaultcontrol>128</defaultcontrol>
  <allowoverlay>no</allowoverlay>
  <onload lang="python">
    <![CDATA[print("ONLOAD: my_library")
if space.unload == 'my_library' and space.application_mode == 'F':
  print('loading the same view after screensaver')
  current_scope = space.cache.current().scope()
  #space.cache.clear_after_screensaver()
  mc.CloseWindow()
  space.after_screensaver = True
else:
  print(space.cache.current().scope() + ' - my_library')
  if not space.cache.current().scope() == 'my_library':
    space.cache.pop_level()

  try:
    func = getattr(fyre.controllers.my_library, 'load')
  except AttributeError:
    print('Loading view my_library (no load() method in controller)')
  else:
    print('Loading view my_library')
    space.cache.current().invalidate()
    func(space.cache.current())

]]>
  </onload>
  <onunload lang="python">
    <![CDATA[print("ONUNLOAD: my_library")
try:
  func = getattr(fyre.controllers.my_library, 'unload')
except AttributeError:
  print('Unloading view my_library (no unload() method in controller)')
else:
  print('Unloading view my_library')
  func(space.cache.current())

if not space.unload == 'player':
  space.unload = 'my_library'

]]>
  </onunload>
  <controls>
    <control type="group">
      <posy>0</posy>
      <posx>0</posx>
      <control type="image">
        <width>1280</width>
        <height>720</height>
        <texture>background.png</texture>
      </control>
      <control type="image">
        <width>1280</width>
        <height>40</height>
        <texture>nav_bar_thin.png</texture>
        <posy>40</posy>
      </control>
      <control type="image">
        <width>100</width>
        <height>80</height>
        <texture>fyretv_logo.png</texture>
        <posx>1050</posx>
      </control>
      <control type="label" id="130">
        <width>425</width>
        <height>16</height>
        <label>My Library</label>
        <posy>48</posy>
        <posx>130</posx>
        <font>font22b</font>
        <scroll>true</scroll>
      </control>
    </control>
    <control type="group" id="128">
      <defaultcontrol>129</defaultcontrol>
      <visible>true</visible>
      <animation type="WindowOpen">
        <effect type="slide" time="200" start="-1000,0" end="0,0">
        </effect>
      </animation>
      <animation type="WindowClose">
        <effect type="slide" time="200" end="2000,0" star="0,0">
        </effect>
      </animation>
      <control type="group" id="131">
        <control type="group" id="132">
          <control type="group" id="133">
            <posy>-20</posy>
            <visible>true</visible>
            <animation type="Conditional" condition="Control.IsVisible(133)">
              <effect type="fade" time="500" start="0" end="100">
              </effect>
            </animation>
            <control type="wraplist" id="134">
              <orientation>horizontal</orientation>
              <width>1440</width>
              <height>500</height>
              <scrolltime>200</scrolltime>
              <focusposition>2</focusposition>
              <posy>135</posy>
              <posx>-160</posx>
              <visible>true</visible>
              <itemlayout width="320" height="436">
                <control type="image">
                  <width>320</width>
                  <aspectratio>stretch</aspectratio>
                  <height>250</height>
                  <texture>$INFO[ListItem.Thumb]</texture>
                  <visible>ListItem.property(custom:scene)</visible>
                </control>
                <control type="image">
                  <width>300</width>
                  <aspectratio>stretch</aspectratio>
                  <height>436</height>
                  <texture>$INFO[ListItem.Thumb]</texture>
                  <visible>!ListItem.property(custom:scene)</visible>
                </control>
              </itemlayout>
              <focusedlayout width="320" height="436">
                <control type="image">
                  <width>320</width>
                  <aspectratio>stretch</aspectratio>
                  <height>250</height>
                  <texture>$INFO[ListItem.Thumb]</texture>
                  <visible>ListItem.property(custom:scene)</visible>
                </control>
                <control type="image">
                  <width>300</width>
                  <aspectratio>stretch</aspectratio>
                  <height>436</height>
                  <texture>$INFO[ListItem.Thumb]</texture>
                  <visible>!ListItem.property(custom:scene)</visible>
                </control>
              </focusedlayout>
            </control>
            <control type="group" id="129">
              <control type="button" id="135">
                <texturenofocus>redframe_sceneoutline.png</texturenofocus>
                <aligny>center</aligny>
                <width>415</width>
                <ondown>136</ondown>
                <height>350</height>
                <posy>85</posy>
                <posx>435</posx>
                <texturefocus>redframe_sceneoutline.png</texturefocus>
                <visible>Container(134).ListItem.property(custom:scene)</visible>
                <align>center</align>
                <onclick lang="python">
                  <![CDATA[fyre.controllers.my_library.enter_to_detail_page()]]>
                </onclick>
                <onright lang="python">
                  <![CDATA[fyre.controllers.my_library.scroll_right()]]>
                </onright>
                <onleft lang="python">
                  <![CDATA[fyre.controllers.my_library.scroll_left()]]>
                </onleft>
              </control>
              <control type="button" id="137">
                <texturenofocus>border.png</texturenofocus>
                <aligny>center</aligny>
                <width>415</width>
                <ondown>136</ondown>
                <height>536</height>
                <posy>85</posy>
                <posx>435</posx>
                <texturefocus>border.png</texturefocus>
                <visible>!Container(134).ListItem.property(custom:scene)</visible>
                <align>center</align>
                <onclick lang="python">
                  <![CDATA[fyre.controllers.my_library.enter_to_detail_page()]]>
                </onclick>
                <onright lang="python">
                  <![CDATA[fyre.controllers.my_library.scroll_right()]]>
                </onright>
                <onleft lang="python">
                  <![CDATA[fyre.controllers.my_library.scroll_left()]]>
                </onleft>
              </control>
            </control>
            <control type="label">
              <textcolor>FF799ab9</textcolor>
              <width>600</width>
              <height>28</height>
              <label>$INFO[Container(134).ListItem.property(title)]</label>
              <posy>85</posy>
              <posx>340</posx>
              <font>font28b</font>
              <scroll>false</scroll>
              <align>center</align>
            </control>
            <control type="label">
              <textcolor>FF799ab9</textcolor>
              <aligny>center</aligny>
              <width>200</width>
              <height>22</height>
              <label>Item $INFO[Container(134).ListItem.property(custom:index)] of </label>
              <posy>635</posy>
              <posx>60</posx>
              <font>font16b</font>
              <visible>Control.HasFocus(135) | Control.HasFocus(137)</visible>
              <align>left</align>
            </control>
            <control type="label">
              <textcolor>FFFFFFFF</textcolor>
              <height>30</height>
              <label>[B]$INFO[Container(134).ListItem.Label][/B]</label>
              <posy>90</posy>
              <posx>550</posx>
              <font>font26</font>
            </control>
            <control type="label" id="138">
              <textcolor>FF799ab9</textcolor>
              <aligny>center</aligny>
              <width>100</width>
              <height>22</height>
              <label>- </label>
              <posy>635</posy>
              <posx>140</posx>
              <font>font16b</font>
              <visible>Control.HasFocus(135) | Control.HasFocus(137)</visible>
              <align>left</align>
            </control>
          </control>
        </control>
        <control type="button" id="139">
          <texturenofocus>remove.png</texturenofocus>
          <width>61</width>
          <ondown>136</ondown>
          <height>63</height>
          <posy>329</posy>
          <posx>610</posx>
          <texturefocus>remove.png</texturefocus>
          <visible>false</visible>
        </control>
      </control>
      <control type="group" id="136">
        <width>1280</width>
        <height>360</height>
        <posy>640</posy>
        <posx>0</posx>
        <animation type="Conditional" condition="!Control.HasFocus(134) + !Control.HasFocus(135) + !Control.HasFocus(137))">
          <effect type="slide" time="200" end="0,-120">
          </effect>
        </animation>
        <control type="image">
          <width>1280</width>
          <height>240</height>
          <texture>black.png</texture>
          <colordiffuse>99000000</colordiffuse>
          <posy>0</posy>
          <posx>0</posx>
        </control>
        <control type="image">
          <width>1280</width>
          <height>1</height>
          <texture>rollout_bar.png</texture>
          <posy>0</posy>
          <posx>0</posx>
        </control>
        <control type="image">
          <width>24</width>
          <height>10</height>
          <texture>greyarrow_down.png</texture>
          <posy>5</posy>
          <posx>628</posx>
        </control>
        <control type="label">
          <textcolor>FF666666</textcolor>
          <width>100</width>
          <height>18</height>
          <label>View</label>
          <posy>27</posy>
          <posx>270</posx>
          <font>font18b</font>
          <scroll>false</scroll>
          <align>center</align>
        </control>
        <control type="label">
          <textcolor>FF666666</textcolor>
          <width>100</width>
          <height>18</height>
          <label>Sort By</label>
          <posy>27</posy>
          <posx>590</posx>
          <font>font18b</font>
          <scroll>false</scroll>
          <align>center</align>
        </control>
        <control type="togglebutton" id="140">
          <texturenofocus>active_checkcircle_without_arrow.png</texturenofocus>
          <alttexturefocus>active_checkcircle_ticked_with_arrow.png</alttexturefocus>
          <textcolor>grey</textcolor>
          <width>35</width>
          <aligny>middle</aligny>
          <onup>133</onup>
          <alttexturenofocus>active_checkcircle_ticked_without_arrow.png</alttexturenofocus>
          <focusedcolor>FFFFFFFF</focusedcolor>
          <height>20</height>
          <textoffsetx>40</textoffsetx>
          <ondown>141</ondown>
          <disabledcolor>FF333333</disabledcolor>
          <textoffsety>1</textoffsety>
          <onleft>-</onleft>
          <label>Scenes</label>
          <onright>142</onright>
          <posy>80</posy>
          <posx>270</posx>
          <texturefocus>active_checkcircle_with_arrow.png</texturefocus>
          <font>font16</font>
          <align>left</align>
          <onclick lang="python">
            <![CDATA[fyre.controllers.my_library.toggle_view_type('scene')]]>
          </onclick>
        </control>
        <control type="togglebutton" id="141">
          <texturenofocus>active_checkcircle_without_arrow.png</texturenofocus>
          <alttexturefocus>active_checkcircle_ticked_with_arrow.png</alttexturefocus>
          <textcolor>grey</textcolor>
          <width>35</width>
          <aligny>middle</aligny>
          <onup>140</onup>
          <alttexturenofocus>active_checkcircle_ticked_without_arrow.png</alttexturenofocus>
          <focusedcolor>FFFFFFFF</focusedcolor>
          <height>20</height>
          <textoffsetx>40</textoffsetx>
          <ondown>143</ondown>
          <disabledcolor>FF333333</disabledcolor>
          <textoffsety>1</textoffsety>
          <label>Movies</label>
          <onright>144</onright>
          <posy>105</posy>
          <posx>270</posx>
          <texturefocus>active_checkcircle_with_arrow.png</texturefocus>
          <font>font16</font>
          <align>left</align>
          <onclick lang="python">
            <![CDATA[fyre.controllers.my_library.toggle_view_type('movie')]]>
          </onclick>
        </control>
        <control type="togglebutton" id="143">
          <texturenofocus>active_checkcircle_without_arrow.png</texturenofocus>
          <alttexturefocus>active_checkcircle_ticked_with_arrow.png</alttexturefocus>
          <textcolor>grey</textcolor>
          <width>35</width>
          <aligny>middle</aligny>
          <onup>141</onup>
          <alttexturenofocus>active_checkcircle_ticked_without_arrow.png</alttexturenofocus>
          <focusedcolor>FFFFFFFF</focusedcolor>
          <height>20</height>
          <textoffsetx>40</textoffsetx>
          <ondown>-</ondown>
          <disabledcolor>FF333333</disabledcolor>
          <textoffsety>1</textoffsety>
          <onleft>-</onleft>
          <label>Packages</label>
          <onright>144</onright>
          <posy>130</posy>
          <posx>270</posx>
          <texturefocus>active_checkcircle_with_arrow.png</texturefocus>
          <font>font16</font>
          <align>left</align>
          <onclick lang="python">
            <![CDATA[fyre.controllers.my_library.toggle_view_type('package')]]>
          </onclick>
        </control>
        <control type="togglebutton" id="142">
          <texturenofocus>active_checkcircle_without_arrow.png</texturenofocus>
          <alttexturefocus>active_checkcircle_ticked_with_arrow.png</alttexturefocus>
          <textcolor>grey</textcolor>
          <width>35</width>
          <aligny>middle</aligny>
          <onup>133</onup>
          <alttexturenofocus>active_checkcircle_ticked_without_arrow.png</alttexturenofocus>
          <focusedcolor>FFFFFFFF</focusedcolor>
          <height>20</height>
          <textoffsetx>40</textoffsetx>
          <ondown>144</ondown>
          <disabledcolor>FF333333</disabledcolor>
          <textoffsety>1</textoffsety>
          <onleft>140</onleft>
          <label>A - Z</label>
          <posy>80</posy>
          <posx>590</posx>
          <texturefocus>active_checkcircle_with_arrow.png</texturefocus>
          <font>font16</font>
          <align>left</align>
          <onclick lang="python">
            <![CDATA[fyre.controllers.my_library.toggle_sort_button('name')]]>
          </onclick>
        </control>
        <control type="togglebutton" id="144">
          <texturenofocus>active_checkcircle_without_arrow.png</texturenofocus>
          <alttexturefocus>active_checkcircle_ticked_with_arrow.png</alttexturefocus>
          <textcolor>grey</textcolor>
          <width>35</width>
          <aligny>middle</aligny>
          <onup>142</onup>
          <alttexturenofocus>active_checkcircle_ticked_without_arrow.png</alttexturenofocus>
          <focusedcolor>FFFFFFFF</focusedcolor>
          <height>20</height>
          <textoffsetx>40</textoffsetx>
          <disabledcolor>FF333333</disabledcolor>
          <textoffsety>1</textoffsety>
          <onleft>141</onleft>
          <label>Purchase Date</label>
          <posy>105</posy>
          <posx>590</posx>
          <texturefocus>active_checkcircle_with_arrow.png</texturefocus>
          <font>font16</font>
          <align>left</align>
          <onclick lang="python">
            <![CDATA[fyre.controllers.my_library.toggle_sort_button('purchase_date')]]>
          </onclick>
        </control>
      </control>
    </control>
  </controls>
</window>
