<?xml version="1.0" encoding="UTF-8"?>
<control type="group" id="177">
  <visible>false</visible>
  <control type="group">
    <posy>0</posy>
    <posx>0</posx>
    <control type="image">
      <width>1280</width>
      <height>720</height>
      <texture>background.png</texture>
    </control>
    <control type="image">
      <width>1280</width>
      <height>40</height>
      <texture>nav_bar_thin.png</texture>
      <posy>40</posy>
    </control>
    <control type="image">
      <width>100</width>
      <height>80</height>
      <texture>fyretv_logo.png</texture>
      <posx>1050</posx>
    </control>
    <control type="label" id="178">
      <width>425</width>
      <height>16</height>
      <label>Naked News</label>
      <posy>48</posy>
      <posx>130</posx>
      <font>font22b</font>
      <scroll>true</scroll>
    </control>
  </control>
  <control type="group" id="179">
    <control type="group" id="180">
      <animation type="Conditional" condition="Control.IsVisible(180)">
        <effect type="fade" time="500" start="0" end="100">
        </effect>
      </animation>
      <control type="group">
        <posy>555</posy>
        <posx>490</posx>
        <visible>Control.HasFocus(181)</visible>
        <control type="image">
          <width>300</width>
          <height>100</height>
          <texture>bluecatalog_tab.png</texture>
          <visible>!Container(181).ListItem.property(custom:movie-type)</visible>
        </control>
        <control type="label">
          <textcolor>99000000</textcolor>
          <width>300</width>
          <height>18</height>
          <label>Catalog</label>
          <posy>45</posy>
          <font>font18b</font>
          <scroll>false</scroll>
          <align>center</align>
          <visible>!Container(181).ListItem.property(custom:movie-type)</visible>
        </control>
        <control type="image">
          <width>300</width>
          <height>100</height>
          <texture>yellowpremium_tab.png</texture>
          <visible>Container(181).ListItem.property(custom:movie-type)</visible>
        </control>
        <control type="label">
          <textcolor>99000000</textcolor>
          <width>300</width>
          <height>18</height>
          <label>New releases</label>
          <posy>45</posy>
          <font>font18b</font>
          <scroll>false</scroll>
          <align>center</align>
          <visible>Container(181).ListItem.property(custom:movie-type)</visible>
        </control>
      </control>
      <control type="group">
        <posy>155</posy>
        <control type="image">
          <width>300</width>
          <height>436</height>
          <texture>movie_placeholder.png</texture>
          <posx>-110</posx>
        </control>
        <control type="image">
          <width>300</width>
          <height>436</height>
          <texture>movie_placeholder.png</texture>
          <posx>190</posx>
        </control>
        <control type="image">
          <width>300</width>
          <height>436</height>
          <texture>movie_placeholder.png</texture>
          <posx>490</posx>
        </control>
        <control type="image">
          <width>300</width>
          <height>436</height>
          <texture>movie_placeholder.png</texture>
          <posx>790</posx>
        </control>
        <control type="image">
          <width>300</width>
          <height>436</height>
          <texture>movie_placeholder.png</texture>
          <posx>1090</posx>
        </control>
      </control>
      <control type="fixedlist" id="181">
        <orientation>horizontal</orientation>
        <width>1375</width>
        <onup>-</onup>
        <height>500</height>
        <ondown>-</ondown>
        <scrolltime>200</scrolltime>
        <focusposition>2</focusposition>
        <posy>155</posy>
        <posx>-110</posx>
        <visible>true</visible>
        <onright lang="python">
          <![CDATA[fyre.naked_news.appendCoverflow()]]>
        </onright>
        <itemlayout width="300" height="436">
          <control type="image">
            <width>300</width>
            <aspectratio>stretch</aspectratio>
            <height>436</height>
            <texture>$INFO[ListItem.Thumb]</texture>
            <posy>0</posy>
            <posx>0</posx>
          </control>
        </itemlayout>
        <focusedlayout width="300" height="436">
          <control type="image">
            <width>300</width>
            <aspectratio>stretch</aspectratio>
            <height>436</height>
            <texture>$INFO[ListItem.Thumb]</texture>
            <posy>0</posy>
            <posx>0</posx>
          </control>
        </focusedlayout>
        <content type="url">
          <onclick lang="python">
            <![CDATA[fyre.controllers.tdp.loadTitle(mc.GetActiveWindow().GetList(181).GetItem(mc.GetActiveWindow().GetList(181).GetFocusedItem()).GetProperty('movie-title-id'), [177])]]>
          </onclick>
        </content>
      </control>
      <control type="image">
        <width>391</width>
        <height>528</height>
        <texture>border.png</texture>
        <posy>109</posy>
        <posx>445</posx>
        <visible>Control.HasFocus(181)</visible>
      </control>
      <control type="label">
        <textcolor>FF799ab9</textcolor>
        <width>600</width>
        <height>28</height>
        <label>$INFO[181.ListItem.property(title)]</label>
        <posy>110</posy>
        <posx>340</posx>
        <font>font28b</font>
        <scroll>false</scroll>
        <align>center</align>
      </control>
      <control type="label">
        <textcolor>FF799ab9</textcolor>
        <aligny>center</aligny>
        <width>100</width>
        <height>22</height>
        <label>Title $INFO[Container(181).ListItem.property(custom:index)] of </label>
        <posy>605</posy>
        <posx>160</posx>
        <font>font16b</font>
        <visible>Control.HasFocus(181)</visible>
        <align>right</align>
      </control>
      <control type="label" id="182">
        <textcolor>FF799ab9</textcolor>
        <aligny>center</aligny>
        <width>100</width>
        <height>22</height>
        <label></label>
        <posy>605</posy>
        <posx>160</posx>
        <font>font16b</font>
        <visible>Control.HasFocus(181)</visible>
        <align>left</align>
      </control>
    </control>
  </control>
</control>
