<?xml version="1.0" encoding="UTF-8"?>
<window type="window" id="14015">
  <defaultcontrol>186</defaultcontrol>
  <allowoverlay>no</allowoverlay>
  <onload lang="python">
    <![CDATA[print("ONLOAD: packages")
if space.unload == 'packages' and space.application_mode == 'F':
  print('loading the same view after screensaver')
  current_scope = space.cache.current().scope()
  #space.cache.clear_after_screensaver()
  mc.CloseWindow()
  space.after_screensaver = True
else:
  print(space.cache.current().scope() + ' - packages')
  if not space.cache.current().scope() == 'packages':
    space.cache.pop_level()

  try:
    func = getattr(fyre.controllers.packages, 'load')
  except AttributeError:
    print('Loading view packages (no load() method in controller)')
  else:
    print('Loading view packages')
    space.cache.current().invalidate()
    func(space.cache.current())
fyre.helpers.keyboard.set_focus('packages')
]]>
  </onload>
  <onunload lang="python">
    <![CDATA[print("ONUNLOAD: packages")
try:
  func = getattr(fyre.controllers.packages, 'unload')
except AttributeError:
  print('Unloading view packages (no unload() method in controller)')
else:
  print('Unloading view packages')
  func(space.cache.current())

if not space.unload == 'player':
  space.unload = 'packages'

]]>
  </onunload>
  <controls>
    <control type="group">
      <posy>0</posy>
      <posx>0</posx>
      <control type="image">
        <width>1280</width>
        <height>720</height>
        <texture>background.png</texture>
      </control>
      <control type="image">
        <width>1280</width>
        <height>40</height>
        <texture>nav_bar_thin.png</texture>
        <posy>40</posy>
      </control>
      <control type="image">
        <width>100</width>
        <height>80</height>
        <texture>fyretv_logo.png</texture>
        <posx>1050</posx>
      </control>
      <control type="label" id="188">
        <width>425</width>
        <height>16</height>
        <label>Packages</label>
        <posy>48</posy>
        <posx>130</posx>
        <font>font22b</font>
        <scroll>true</scroll>
      </control>
    </control>
    <control type="group" id="186">
      <defaultcontrol>187</defaultcontrol>
      <visible>true</visible>
      <animation type="WindowOpen">
        <effect type="slide" time="200" start="-1000,0" end="0,0">
        </effect>
      </animation>
      <animation type="WindowClose">
        <effect type="slide" time="200" end="2000,0" star="0,0">
        </effect>
      </animation>
      <animation type="Conditional" condition="Control.HasFocus(189) | Control.HasFocus(190)">
        <effect type="slide" time="200" end="-700,0">
        </effect>
      </animation>
      <control type="edit" id="191">
        <textcolor>CCFFFFFF</textcolor>
        <texturenofocus>input-area.png</texturenofocus>
        <aligny>center</aligny>
        <width>330</width>
        <focusedcolor>FFFFFFFF</focusedcolor>
        <ondown>193</ondown>
        <textoffsetx>20</textoffsetx>
        <height>50</height>
        <textoffsety>0</textoffsety>
        <onright>192</onright>
        <posy>100</posy>
        <posx>20</posx>
        <font>font22b</font>
        <texturefocus>input-area.png</texturefocus>
        <align>left</align>
      </control>
      <control type="group" id="187">
        <defaultcontrol>194</defaultcontrol>
        <posx>20</posx>
        <posy>160</posy>
        <visible>True</visible>
        <control type="button" id="195">
          <texturenofocus>greyarrow_left.png</texturenofocus>
          <width>10</width>
          <height>24</height>
          <posy>230</posy>
          <posx>450</posx>
          <texturefocus>redarrow_right.png</texturefocus>
          <visible>True</visible>
          <onfocus lang="python">
            <![CDATA[fyre.helpers.keyboard.deductAction()]]>
          </onfocus>
        </control>
        <control type="group" id="193">
          <control type="group" id="196">
            <width>319</width>
            <height>380</height>
            <visible>true</visible>
            <control type="button" id="194">
              <textcolor>FFFFFFFF</textcolor>
              <texturenofocus>letter-inactive.png</texturenofocus>
              <aligny>center</aligny>
              <onup>191</onup>
              <width>50</width>
              <focusedcolor>FFFFFFFF</focusedcolor>
              <ondown>197</ondown>
              <height>50</height>
              <disabledcolor>88FFFFFF</disabledcolor>
              <onleft>195</onleft>
              <label>A</label>
              <colordiffuse>FFFFFFFF</colordiffuse>
              <onright>198</onright>
              <posy>0</posy>
              <posx>0</posx>
              <font>font28b</font>
              <texturefocus>letter-active.png</texturefocus>
              <align>center</align>
              <onclick lang="python">
                <![CDATA[fyre.helpers.keyboard.keyPressed("a")]]>
              </onclick>
            </control>
            <control type="button" id="198">
              <textcolor>FFFFFFFF</textcolor>
              <texturenofocus>letter-inactive.png</texturenofocus>
              <aligny>center</aligny>
              <onup>191</onup>
              <width>50</width>
              <focusedcolor>FFFFFFFF</focusedcolor>
              <ondown>199</ondown>
              <height>50</height>
              <disabledcolor>88FFFFFF</disabledcolor>
              <onleft>194</onleft>
              <label>B</label>
              <colordiffuse>FFFFFFFF</colordiffuse>
              <onright>200</onright>
              <posy>0</posy>
              <posx>55</posx>
              <font>font28b</font>
              <texturefocus>letter-active.png</texturefocus>
              <align>center</align>
              <onclick lang="python">
                <![CDATA[fyre.helpers.keyboard.keyPressed("b")]]>
              </onclick>
            </control>
            <control type="button" id="200">
              <textcolor>FFFFFFFF</textcolor>
              <texturenofocus>letter-inactive.png</texturenofocus>
              <aligny>center</aligny>
              <onup>191</onup>
              <width>50</width>
              <focusedcolor>FFFFFFFF</focusedcolor>
              <ondown>201</ondown>
              <height>50</height>
              <disabledcolor>88FFFFFF</disabledcolor>
              <onleft>198</onleft>
              <label>C</label>
              <colordiffuse>FFFFFFFF</colordiffuse>
              <onright>202</onright>
              <posy>0</posy>
              <posx>110</posx>
              <font>font28b</font>
              <texturefocus>letter-active.png</texturefocus>
              <align>center</align>
              <onclick lang="python">
                <![CDATA[fyre.helpers.keyboard.keyPressed("c")]]>
              </onclick>
            </control>
            <control type="button" id="202">
              <textcolor>FFFFFFFF</textcolor>
              <texturenofocus>letter-inactive.png</texturenofocus>
              <aligny>center</aligny>
              <onup>191</onup>
              <width>50</width>
              <focusedcolor>FFFFFFFF</focusedcolor>
              <ondown>203</ondown>
              <height>50</height>
              <disabledcolor>88FFFFFF</disabledcolor>
              <onleft>200</onleft>
              <label>D</label>
              <colordiffuse>FFFFFFFF</colordiffuse>
              <onright>204</onright>
              <posy>0</posy>
              <posx>165</posx>
              <font>font28b</font>
              <texturefocus>letter-active.png</texturefocus>
              <align>center</align>
              <onclick lang="python">
                <![CDATA[fyre.helpers.keyboard.keyPressed("d")]]>
              </onclick>
            </control>
            <control type="button" id="204">
              <textcolor>FFFFFFFF</textcolor>
              <texturenofocus>letter-inactive.png</texturenofocus>
              <aligny>center</aligny>
              <onup>191</onup>
              <width>50</width>
              <focusedcolor>FFFFFFFF</focusedcolor>
              <ondown>205</ondown>
              <height>50</height>
              <disabledcolor>88FFFFFF</disabledcolor>
              <onleft>202</onleft>
              <label>E</label>
              <colordiffuse>FFFFFFFF</colordiffuse>
              <onright>206</onright>
              <posy>0</posy>
              <posx>220</posx>
              <font>font28b</font>
              <texturefocus>letter-active.png</texturefocus>
              <align>center</align>
              <onclick lang="python">
                <![CDATA[fyre.helpers.keyboard.keyPressed("e")]]>
              </onclick>
            </control>
            <control type="button" id="206">
              <textcolor>FFFFFFFF</textcolor>
              <texturenofocus>letter-inactive.png</texturenofocus>
              <aligny>center</aligny>
              <onup>191</onup>
              <width>50</width>
              <focusedcolor>FFFFFFFF</focusedcolor>
              <ondown>207</ondown>
              <height>50</height>
              <disabledcolor>88FFFFFF</disabledcolor>
              <onleft>204</onleft>
              <label>F</label>
              <colordiffuse>FFFFFFFF</colordiffuse>
              <onright>195</onright>
              <posy>0</posy>
              <posx>275</posx>
              <font>font28b</font>
              <texturefocus>letter-active.png</texturefocus>
              <align>center</align>
              <onclick lang="python">
                <![CDATA[fyre.helpers.keyboard.keyPressed("f")]]>
              </onclick>
            </control>
            <control type="button" id="197">
              <textcolor>FFFFFFFF</textcolor>
              <texturenofocus>letter-inactive.png</texturenofocus>
              <aligny>center</aligny>
              <onup>194</onup>
              <width>50</width>
              <focusedcolor>FFFFFFFF</focusedcolor>
              <ondown>208</ondown>
              <height>50</height>
              <disabledcolor>88FFFFFF</disabledcolor>
              <onleft>195</onleft>
              <label>G</label>
              <colordiffuse>FFFFFFFF</colordiffuse>
              <onright>199</onright>
              <posy>55</posy>
              <posx>0</posx>
              <font>font28b</font>
              <texturefocus>letter-active.png</texturefocus>
              <align>center</align>
              <onclick lang="python">
                <![CDATA[fyre.helpers.keyboard.keyPressed("g")]]>
              </onclick>
            </control>
            <control type="button" id="199">
              <textcolor>FFFFFFFF</textcolor>
              <texturenofocus>letter-inactive.png</texturenofocus>
              <aligny>center</aligny>
              <onup>198</onup>
              <width>50</width>
              <focusedcolor>FFFFFFFF</focusedcolor>
              <ondown>209</ondown>
              <height>50</height>
              <disabledcolor>88FFFFFF</disabledcolor>
              <onleft>197</onleft>
              <label>H</label>
              <colordiffuse>FFFFFFFF</colordiffuse>
              <onright>201</onright>
              <posy>55</posy>
              <posx>55</posx>
              <font>font28b</font>
              <texturefocus>letter-active.png</texturefocus>
              <align>center</align>
              <onclick lang="python">
                <![CDATA[fyre.helpers.keyboard.keyPressed("h")]]>
              </onclick>
            </control>
            <control type="button" id="201">
              <textcolor>FFFFFFFF</textcolor>
              <texturenofocus>letter-inactive.png</texturenofocus>
              <aligny>center</aligny>
              <onup>200</onup>
              <width>50</width>
              <focusedcolor>FFFFFFFF</focusedcolor>
              <ondown>210</ondown>
              <height>50</height>
              <disabledcolor>88FFFFFF</disabledcolor>
              <onleft>199</onleft>
              <label>I</label>
              <colordiffuse>FFFFFFFF</colordiffuse>
              <onright>203</onright>
              <posy>55</posy>
              <posx>110</posx>
              <font>font28b</font>
              <texturefocus>letter-active.png</texturefocus>
              <align>center</align>
              <onclick lang="python">
                <![CDATA[fyre.helpers.keyboard.keyPressed("i")]]>
              </onclick>
            </control>
            <control type="button" id="203">
              <textcolor>FFFFFFFF</textcolor>
              <texturenofocus>letter-inactive.png</texturenofocus>
              <aligny>center</aligny>
              <onup>202</onup>
              <width>50</width>
              <focusedcolor>FFFFFFFF</focusedcolor>
              <ondown>211</ondown>
              <height>50</height>
              <disabledcolor>88FFFFFF</disabledcolor>
              <onleft>201</onleft>
              <label>J</label>
              <colordiffuse>FFFFFFFF</colordiffuse>
              <onright>205</onright>
              <posy>55</posy>
              <posx>165</posx>
              <font>font28b</font>
              <texturefocus>letter-active.png</texturefocus>
              <align>center</align>
              <onclick lang="python">
                <![CDATA[fyre.helpers.keyboard.keyPressed("j")]]>
              </onclick>
            </control>
            <control type="button" id="205">
              <textcolor>FFFFFFFF</textcolor>
              <texturenofocus>letter-inactive.png</texturenofocus>
              <aligny>center</aligny>
              <onup>204</onup>
              <width>50</width>
              <focusedcolor>FFFFFFFF</focusedcolor>
              <ondown>212</ondown>
              <height>50</height>
              <disabledcolor>88FFFFFF</disabledcolor>
              <onleft>203</onleft>
              <label>K</label>
              <colordiffuse>FFFFFFFF</colordiffuse>
              <onright>207</onright>
              <posy>55</posy>
              <posx>220</posx>
              <font>font28b</font>
              <texturefocus>letter-active.png</texturefocus>
              <align>center</align>
              <onclick lang="python">
                <![CDATA[fyre.helpers.keyboard.keyPressed("k")]]>
              </onclick>
            </control>
            <control type="button" id="207">
              <textcolor>FFFFFFFF</textcolor>
              <texturenofocus>letter-inactive.png</texturenofocus>
              <aligny>center</aligny>
              <onup>206</onup>
              <width>50</width>
              <focusedcolor>FFFFFFFF</focusedcolor>
              <ondown>213</ondown>
              <height>50</height>
              <disabledcolor>88FFFFFF</disabledcolor>
              <onleft>205</onleft>
              <label>L</label>
              <colordiffuse>FFFFFFFF</colordiffuse>
              <onright>195</onright>
              <posy>55</posy>
              <posx>275</posx>
              <font>font28b</font>
              <texturefocus>letter-active.png</texturefocus>
              <align>center</align>
              <onclick lang="python">
                <![CDATA[fyre.helpers.keyboard.keyPressed("l")]]>
              </onclick>
            </control>
            <control type="button" id="208">
              <textcolor>FFFFFFFF</textcolor>
              <texturenofocus>letter-inactive.png</texturenofocus>
              <aligny>center</aligny>
              <onup>197</onup>
              <width>50</width>
              <focusedcolor>FFFFFFFF</focusedcolor>
              <ondown>214</ondown>
              <height>50</height>
              <disabledcolor>88FFFFFF</disabledcolor>
              <onleft>195</onleft>
              <label>M</label>
              <colordiffuse>FFFFFFFF</colordiffuse>
              <onright>209</onright>
              <posy>110</posy>
              <posx>0</posx>
              <font>font28b</font>
              <texturefocus>letter-active.png</texturefocus>
              <align>center</align>
              <onclick lang="python">
                <![CDATA[fyre.helpers.keyboard.keyPressed("m")]]>
              </onclick>
            </control>
            <control type="button" id="209">
              <textcolor>FFFFFFFF</textcolor>
              <texturenofocus>letter-inactive.png</texturenofocus>
              <aligny>center</aligny>
              <onup>199</onup>
              <width>50</width>
              <focusedcolor>FFFFFFFF</focusedcolor>
              <ondown>215</ondown>
              <height>50</height>
              <disabledcolor>88FFFFFF</disabledcolor>
              <onleft>208</onleft>
              <label>N</label>
              <colordiffuse>FFFFFFFF</colordiffuse>
              <onright>210</onright>
              <posy>110</posy>
              <posx>55</posx>
              <font>font28b</font>
              <texturefocus>letter-active.png</texturefocus>
              <align>center</align>
              <onclick lang="python">
                <![CDATA[fyre.helpers.keyboard.keyPressed("n")]]>
              </onclick>
            </control>
            <control type="button" id="210">
              <textcolor>FFFFFFFF</textcolor>
              <texturenofocus>letter-inactive.png</texturenofocus>
              <aligny>center</aligny>
              <onup>201</onup>
              <width>50</width>
              <focusedcolor>FFFFFFFF</focusedcolor>
              <ondown>216</ondown>
              <height>50</height>
              <disabledcolor>88FFFFFF</disabledcolor>
              <onleft>209</onleft>
              <label>O</label>
              <colordiffuse>FFFFFFFF</colordiffuse>
              <onright>211</onright>
              <posy>110</posy>
              <posx>110</posx>
              <font>font28b</font>
              <texturefocus>letter-active.png</texturefocus>
              <align>center</align>
              <onclick lang="python">
                <![CDATA[fyre.helpers.keyboard.keyPressed("o")]]>
              </onclick>
            </control>
            <control type="button" id="211">
              <textcolor>FFFFFFFF</textcolor>
              <texturenofocus>letter-inactive.png</texturenofocus>
              <aligny>center</aligny>
              <onup>203</onup>
              <width>50</width>
              <focusedcolor>FFFFFFFF</focusedcolor>
              <ondown>217</ondown>
              <height>50</height>
              <disabledcolor>88FFFFFF</disabledcolor>
              <onleft>210</onleft>
              <label>P</label>
              <colordiffuse>FFFFFFFF</colordiffuse>
              <onright>212</onright>
              <posy>110</posy>
              <posx>165</posx>
              <font>font28b</font>
              <texturefocus>letter-active.png</texturefocus>
              <align>center</align>
              <onclick lang="python">
                <![CDATA[fyre.helpers.keyboard.keyPressed("p")]]>
              </onclick>
            </control>
            <control type="button" id="212">
              <textcolor>FFFFFFFF</textcolor>
              <texturenofocus>letter-inactive.png</texturenofocus>
              <aligny>center</aligny>
              <onup>205</onup>
              <width>50</width>
              <focusedcolor>FFFFFFFF</focusedcolor>
              <ondown>218</ondown>
              <height>50</height>
              <disabledcolor>88FFFFFF</disabledcolor>
              <onleft>211</onleft>
              <label>Q</label>
              <colordiffuse>FFFFFFFF</colordiffuse>
              <onright>213</onright>
              <posy>110</posy>
              <posx>220</posx>
              <font>font28b</font>
              <texturefocus>letter-active.png</texturefocus>
              <align>center</align>
              <onclick lang="python">
                <![CDATA[fyre.helpers.keyboard.keyPressed("q")]]>
              </onclick>
            </control>
            <control type="button" id="213">
              <textcolor>FFFFFFFF</textcolor>
              <texturenofocus>letter-inactive.png</texturenofocus>
              <aligny>center</aligny>
              <onup>207</onup>
              <width>50</width>
              <focusedcolor>FFFFFFFF</focusedcolor>
              <ondown>219</ondown>
              <height>50</height>
              <disabledcolor>88FFFFFF</disabledcolor>
              <onleft>212</onleft>
              <label>R</label>
              <colordiffuse>FFFFFFFF</colordiffuse>
              <onright>195</onright>
              <posy>110</posy>
              <posx>275</posx>
              <font>font28b</font>
              <texturefocus>letter-active.png</texturefocus>
              <align>center</align>
              <onclick lang="python">
                <![CDATA[fyre.helpers.keyboard.keyPressed("r")]]>
              </onclick>
            </control>
            <control type="button" id="214">
              <textcolor>FFFFFFFF</textcolor>
              <texturenofocus>letter-inactive.png</texturenofocus>
              <aligny>center</aligny>
              <onup>208</onup>
              <width>50</width>
              <focusedcolor>FFFFFFFF</focusedcolor>
              <ondown>220</ondown>
              <height>50</height>
              <disabledcolor>88FFFFFF</disabledcolor>
              <onleft>195</onleft>
              <label>S</label>
              <colordiffuse>FFFFFFFF</colordiffuse>
              <onright>215</onright>
              <posy>165</posy>
              <posx>0</posx>
              <font>font28b</font>
              <texturefocus>letter-active.png</texturefocus>
              <align>center</align>
              <onclick lang="python">
                <![CDATA[fyre.helpers.keyboard.keyPressed("s")]]>
              </onclick>
            </control>
            <control type="button" id="215">
              <textcolor>FFFFFFFF</textcolor>
              <texturenofocus>letter-inactive.png</texturenofocus>
              <aligny>center</aligny>
              <onup>209</onup>
              <width>50</width>
              <focusedcolor>FFFFFFFF</focusedcolor>
              <ondown>220</ondown>
              <height>50</height>
              <disabledcolor>88FFFFFF</disabledcolor>
              <onleft>214</onleft>
              <label>T</label>
              <colordiffuse>FFFFFFFF</colordiffuse>
              <onright>216</onright>
              <posy>165</posy>
              <posx>55</posx>
              <font>font28b</font>
              <texturefocus>letter-active.png</texturefocus>
              <align>center</align>
              <onclick lang="python">
                <![CDATA[fyre.helpers.keyboard.keyPressed("t")]]>
              </onclick>
            </control>
            <control type="button" id="216">
              <textcolor>FFFFFFFF</textcolor>
              <texturenofocus>letter-inactive.png</texturenofocus>
              <aligny>center</aligny>
              <onup>210</onup>
              <width>50</width>
              <focusedcolor>FFFFFFFF</focusedcolor>
              <ondown>221</ondown>
              <height>50</height>
              <disabledcolor>88FFFFFF</disabledcolor>
              <onleft>215</onleft>
              <label>U</label>
              <colordiffuse>FFFFFFFF</colordiffuse>
              <onright>217</onright>
              <posy>165</posy>
              <posx>110</posx>
              <font>font28b</font>
              <texturefocus>letter-active.png</texturefocus>
              <align>center</align>
              <onclick lang="python">
                <![CDATA[fyre.helpers.keyboard.keyPressed("u")]]>
              </onclick>
            </control>
            <control type="button" id="217">
              <textcolor>FFFFFFFF</textcolor>
              <texturenofocus>letter-inactive.png</texturenofocus>
              <aligny>center</aligny>
              <onup>211</onup>
              <width>50</width>
              <focusedcolor>FFFFFFFF</focusedcolor>
              <ondown>222</ondown>
              <height>50</height>
              <disabledcolor>88FFFFFF</disabledcolor>
              <onleft>216</onleft>
              <label>V</label>
              <colordiffuse>FFFFFFFF</colordiffuse>
              <onright>218</onright>
              <posy>165</posy>
              <posx>165</posx>
              <font>font28b</font>
              <texturefocus>letter-active.png</texturefocus>
              <align>center</align>
              <onclick lang="python">
                <![CDATA[fyre.helpers.keyboard.keyPressed("v")]]>
              </onclick>
            </control>
            <control type="button" id="218">
              <textcolor>FFFFFFFF</textcolor>
              <texturenofocus>letter-inactive.png</texturenofocus>
              <aligny>center</aligny>
              <onup>212</onup>
              <width>50</width>
              <focusedcolor>FFFFFFFF</focusedcolor>
              <ondown>223</ondown>
              <height>50</height>
              <disabledcolor>88FFFFFF</disabledcolor>
              <onleft>217</onleft>
              <label>W</label>
              <colordiffuse>FFFFFFFF</colordiffuse>
              <onright>219</onright>
              <posy>165</posy>
              <posx>220</posx>
              <font>font28b</font>
              <texturefocus>letter-active.png</texturefocus>
              <align>center</align>
              <onclick lang="python">
                <![CDATA[fyre.helpers.keyboard.keyPressed("w")]]>
              </onclick>
            </control>
            <control type="button" id="219">
              <textcolor>FFFFFFFF</textcolor>
              <texturenofocus>letter-inactive.png</texturenofocus>
              <aligny>center</aligny>
              <onup>213</onup>
              <width>50</width>
              <focusedcolor>FFFFFFFF</focusedcolor>
              <ondown>223</ondown>
              <height>50</height>
              <disabledcolor>88FFFFFF</disabledcolor>
              <onleft>218</onleft>
              <label>X</label>
              <colordiffuse>FFFFFFFF</colordiffuse>
              <onright>195</onright>
              <posy>165</posy>
              <posx>275</posx>
              <font>font28b</font>
              <texturefocus>letter-active.png</texturefocus>
              <align>center</align>
              <onclick lang="python">
                <![CDATA[fyre.helpers.keyboard.keyPressed("x")]]>
              </onclick>
            </control>
            <control type="button" id="220">
              <textcolor>FFFFFFFF</textcolor>
              <texturenofocus>enter-inactive.png</texturenofocus>
              <aligny>center</aligny>
              <onup>214</onup>
              <width>105</width>
              <focusedcolor>FFFFFFFF</focusedcolor>
              <ondown>224</ondown>
              <height>50</height>
              <disabledcolor>88FFFFFF</disabledcolor>
              <onleft>195</onleft>
              <label></label>
              <colordiffuse>FFFFFFFF</colordiffuse>
              <onright>221</onright>
              <posy>220</posy>
              <posx>0</posx>
              <font>font28b</font>
              <texturefocus>enter-active.png</texturefocus>
              <align>center</align>
              <onclick lang="python">
                <![CDATA[fyre.helpers.keyboard.toggleShift()]]>
              </onclick>
            </control>
            <control type="image">
              <width>105</width>
              <aspectratio>keep</aspectratio>
              <height>20</height>
              <texture>shift-icon.png</texture>
              <posy>235</posy>
              <posx>0</posx>
            </control>
            <control type="button" id="221">
              <textcolor>FFFFFFFF</textcolor>
              <texturenofocus>letter-inactive.png</texturenofocus>
              <aligny>center</aligny>
              <onup>216</onup>
              <width>50</width>
              <focusedcolor>FFFFFFFF</focusedcolor>
              <ondown>224</ondown>
              <height>50</height>
              <disabledcolor>88FFFFFF</disabledcolor>
              <onleft>220</onleft>
              <label>Y</label>
              <colordiffuse>FFFFFFFF</colordiffuse>
              <onright>222</onright>
              <posy>220</posy>
              <posx>110</posx>
              <font>font28b</font>
              <texturefocus>letter-active.png</texturefocus>
              <align>center</align>
              <onclick lang="python">
                <![CDATA[fyre.helpers.keyboard.keyPressed("y")]]>
              </onclick>
            </control>
            <control type="button" id="222">
              <textcolor>FFFFFFFF</textcolor>
              <texturenofocus>letter-inactive.png</texturenofocus>
              <aligny>center</aligny>
              <onup>217</onup>
              <width>50</width>
              <focusedcolor>FFFFFFFF</focusedcolor>
              <ondown>225</ondown>
              <height>50</height>
              <disabledcolor>88FFFFFF</disabledcolor>
              <onleft>221</onleft>
              <label>Z</label>
              <colordiffuse>FFFFFFFF</colordiffuse>
              <onright>223</onright>
              <posy>220</posy>
              <posx>165</posx>
              <font>font28b</font>
              <texturefocus>letter-active.png</texturefocus>
              <align>center</align>
              <onclick lang="python">
                <![CDATA[fyre.helpers.keyboard.keyPressed("z")]]>
              </onclick>
            </control>
            <control type="button" id="223">
              <textcolor>FFFFFFFF</textcolor>
              <texturenofocus>enter-inactive.png</texturenofocus>
              <aligny>center</aligny>
              <onup>218</onup>
              <width>105</width>
              <focusedcolor>FFFFFFFF</focusedcolor>
              <ondown>225</ondown>
              <height>50</height>
              <disabledcolor>88FFFFFF</disabledcolor>
              <onleft>222</onleft>
              <label></label>
              <colordiffuse>FFFFFFFF</colordiffuse>
              <onright>195</onright>
              <posy>220</posy>
              <posx>220</posx>
              <font>font28b</font>
              <texturefocus>enter-active.png</texturefocus>
              <align>center</align>
              <onclick lang="python">
                <![CDATA[fyre.helpers.keyboard.delChar()]]>
              </onclick>
            </control>
            <control type="image">
              <width>105</width>
              <aspectratio>keep</aspectratio>
              <height>20</height>
              <texture>x.png</texture>
              <posy>235</posy>
              <posx>220</posx>
            </control>
            <control type="button" id="224">
              <textcolor>FFFFFFFF</textcolor>
              <texturenofocus>enter-inactive.png</texturenofocus>
              <aligny>center</aligny>
              <onup>220</onup>
              <width>160</width>
              <focusedcolor>FFFFFFFF</focusedcolor>
              <ondown>226</ondown>
              <height>50</height>
              <disabledcolor>88FFFFFF</disabledcolor>
              <onleft>195</onleft>
              <label>num...</label>
              <colordiffuse>FFFFFFFF</colordiffuse>
              <onright>225</onright>
              <posy>275</posy>
              <posx>0</posx>
              <font>font28b</font>
              <texturefocus>enter-active.png</texturefocus>
              <align>center</align>
              <onclick lang="python">
                <![CDATA[fyre.helpers.keyboard.showNumbers()]]>
              </onclick>
            </control>
            <control type="button" id="225">
              <textcolor>FFFFFFFF</textcolor>
              <texturenofocus>enter-inactive.png</texturenofocus>
              <aligny>center</aligny>
              <onup>222</onup>
              <width>160</width>
              <focusedcolor>FFFFFFFF</focusedcolor>
              <ondown>226</ondown>
              <height>50</height>
              <disabledcolor>88FFFFFF</disabledcolor>
              <onleft>224</onleft>
              <label>enter</label>
              <colordiffuse>FFFFFFFF</colordiffuse>
              <onright>195</onright>
              <posy>275</posy>
              <posx>165</posx>
              <font>font28b</font>
              <texturefocus>enter-active.png</texturefocus>
              <align>center</align>
              <onclick lang="python">
                <![CDATA[fyre.helpers.keyboard.deductAction()]]>
              </onclick>
            </control>
            <control type="button" id="226">
              <textcolor>FFFFFFFF</textcolor>
              <texturenofocus>space-inactive.png</texturenofocus>
              <aligny>center</aligny>
              <onup>224</onup>
              <width>215</width>
              <focusedcolor>FFFFFFFF</focusedcolor>
              <ondown>-</ondown>
              <height>50</height>
              <disabledcolor>88FFFFFF</disabledcolor>
              <onleft>195</onleft>
              <label>space</label>
              <colordiffuse>FFFFFFFF</colordiffuse>
              <onright>195</onright>
              <posy>330</posy>
              <posx>55</posx>
              <font>font28b</font>
              <texturefocus>space-active.png</texturefocus>
              <align>center</align>
              <onclick lang="python">
                <![CDATA[fyre.helpers.keyboard.keyPressed(" ")]]>
              </onclick>
            </control>
          </control>
          <control type="group" id="227">
            <width>319</width>
            <height>380</height>
            <visible>false</visible>
            <control type="button" id="228">
              <textcolor>FFFFFFFF</textcolor>
              <texturenofocus>letter-inactive.png</texturenofocus>
              <aligny>center</aligny>
              <onup>191</onup>
              <width>50</width>
              <focusedcolor>FFFFFFFF</focusedcolor>
              <ondown>229</ondown>
              <height>50</height>
              <disabledcolor>88FFFFFF</disabledcolor>
              <onleft>195</onleft>
              <label> 1 </label>
              <colordiffuse>FFFFFFFF</colordiffuse>
              <onright>230</onright>
              <posy>0</posy>
              <posx>0</posx>
              <font>font28b</font>
              <texturefocus>letter-active.png</texturefocus>
              <align>center</align>
              <onclick lang="python">
                <![CDATA[fyre.helpers.keyboard.keyPressed("1")]]>
              </onclick>
            </control>
            <control type="button" id="230">
              <textcolor>FFFFFFFF</textcolor>
              <texturenofocus>letter-inactive.png</texturenofocus>
              <aligny>center</aligny>
              <onup>191</onup>
              <width>50</width>
              <focusedcolor>FFFFFFFF</focusedcolor>
              <ondown>231</ondown>
              <height>50</height>
              <disabledcolor>88FFFFFF</disabledcolor>
              <onleft>228</onleft>
              <label> 2 </label>
              <colordiffuse>FFFFFFFF</colordiffuse>
              <onright>232</onright>
              <posy>0</posy>
              <posx>55</posx>
              <font>font28b</font>
              <texturefocus>letter-active.png</texturefocus>
              <align>center</align>
              <onclick lang="python">
                <![CDATA[fyre.helpers.keyboard.keyPressed("2")]]>
              </onclick>
            </control>
            <control type="button" id="232">
              <textcolor>FFFFFFFF</textcolor>
              <texturenofocus>letter-inactive.png</texturenofocus>
              <aligny>center</aligny>
              <onup>191</onup>
              <width>50</width>
              <focusedcolor>FFFFFFFF</focusedcolor>
              <ondown>233</ondown>
              <height>50</height>
              <disabledcolor>88FFFFFF</disabledcolor>
              <onleft>230</onleft>
              <label> 3 </label>
              <colordiffuse>FFFFFFFF</colordiffuse>
              <onright>234</onright>
              <posy>0</posy>
              <posx>110</posx>
              <font>font28b</font>
              <texturefocus>letter-active.png</texturefocus>
              <align>center</align>
              <onclick lang="python">
                <![CDATA[fyre.helpers.keyboard.keyPressed("3")]]>
              </onclick>
            </control>
            <control type="button" id="234">
              <textcolor>FFFFFFFF</textcolor>
              <texturenofocus>letter-inactive.png</texturenofocus>
              <aligny>center</aligny>
              <onup>191</onup>
              <width>50</width>
              <focusedcolor>FFFFFFFF</focusedcolor>
              <ondown>235</ondown>
              <height>50</height>
              <disabledcolor>88FFFFFF</disabledcolor>
              <onleft>232</onleft>
              <label> 4 </label>
              <colordiffuse>FFFFFFFF</colordiffuse>
              <onright>236</onright>
              <posy>0</posy>
              <posx>165</posx>
              <font>font28b</font>
              <texturefocus>letter-active.png</texturefocus>
              <align>center</align>
              <onclick lang="python">
                <![CDATA[fyre.helpers.keyboard.keyPressed("4")]]>
              </onclick>
            </control>
            <control type="button" id="236">
              <textcolor>FFFFFFFF</textcolor>
              <texturenofocus>letter-inactive.png</texturenofocus>
              <aligny>center</aligny>
              <onup>191</onup>
              <width>50</width>
              <focusedcolor>FFFFFFFF</focusedcolor>
              <ondown>237</ondown>
              <height>50</height>
              <disabledcolor>88FFFFFF</disabledcolor>
              <onleft>234</onleft>
              <label> 5 </label>
              <colordiffuse>FFFFFFFF</colordiffuse>
              <onright>238</onright>
              <posy>0</posy>
              <posx>220</posx>
              <font>font28b</font>
              <texturefocus>letter-active.png</texturefocus>
              <align>center</align>
              <onclick lang="python">
                <![CDATA[fyre.helpers.keyboard.keyPressed("5")]]>
              </onclick>
            </control>
            <control type="button" id="238">
              <textcolor>FFFFFFFF</textcolor>
              <texturenofocus>letter-inactive.png</texturenofocus>
              <aligny>center</aligny>
              <onup>191</onup>
              <width>50</width>
              <focusedcolor>FFFFFFFF</focusedcolor>
              <ondown>239</ondown>
              <height>50</height>
              <disabledcolor>88FFFFFF</disabledcolor>
              <onleft>236</onleft>
              <label> 6 </label>
              <colordiffuse>FFFFFFFF</colordiffuse>
              <onright>195</onright>
              <posy>0</posy>
              <posx>275</posx>
              <font>font28b</font>
              <texturefocus>letter-active.png</texturefocus>
              <align>center</align>
              <onclick lang="python">
                <![CDATA[fyre.helpers.keyboard.keyPressed("6")]]>
              </onclick>
            </control>
            <control type="button" id="229">
              <textcolor>FFFFFFFF</textcolor>
              <texturenofocus>letter-inactive.png</texturenofocus>
              <aligny>center</aligny>
              <onup>228</onup>
              <width>50</width>
              <focusedcolor>FFFFFFFF</focusedcolor>
              <ondown>240</ondown>
              <height>50</height>
              <disabledcolor>88FFFFFF</disabledcolor>
              <onleft>195</onleft>
              <label> 7 </label>
              <colordiffuse>FFFFFFFF</colordiffuse>
              <onright>231</onright>
              <posy>55</posy>
              <posx>0</posx>
              <font>font28b</font>
              <texturefocus>letter-active.png</texturefocus>
              <align>center</align>
              <onclick lang="python">
                <![CDATA[fyre.helpers.keyboard.keyPressed("7")]]>
              </onclick>
            </control>
            <control type="button" id="231">
              <textcolor>FFFFFFFF</textcolor>
              <texturenofocus>letter-inactive.png</texturenofocus>
              <aligny>center</aligny>
              <onup>230</onup>
              <width>50</width>
              <focusedcolor>FFFFFFFF</focusedcolor>
              <ondown>241</ondown>
              <height>50</height>
              <disabledcolor>88FFFFFF</disabledcolor>
              <onleft>229</onleft>
              <label> 8 </label>
              <colordiffuse>FFFFFFFF</colordiffuse>
              <onright>233</onright>
              <posy>55</posy>
              <posx>55</posx>
              <font>font28b</font>
              <texturefocus>letter-active.png</texturefocus>
              <align>center</align>
              <onclick lang="python">
                <![CDATA[fyre.helpers.keyboard.keyPressed("8")]]>
              </onclick>
            </control>
            <control type="button" id="233">
              <textcolor>FFFFFFFF</textcolor>
              <texturenofocus>letter-inactive.png</texturenofocus>
              <aligny>center</aligny>
              <onup>232</onup>
              <width>50</width>
              <focusedcolor>FFFFFFFF</focusedcolor>
              <ondown>242</ondown>
              <height>50</height>
              <disabledcolor>88FFFFFF</disabledcolor>
              <onleft>231</onleft>
              <label> 9 </label>
              <colordiffuse>FFFFFFFF</colordiffuse>
              <onright>235</onright>
              <posy>55</posy>
              <posx>110</posx>
              <font>font28b</font>
              <texturefocus>letter-active.png</texturefocus>
              <align>center</align>
              <onclick lang="python">
                <![CDATA[fyre.helpers.keyboard.keyPressed("9")]]>
              </onclick>
            </control>
            <control type="button" id="235">
              <textcolor>FFFFFFFF</textcolor>
              <texturenofocus>letter-inactive.png</texturenofocus>
              <aligny>center</aligny>
              <onup>234</onup>
              <width>50</width>
              <focusedcolor>FFFFFFFF</focusedcolor>
              <ondown>243</ondown>
              <height>50</height>
              <disabledcolor>88FFFFFF</disabledcolor>
              <onleft>233</onleft>
              <label> 0 </label>
              <colordiffuse>FFFFFFFF</colordiffuse>
              <onright>237</onright>
              <posy>55</posy>
              <posx>165</posx>
              <font>font28b</font>
              <texturefocus>letter-active.png</texturefocus>
              <align>center</align>
              <onclick lang="python">
                <![CDATA[fyre.helpers.keyboard.keyPressed("0")]]>
              </onclick>
            </control>
            <control type="button" id="237">
              <textcolor>FFFFFFFF</textcolor>
              <texturenofocus>letter-inactive.png</texturenofocus>
              <aligny>center</aligny>
              <onup>236</onup>
              <width>50</width>
              <focusedcolor>FFFFFFFF</focusedcolor>
              <ondown>244</ondown>
              <height>50</height>
              <disabledcolor>88FFFFFF</disabledcolor>
              <onleft>235</onleft>
              <label>$</label>
              <colordiffuse>FFFFFFFF</colordiffuse>
              <onright>239</onright>
              <posy>55</posy>
              <posx>220</posx>
              <font>font28b</font>
              <texturefocus>letter-active.png</texturefocus>
              <align>center</align>
              <onclick lang="python">
                <![CDATA[fyre.helpers.keyboard.keyPressed("$")]]>
              </onclick>
            </control>
            <control type="button" id="239">
              <textcolor>FFFFFFFF</textcolor>
              <texturenofocus>letter-inactive.png</texturenofocus>
              <aligny>center</aligny>
              <onup>238</onup>
              <width>50</width>
              <focusedcolor>FFFFFFFF</focusedcolor>
              <ondown>245</ondown>
              <height>50</height>
              <disabledcolor>88FFFFFF</disabledcolor>
              <onleft>237</onleft>
              <label>.</label>
              <colordiffuse>FFFFFFFF</colordiffuse>
              <onright>195</onright>
              <posy>55</posy>
              <posx>275</posx>
              <font>font28b</font>
              <texturefocus>letter-active.png</texturefocus>
              <align>center</align>
              <onclick lang="python">
                <![CDATA[fyre.helpers.keyboard.keyPressed(".")]]>
              </onclick>
            </control>
            <control type="button" id="240">
              <textcolor>FFFFFFFF</textcolor>
              <texturenofocus>letter-inactive.png</texturenofocus>
              <aligny>center</aligny>
              <onup>229</onup>
              <width>50</width>
              <focusedcolor>FFFFFFFF</focusedcolor>
              <ondown>246</ondown>
              <height>50</height>
              <disabledcolor>88FFFFFF</disabledcolor>
              <onleft>195</onleft>
              <label>,</label>
              <colordiffuse>FFFFFFFF</colordiffuse>
              <onright>241</onright>
              <posy>110</posy>
              <posx>0</posx>
              <font>font28b</font>
              <texturefocus>letter-active.png</texturefocus>
              <align>center</align>
              <onclick lang="python">
                <![CDATA[fyre.helpers.keyboard.keyPressed(",")]]>
              </onclick>
            </control>
            <control type="button" id="241">
              <textcolor>FFFFFFFF</textcolor>
              <texturenofocus>letter-inactive.png</texturenofocus>
              <aligny>center</aligny>
              <onup>231</onup>
              <width>50</width>
              <focusedcolor>FFFFFFFF</focusedcolor>
              <ondown>247</ondown>
              <height>50</height>
              <disabledcolor>88FFFFFF</disabledcolor>
              <onleft>240</onleft>
              <label>'</label>
              <colordiffuse>FFFFFFFF</colordiffuse>
              <onright>242</onright>
              <posy>110</posy>
              <posx>55</posx>
              <font>font28b</font>
              <texturefocus>letter-active.png</texturefocus>
              <align>center</align>
              <onclick lang="python">
                <![CDATA[fyre.helpers.keyboard.keyPressed("'")]]>
              </onclick>
            </control>
            <control type="button" id="242">
              <textcolor>FFFFFFFF</textcolor>
              <texturenofocus>letter-inactive.png</texturenofocus>
              <aligny>center</aligny>
              <onup>233</onup>
              <width>50</width>
              <focusedcolor>FFFFFFFF</focusedcolor>
              <ondown>248</ondown>
              <height>50</height>
              <disabledcolor>88FFFFFF</disabledcolor>
              <onleft>241</onleft>
              <label>"</label>
              <colordiffuse>FFFFFFFF</colordiffuse>
              <onright>243</onright>
              <posy>110</posy>
              <posx>110</posx>
              <font>font28b</font>
              <texturefocus>letter-active.png</texturefocus>
              <align>center</align>
              <onclick lang="python">
                <![CDATA[fyre.helpers.keyboard.keyPressed("\"")]]>
              </onclick>
            </control>
            <control type="button" id="243">
              <textcolor>FFFFFFFF</textcolor>
              <texturenofocus>letter-inactive.png</texturenofocus>
              <aligny>center</aligny>
              <onup>235</onup>
              <width>50</width>
              <focusedcolor>FFFFFFFF</focusedcolor>
              <ondown>249</ondown>
              <height>50</height>
              <disabledcolor>88FFFFFF</disabledcolor>
              <onleft>242</onleft>
              <label>#</label>
              <colordiffuse>FFFFFFFF</colordiffuse>
              <onright>244</onright>
              <posy>110</posy>
              <posx>165</posx>
              <font>font28b</font>
              <texturefocus>letter-active.png</texturefocus>
              <align>center</align>
              <onclick lang="python">
                <![CDATA[fyre.helpers.keyboard.keyPressed("#")]]>
              </onclick>
            </control>
            <control type="button" id="244">
              <textcolor>FFFFFFFF</textcolor>
              <texturenofocus>letter-inactive.png</texturenofocus>
              <aligny>center</aligny>
              <onup>237</onup>
              <width>50</width>
              <focusedcolor>FFFFFFFF</focusedcolor>
              <ondown>250</ondown>
              <height>50</height>
              <disabledcolor>88FFFFFF</disabledcolor>
              <onleft>243</onleft>
              <label>%</label>
              <colordiffuse>FFFFFFFF</colordiffuse>
              <onright>245</onright>
              <posy>110</posy>
              <posx>220</posx>
              <font>font28b</font>
              <texturefocus>letter-active.png</texturefocus>
              <align>center</align>
              <onclick lang="python">
                <![CDATA[fyre.helpers.keyboard.keyPressed("%")]]>
              </onclick>
            </control>
            <control type="button" id="245">
              <textcolor>FFFFFFFF</textcolor>
              <texturenofocus>letter-inactive.png</texturenofocus>
              <aligny>center</aligny>
              <onup>239</onup>
              <width>50</width>
              <focusedcolor>FFFFFFFF</focusedcolor>
              <ondown>251</ondown>
              <height>50</height>
              <disabledcolor>88FFFFFF</disabledcolor>
              <onleft>244</onleft>
              <label> - </label>
              <colordiffuse>FFFFFFFF</colordiffuse>
              <onright>195</onright>
              <posy>110</posy>
              <posx>275</posx>
              <font>font28b</font>
              <texturefocus>letter-active.png</texturefocus>
              <align>center</align>
              <onclick lang="python">
                <![CDATA[fyre.helpers.keyboard.keyPressed("-")]]>
              </onclick>
            </control>
            <control type="button" id="246">
              <textcolor>FFFFFFFF</textcolor>
              <texturenofocus>letter-inactive.png</texturenofocus>
              <aligny>center</aligny>
              <onup>240</onup>
              <width>50</width>
              <focusedcolor>FFFFFFFF</focusedcolor>
              <ondown>252</ondown>
              <height>50</height>
              <disabledcolor>88FFFFFF</disabledcolor>
              <onleft>195</onleft>
              <label>+</label>
              <colordiffuse>FFFFFFFF</colordiffuse>
              <onright>247</onright>
              <posy>165</posy>
              <posx>0</posx>
              <font>font28b</font>
              <texturefocus>letter-active.png</texturefocus>
              <align>center</align>
              <onclick lang="python">
                <![CDATA[fyre.helpers.keyboard.keyPressed("+")]]>
              </onclick>
            </control>
            <control type="button" id="247">
              <textcolor>FFFFFFFF</textcolor>
              <texturenofocus>letter-inactive.png</texturenofocus>
              <aligny>center</aligny>
              <onup>241</onup>
              <width>50</width>
              <focusedcolor>FFFFFFFF</focusedcolor>
              <ondown>253</ondown>
              <height>50</height>
              <disabledcolor>88FFFFFF</disabledcolor>
              <onleft>246</onleft>
              <label>=</label>
              <colordiffuse>FFFFFFFF</colordiffuse>
              <onright>248</onright>
              <posy>165</posy>
              <posx>55</posx>
              <font>font28b</font>
              <texturefocus>letter-active.png</texturefocus>
              <align>center</align>
              <onclick lang="python">
                <![CDATA[fyre.helpers.keyboard.keyPressed("=")]]>
              </onclick>
            </control>
            <control type="button" id="248">
              <textcolor>FFFFFFFF</textcolor>
              <texturenofocus>letter-inactive.png</texturenofocus>
              <aligny>center</aligny>
              <onup>242</onup>
              <width>50</width>
              <focusedcolor>FFFFFFFF</focusedcolor>
              <ondown>254</ondown>
              <height>50</height>
              <disabledcolor>88FFFFFF</disabledcolor>
              <onleft>247</onleft>
              <label>_</label>
              <colordiffuse>FFFFFFFF</colordiffuse>
              <onright>249</onright>
              <posy>165</posy>
              <posx>110</posx>
              <font>font28b</font>
              <texturefocus>letter-active.png</texturefocus>
              <align>center</align>
              <onclick lang="python">
                <![CDATA[fyre.helpers.keyboard.keyPressed("_")]]>
              </onclick>
            </control>
            <control type="button" id="249">
              <textcolor>FFFFFFFF</textcolor>
              <texturenofocus>letter-inactive.png</texturenofocus>
              <aligny>center</aligny>
              <onup>243</onup>
              <width>50</width>
              <focusedcolor>FFFFFFFF</focusedcolor>
              <ondown>255</ondown>
              <height>50</height>
              <disabledcolor>88FFFFFF</disabledcolor>
              <onleft>248</onleft>
              <label>/</label>
              <colordiffuse>FFFFFFFF</colordiffuse>
              <onright>250</onright>
              <posy>165</posy>
              <posx>165</posx>
              <font>font28b</font>
              <texturefocus>letter-active.png</texturefocus>
              <align>center</align>
              <onclick lang="python">
                <![CDATA[fyre.helpers.keyboard.keyPressed("/")]]>
              </onclick>
            </control>
            <control type="button" id="250">
              <textcolor>FFFFFFFF</textcolor>
              <texturenofocus>letter-inactive.png</texturenofocus>
              <aligny>center</aligny>
              <onup>244</onup>
              <width>50</width>
              <focusedcolor>FFFFFFFF</focusedcolor>
              <ondown>256</ondown>
              <height>50</height>
              <disabledcolor>88FFFFFF</disabledcolor>
              <onleft>249</onleft>
              <label>\</label>
              <colordiffuse>FFFFFFFF</colordiffuse>
              <onright>251</onright>
              <posy>165</posy>
              <posx>220</posx>
              <font>font28b</font>
              <texturefocus>letter-active.png</texturefocus>
              <align>center</align>
              <onclick lang="python">
                <![CDATA[fyre.helpers.keyboard.keyPressed("\\")]]>
              </onclick>
            </control>
            <control type="button" id="251">
              <textcolor>FFFFFFFF</textcolor>
              <texturenofocus>letter-inactive.png</texturenofocus>
              <aligny>center</aligny>
              <onup>245</onup>
              <width>50</width>
              <focusedcolor>FFFFFFFF</focusedcolor>
              <ondown>257</ondown>
              <height>50</height>
              <disabledcolor>88FFFFFF</disabledcolor>
              <onleft>250</onleft>
              <label>;</label>
              <colordiffuse>FFFFFFFF</colordiffuse>
              <onright>195</onright>
              <posy>165</posy>
              <posx>275</posx>
              <font>font28b</font>
              <texturefocus>letter-active.png</texturefocus>
              <align>center</align>
              <onclick lang="python">
                <![CDATA[fyre.helpers.keyboard.keyPressed(";")]]>
              </onclick>
            </control>
            <control type="button" id="252">
              <textcolor>FFFFFFFF</textcolor>
              <texturenofocus>letter-inactive.png</texturenofocus>
              <aligny>center</aligny>
              <onup>246</onup>
              <width>50</width>
              <focusedcolor>FFFFFFFF</focusedcolor>
              <ondown>258</ondown>
              <height>50</height>
              <disabledcolor>88FFFFFF</disabledcolor>
              <onleft>195</onleft>
              <label>:</label>
              <colordiffuse>FFFFFFFF</colordiffuse>
              <onright>253</onright>
              <posy>220</posy>
              <posx>0</posx>
              <font>font28b</font>
              <texturefocus>letter-active.png</texturefocus>
              <align>center</align>
              <onclick lang="python">
                <![CDATA[fyre.helpers.keyboard.keyPressed(":")]]>
              </onclick>
            </control>
            <control type="button" id="253">
              <textcolor>FFFFFFFF</textcolor>
              <texturenofocus>letter-inactive.png</texturenofocus>
              <aligny>center</aligny>
              <onup>247</onup>
              <width>50</width>
              <focusedcolor>FFFFFFFF</focusedcolor>
              <ondown>258</ondown>
              <height>50</height>
              <disabledcolor>88FFFFFF</disabledcolor>
              <onleft>252</onleft>
              <label>@</label>
              <colordiffuse>FFFFFFFF</colordiffuse>
              <onright>254</onright>
              <posy>220</posy>
              <posx>55</posx>
              <font>font28b</font>
              <texturefocus>letter-active.png</texturefocus>
              <align>center</align>
              <onclick lang="python">
                <![CDATA[fyre.helpers.keyboard.keyPressed("@")]]>
              </onclick>
            </control>
            <control type="button" id="254">
              <textcolor>FFFFFFFF</textcolor>
              <texturenofocus>letter-inactive.png</texturenofocus>
              <aligny>center</aligny>
              <onup>248</onup>
              <width>50</width>
              <focusedcolor>FFFFFFFF</focusedcolor>
              <ondown>258</ondown>
              <height>50</height>
              <disabledcolor>88FFFFFF</disabledcolor>
              <onleft>253</onleft>
              <label>&amp;</label>
              <colordiffuse>FFFFFFFF</colordiffuse>
              <onright>255</onright>
              <posy>220</posy>
              <posx>110</posx>
              <font>font28b</font>
              <texturefocus>letter-active.png</texturefocus>
              <align>center</align>
              <onclick lang="python">
                <![CDATA[fyre.helpers.keyboard.keyPressed("&")]]>
              </onclick>
            </control>
            <control type="button" id="255">
              <textcolor>FFFFFFFF</textcolor>
              <texturenofocus>letter-inactive.png</texturenofocus>
              <aligny>center</aligny>
              <onup>249</onup>
              <width>50</width>
              <focusedcolor>FFFFFFFF</focusedcolor>
              <ondown>259</ondown>
              <height>50</height>
              <disabledcolor>88FFFFFF</disabledcolor>
              <onleft>254</onleft>
              <label>!</label>
              <colordiffuse>FFFFFFFF</colordiffuse>
              <onright>256</onright>
              <posy>220</posy>
              <posx>165</posx>
              <font>font28b</font>
              <texturefocus>letter-active.png</texturefocus>
              <align>center</align>
              <onclick lang="python">
                <![CDATA[fyre.helpers.keyboard.keyPressed("!")]]>
              </onclick>
            </control>
            <control type="button" id="256">
              <textcolor>FFFFFFFF</textcolor>
              <texturenofocus>letter-inactive.png</texturenofocus>
              <aligny>center</aligny>
              <onup>250</onup>
              <width>50</width>
              <focusedcolor>FFFFFFFF</focusedcolor>
              <ondown>259</ondown>
              <height>50</height>
              <disabledcolor>88FFFFFF</disabledcolor>
              <onleft>255</onleft>
              <label>(</label>
              <colordiffuse>FFFFFFFF</colordiffuse>
              <onright>257</onright>
              <posy>220</posy>
              <posx>220</posx>
              <font>font28b</font>
              <texturefocus>letter-active.png</texturefocus>
              <align>center</align>
              <onclick lang="python">
                <![CDATA[fyre.helpers.keyboard.keyPressed("(")]]>
              </onclick>
            </control>
            <control type="button" id="257">
              <textcolor>FFFFFFFF</textcolor>
              <texturenofocus>letter-inactive.png</texturenofocus>
              <aligny>center</aligny>
              <onup>251</onup>
              <width>50</width>
              <focusedcolor>FFFFFFFF</focusedcolor>
              <ondown>259</ondown>
              <height>50</height>
              <disabledcolor>88FFFFFF</disabledcolor>
              <onleft>256</onleft>
              <label>)</label>
              <colordiffuse>FFFFFFFF</colordiffuse>
              <onright>195</onright>
              <posy>220</posy>
              <posx>275</posx>
              <font>font28b</font>
              <texturefocus>letter-active.png</texturefocus>
              <align>center</align>
              <onclick lang="python">
                <![CDATA[fyre.helpers.keyboard.keyPressed(")")]]>
              </onclick>
            </control>
            <control type="button" id="258">
              <textcolor>FFFFFFFF</textcolor>
              <texturenofocus>space-inactive.png</texturenofocus>
              <aligny>center</aligny>
              <onup>252</onup>
              <width>160</width>
              <focusedcolor>FFFFFFFF</focusedcolor>
              <ondown>260</ondown>
              <height>50</height>
              <disabledcolor>88FFFFFF</disabledcolor>
              <onleft>195</onleft>
              <label>ABC...</label>
              <colordiffuse>FFFFFFFF</colordiffuse>
              <onright>259</onright>
              <posy>275</posy>
              <posx>0</posx>
              <font>font28b</font>
              <texturefocus>space-active.png</texturefocus>
              <align>center</align>
              <onclick lang="python">
                <![CDATA[fyre.helpers.keyboard.showAlphabet()]]>
              </onclick>
            </control>
            <control type="button" id="259">
              <textcolor>FFFFFFFF</textcolor>
              <texturenofocus>space-inactive.png</texturenofocus>
              <aligny>center</aligny>
              <onup>255</onup>
              <width>160</width>
              <focusedcolor>FFFFFFFF</focusedcolor>
              <ondown>261</ondown>
              <height>50</height>
              <disabledcolor>88FFFFFF</disabledcolor>
              <onleft>258</onleft>
              <label></label>
              <colordiffuse>FFFFFFFF</colordiffuse>
              <onright>195</onright>
              <posy>275</posy>
              <posx>165</posx>
              <font>font28b</font>
              <texturefocus>space-active.png</texturefocus>
              <align>center</align>
              <onclick lang="python">
                <![CDATA[fyre.helpers.keyboard.delChar()]]>
              </onclick>
            </control>
            <control type="image">
              <width>160</width>
              <aspectratio>keep</aspectratio>
              <height>20</height>
              <texture>x.png</texture>
              <posy>290</posy>
              <posx>165</posx>
            </control>
            <control type="button" id="260">
              <textcolor>FFFFFFFF</textcolor>
              <texturenofocus>enter-inactive.png</texturenofocus>
              <aligny>center</aligny>
              <onup>258</onup>
              <width>215</width>
              <focusedcolor>FFFFFFFF</focusedcolor>
              <ondown>-</ondown>
              <height>50</height>
              <disabledcolor>88FFFFFF</disabledcolor>
              <onleft>195</onleft>
              <label>space</label>
              <colordiffuse>FFFFFFFF</colordiffuse>
              <onright>261</onright>
              <posy>330</posy>
              <posx>0</posx>
              <font>font28b</font>
              <texturefocus>enter-active.png</texturefocus>
              <align>center</align>
              <onclick lang="python">
                <![CDATA[fyre.helpers.keyboard.keyPressed(" ")]]>
              </onclick>
            </control>
            <control type="button" id="261">
              <textcolor>FFFFFFFF</textcolor>
              <texturenofocus>enter-inactive.png</texturenofocus>
              <aligny>center</aligny>
              <onup>259</onup>
              <width>105</width>
              <focusedcolor>FFFFFFFF</focusedcolor>
              <ondown>-</ondown>
              <height>50</height>
              <disabledcolor>88FFFFFF</disabledcolor>
              <onleft>260</onleft>
              <label>enter</label>
              <colordiffuse>FFFFFFFF</colordiffuse>
              <onright>195</onright>
              <posy>330</posy>
              <posx>220</posx>
              <font>font28b</font>
              <texturefocus>enter-active.png</texturefocus>
              <align>center</align>
              <onclick lang="python">
                <![CDATA[fyre.helpers.keyboard.deductAction()]]>
              </onclick>
            </control>
          </control>
        </control>
      </control>
      <control type="group">
        <posy>150</posy>
        <posx>800</posx>
        <control type="image">
          <width>300</width>
          <height>500</height>
          <texture>category_search_bg.png</texture>
        </control>
        <control type="group" id="192">
          <control type="list" id="189">
            <orientation>vertical</orientation>
            <onup>190</onup>
            <preloaditems>20</preloaditems>
            <width>300</width>
            <height>470</height>
            <scrolltime>250</scrolltime>
            <posy>10</posy>
            <itemlayout width="200" height="30">
              <control type="label">
                <textcolor>FF7895B6</textcolor>
                <width>180</width>
                <height>30</height>
                <label>$INFO[ListItem.Label]</label>
                <posx>30</posx>
                <font>font18</font>
              </control>
            </itemlayout>
            <focusedlayout width="200" height="30">
              <control type="image">
                <height>30</height>
                <texture>redarrow_right.png</texture>
                <visible>Control.HasFocus(189)</visible>
              </control>
              <control type="label">
                <textcolor>FFFFFFFF</textcolor>
                <width>180</width>
                <height>30</height>
                <label>$INFO[ListItem.Label]</label>
                <posx>30</posx>
                <font>font18</font>
              </control>
            </focusedlayout>
            <content type="url">
              <onclick lang="python">
                <![CDATA[fyre.controllers.packages.on_click(mc.GetActiveWindow().GetList(189))]]>
              </onclick>
            </content>
            <onright lang="python">
              <![CDATA[fyre.controllers.packages.on_click(mc.GetActiveWindow().GetList(189))]]>
            </onright>
            <onleft lang="python">
              <![CDATA[fyre.helpers.keyboard.set_focus('packages')]]>
            </onleft>
            <ondown lang="python">
              <![CDATA[fyre.controllers.packages.next_page()]]>
            </ondown>
            <onprev lang="python">
              <![CDATA[print('back back back to black')]]>
            </onprev>
          </control>
          <control type="label">
            <label>Results $INFO[Container(189).ListItem.property(custom:index)] of </label>
            <posy>520</posy>
            <font>font18</font>
          </control>
          <control type="label" id="262">
            <label></label>
            <posx>120</posx>
            <posy>520</posy>
            <font>font18</font>
            <align>left</align>
          </control>
        </control>
        <control type="button" id="263">
          <texturenofocus>remove.png</texturenofocus>
          <width>61</width>
          <height>63</height>
          <posy>220</posy>
          <posx>120</posx>
          <texturefocus>remove.png</texturefocus>
          <visible>false</visible>
        </control>
        <control type="group">
          <visible>Control.HasFocus(189) | Control.HasFocus(190)</visible>
          <animation type="VisibleChange">
            <effect type="fade" time="600" start="0" end="100">
            </effect>
          </animation>
          <control type="group">
            <posx>500</posx>
            <visible>True</visible>
            <control type="image">
              <width>200</width>
              <height>300</height>
              <texture>$INFO[Container(189).ListItem.Thumb]</texture>
            </control>
            <control type="label">
              <textcolor>FFFFFFFF</textcolor>
              <width>380</width>
              <height>30</height>
              <label>Total Available Movies: [B]$INFO[Container(189).ListItem.property(custom:nbr_movies)][/B]</label>
              <posx>250</posx>
              <font>font26</font>
            </control>
          </control>
        </control>
      </control>
    </control>
  </controls>
</window>
