<?xml version="1.0" encoding="UTF-8"?>
<window type="window" id="14030">
  <defaultcontrol>633</defaultcontrol>
  <allowoverlay>no</allowoverlay>
  <onload lang="python">
    <![CDATA[print("ONLOAD: pdp")
if space.unload == 'pdp' and space.application_mode == 'F':
  print('loading the same view after screensaver')
  current_scope = space.cache.current().scope()
  #space.cache.clear_after_screensaver()
  mc.CloseWindow()
  space.after_screensaver = True
else:
  print(space.cache.current().scope() + ' - pdp')
  if not space.cache.current().scope() == 'pdp':
    space.cache.pop_level()

  try:
    func = getattr(fyre.controllers.pdp, 'load')
  except AttributeError:
    print('Loading view pdp (no load() method in controller)')
  else:
    print('Loading view pdp')
    space.cache.current().invalidate()
    func(space.cache.current())

]]>
  </onload>
  <onunload lang="python">
    <![CDATA[print("ONUNLOAD: pdp")
try:
  func = getattr(fyre.controllers.pdp, 'unload')
except AttributeError:
  print('Unloading view pdp (no unload() method in controller)')
else:
  print('Unloading view pdp')
  func(space.cache.current())

if not space.unload == 'player':
  space.unload = 'pdp'

]]>
  </onunload>
  <controls>
    <control type="group">
      <posy>0</posy>
      <posx>0</posx>
      <control type="image">
        <width>1280</width>
        <height>720</height>
        <texture>background.png</texture>
      </control>
      <control type="image">
        <width>1280</width>
        <height>40</height>
        <texture>nav_bar_thin.png</texture>
        <posy>40</posy>
      </control>
      <control type="image">
        <width>100</width>
        <height>80</height>
        <texture>fyretv_logo.png</texture>
        <posx>1050</posx>
      </control>
      <control type="label" id="635">
        <width>425</width>
        <height>16</height>
        <label>Store:</label>
        <posy>48</posy>
        <posx>130</posx>
        <font>font22b</font>
        <scroll>true</scroll>
      </control>
    </control>
    <control type="group" id="633">
      <defaultcontrol>634</defaultcontrol>
      <visible>true</visible>
      <animation type="WindowOpen">
        <effect type="slide" time="200" start="-1000,0" end="0,0">
        </effect>
      </animation>
      <animation type="WindowClose">
        <effect type="slide" time="200" end="2000,0" star="0,0">
        </effect>
      </animation>
      <control type="label" id="636">
        <width>300</width>
        <height>16</height>
        <label>-</label>
        <posy>48</posy>
        <posx>200</posx>
        <font>font22b</font>
        <scroll>false</scroll>
      </control>
      <control type="label" id="637">
        <height>80</height>
        <label>-</label>
        <posy>200</posy>
        <posx>800</posx>
        <font>font40b</font>
        <scroll>false</scroll>
        <visible>false</visible>
      </control>
      <control type="label" id="638">
        <label>You are currently subscribed to this package</label>
        <posx>800</posx>
        <posy>200</posy>
        <visible>false</visible>
      </control>
      <control type="largeimage" id="639">
        <posy>200</posy>
        <posx>50</posx>
      </control>
      <control type="label">
        <label>Includes:</label>
        <posx>800</posx>
        <posy>350</posy>
      </control>
      <control type="label" id="640">
        <label>-</label>
        <posx>800</posx>
        <posy>370</posy>
      </control>
      <control type="button" id="641">
        <textcolor>FF7895B6</textcolor>
        <texturenofocus>blueoutlinecapsule_offstate.png</texturenofocus>
        <aligny>center</aligny>
        <width>200</width>
        <focusedcolor>EEFFFFFF</focusedcolor>
        <ondown>634</ondown>
        <textoffsetx>-</textoffsetx>
        <height>49</height>
        <disabledcolor>88888888</disabledcolor>
        <textoffsety>-</textoffsety>
        <label>Buy Package</label>
        <onfocus>-</onfocus>
        <colordiffuse>FFFFFFFF</colordiffuse>
        <posx>800</posx>
        <posy>400</posy>
        <font>font18</font>
        <texturefocus>redcapsule_onstate.png</texturefocus>
        <align>center</align>
        <visible>true</visible>
        <onclick lang="python">
          <![CDATA[fyre.controllers.pdp.onclick_buy_package()]]>
        </onclick>
      </control>
      <control type="button">
        <texturenofocus>blueoutlinecapsule_disabledstate.png</texturenofocus>
        <textcolor>88888888</textcolor>
        <aligny>center</aligny>
        <width>200</width>
        <focusedcolor>EEFFFFFF</focusedcolor>
        <ondown>634</ondown>
        <textoffsetx>-</textoffsetx>
        <height>49</height>
        <disabledcolor>88888888</disabledcolor>
        <textoffsety>-</textoffsety>
        <enable>false</enable>
        <label>Buy Package</label>
        <onfocus>-</onfocus>
        <posx>800</posx>
        <posy>400</posy>
        <texturefocus>blueoutlinecapsule_disabledstate.png</texturefocus>
        <font>font18</font>
        <align>center</align>
        <visible>!Control.IsVisible(641)</visible>
      </control>
      <control type="button" id="634">
        <textcolor>FF7895B6</textcolor>
        <texturenofocus>blueoutlinecapsule_offstate.png</texturenofocus>
        <onup>641</onup>
        <aligny>center</aligny>
        <width>200</width>
        <focusedcolor>EEFFFFFF</focusedcolor>
        <textoffsetx>-</textoffsetx>
        <height>49</height>
        <disabledcolor>88888888</disabledcolor>
        <textoffsety>-</textoffsety>
        <label>View movies</label>
        <onfocus>-</onfocus>
        <colordiffuse>FFFFFFFF</colordiffuse>
        <posx>800</posx>
        <posy>450</posy>
        <font>font18</font>
        <texturefocus>redcapsule_onstate.png</texturefocus>
        <align>center</align>
        <visible>true</visible>
        <onclick lang="python">
          <![CDATA[fyre.view.show('coverflow', 'package/' + space.cache.current().package['package_id'], {'media_type': 'movie', 'label': space.cache.current().package['name']})]]>
        </onclick>
      </control>
      <control type="button">
        <texturenofocus>blueoutlinecapsule_disabledstate.png</texturenofocus>
        <textcolor>88888888</textcolor>
        <onup>641</onup>
        <aligny>center</aligny>
        <width>200</width>
        <focusedcolor>EEFFFFFF</focusedcolor>
        <textoffsetx>-</textoffsetx>
        <height>49</height>
        <disabledcolor>88888888</disabledcolor>
        <textoffsety>-</textoffsety>
        <enable>false</enable>
        <label>View movies</label>
        <onfocus>-</onfocus>
        <posx>800</posx>
        <posy>450</posy>
        <texturefocus>blueoutlinecapsule_disabledstate.png</texturefocus>
        <font>font18</font>
        <align>center</align>
        <visible>!Control.IsVisible(634)</visible>
      </control>
    </control>
  </controls>
</window>
