<?xml version="1.0" encoding="UTF-8"?>
<window type="window" id="14022">
  <defaultcontrol>474</defaultcontrol>
  <allowoverlay>no</allowoverlay>
  <onload lang="python">
    <![CDATA[print("ONLOAD: player")
if space.unload == 'player' and space.application_mode == 'F':
  print('loading the same view after screensaver')
  current_scope = space.cache.current().scope()
  #space.cache.clear_after_screensaver()
  mc.CloseWindow()
  space.after_screensaver = True
else:
  print(space.cache.current().scope() + ' - player')
  if not space.cache.current().scope() == 'player':
    space.cache.pop_level()

  try:
    func = getattr(fyre.controllers.player, 'load')
  except AttributeError:
    print('Loading view player (no load() method in controller)')
  else:
    print('Loading view player')
    space.cache.current().invalidate()
    func(space.cache.current())
player = mc.GetPlayer()

]]>
  </onload>
  <onunload lang="python">
    <![CDATA[print("ONUNLOAD: player")
try:
  func = getattr(fyre.controllers.player, 'unload')
except AttributeError:
  print('Unloading view player (no unload() method in controller)')
else:
  print('Unloading view player')
  func(space.cache.current())

if not space.unload == 'player':
  space.unload = 'player'
player.Stop()

]]>
  </onunload>
  <controls>
    <control type="group" id="474">
      <defaultcontrol>475</defaultcontrol>
      <visible>true</visible>
      <animation type="WindowOpen">
        <effect type="slide" time="200" start="-1000,0" end="0,0">
        </effect>
      </animation>
      <animation type="WindowClose">
        <effect type="slide" time="200" end="2000,0" star="0,0">
        </effect>
      </animation>
      <control type="videowindow">
        <width>1280</width>
        <height>720</height>
        <posy>0</posy>
        <posx>0</posx>
      </control>
      <control type="group" id="476">
        <width>1280</width>
        <height>206</height>
        <posy>-100</posy>
        <posx>0</posx>
        <animation type="Conditional" condition="Control.HasFocus(477)">
          <effect type="slide" time="200" end="0,300">
          </effect>
        </animation>
        <animation type="Conditional" condition="!Control.HasFocus(475)">
          <effect type="slide" time="200" end="0,-106">
          </effect>
        </animation>
        <control type="image">
          <width>1280</width>
          <height>506</height>
          <texture>black.png</texture>
          <posy>-300</posy>
          <posx>0</posx>
          <animation type="VisibleChange">
            <effect type="fade" time="200" start="0" end="100">
            </effect>
          </animation>
        </control>
        <control type="label">
          <textcolor>FF7895B6</textcolor>
          <width>1280</width>
          <height>20</height>
          <label>Scenes</label>
          <posy>35</posy>
          <posx>0</posx>
          <font>font20</font>
          <align>center</align>
          <visible>!Control.HasFocus(477)</visible>
        </control>
        <control type="group">
          <width>1280</width>
          <posy>-180</posy>
          <posx>0</posx>
          <control type="wraplist" id="478">
            <orientation>horizontal</orientation>
            <width>1440</width>
            <height>500</height>
            <scrolltime>200</scrolltime>
            <focusposition>2</focusposition>
            <posy>20</posy>
            <posx>0</posx>
            <visible>Control.HasFocus(477)</visible>
            <itemlayout width="256" height="440">
              <control type="label">
                <textcolor>FF7895B6</textcolor>
                <width>256</width>
                <height>50</height>
                <label>$INFO[ListItem.Label] $INFO[ListItem.Property(custom:starsInfo)]</label>
                <wrapmultiline>true</wrapmultiline>
                <posy>20</posy>
                <posx>10</posx>
                <font>font18</font>
                <visible>Control.HasFocus(477)</visible>
              </control>
              <control type="image">
                <width>256</width>
                <aspectratio>stretch</aspectratio>
                <height>192</height>
                <texture>$INFO[ListItem.Thumb]</texture>
                <posy>100</posy>
              </control>
              <control type="label">
                <textcolor>FF7895B6</textcolor>
                <width>256</width>
                <height>50</height>
                <label>$INFO[ListItem.Property(custom:categoriesInfo)]</label>
                <wrapmultiline>true</wrapmultiline>
                <posy>320</posy>
                <posx>10</posx>
                <font>font18</font>
                <visible>Control.HasFocus(477)</visible>
              </control>
            </itemlayout>
            <focusedlayout width="256" height="440">
              <control type="label">
                <textcolor>FFFFFFFF</textcolor>
                <width>256</width>
                <height>50</height>
                <label>$INFO[ListItem.Label] $INFO[ListItem.Property(custom:starsInfo)]</label>
                <wrapmultiline>true</wrapmultiline>
                <posy>20</posy>
                <posx>10</posx>
                <font>font18</font>
                <scroll>true</scroll>
                <visible>Control.HasFocus(477)</visible>
              </control>
              <control type="image">
                <width>256</width>
                <aspectratio>stretch</aspectratio>
                <height>192</height>
                <texture>$INFO[ListItem.Thumb]</texture>
                <posy>100</posy>
              </control>
              <control type="label">
                <textcolor>FFFFFFFF</textcolor>
                <width>256</width>
                <height>50</height>
                <label>$INFO[ListItem.Property(custom:categoriesInfo)]</label>
                <wrapmultiline>true</wrapmultiline>
                <posy>320</posy>
                <posx>10</posx>
                <font>font18</font>
                <visible>Control.HasFocus(477)</visible>
              </control>
            </focusedlayout>
            <content type="url">
            </content>
          </control>
          <control type="button" id="477">
            <texturenofocus>redframe_sceneoutline.png</texturenofocus>
            <width>333</width>
            <height>267</height>
            <posy>83</posy>
            <posx>475</posx>
            <texturefocus>redframe_sceneoutline.png</texturefocus>
            <onleft lang="python">
              <![CDATA[fyre.controllers.player.scroll_left()]]>
            </onleft>
            <onright lang="python">
              <![CDATA[fyre.controllers.player.scroll_right()]]>
            </onright>
            <onclick lang="python">
              <![CDATA[fyre.controllers.player.scene_click()]]>
            </onclick>
            <ondown lang="python">
              <![CDATA[fyre.controllers.player.hide_scenes()]]>
            </ondown>
          </control>
        </control>
        <control type="group">
          <width>1280</width>
          <height>106</height>
          <posy>100</posy>
          <posx>0</posx>
          <visible>!Control.HasFocus(477)</visible>
          <animation type="VisibleChange">
            <effect type="fade" time="200" start="0" end="100">
            </effect>
          </animation>
          <control type="image">
            <width>1280</width>
            <height>106</height>
            <texture>player_top_bar.png</texture>
            <posy>0</posy>
            <posx>0</posx>
          </control>
          <control type="label" id="479">
            <label>title: $INFO[VideoPlayer.Title]</label>
            <posy>35</posy>
            <posx>75</posx>
            <font>sans18b</font>
          </control>
          <control type="progress">
            <reveal>true</reveal>
            <width>295</width>
            <height>23</height>
            <texturebg>progress_bar_gray.png</texturebg>
            <lefttexture>-</lefttexture>
            <midtexture>progress_bar_caching.png</midtexture>
            <info>Player.progresscache</info>
            <posy>60</posy>
            <posx>40</posx>
            <righttexture>-</righttexture>
          </control>
          <control type="progress">
            <reveal>true</reveal>
            <width>295</width>
            <height>23</height>
            <texturebg>progress_bar_trans.png</texturebg>
            <lefttexture>-</lefttexture>
            <midtexture>progress_bar_red.png</midtexture>
            <info>Player.Progress</info>
            <posy>60</posy>
            <posx>40</posx>
            <visible>Player.Paused</visible>
            <righttexture>pausenib.png</righttexture>
          </control>
          <control type="progress">
            <reveal>true</reveal>
            <width>295</width>
            <height>23</height>
            <texturebg>progress_bar_trans.png</texturebg>
            <lefttexture>-</lefttexture>
            <midtexture>progress_bar_red.png</midtexture>
            <info>Player.Progress</info>
            <posy>60</posy>
            <posx>40</posx>
            <visible>Player.Playing</visible>
            <righttexture>playnib.png</righttexture>
          </control>
          <control type="label" id="480">
            <label>$INFO[Player.Time]/$INFO[Player.Duration]</label>
            <posy>61</posy>
            <posx>345</posx>
            <font>sans16b</font>
          </control>
        </control>
      </control>
      <control type="button" id="475">
        <width>1</width>
        <height>1</height>
        <posy>1</posy>
        <posx>1</posx>
        <texturefocus>transparent.png</texturefocus>
        <onup lang="python">
          <![CDATA[fyre.controllers.player.show_scenes()]]>
        </onup>
        <onclick lang="python">
          <![CDATA[fyre.controllers.player.pause()]]>
        </onclick>
        <onright lang="python">
          <![CDATA[fyre.controllers.player.fast_forward()]]>
        </onright>
        <onleft lang="python">
          <![CDATA[fyre.controllers.player.rewind()]]>
        </onleft>
      </control>
      <control type="button" id="481">
        <width>1</width>
        <height>1</height>
        <posy>1</posy>
        <posx>1</posx>
        <texturefocus>transparent.png</texturefocus>
        <onup lang="python">
          <![CDATA[fyre.controllers.player.show_scenes()]]>
        </onup>
        <onclick lang="python">
          <![CDATA[fyre.controllers.player.pause()]]>
        </onclick>
        <onright lang="python">
          <![CDATA[fyre.controllers.player.fast_forward()]]>
        </onright>
        <onleft lang="python">
          <![CDATA[fyre.controllers.player.rewind()]]>
        </onleft>
      </control>
      <control type="group" id="482">
        <width>1280</width>
        <height>99</height>
        <posy>720</posy>
        <posx>0</posx>
        <animation type="Conditional" condition="Control.HasFocus(475) | Control.HasFocus(477)">
          <effect type="slide" time="200" end="0,-100">
          </effect>
        </animation>
        <control type="image">
          <width>1280</width>
          <height>99</height>
          <texture>player_bottom_bar.png</texture>
          <posy>0</posy>
          <posx>0</posx>
        </control>
      </control>
    </control>
  </controls>
</window>
