<?xml version="1.0" encoding="UTF-8"?>
<window type="window" id="14028">
  <defaultcontrol>612</defaultcontrol>
  <allowoverlay>no</allowoverlay>
  <onload lang="python">
    <![CDATA[print("ONLOAD: sdp")
if space.unload == 'sdp' and space.application_mode == 'F':
  print('loading the same view after screensaver')
  current_scope = space.cache.current().scope()
  #space.cache.clear_after_screensaver()
  mc.CloseWindow()
  space.after_screensaver = True
else:
  print(space.cache.current().scope() + ' - sdp')
  if not space.cache.current().scope() == 'sdp':
    space.cache.pop_level()

  try:
    func = getattr(fyre.controllers.sdp, 'load')
  except AttributeError:
    print('Loading view sdp (no load() method in controller)')
  else:
    print('Loading view sdp')
    space.cache.current().invalidate()
    func(space.cache.current())
from lib.player_thread import start_playback
]]>
  </onload>
  <onunload lang="python">
    <![CDATA[print("ONUNLOAD: sdp")
try:
  func = getattr(fyre.controllers.sdp, 'unload')
except AttributeError:
  print('Unloading view sdp (no unload() method in controller)')
else:
  print('Unloading view sdp')
  func(space.cache.current())

if not space.unload == 'player':
  space.unload = 'sdp'

]]>
  </onunload>
  <controls>
    <control type="group">
      <posy>0</posy>
      <posx>0</posx>
      <control type="image">
        <width>1280</width>
        <height>720</height>
        <texture>background.png</texture>
      </control>
      <control type="image">
        <width>1280</width>
        <height>40</height>
        <texture>nav_bar_thin.png</texture>
        <posy>40</posy>
      </control>
      <control type="image">
        <width>100</width>
        <height>80</height>
        <texture>fyretv_logo.png</texture>
        <posx>1050</posx>
      </control>
      <control type="label" id="613">
        <width>425</width>
        <height>16</height>
        <label>Scene details page</label>
        <posy>48</posy>
        <posx>130</posx>
        <font>font22b</font>
        <scroll>true</scroll>
      </control>
    </control>
    <control type="group" id="611">
      <visible>true</visible>
      <animation type="WindowOpen">
        <effect type="slide" time="200" start="-1000,0" end="0,0">
        </effect>
      </animation>
      <animation type="WindowClose">
        <effect type="slide" time="200" end="2000,0" star="0,0">
        </effect>
      </animation>
      <control type="largeimage" id="614">
        <width>134</width>
        <height>26</height>
        <texture>emptystar_cell.png</texture>
        <posy>48</posy>
        <posx>630</posx>
      </control>
      <control type="largeimage" id="615">
        <width>173</width>
        <height>24</height>
        <texture>bluecatalog_capsule.png</texture>
        <posy>48</posy>
        <posx>780</posx>
      </control>
      <control type="label" id="616">
        <textcolor>99000000</textcolor>
        <width>173</width>
        <height>24</height>
        <label>Catalog</label>
        <posy>48</posy>
        <posx>780</posx>
        <font>font18b</font>
        <scroll>false</scroll>
        <align>center</align>
      </control>
      <control type="image" id="617">
        <width>37</width>
        <height>27</height>
        <texture>hd.png</texture>
        <posx>963</posx>
        <posy>48</posy>
      </control>
      <control type="wraplist" id="618">
        <orientation>horizontal</orientation>
        <width>1440</width>
        <height>290</height>
        <scrolltime>200</scrolltime>
        <focusposition>1</focusposition>
        <posy>100</posy>
        <posx>0</posx>
        <visible>true</visible>
        <ondown lang="python">
          <![CDATA[fyre.controllers.tdp.set_focus_on_buttons()]]>
        </ondown>
        <itemlayout width="256" height="280">
          <control type="image">
            <width>256</width>
            <aspectratio>stretch</aspectratio>
            <height>192</height>
            <texture>$INFO[ListItem.Thumb]</texture>
            <posy>40</posy>
          </control>
        </itemlayout>
        <focusedlayout width="256" height="280">
          <control type="image">
            <width>256</width>
            <aspectratio>stretch</aspectratio>
            <height>192</height>
            <texture>$INFO[ListItem.Thumb]</texture>
            <posy>40</posy>
          </control>
        </focusedlayout>
        <content type="url">
        </content>
      </control>
      <control type="button" id="619">
        <texturenofocus></texturenofocus>
        <onup>-</onup>
        <width>333</width>
        <height>273</height>
        <posy>100</posy>
        <posx>220</posx>
        <texturefocus>redframe_sceneoutline.png</texturefocus>
        <onclick lang="python">
          <![CDATA[fyre.controllers.sdp.onclick_button1()]]>
        </onclick>
        <onleft lang="python">
          <![CDATA[fyre.controllers.sdp.scroll_left()]]>
        </onleft>
        <onright lang="python">
          <![CDATA[fyre.controllers.sdp.scroll_right()]]>
        </onright>
        <ondown lang="python">
          <![CDATA[fyre.controllers.sdp.set_focus_on_buttons()]]>
        </ondown>
      </control>
      <control type="button" id="620">
        <texturenofocus>frame_inactive.png</texturenofocus>
        <width>230</width>
        <ondown>622</ondown>
        <height>200</height>
        <onright>621</onright>
        <label></label>
        <posy>420</posy>
        <posx>40</posx>
        <texturefocus>frame_active.png</texturefocus>
        <visible>false</visible>
        <onclick lang="python">
          <![CDATA[fyre.view.show('pdp', space.cache.current().package['package_id'])]]>
        </onclick>
      </control>
      <control type="largeimage" id="623">
        <width>230</width>
        <aspectratio>stretch</aspectratio>
        <height>200</height>
        <texture></texture>
        <posy>420</posy>
        <posx>40</posx>
      </control>
      <control type="group" id="612">
        <posy>420</posy>
        <posx>320</posx>
        <control type="button" id="621">
          <textcolor>FF7895B6</textcolor>
          <texturenofocus>blueoutlinecapsule_offstate.png</texturenofocus>
          <onup>619</onup>
          <aligny>center</aligny>
          <width>200</width>
          <focusedcolor>EEFFFFFF</focusedcolor>
          <ondown>624</ondown>
          <textoffsetx>-</textoffsetx>
          <height>49</height>
          <disabledcolor>88888888</disabledcolor>
          <onleft>620</onleft>
          <textoffsety>-</textoffsety>
          <onright>625</onright>
          <label>play</label>
          <onfocus>-</onfocus>
          <colordiffuse>FFFFFFFF</colordiffuse>
          <posy>0</posy>
          <posx>0</posx>
          <font>font18</font>
          <texturefocus>redcapsule_onstate.png</texturefocus>
          <align>center</align>
          <visible>true</visible>
          <onclick lang="python">
            <![CDATA[fyre.controllers.sdp.onclick_button1()]]>
          </onclick>
        </control>
        <control type="button">
          <texturenofocus>blueoutlinecapsule_disabledstate.png</texturenofocus>
          <textcolor>88888888</textcolor>
          <onup>619</onup>
          <aligny>center</aligny>
          <width>200</width>
          <focusedcolor>EEFFFFFF</focusedcolor>
          <ondown>624</ondown>
          <textoffsetx>-</textoffsetx>
          <height>49</height>
          <disabledcolor>88888888</disabledcolor>
          <onleft>620</onleft>
          <textoffsety>-</textoffsety>
          <enable>false</enable>
          <onright>625</onright>
          <label>play</label>
          <onfocus>-</onfocus>
          <posy>0</posy>
          <posx>0</posx>
          <texturefocus>blueoutlinecapsule_disabledstate.png</texturefocus>
          <font>font18</font>
          <align>center</align>
          <visible>!Control.IsVisible(621)</visible>
        </control>
        <control type="button" id="625">
          <textcolor>FF7895B6</textcolor>
          <texturenofocus>blueoutlinecapsule_offstate.png</texturenofocus>
          <onup>619</onup>
          <aligny>center</aligny>
          <width>200</width>
          <focusedcolor>EEFFFFFF</focusedcolor>
          <ondown>626</ondown>
          <textoffsetx>-</textoffsetx>
          <height>49</height>
          <disabledcolor>88888888</disabledcolor>
          <onleft>621</onleft>
          <textoffsety>-</textoffsety>
          <onright>627</onright>
          <label>buy movie</label>
          <onfocus>-</onfocus>
          <colordiffuse>FFFFFFFF</colordiffuse>
          <posy>0</posy>
          <posx>200</posx>
          <font>font18</font>
          <texturefocus>redcapsule_onstate.png</texturefocus>
          <align>center</align>
          <visible>true</visible>
          <onclick lang="python">
            <![CDATA[fyre.controllers.sdp.onclick_button2()]]>
          </onclick>
        </control>
        <control type="button">
          <texturenofocus>blueoutlinecapsule_disabledstate.png</texturenofocus>
          <textcolor>88888888</textcolor>
          <onup>619</onup>
          <aligny>center</aligny>
          <width>200</width>
          <focusedcolor>EEFFFFFF</focusedcolor>
          <ondown>626</ondown>
          <textoffsetx>-</textoffsetx>
          <height>49</height>
          <disabledcolor>88888888</disabledcolor>
          <onleft>621</onleft>
          <textoffsety>-</textoffsety>
          <enable>false</enable>
          <onright>627</onright>
          <label>buy movie</label>
          <onfocus>-</onfocus>
          <posy>0</posy>
          <posx>200</posx>
          <texturefocus>blueoutlinecapsule_disabledstate.png</texturefocus>
          <font>font18</font>
          <align>center</align>
          <visible>!Control.IsVisible(625)</visible>
        </control>
        <control type="button" id="624">
          <textcolor>FF7895B6</textcolor>
          <texturenofocus>blueoutlinecapsule_offstate.png</texturenofocus>
          <onup>621</onup>
          <aligny>center</aligny>
          <width>200</width>
          <focusedcolor>EEFFFFFF</focusedcolor>
          <ondown>622</ondown>
          <textoffsetx>-</textoffsetx>
          <height>49</height>
          <disabledcolor>88888888</disabledcolor>
          <onleft>620</onleft>
          <textoffsety>-</textoffsety>
          <onright>626</onright>
          <label>add to playlist</label>
          <onfocus>-</onfocus>
          <colordiffuse>FFFFFFFF</colordiffuse>
          <posy>50</posy>
          <posx>0</posx>
          <font>font18</font>
          <texturefocus>redcapsule_onstate.png</texturefocus>
          <align>center</align>
          <visible>true</visible>
          <onclick lang="python">
            <![CDATA[fyre.controllers.sdp.onclick_button3()]]>
          </onclick>
        </control>
        <control type="button">
          <texturenofocus>blueoutlinecapsule_disabledstate.png</texturenofocus>
          <textcolor>88888888</textcolor>
          <onup>621</onup>
          <aligny>center</aligny>
          <width>200</width>
          <focusedcolor>EEFFFFFF</focusedcolor>
          <ondown>622</ondown>
          <textoffsetx>-</textoffsetx>
          <height>49</height>
          <disabledcolor>88888888</disabledcolor>
          <onleft>620</onleft>
          <textoffsety>-</textoffsety>
          <enable>false</enable>
          <onright>626</onright>
          <label>add to playlist</label>
          <onfocus>-</onfocus>
          <posy>50</posy>
          <posx>0</posx>
          <texturefocus>blueoutlinecapsule_disabledstate.png</texturefocus>
          <font>font18</font>
          <align>center</align>
          <visible>!Control.IsVisible(624)</visible>
        </control>
        <control type="button" id="626">
          <textcolor>FF7895B6</textcolor>
          <texturenofocus>blueoutlinecapsule_offstate.png</texturenofocus>
          <onup>625</onup>
          <aligny>center</aligny>
          <width>200</width>
          <focusedcolor>EEFFFFFF</focusedcolor>
          <ondown>622</ondown>
          <textoffsetx>-</textoffsetx>
          <height>49</height>
          <disabledcolor>88888888</disabledcolor>
          <onleft>624</onleft>
          <textoffsety>-</textoffsety>
          <onright>627</onright>
          <label>show similar</label>
          <onfocus>-</onfocus>
          <colordiffuse>FFFFFFFF</colordiffuse>
          <posy>50</posy>
          <posx>200</posx>
          <font>font18</font>
          <texturefocus>redcapsule_onstate.png</texturefocus>
          <align>center</align>
          <visible>true</visible>
          <onclick lang="python">
            <![CDATA[fyre.controllers.sdp.onclick_button4()]]>
          </onclick>
        </control>
        <control type="button">
          <texturenofocus>blueoutlinecapsule_disabledstate.png</texturenofocus>
          <textcolor>88888888</textcolor>
          <onup>625</onup>
          <aligny>center</aligny>
          <width>200</width>
          <focusedcolor>EEFFFFFF</focusedcolor>
          <ondown>622</ondown>
          <textoffsetx>-</textoffsetx>
          <height>49</height>
          <disabledcolor>88888888</disabledcolor>
          <onleft>624</onleft>
          <textoffsety>-</textoffsety>
          <enable>false</enable>
          <onright>627</onright>
          <label>show similar</label>
          <onfocus>-</onfocus>
          <posy>50</posy>
          <posx>200</posx>
          <texturefocus>blueoutlinecapsule_disabledstate.png</texturefocus>
          <font>font18</font>
          <align>center</align>
          <visible>!Control.IsVisible(626)</visible>
        </control>
      </control>
      <control type="label">
        <textcolor>FF7895B6</textcolor>
        <width>300</width>
        <height>16</height>
        <label>STARRING</label>
        <posy>420</posy>
        <posx>770</posx>
        <font>font18</font>
        <scroll>false</scroll>
      </control>
      <control type="list" id="627">
        <orientation>vertical</orientation>
        <onup>619</onup>
        <width>200</width>
        <ondown>622</ondown>
        <height>200</height>
        <scrolltime>250</scrolltime>
        <onleft>612</onleft>
        <onright>-</onright>
        <posy>430</posy>
        <posx>800</posx>
        <itemlayout width="200" height="30">
          <control type="label">
            <textcolor>FF7895B6</textcolor>
            <width>180</width>
            <height>30</height>
            <label>$INFO[ListItem.Label]</label>
            <posy>20</posy>
            <posx>20</posx>
            <font>font18</font>
          </control>
        </itemlayout>
        <focusedlayout width="200" height="30">
          <control type="image">
            <width>20</width>
            <height>30</height>
            <texture>redarrow_right.png</texture>
            <posy>20</posy>
            <visible>Control.HasFocus(627)</visible>
          </control>
          <control type="label">
            <textcolor>FF7895B6</textcolor>
            <width>180</width>
            <height>30</height>
            <label>$INFO[ListItem.Label]</label>
            <posy>20</posy>
            <posx>20</posx>
            <font>font18</font>
            <visible>!Control.HasFocus(627)</visible>
          </control>
          <control type="label">
            <textcolor>FFFFFFFF</textcolor>
            <width>180</width>
            <height>30</height>
            <label>$INFO[ListItem.Label]</label>
            <posy>20</posy>
            <posx>20</posx>
            <font>font18</font>
            <visible>Control.HasFocus(627)</visible>
          </control>
          <control type="label">
            <textcolor>FF7895B6</textcolor>
            <width>180</width>
            <height>30</height>
            <label>$INFO[ListItem.Label]</label>
            <posy>20</posy>
            <posx>20</posx>
            <font>font18</font>
          </control>
        </focusedlayout>
        <content type="url">
          <onclick lang="python">
            <![CDATA[
fyre.view.show('stdp', mc.GetActiveWindow().GetList(627).GetItem(mc.GetActiveWindow().GetList(627).GetFocusedItem()).GetProperty('star_id'))]]>
          </onclick>
        </content>
      </control>
      <control type="label">
        <textcolor>FF7895B6</textcolor>
        <width>300</width>
        <height>16</height>
        <label>CATEGORIES</label>
        <posy>420</posy>
        <posx>1025</posx>
        <font>font18b</font>
        <scroll>false</scroll>
      </control>
      <control type="list" id="628">
        <orientation>vertical</orientation>
        <width>200</width>
        <height>200</height>
        <scrolltime>250</scrolltime>
        <posy>430</posy>
        <posx>1025</posx>
        <itemlayout width="200" height="30">
          <control type="label">
            <textcolor>FF7895B6</textcolor>
            <width>180</width>
            <height>30</height>
            <label>$INFO[ListItem.Label]</label>
            <posy>20</posy>
            <posx>20</posx>
            <font>font18</font>
          </control>
        </itemlayout>
        <focusedlayout width="200" height="30">
          <control type="image">
            <width>20</width>
            <height>30</height>
            <texture>redarrow_right.png</texture>
            <posy>20</posy>
            <visible>Control.HasFocus(628)</visible>
          </control>
          <control type="label">
            <textcolor>FF7895B6</textcolor>
            <width>180</width>
            <height>30</height>
            <label>$INFO[ListItem.Label]</label>
            <posy>20</posy>
            <posx>20</posx>
            <font>font18</font>
            <visible>!Control.HasFocus(628)</visible>
          </control>
          <control type="label">
            <textcolor>FFFFFFFF</textcolor>
            <width>180</width>
            <height>30</height>
            <label>$INFO[ListItem.Label]</label>
            <posy>20</posy>
            <posx>20</posx>
            <font>font18</font>
            <visible>Control.HasFocus(628)</visible>
          </control>
        </focusedlayout>
        <content type="url">
          <onclick lang="python">
          </onclick>
        </content>
      </control>
      <control type="group" id="629">
        <width>1280</width>
        <height>480</height>
        <posy>640</posy>
        <posx>0</posx>
        <control type="image">
          <width>1280</width>
          <height>480</height>
          <texture>black.png</texture>
          <colordiffuse>CC000000</colordiffuse>
          <posy>0</posy>
          <posx>0</posx>
        </control>
        <control type="image">
          <width>1280</width>
          <height>1</height>
          <texture>rollout_bar.png</texture>
          <posy>0</posy>
          <posx>0</posx>
        </control>
        <control type="button" id="622">
          <texturenofocus>greyarrow_down.png</texturenofocus>
          <width>24</width>
          <height>10</height>
          <posy>5</posy>
          <posx>628</posx>
          <texturefocus>red_arrow_down.png</texturefocus>
          <onfocus lang="python">
            <![CDATA[
fyre.controllers.sdp.set_focus_on_buttons()
fyre.view.show('tdp', space.cache.current().scene['movie_title_id'])]]>
          </onfocus>
        </control>
        <control type="label">
          <textcolor>FF7895B6</textcolor>
          <width>1280</width>
          <height>20</height>
          <label>Title View</label>
          <posy>35</posy>
          <posx>0</posx>
          <font>font18</font>
          <align>center</align>
        </control>
      </control>
    </control>
  </controls>
</window>
