<?xml version="1.0" encoding="UTF-8"?>
<window type="window" id="14021">
  <defaultcontrol>430</defaultcontrol>
  <allowoverlay>no</allowoverlay>
  <onload lang="python">
    <![CDATA[print("ONLOAD: signup")
if space.unload == 'signup' and space.application_mode == 'F':
  print('loading the same view after screensaver')
  current_scope = space.cache.current().scope()
  #space.cache.clear_after_screensaver()
  mc.CloseWindow()
  space.after_screensaver = True
else:
  print(space.cache.current().scope() + ' - signup')
  if not space.cache.current().scope() == 'signup':
    space.cache.pop_level()

  try:
    func = getattr(fyre.controllers.signup, 'load')
  except AttributeError:
    print('Loading view signup (no load() method in controller)')
  else:
    print('Loading view signup')
    space.cache.current().invalidate()
    func(space.cache.current())

]]>
  </onload>
  <onunload lang="python">
    <![CDATA[print("ONUNLOAD: signup")
try:
  func = getattr(fyre.controllers.signup, 'unload')
except AttributeError:
  print('Unloading view signup (no unload() method in controller)')
else:
  print('Unloading view signup')
  func(space.cache.current())

if not space.unload == 'player':
  space.unload = 'signup'

]]>
  </onunload>
  <controls>
    <control type="group">
      <posy>0</posy>
      <posx>0</posx>
      <control type="image">
        <width>1280</width>
        <height>720</height>
        <texture>background.png</texture>
      </control>
      <control type="image">
        <width>1280</width>
        <height>40</height>
        <texture>nav_bar_thin.png</texture>
        <posy>40</posy>
      </control>
      <control type="image">
        <width>100</width>
        <height>80</height>
        <texture>fyretv_logo.png</texture>
        <posx>1050</posx>
      </control>
      <control type="label" id="431">
        <width>425</width>
        <height>16</height>
        <label></label>
        <posy>48</posy>
        <posx>130</posx>
        <font>font22b</font>
        <scroll>true</scroll>
      </control>
    </control>
    <control type="group">
      <posy>0</posy>
      <posx>0</posx>
      <control type="image">
        <width>1280</width>
        <height>720</height>
        <texture>background.png</texture>
      </control>
      <control type="image">
        <width>1280</width>
        <height>720</height>
        <texture>black.png</texture>
        <colordiffuse>99999999</colordiffuse>
      </control>
      <control type="image">
        <width>1280</width>
        <height>540</height>
        <texture>black.png</texture>
        <posy>90</posy>
      </control>
      <control type="image">
        <width>1280</width>
        <height>22</height>
        <texture>popup_border_top.png</texture>
        <posy>68</posy>
      </control>
      <control type="image">
        <width>1280</width>
        <height>22</height>
        <texture>popup_border_bottom.png</texture>
        <posy>630</posy>
      </control>
    </control>
    <control type="group" id="429">
      <visible>true</visible>
      <animation type="WindowOpen">
        <effect type="slide" time="200" start="-1000,0" end="0,0">
        </effect>
      </animation>
      <animation type="WindowClose">
        <effect type="slide" time="200" end="2000,0" star="0,0">
        </effect>
      </animation>
      <control type="group" id="432">
        <posy>90</posy>
        <posx>0</posx>
        <visible>true</visible>
        <control type="label">
          <textcolor>FFFFFFFF</textcolor>
          <width>700</width>
          <height>48</height>
          <label>Sign up now!</label>
          <posy>0</posy>
          <posx>290</posx>
          <font>font48b</font>
          <align>center</align>
        </control>
        <control type="group">
          <posy>100</posy>
          <posx>290</posx>
          <control type="label">
            <textcolor>FFFFFFFF</textcolor>
            <width>400</width>
            <aligny>center</aligny>
            <height>44</height>
            <label>Email address</label>
            <posx>220</posx>
            <posy>0</posy>
            <font>font22</font>
            <align>right</align>
          </control>
          <control type="edit" id="430">
            <texturenofocus>frame-dark-inactive.png</texturenofocus>
            <textcolor>white</textcolor>
            <width>330</width>
            <onup>-</onup>
            <focusedcolor>white</focusedcolor>
            <height>44</height>
            <ondown>433</ondown>
            <onleft>-</onleft>
            <onright>-</onright>
            <posx>240</posx>
            <posy>0</posy>
            <texturefocus>frame-red-active.png</texturefocus>
          </control>
          <control type="label">
            <textcolor>FFFFFFFF</textcolor>
            <width>400</width>
            <aligny>center</aligny>
            <height>44</height>
            <label>Repeat email</label>
            <posx>220</posx>
            <posy>50</posy>
            <font>font22</font>
            <align>right</align>
          </control>
          <control type="edit" id="433">
            <texturenofocus>frame-dark-inactive.png</texturenofocus>
            <textcolor>white</textcolor>
            <width>330</width>
            <onup>430</onup>
            <focusedcolor>white</focusedcolor>
            <height>44</height>
            <ondown>434</ondown>
            <onleft>-</onleft>
            <onright>-</onright>
            <posx>240</posx>
            <posy>50</posy>
            <texturefocus>frame-red-active.png</texturefocus>
          </control>
          <control type="label">
            <textcolor>FFFFFFFF</textcolor>
            <aligny>center</aligny>
            <width>400</width>
            <height>44</height>
            <label>Password</label>
            <posy>100</posy>
            <posx>220</posx>
            <font>font22</font>
            <align>right</align>
          </control>
          <control type="edit" id="434">
            <textcolor>white</textcolor>
            <texturenofocus>frame-dark-inactive.png</texturenofocus>
            <onup>433</onup>
            <width>330</width>
            <password>True</password>
            <focusedcolor>white</focusedcolor>
            <ondown>435</ondown>
            <height>44</height>
            <onleft>-</onleft>
            <onright>-</onright>
            <posy>100</posy>
            <posx>240</posx>
            <texturefocus>frame-red-active.png</texturefocus>
          </control>
          <control type="label">
            <textcolor>FFFFFFFF</textcolor>
            <aligny>center</aligny>
            <width>400</width>
            <height>44</height>
            <label>Repeat password</label>
            <posy>150</posy>
            <posx>220</posx>
            <font>font22</font>
            <align>right</align>
          </control>
          <control type="edit" id="435">
            <textcolor>white</textcolor>
            <texturenofocus>frame-dark-inactive.png</texturenofocus>
            <onup>434</onup>
            <width>330</width>
            <password>True</password>
            <focusedcolor>white</focusedcolor>
            <ondown>436</ondown>
            <height>44</height>
            <onleft>-</onleft>
            <onright>-</onright>
            <posy>150</posy>
            <posx>240</posx>
            <texturefocus>frame-red-active.png</texturefocus>
          </control>
        </control>
        <control type="group" id="437">
          <posy>480</posy>
          <control type="button" id="436">
            <textcolor>FF7895B6</textcolor>
            <texturenofocus>blueoutlinecapsule_offstate.png</texturenofocus>
            <onup>435</onup>
            <aligny>center</aligny>
            <width>200</width>
            <focusedcolor>EEFFFFFF</focusedcolor>
            <ondown>-</ondown>
            <height>49</height>
            <disabledcolor>88FFFFFF</disabledcolor>
            <onleft>-</onleft>
            <onright>-</onright>
            <label>Next</label>
            <colordiffuse>FFFFFFFF</colordiffuse>
            <posy>0</posy>
            <posx>1070</posx>
            <font>font18</font>
            <texturefocus>redcapsule_onstate.png</texturefocus>
            <align>center</align>
            <visible>true</visible>
            <onclick lang="python">
              <![CDATA[fyre.controllers.signup.validateStepOne()]]>
            </onclick>
          </control>
        </control>
      </control>
      <control type="group" id="438">
        <posy>90</posy>
        <posx>0</posx>
        <visible>false</visible>
        <control type="label">
          <textcolor>FFFFFFFF</textcolor>
          <width>700</width>
          <height>48</height>
          <label>Contact information</label>
          <posy>0</posy>
          <posx>290</posx>
          <font>font48b</font>
          <align>center</align>
        </control>
        <control type="group">
          <posy>100</posy>
          <posx>290</posx>
          <control type="label">
            <textcolor>FFFFFFFF</textcolor>
            <width>400</width>
            <aligny>center</aligny>
            <height>44</height>
            <label>First name</label>
            <posx>220</posx>
            <posy>0</posy>
            <font>font22</font>
            <align>right</align>
          </control>
          <control type="edit" id="439">
            <texturenofocus>frame-dark-inactive.png</texturenofocus>
            <textcolor>white</textcolor>
            <width>330</width>
            <onup>-</onup>
            <focusedcolor>white</focusedcolor>
            <height>44</height>
            <ondown>440</ondown>
            <onleft>-</onleft>
            <onright>-</onright>
            <posx>240</posx>
            <posy>0</posy>
            <texturefocus>frame-red-active.png</texturefocus>
          </control>
          <control type="label">
            <textcolor>FFFFFFFF</textcolor>
            <width>400</width>
            <aligny>center</aligny>
            <height>44</height>
            <label>Family name</label>
            <posx>220</posx>
            <posy>50</posy>
            <font>font22</font>
            <align>right</align>
          </control>
          <control type="edit" id="440">
            <texturenofocus>frame-dark-inactive.png</texturenofocus>
            <textcolor>white</textcolor>
            <width>330</width>
            <onup>439</onup>
            <focusedcolor>white</focusedcolor>
            <height>44</height>
            <ondown>441</ondown>
            <onleft>-</onleft>
            <onright>-</onright>
            <posx>240</posx>
            <posy>50</posy>
            <texturefocus>frame-red-active.png</texturefocus>
          </control>
          <control type="label">
            <textcolor>FFFFFFFF</textcolor>
            <width>400</width>
            <aligny>center</aligny>
            <height>44</height>
            <label>PIN(six digits)</label>
            <posx>220</posx>
            <posy>100</posy>
            <font>font22</font>
            <align>right</align>
          </control>
          <control type="edit" id="441">
            <texturenofocus>frame-dark-inactive.png</texturenofocus>
            <textcolor>white</textcolor>
            <width>330</width>
            <onup>440</onup>
            <focusedcolor>white</focusedcolor>
            <height>44</height>
            <ondown>442</ondown>
            <onleft>-</onleft>
            <onright>-</onright>
            <posx>240</posx>
            <posy>100</posy>
            <texturefocus>frame-red-active.png</texturefocus>
          </control>
        </control>
        <control type="group" id="443">
          <posy>480</posy>
          <control type="button" id="444">
            <textcolor>FF7895B6</textcolor>
            <texturenofocus>blueoutlinecapsule_offstate.png</texturenofocus>
            <onup>441</onup>
            <aligny>center</aligny>
            <width>200</width>
            <focusedcolor>EEFFFFFF</focusedcolor>
            <ondown>-</ondown>
            <height>49</height>
            <disabledcolor>88FFFFFF</disabledcolor>
            <onleft>-</onleft>
            <onright>445</onright>
            <label>Previous</label>
            <colordiffuse>FFFFFFFF</colordiffuse>
            <posy>0</posy>
            <posx>10</posx>
            <font>font18</font>
            <texturefocus>redcapsule_onstate.png</texturefocus>
            <align>center</align>
            <visible>true</visible>
            <onclick lang="python">
              <![CDATA[fyre.controllers.signup.showStepOne()]]>
            </onclick>
          </control>
          <control type="button" id="442">
            <textcolor>FF7895B6</textcolor>
            <texturenofocus>blueoutlinecapsule_offstate.png</texturenofocus>
            <onup>441</onup>
            <aligny>center</aligny>
            <width>200</width>
            <focusedcolor>EEFFFFFF</focusedcolor>
            <ondown>-</ondown>
            <height>49</height>
            <disabledcolor>88FFFFFF</disabledcolor>
            <onleft>444</onleft>
            <onright>-</onright>
            <label>Next</label>
            <colordiffuse>FFFFFFFF</colordiffuse>
            <posy>0</posy>
            <posx>1070</posx>
            <font>font18</font>
            <texturefocus>redcapsule_onstate.png</texturefocus>
            <align>center</align>
            <visible>true</visible>
            <onclick lang="python">
              <![CDATA[fyre.controllers.signup.validateStep1_5()]]>
            </onclick>
          </control>
        </control>
      </control>
      <control type="group" id="446">
        <posy>90</posy>
        <posx>0</posx>
        <visible>false</visible>
        <control type="label">
          <textcolor>FFFFFFFF</textcolor>
          <width>300</width>
          <height>48</height>
          <label>Sign Up</label>
          <posy>0</posy>
          <posx>490</posx>
          <font>font48b</font>
          <align>center</align>
        </control>
        <control type="group">
          <posy>100</posy>
          <posx>290</posx>
          <control type="label">
            <textcolor>FFFFFFFF</textcolor>
            <width>400</width>
            <aligny>center</aligny>
            <height>44</height>
            <label>Street address</label>
            <posx>220</posx>
            <posy>0</posy>
            <font>font22</font>
            <align>right</align>
          </control>
          <control type="edit" id="447">
            <texturenofocus>frame-dark-inactive.png</texturenofocus>
            <textcolor>white</textcolor>
            <width>330</width>
            <onup>-</onup>
            <focusedcolor>white</focusedcolor>
            <height>44</height>
            <ondown>448</ondown>
            <onleft>-</onleft>
            <onright>-</onright>
            <posx>240</posx>
            <posy>0</posy>
            <texturefocus>frame-red-active.png</texturefocus>
          </control>
          <control type="label">
            <textcolor>FFFFFFFF</textcolor>
            <width>400</width>
            <aligny>center</aligny>
            <height>44</height>
            <label>City</label>
            <posx>220</posx>
            <posy>50</posy>
            <font>font22</font>
            <align>right</align>
          </control>
          <control type="edit" id="448">
            <texturenofocus>frame-dark-inactive.png</texturenofocus>
            <textcolor>white</textcolor>
            <width>330</width>
            <onup>447</onup>
            <focusedcolor>white</focusedcolor>
            <height>44</height>
            <ondown>449</ondown>
            <onleft>-</onleft>
            <onright>-</onright>
            <posx>240</posx>
            <posy>50</posy>
            <texturefocus>frame-red-active.png</texturefocus>
          </control>
          <control type="label">
            <textcolor>FFFFFFFF</textcolor>
            <width>400</width>
            <aligny>center</aligny>
            <height>44</height>
            <label>Zip code</label>
            <posx>220</posx>
            <posy>100</posy>
            <font>font22</font>
            <align>right</align>
          </control>
          <control type="edit" id="449">
            <texturenofocus>frame-dark-inactive.png</texturenofocus>
            <textcolor>white</textcolor>
            <width>330</width>
            <onup>448</onup>
            <focusedcolor>white</focusedcolor>
            <height>44</height>
            <ondown>450</ondown>
            <onleft>-</onleft>
            <onright>-</onright>
            <posx>240</posx>
            <posy>100</posy>
            <texturefocus>frame-red-active.png</texturefocus>
          </control>
          <control type="label">
            <textcolor>FFFFFFFF</textcolor>
            <aligny>center</aligny>
            <width>400</width>
            <height>44</height>
            <label>Country</label>
            <posy>150</posy>
            <posx>220</posx>
            <font>font22</font>
            <align>right</align>
          </control>
          <control type="button" id="450">
            <textcolor>white</textcolor>
            <texturenofocus>frame-blue.png</texturenofocus>
            <onup>449</onup>
            <aligny>center</aligny>
            <width>330</width>
            <focusedcolor>white</focusedcolor>
            <ondown>451</ondown>
            <height>44</height>
            <onleft>-</onleft>
            <onright>-</onright>
            <label>select...</label>
            <posy>150</posy>
            <posx>240</posx>
            <texturefocus>frame-green.png</texturefocus>
            <align>center</align>
            <onclick lang="python">
              <![CDATA[fyre.controllers.signup.showCountries()]]>
            </onclick>
          </control>
          <control type="label" id="452">
            <textcolor>FFFFFFFF</textcolor>
            <aligny>center</aligny>
            <width>400</width>
            <height>44</height>
            <label>State</label>
            <posy>200</posy>
            <posx>220</posx>
            <font>font22</font>
            <align>right</align>
          </control>
          <control type="button" id="451">
            <texturenofocus>frame-blue.png</texturenofocus>
            <textcolor>white</textcolor>
            <onup>450</onup>
            <width>330</width>
            <aligny>center</aligny>
            <focusedcolor>white</focusedcolor>
            <ondown>445</ondown>
            <height>44</height>
            <onleft>-</onleft>
            <onright>-</onright>
            <label>select...</label>
            <posy>200</posy>
            <posx>240</posx>
            <texturefocus>frame-green.png</texturefocus>
            <align>center</align>
            <onclick lang="python">
              <![CDATA[fyre.controllers.signup.showStates()]]>
            </onclick>
          </control>
        </control>
        <control type="group" id="step2_buttons">
          <posy>480</posy>
          <control type="button" id="453">
            <textcolor>FF7895B6</textcolor>
            <texturenofocus>blueoutlinecapsule_offstate.png</texturenofocus>
            <onup>451</onup>
            <aligny>center</aligny>
            <width>200</width>
            <focusedcolor>EEFFFFFF</focusedcolor>
            <ondown>-</ondown>
            <height>49</height>
            <disabledcolor>88FFFFFF</disabledcolor>
            <onleft>-</onleft>
            <onright>445</onright>
            <label>Previous</label>
            <colordiffuse>FFFFFFFF</colordiffuse>
            <posy>0</posy>
            <posx>10</posx>
            <font>font18</font>
            <texturefocus>redcapsule_onstate.png</texturefocus>
            <align>center</align>
            <visible>true</visible>
            <onclick lang="python">
              <![CDATA[fyre.controllers.signup.showStep1_5()]]>
            </onclick>
          </control>
          <control type="button" id="445">
            <textcolor>FF7895B6</textcolor>
            <texturenofocus>blueoutlinecapsule_offstate.png</texturenofocus>
            <onup>451</onup>
            <aligny>center</aligny>
            <width>200</width>
            <focusedcolor>EEFFFFFF</focusedcolor>
            <ondown>-</ondown>
            <height>49</height>
            <disabledcolor>88FFFFFF</disabledcolor>
            <onleft>453</onleft>
            <onright>-</onright>
            <label>Next</label>
            <colordiffuse>FFFFFFFF</colordiffuse>
            <posy>0</posy>
            <posx>1070</posx>
            <font>font18</font>
            <texturefocus>redcapsule_onstate.png</texturefocus>
            <align>center</align>
            <visible>true</visible>
            <onclick lang="python">
              <![CDATA[fyre.controllers.signup.validateStepTwo()]]>
            </onclick>
          </control>
        </control>
      </control>
      <control type="group" id="454">
        <posy>90</posy>
        <posx>0</posx>
        <visible>false</visible>
        <control type="label">
          <textcolor>FFFFFFFF</textcolor>
          <width>300</width>
          <height>48</height>
          <label>Sign Up</label>
          <posy>0</posy>
          <posx>490</posx>
          <font>font48b</font>
          <align>center</align>
        </control>
        <control type="group">
          <posy>100</posy>
          <posx>290</posx>
          <control type="label">
            <textcolor>FFFFFFFF</textcolor>
            <aligny>center</aligny>
            <width>400</width>
            <height>44</height>
            <label>Credit Card Type</label>
            <posy>5</posy>
            <posx>220</posx>
            <font>font22</font>
            <align>right</align>
          </control>
          <control type="togglebutton" id="455">
            <texturenofocus>active_checkcircle.png</texturenofocus>
            <alttexturefocus>active_checkcircle_ticked_red.png</alttexturefocus>
            <textcolor>grey</textcolor>
            <onup>-</onup>
            <width>20</width>
            <aligny>middle</aligny>
            <alttexturenofocus>active_checkcircle_ticked.png</alttexturenofocus>
            <focusedcolor>FFFFFFFF</focusedcolor>
            <ondown>456</ondown>
            <height>20</height>
            <textoffsetx>25</textoffsetx>
            <onleft>-</onleft>
            <textoffsety>1</textoffsety>
            <onright>457</onright>
            <label></label>
            <posx>240</posx>
            <posy>20</posy>
            <texturefocus>active_checkcircle_red.png</texturefocus>
            <font>font16</font>
            <align>left</align>
            <onclick lang="python">
              <![CDATA[fyre.controllers.signup.selectCard("master")]]>
            </onclick>
          </control>
          <control type="image">
            <width>77</width>
            <height>74</height>
            <texture>master.png</texture>
            <posy>0</posy>
            <posx>270</posx>
          </control>
          <control type="togglebutton" id="457">
            <texturenofocus>active_checkcircle.png</texturenofocus>
            <alttexturefocus>active_checkcircle_ticked_red.png</alttexturefocus>
            <textcolor>grey</textcolor>
            <onup>-</onup>
            <width>20</width>
            <aligny>middle</aligny>
            <alttexturenofocus>active_checkcircle_ticked.png</alttexturenofocus>
            <focusedcolor>FFFFFFFF</focusedcolor>
            <ondown>456</ondown>
            <height>20</height>
            <textoffsetx>25</textoffsetx>
            <onleft>455</onleft>
            <textoffsety>1</textoffsety>
            <onright>458</onright>
            <label></label>
            <posx>360</posx>
            <posy>20</posy>
            <texturefocus>active_checkcircle_red.png</texturefocus>
            <font>font16</font>
            <align>left</align>
            <onclick lang="python">
              <![CDATA[fyre.controllers.signup.selectCard("visa")]]>
            </onclick>
          </control>
          <control type="image">
            <width>77</width>
            <height>74</height>
            <texture>visa.png</texture>
            <posy>0</posy>
            <posx>390</posx>
          </control>
          <control type="togglebutton" id="458">
            <texturenofocus>active_checkcircle.png</texturenofocus>
            <alttexturefocus>active_checkcircle_ticked_red.png</alttexturefocus>
            <textcolor>grey</textcolor>
            <onup>-</onup>
            <width>20</width>
            <aligny>middle</aligny>
            <alttexturenofocus>active_checkcircle_ticked.png</alttexturenofocus>
            <focusedcolor>FFFFFFFF</focusedcolor>
            <ondown>456</ondown>
            <height>20</height>
            <textoffsetx>25</textoffsetx>
            <onleft>457</onleft>
            <textoffsety>1</textoffsety>
            <onright>459</onright>
            <label></label>
            <posx>480</posx>
            <posy>20</posy>
            <texturefocus>active_checkcircle_red.png</texturefocus>
            <font>font16</font>
            <align>left</align>
            <onclick lang="python">
              <![CDATA[fyre.controllers.signup.selectCard("discovery")]]>
            </onclick>
          </control>
          <control type="image">
            <width>77</width>
            <height>74</height>
            <texture>discover.png</texture>
            <posy>0</posy>
            <posx>510</posx>
          </control>
          <control type="togglebutton" id="459">
            <texturenofocus>active_checkcircle.png</texturenofocus>
            <alttexturefocus>active_checkcircle_ticked_red.png</alttexturefocus>
            <textcolor>grey</textcolor>
            <onup>-</onup>
            <width>20</width>
            <aligny>middle</aligny>
            <alttexturenofocus>active_checkcircle_ticked.png</alttexturenofocus>
            <focusedcolor>FFFFFFFF</focusedcolor>
            <ondown>456</ondown>
            <height>20</height>
            <textoffsetx>25</textoffsetx>
            <onleft>458</onleft>
            <textoffsety>1</textoffsety>
            <onright>-</onright>
            <label></label>
            <posx>600</posx>
            <posy>20</posy>
            <texturefocus>active_checkcircle_red.png</texturefocus>
            <font>font16</font>
            <align>left</align>
            <onclick lang="python">
              <![CDATA[fyre.controllers.signup.selectCard("aexpress")]]>
            </onclick>
          </control>
          <control type="image">
            <width>77</width>
            <height>74</height>
            <texture>american-express.png</texture>
            <posy>0</posy>
            <posx>630</posx>
          </control>
          <control type="label">
            <textcolor>FFFFFFFF</textcolor>
            <aligny>center</aligny>
            <width>400</width>
            <height>44</height>
            <label>Credit Card Number</label>
            <posy>100</posy>
            <posx>220</posx>
            <font>font22</font>
            <align>right</align>
          </control>
          <control type="edit" id="456">
            <textcolor>white</textcolor>
            <texturenofocus>frame-dark-inactive.png</texturenofocus>
            <onup>455</onup>
            <width>330</width>
            <focusedcolor>white</focusedcolor>
            <ondown>460</ondown>
            <height>44</height>
            <onleft>-</onleft>
            <onright>-</onright>
            <posy>100</posy>
            <posx>240</posx>
            <texturefocus>frame-red-active.png</texturefocus>
          </control>
          <control type="label">
            <textcolor>FFFFFFFF</textcolor>
            <aligny>center</aligny>
            <width>400</width>
            <height>44</height>
            <label>Name on Credit Card</label>
            <posy>150</posy>
            <posx>220</posx>
            <font>font22</font>
            <align>right</align>
          </control>
          <control type="edit" id="460">
            <textcolor>white</textcolor>
            <texturenofocus>frame-dark-inactive.png</texturenofocus>
            <onup>456</onup>
            <width>330</width>
            <focusedcolor>white</focusedcolor>
            <ondown>461</ondown>
            <height>44</height>
            <onleft>-</onleft>
            <onright>-</onright>
            <posy>150</posy>
            <posx>240</posx>
            <texturefocus>frame-red-active.png</texturefocus>
          </control>
          <control type="label">
            <textcolor>FFFFFFFF</textcolor>
            <aligny>center</aligny>
            <width>400</width>
            <height>44</height>
            <label>Expiration Date</label>
            <posy>200</posy>
            <posx>220</posx>
            <font>font22</font>
            <align>right</align>
          </control>
          <control type="label">
            <textcolor>FFFFFFFF</textcolor>
            <aligny>center</aligny>
            <width>400</width>
            <height>44</height>
            <label>Month</label>
            <posy>200</posy>
            <posx>430</posx>
            <font>font22</font>
            <align>right</align>
          </control>
          <control type="label">
            <textcolor>FFFFFFFF</textcolor>
            <aligny>center</aligny>
            <width>400</width>
            <height>44</height>
            <label>Year</label>
            <posy>200</posy>
            <posx>615</posx>
            <font>font22</font>
            <align>right</align>
          </control>
          <control type="edit" id="461">
            <textcolor>white</textcolor>
            <texturenofocus>frame-dark-inactive.png</texturenofocus>
            <onup>460</onup>
            <width>120</width>
            <focusedcolor>white</focusedcolor>
            <ondown>462</ondown>
            <height>44</height>
            <onleft>-</onleft>
            <onright>463</onright>
            <posy>200</posy>
            <posx>240</posx>
            <texturefocus>frame-red-active.png</texturefocus>
          </control>
          <control type="edit" id="463">
            <textcolor>white</textcolor>
            <texturenofocus>frame-dark-inactive.png</texturenofocus>
            <onup>460</onup>
            <width>120</width>
            <focusedcolor>white</focusedcolor>
            <ondown>462</ondown>
            <height>44</height>
            <onleft>461</onleft>
            <onright>-</onright>
            <posy>200</posy>
            <posx>440</posx>
            <texturefocus>frame-red-active.png</texturefocus>
          </control>
          <control type="label">
            <textcolor>FFFFFFFF</textcolor>
            <aligny>center</aligny>
            <width>400</width>
            <height>44</height>
            <label>Credit Card Verification Number</label>
            <posy>250</posy>
            <posx>220</posx>
            <font>font22</font>
            <align>right</align>
          </control>
          <control type="edit" id="462">
            <textcolor>white</textcolor>
            <texturenofocus>frame-dark-inactive.png</texturenofocus>
            <onup>461</onup>
            <width>330</width>
            <focusedcolor>white</focusedcolor>
            <ondown>464</ondown>
            <height>44</height>
            <onleft>-</onleft>
            <onright>-</onright>
            <posy>250</posy>
            <posx>240</posx>
            <texturefocus>frame-red-active.png</texturefocus>
          </control>
          <control type="label">
            <textcolor>FFFFFFFF</textcolor>
            <aligny>center</aligny>
            <width>400</width>
            <height>44</height>
            <label>Phone</label>
            <posy>300</posy>
            <posx>220</posx>
            <font>font22</font>
            <align>right</align>
          </control>
          <control type="edit" id="464">
            <textcolor>white</textcolor>
            <texturenofocus>frame-dark-inactive.png</texturenofocus>
            <onup>462</onup>
            <width>330</width>
            <focusedcolor>white</focusedcolor>
            <ondown>465</ondown>
            <height>44</height>
            <onleft>-</onleft>
            <onright>-</onright>
            <posy>300</posy>
            <posx>240</posx>
            <texturefocus>frame-red-active.png</texturefocus>
          </control>
        </control>
        <control type="group" id="466">
          <posy>480</posy>
          <control type="button" id="467">
            <textcolor>FF7895B6</textcolor>
            <texturenofocus>blueoutlinecapsule_offstate.png</texturenofocus>
            <onup>464</onup>
            <aligny>center</aligny>
            <width>200</width>
            <focusedcolor>EEFFFFFF</focusedcolor>
            <ondown>-</ondown>
            <height>49</height>
            <disabledcolor>88FFFFFF</disabledcolor>
            <onleft>-</onleft>
            <onright>465</onright>
            <label>Previous</label>
            <colordiffuse>FFFFFFFF</colordiffuse>
            <posy>0</posy>
            <posx>10</posx>
            <font>font18</font>
            <texturefocus>redcapsule_onstate.png</texturefocus>
            <align>center</align>
            <visible>true</visible>
            <onclick lang="python">
              <![CDATA[fyre.controllers.signup.showStepTwo()]]>
            </onclick>
          </control>
          <control type="button" id="465">
            <textcolor>FF7895B6</textcolor>
            <texturenofocus>blueoutlinecapsule_offstate.png</texturenofocus>
            <onup>464</onup>
            <aligny>center</aligny>
            <width>200</width>
            <focusedcolor>EEFFFFFF</focusedcolor>
            <ondown>-</ondown>
            <height>49</height>
            <disabledcolor>88FFFFFF</disabledcolor>
            <onleft>467</onleft>
            <onright>-</onright>
            <label>Finish</label>
            <colordiffuse>FFFFFFFF</colordiffuse>
            <posy>0</posy>
            <posx>1070</posx>
            <font>font18</font>
            <texturefocus>redcapsule_onstate.png</texturefocus>
            <align>center</align>
            <visible>true</visible>
            <onclick lang="python">
              <![CDATA[fyre.controllers.signup.validateStepThree()]]>
            </onclick>
          </control>
        </control>
      </control>
      <control type="group" id="468">
        <posy>30</posy>
        <posx>860</posx>
        <visible>false</visible>
        <animation type="Conditional" condition="Control.IsVisible(468)">
          <effect type="fade" time="200" start="0" end="100">
          </effect>
        </animation>
        <control type="group" id="469">
          <defaultcontrol>470</defaultcontrol>
          <posx>20</posx>
          <posy>160</posy>
          <control type="list" id="470">
            <width>300</width>
            <height>360</height>
            <onleft lang="python">
              <![CDATA[fyre.controllers.signup.hideStates()]]>
            </onleft>
            <itemlayout width="300" height="30">
              <control type="label">
                <textcolor>FFFFFFFF</textcolor>
                <width>180</width>
                <height>30</height>
                <label>$INFO[ListItem.Label]</label>
                <posx>30</posx>
                <font>font18</font>
              </control>
            </itemlayout>
            <focusedlayout width="300" height="30">
              <control type="image">
                <height>30</height>
                <texture>redarrow_right.png</texture>
              </control>
              <control type="label">
                <textcolor>FFFFFFFF</textcolor>
                <width>180</width>
                <height>30</height>
                <label>$INFO[ListItem.Label]</label>
                <posx>30</posx>
                <font>font18</font>
              </control>
            </focusedlayout>
            <content type="url">
              <onclick lang="python">
                <![CDATA[fyre.controllers.signup.statesOnClick()]]>
              </onclick>
            </content>
          </control>
        </control>
      </control>
      <control type="group" id="471">
        <posy>30</posy>
        <posx>860</posx>
        <visible>false</visible>
        <animation type="Conditional" condition="Control.IsVisible(471)">
          <effect type="fade" time="200" start="0" end="100">
          </effect>
        </animation>
        <control type="group" id="472">
          <defaultcontrol>473</defaultcontrol>
          <posx>20</posx>
          <posy>160</posy>
          <control type="list" id="473">
            <width>300</width>
            <height>400</height>
            <onleft lang="python">
              <![CDATA[fyre.controllers.signup.hideCountries()]]>
            </onleft>
            <itemlayout width="400" height="30">
              <control type="label">
                <textcolor>FFFFFFFF</textcolor>
                <width>180</width>
                <height>30</height>
                <label>$INFO[ListItem.Label]</label>
                <posx>30</posx>
                <font>font18</font>
              </control>
            </itemlayout>
            <focusedlayout width="400" height="30">
              <control type="image">
                <height>30</height>
                <texture>redarrow_right.png</texture>
              </control>
              <control type="label">
                <textcolor>FFFFFFFF</textcolor>
                <width>180</width>
                <height>30</height>
                <label>$INFO[ListItem.Label]</label>
                <posx>30</posx>
                <font>font18</font>
              </control>
            </focusedlayout>
            <content type="url">
              <onclick lang="python">
                <![CDATA[fyre.controllers.signup.countriesOnClick()]]>
              </onclick>
            </content>
          </control>
        </control>
      </control>
    </control>
  </controls>
</window>
