<?xml version="1.0" encoding="UTF-8"?>
<window type="window" id="14005">
  <defaultcontrol>15</defaultcontrol>
  <allowoverlay>no</allowoverlay>
  <onload lang="python">
    <![CDATA[print("ONLOAD: signup_activation")
if space.unload == 'signup_activation' and space.application_mode == 'F':
  print('loading the same view after screensaver')
  current_scope = space.cache.current().scope()
  #space.cache.clear_after_screensaver()
  mc.CloseWindow()
  space.after_screensaver = True
else:
  print(space.cache.current().scope() + ' - signup_activation')
  if not space.cache.current().scope() == 'signup_activation':
    space.cache.pop_level()

  try:
    func = getattr(fyre.controllers.signup_activation, 'load')
  except AttributeError:
    print('Loading view signup_activation (no load() method in controller)')
  else:
    print('Loading view signup_activation')
    space.cache.current().invalidate()
    func(space.cache.current())

]]>
  </onload>
  <onunload lang="python">
    <![CDATA[print("ONUNLOAD: signup_activation")
try:
  func = getattr(fyre.controllers.signup_activation, 'unload')
except AttributeError:
  print('Unloading view signup_activation (no unload() method in controller)')
else:
  print('Unloading view signup_activation')
  func(space.cache.current())

if not space.unload == 'player':
  space.unload = 'signup_activation'

]]>
  </onunload>
  <controls>
    <control type="group">
      <posy>0</posy>
      <posx>0</posx>
      <control type="image">
        <width>1280</width>
        <height>720</height>
        <texture>background.png</texture>
      </control>
      <control type="image">
        <width>1280</width>
        <height>40</height>
        <texture>nav_bar_thin.png</texture>
        <posy>40</posy>
      </control>
      <control type="image">
        <width>100</width>
        <height>80</height>
        <texture>fyretv_logo.png</texture>
        <posx>1050</posx>
      </control>
      <control type="label" id="16">
        <width>425</width>
        <height>16</height>
        <label></label>
        <posy>48</posy>
        <posx>130</posx>
        <font>font22b</font>
        <scroll>true</scroll>
      </control>
    </control>
    <control type="group">
      <posy>0</posy>
      <posx>0</posx>
      <control type="image">
        <width>1280</width>
        <height>720</height>
        <texture>background.png</texture>
      </control>
      <control type="image">
        <width>1280</width>
        <height>720</height>
        <texture>black.png</texture>
        <colordiffuse>99999999</colordiffuse>
      </control>
      <control type="image">
        <width>1280</width>
        <height>540</height>
        <texture>black.png</texture>
        <posy>90</posy>
      </control>
      <control type="image">
        <width>1280</width>
        <height>22</height>
        <texture>popup_border_top.png</texture>
        <posy>68</posy>
      </control>
      <control type="image">
        <width>1280</width>
        <height>22</height>
        <texture>popup_border_bottom.png</texture>
        <posy>630</posy>
      </control>
    </control>
    <control type="group" id="14">
      <visible>true</visible>
      <animation type="WindowOpen">
        <effect type="slide" time="200" start="-1000,0" end="0,0">
        </effect>
      </animation>
      <animation type="WindowClose">
        <effect type="slide" time="200" end="2000,0" star="0,0">
        </effect>
      </animation>
      <control type="group">
        <posy>140</posy>
        <posx>0</posx>
        <visible>true</visible>
        <control type="label">
          <textcolor>FFFFFFFF</textcolor>
          <width>800</width>
          <height>48</height>
          <label>Activate your Boxee Box now!</label>
          <posy>0</posy>
          <posx>240</posx>
          <font>font48b</font>
          <align>center</align>
        </control>
        <control type="group" id="17">
          <height>160</height>
          <posy>150</posy>
          <posx>380</posx>
          <visible>true</visible>
          <control type="label">
            <textcolor>white</textcolor>
            <aligny>center</aligny>
            <width>200</width>
            <height>44</height>
            <label>email:</label>
            <posx>140</posx>
            <align>right</align>
          </control>
          <control type="edit" id="18">
            <texturenofocus>frame-dark-inactive.png</texturenofocus>
            <textcolor>white</textcolor>
            <width>300</width>
            <focusedcolor>white</focusedcolor>
            <ondown>19</ondown>
            <height>44</height>
            <posx>150</posx>
            <texturefocus>frame-red-active.png</texturefocus>
          </control>
          <control type="label">
            <textcolor>white</textcolor>
            <aligny>center</aligny>
            <width>200</width>
            <height>44</height>
            <label>password:</label>
            <posy>40</posy>
            <posx>140</posx>
            <align>right</align>
          </control>
          <control type="edit" id="19">
            <texturenofocus>frame-dark-inactive.png</texturenofocus>
            <textcolor>white</textcolor>
            <onup>18</onup>
            <width>300</width>
            <password>true</password>
            <focusedcolor>white</focusedcolor>
            <height>44</height>
            <posy>40</posy>
            <posx>150</posx>
            <texturefocus>frame-red-active.png</texturefocus>
          </control>
          <control type="button" id="20">
            <texturenofocus>frame-blue.png</texturenofocus>
            <textcolor>FF7895b6</textcolor>
            <onup>19</onup>
            <aligny>center</aligny>
            <width>300</width>
            <focusedcolor>FFFFFFFF</focusedcolor>
            <height>49</height>
            <label>Sign in!</label>
            <posy>90</posy>
            <posx>150</posx>
            <texturefocus>frame-green.png</texturefocus>
            <font>font18</font>
            <align>center</align>
            <onclick lang="python">
              <![CDATA[fyre.controllers.signup_activation.connect()]]>
            </onclick>
          </control>
        </control>
      </control>
    </control>
  </controls>
</window>
