<?xml version="1.0" encoding="UTF-8"?>
<window type="window" id="14007">
  <defaultcontrol>25</defaultcontrol>
  <allowoverlay>no</allowoverlay>
  <onload lang="python">
    <![CDATA[print("ONLOAD: signup_reminder")
if space.unload == 'signup_reminder' and space.application_mode == 'F':
  print('loading the same view after screensaver')
  current_scope = space.cache.current().scope()
  #space.cache.clear_after_screensaver()
  mc.CloseWindow()
  space.after_screensaver = True
else:
  print(space.cache.current().scope() + ' - signup_reminder')
  if not space.cache.current().scope() == 'signup_reminder':
    space.cache.pop_level()

  try:
    func = getattr(fyre.controllers.signup_reminder, 'load')
  except AttributeError:
    print('Loading view signup_reminder (no load() method in controller)')
  else:
    print('Loading view signup_reminder')
    space.cache.current().invalidate()
    func(space.cache.current())

]]>
  </onload>
  <onunload lang="python">
    <![CDATA[print("ONUNLOAD: signup_reminder")
try:
  func = getattr(fyre.controllers.signup_reminder, 'unload')
except AttributeError:
  print('Unloading view signup_reminder (no unload() method in controller)')
else:
  print('Unloading view signup_reminder')
  func(space.cache.current())

if not space.unload == 'player':
  space.unload = 'signup_reminder'

]]>
  </onunload>
  <controls>
    <control type="group">
      <posy>0</posy>
      <posx>0</posx>
      <control type="image">
        <width>1280</width>
        <height>720</height>
        <texture>background.png</texture>
      </control>
      <control type="image">
        <width>1280</width>
        <height>40</height>
        <texture>nav_bar_thin.png</texture>
        <posy>40</posy>
      </control>
      <control type="image">
        <width>100</width>
        <height>80</height>
        <texture>fyretv_logo.png</texture>
        <posx>1050</posx>
      </control>
      <control type="label" id="26">
        <width>425</width>
        <height>16</height>
        <label></label>
        <posy>48</posy>
        <posx>130</posx>
        <font>font22b</font>
        <scroll>true</scroll>
      </control>
    </control>
    <control type="group">
      <posy>0</posy>
      <posx>0</posx>
      <control type="image">
        <width>1280</width>
        <height>720</height>
        <texture>background.png</texture>
      </control>
      <control type="image">
        <width>1280</width>
        <height>720</height>
        <texture>black.png</texture>
        <colordiffuse>99999999</colordiffuse>
      </control>
      <control type="image">
        <width>1280</width>
        <height>540</height>
        <texture>black.png</texture>
        <posy>90</posy>
      </control>
      <control type="image">
        <width>1280</width>
        <height>22</height>
        <texture>popup_border_top.png</texture>
        <posy>68</posy>
      </control>
      <control type="image">
        <width>1280</width>
        <height>22</height>
        <texture>popup_border_bottom.png</texture>
        <posy>630</posy>
      </control>
    </control>
    <control type="group" id="24">
      <visible>true</visible>
      <animation type="WindowOpen">
        <effect type="slide" time="200" start="-1000,0" end="0,0">
        </effect>
      </animation>
      <animation type="WindowClose">
        <effect type="slide" time="200" end="2000,0" star="0,0">
        </effect>
      </animation>
      <control type="group">
        <posy>140</posy>
        <posx>0</posx>
        <visible>true</visible>
        <control type="label">
          <textcolor>FFFFFFFF</textcolor>
          <width>800</width>
          <height>48</height>
          <label>WELCOME</label>
          <posy>0</posy>
          <posx>240</posx>
          <font>font48b</font>
          <align>center</align>
        </control>
        <control type="label">
          <textcolor>FFFFFFFF</textcolor>
          <aligny>center</aligny>
          <width>800</width>
          <height>44</height>
          <label></label>
          <posy>80</posy>
          <posx>240</posx>
          <font>font22</font>
          <align>center</align>
        </control>
        <control type="label">
          <textcolor>FFFFFFFF</textcolor>
          <aligny>center</aligny>
          <width>800</width>
          <height>88</height>
          <label>You are about to experience the ultimate in adult video with FyreTV.
First, let&#8217;s set up your Boxee Box. Are you a current FyreTV member?
</label>
          <wrapmultiline>true</wrapmultiline>
          <posy>113</posy>
          <posx>240</posx>
          <font>font22</font>
          <align>center</align>
        </control>
        <control type="button" id="27">
          <texturenofocus>frame-blue.png</texturenofocus>
          <textcolor>FF7895b6</textcolor>
          <onup>-</onup>
          <aligny>center</aligny>
          <width>195</width>
          <focusedcolor>FFFFFFFF</focusedcolor>
          <ondown>-</ondown>
          <height>49</height>
          <onleft>-</onleft>
          <onright>28</onright>
          <label>YES</label>
          <posy>294</posy>
          <posx>402</posx>
          <texturefocus>frame-green.png</texturefocus>
          <font>font18</font>
          <align>center</align>
          <onclick lang="python">
            <![CDATA[fyre.view.show("signup_activation")]]>
          </onclick>
        </control>
        <control type="button" id="28">
          <texturenofocus>frame-blue.png</texturenofocus>
          <textcolor>FF7895b6</textcolor>
          <onup>-</onup>
          <aligny>center</aligny>
          <width>195</width>
          <focusedcolor>FFFFFFFF</focusedcolor>
          <ondown>-</ondown>
          <height>49</height>
          <onleft>27</onleft>
          <onright>-</onright>
          <label>NO</label>
          <posy>294</posy>
          <posx>702</posx>
          <texturefocus>frame-green.png</texturefocus>
          <font>font18</font>
          <align>center</align>
          <onclick lang="python">
            <![CDATA[fyre.view.show("signup_activation_type")]]>
          </onclick>
        </control>
      </control>
    </control>
  </controls>
</window>
