<?xml version="1.0" encoding="UTF-8"?>
<window type="window" id="14002">
  <defaultcontrol>2</defaultcontrol>
  <allowoverlay>no</allowoverlay>
  <onload lang="python">
    <![CDATA[print("ONLOAD: signup_activation_type")
if space.unload == 'signup_activation_type' and space.application_mode == 'F':
  print('loading the same view after screensaver')
  current_scope = space.cache.current().scope()
  #space.cache.clear_after_screensaver()
  mc.CloseWindow()
  space.after_screensaver = True
else:
  print(space.cache.current().scope() + ' - signup_activation_type')
  if not space.cache.current().scope() == 'signup_activation_type':
    space.cache.pop_level()

  try:
    func = getattr(fyre.controllers.signup_activation_type, 'load')
  except AttributeError:
    print('Loading view signup_activation_type (no load() method in controller)')
  else:
    print('Loading view signup_activation_type')
    space.cache.current().invalidate()
    func(space.cache.current())

]]>
  </onload>
  <onunload lang="python">
    <![CDATA[print("ONUNLOAD: signup_activation_type")
try:
  func = getattr(fyre.controllers.signup_activation_type, 'unload')
except AttributeError:
  print('Unloading view signup_activation_type (no unload() method in controller)')
else:
  print('Unloading view signup_activation_type')
  func(space.cache.current())

if not space.unload == 'player':
  space.unload = 'signup_activation_type'

]]>
  </onunload>
  <controls>
    <control type="group">
      <posy>0</posy>
      <posx>0</posx>
      <control type="image">
        <width>1280</width>
        <height>720</height>
        <texture>background.png</texture>
      </control>
      <control type="image">
        <width>1280</width>
        <height>40</height>
        <texture>nav_bar_thin.png</texture>
        <posy>40</posy>
      </control>
      <control type="image">
        <width>100</width>
        <height>80</height>
        <texture>fyretv_logo.png</texture>
        <posx>1050</posx>
      </control>
      <control type="label" id="3">
        <width>425</width>
        <height>16</height>
        <label></label>
        <posy>48</posy>
        <posx>130</posx>
        <font>font22b</font>
        <scroll>true</scroll>
      </control>
    </control>
    <control type="group">
      <posy>0</posy>
      <posx>0</posx>
      <control type="image">
        <width>1280</width>
        <height>720</height>
        <texture>background.png</texture>
      </control>
      <control type="image">
        <width>1280</width>
        <height>720</height>
        <texture>black.png</texture>
        <colordiffuse>99999999</colordiffuse>
      </control>
      <control type="image">
        <width>1280</width>
        <height>540</height>
        <texture>black.png</texture>
        <posy>90</posy>
      </control>
      <control type="image">
        <width>1280</width>
        <height>22</height>
        <texture>popup_border_top.png</texture>
        <posy>68</posy>
      </control>
      <control type="image">
        <width>1280</width>
        <height>22</height>
        <texture>popup_border_bottom.png</texture>
        <posy>630</posy>
      </control>
    </control>
    <control type="group" id="1">
      <visible>true</visible>
      <animation type="WindowOpen">
        <effect type="slide" time="200" start="-1000,0" end="0,0">
        </effect>
      </animation>
      <animation type="WindowClose">
        <effect type="slide" time="200" end="2000,0" star="0,0">
        </effect>
      </animation>
      <control type="group">
        <posy>140</posy>
        <posx>0</posx>
        <visible>true</visible>
        <control type="label">
          <textcolor>FFFFFFFF</textcolor>
          <aligny>center</aligny>
          <width>800</width>
          <height>88</height>
          <label>No problem, we&#8217;ll get you set up quickly. Would you like to create
your free account on your Boxee Box or on your computer?
</label>
          <wrapmultiline>true</wrapmultiline>
          <posy>113</posy>
          <posx>240</posx>
          <font>font22</font>
          <align>center</align>
        </control>
        <control type="button" id="4">
          <texturenofocus>frame-blue.png</texturenofocus>
          <textcolor>FF7895b6</textcolor>
          <onup>-</onup>
          <aligny>center</aligny>
          <width>195</width>
          <focusedcolor>FFFFFFFF</focusedcolor>
          <ondown>-</ondown>
          <height>49</height>
          <onleft>-</onleft>
          <onright>5</onright>
          <label>Boxee Box</label>
          <posy>294</posy>
          <posx>402</posx>
          <texturefocus>frame-green.png</texturefocus>
          <font>font18</font>
          <align>center</align>
          <onclick lang="python">
            <![CDATA[fyre.view.show("signup")]]>
          </onclick>
        </control>
        <control type="button" id="5">
          <texturenofocus>frame-blue.png</texturenofocus>
          <textcolor>FF7895b6</textcolor>
          <onup>-</onup>
          <aligny>center</aligny>
          <width>195</width>
          <focusedcolor>FFFFFFFF</focusedcolor>
          <ondown>-</ondown>
          <height>49</height>
          <onleft>4</onleft>
          <onright>-</onright>
          <label>Computer</label>
          <posy>294</posy>
          <posx>702</posx>
          <texturefocus>frame-green.png</texturefocus>
          <font>font18</font>
          <align>center</align>
          <onclick lang="python">
            <![CDATA[fyre.view.show("signup_code_activation")]]>
          </onclick>
        </control>
      </control>
    </control>
  </controls>
</window>
