<?xml version="1.0" encoding="UTF-8"?>
<window type="window" id="14001">
  <defaultcontrol>1001</defaultcontrol>
  <allowoverlay>no</allowoverlay>
  <onload lang="python">
    <![CDATA[mc.GetActiveWindow().GetControl(fyre.hash.ids['signin']['pin_digt0']).SetFocus()]]>
  </onload>
  <controls>
    <control type="group">
      <posy>0</posy>
      <posx>0</posx>
      <control type="image">
        <width>1280</width>
        <height>720</height>
        <texture>background.png</texture>
      </control>
    </control>
    <control type="group" id="421">
      <posy>200</posy>
      <posx>464</posx>
      <control type="label">
        <label>[B]Enter PIN[/B]</label>
        <posy>70</posy>
        <posx>20</posx>
        <font>font26</font>
      </control>
      <control type="group">
        <posy>120</posy>
        <control type="group">
          <defaultcontrol>422</defaultcontrol>
          <posy>0</posy>
          <posx>0</posx>
          <control type="label" id="423">
            <label>[0, 0, 0, 0, 0, 0]</label>
            <visible>false</visible>
          </control>
          <control type="button" id="422">
            <texturenofocus>PIN_off.png</texturenofocus>
            <width>43</width>
            <aligny>center</aligny>
            <focusedcolor>FFFFFFFF</focusedcolor>
            <height>60</height>
            <onleft>-</onleft>
            <onright>424</onright>
            <posx>50</posx>
            <texturefocus>PIN_on.png</texturefocus>
            <font>font21</font>
            <visible>true</visible>
            <align>center</align>
            <onfocus lang="python">
              <![CDATA[fyre.helpers.pin.loadDigt('pin', 0, 'signin')]]>
            </onfocus>
            <onup lang="python">
              <![CDATA[fyre.helpers.pin.increase(423, 422, 0)]]>
            </onup>
            <ondown lang="python">
              <![CDATA[fyre.helpers.pin.decrease(423, 422, 0)]]>
            </ondown>
            <onclick lang="python">
              <![CDATA[mc.GetActiveWindow().GetControl(424).SetFocus()]]>
            </onclick>
          </control>
          <control type="button" id="424">
            <texturenofocus>PIN_off.png</texturenofocus>
            <width>43</width>
            <aligny>center</aligny>
            <focusedcolor>FFFFFFFF</focusedcolor>
            <height>60</height>
            <onleft>422</onleft>
            <onright>425</onright>
            <posx>100</posx>
            <texturefocus>PIN_on.png</texturefocus>
            <font>font21</font>
            <visible>true</visible>
            <align>center</align>
            <onfocus lang="python">
              <![CDATA[fyre.helpers.pin.loadDigt('pin', 1, 'signin')]]>
            </onfocus>
            <onup lang="python">
              <![CDATA[fyre.helpers.pin.increase(423, 424, 1)]]>
            </onup>
            <ondown lang="python">
              <![CDATA[fyre.helpers.pin.decrease(423, 424, 1)]]>
            </ondown>
            <onclick lang="python">
              <![CDATA[mc.GetActiveWindow().GetControl(425).SetFocus()]]>
            </onclick>
          </control>
          <control type="button" id="425">
            <texturenofocus>PIN_off.png</texturenofocus>
            <width>43</width>
            <aligny>center</aligny>
            <focusedcolor>FFFFFFFF</focusedcolor>
            <height>60</height>
            <onleft>424</onleft>
            <onright>426</onright>
            <posx>150</posx>
            <texturefocus>PIN_on.png</texturefocus>
            <font>font21</font>
            <visible>true</visible>
            <align>center</align>
            <onfocus lang="python">
              <![CDATA[fyre.helpers.pin.loadDigt('pin', 2, 'signin')]]>
            </onfocus>
            <onup lang="python">
              <![CDATA[fyre.helpers.pin.increase(423, 425, 2)]]>
            </onup>
            <ondown lang="python">
              <![CDATA[fyre.helpers.pin.decrease(423, 425, 2)]]>
            </ondown>
            <onclick lang="python">
              <![CDATA[mc.GetActiveWindow().GetControl(426).SetFocus()]]>
            </onclick>
          </control>
          <control type="button" id="426">
            <texturenofocus>PIN_off.png</texturenofocus>
            <width>43</width>
            <aligny>center</aligny>
            <focusedcolor>FFFFFFFF</focusedcolor>
            <height>60</height>
            <onleft>425</onleft>
            <onright>427</onright>
            <posx>200</posx>
            <texturefocus>PIN_on.png</texturefocus>
            <font>font21</font>
            <visible>true</visible>
            <align>center</align>
            <onfocus lang="python">
              <![CDATA[fyre.helpers.pin.loadDigt('pin', 3, 'signin')]]>
            </onfocus>
            <onup lang="python">
              <![CDATA[fyre.helpers.pin.increase(423, 426, 3)]]>
            </onup>
            <ondown lang="python">
              <![CDATA[fyre.helpers.pin.decrease(423, 426, 3)]]>
            </ondown>
            <onclick lang="python">
              <![CDATA[mc.GetActiveWindow().GetControl(427).SetFocus()]]>
            </onclick>
          </control>
          <control type="button" id="427">
            <texturenofocus>PIN_off.png</texturenofocus>
            <width>43</width>
            <aligny>center</aligny>
            <focusedcolor>FFFFFFFF</focusedcolor>
            <height>60</height>
            <onleft>426</onleft>
            <onright>428</onright>
            <posx>250</posx>
            <texturefocus>PIN_on.png</texturefocus>
            <font>font21</font>
            <visible>true</visible>
            <align>center</align>
            <onfocus lang="python">
              <![CDATA[fyre.helpers.pin.loadDigt('pin', 4, 'signin')]]>
            </onfocus>
            <onup lang="python">
              <![CDATA[fyre.helpers.pin.increase(423, 427, 4)]]>
            </onup>
            <ondown lang="python">
              <![CDATA[fyre.helpers.pin.decrease(423, 427, 4)]]>
            </ondown>
            <onclick lang="python">
              <![CDATA[mc.GetActiveWindow().GetControl(428).SetFocus()]]>
            </onclick>
          </control>
          <control type="button" id="428">
            <texturenofocus>PIN_off.png</texturenofocus>
            <width>43</width>
            <aligny>center</aligny>
            <focusedcolor>FFFFFFFF</focusedcolor>
            <height>60</height>
            <onleft>427</onleft>
            <onright></onright>
            <posx>300</posx>
            <texturefocus>PIN_on.png</texturefocus>
            <font>font21</font>
            <visible>true</visible>
            <align>center</align>
            <onfocus lang="python">
              <![CDATA[fyre.helpers.pin.loadDigt('pin', 5, 'signin')]]>
            </onfocus>
            <onclick lang="python">
              <![CDATA[
mc.GetActiveWindow().GetButton(428).SetLabel('')          
pinArray = fyre.helpers.pin.pinValue(423)
fyre.controllers.signin.verifyPin(pinArray)]]>
            </onclick>
            <onup lang="python">
              <![CDATA[fyre.helpers.pin.increase(423, 428, 5)]]>
            </onup>
            <ondown lang="python">
              <![CDATA[fyre.helpers.pin.decrease(423, 428, 5)]]>
            </ondown>
          </control>
        </control>
      </control>
    </control>
  </controls>
</window>
