<?xml version="1.0" encoding="UTF-8"?>
<window type="window" id="14003">
  <defaultcontrol>7</defaultcontrol>
  <allowoverlay>no</allowoverlay>
  <onload lang="python">
    <![CDATA[print("ONLOAD: signup_code_activation")
if space.unload == 'signup_code_activation' and space.application_mode == 'F':
  print('loading the same view after screensaver')
  current_scope = space.cache.current().scope()
  #space.cache.clear_after_screensaver()
  mc.CloseWindow()
  space.after_screensaver = True
else:
  print(space.cache.current().scope() + ' - signup_code_activation')
  if not space.cache.current().scope() == 'signup_code_activation':
    space.cache.pop_level()

  try:
    func = getattr(fyre.controllers.signup_code_activation, 'load')
  except AttributeError:
    print('Loading view signup_code_activation (no load() method in controller)')
  else:
    print('Loading view signup_code_activation')
    space.cache.current().invalidate()
    func(space.cache.current())

]]>
  </onload>
  <onunload lang="python">
    <![CDATA[print("ONUNLOAD: signup_code_activation")
try:
  func = getattr(fyre.controllers.signup_code_activation, 'unload')
except AttributeError:
  print('Unloading view signup_code_activation (no unload() method in controller)')
else:
  print('Unloading view signup_code_activation')
  func(space.cache.current())

if not space.unload == 'player':
  space.unload = 'signup_code_activation'
fyre.controllers.signup_code_activation.is_associated_onunload()
]]>
  </onunload>
  <controls>
    <control type="group">
      <posy>0</posy>
      <posx>0</posx>
      <control type="image">
        <width>1280</width>
        <height>720</height>
        <texture>background.png</texture>
      </control>
      <control type="image">
        <width>1280</width>
        <height>40</height>
        <texture>nav_bar_thin.png</texture>
        <posy>40</posy>
      </control>
      <control type="image">
        <width>100</width>
        <height>80</height>
        <texture>fyretv_logo.png</texture>
        <posx>1050</posx>
      </control>
      <control type="label" id="8">
        <width>425</width>
        <height>16</height>
        <label></label>
        <posy>48</posy>
        <posx>130</posx>
        <font>font22b</font>
        <scroll>true</scroll>
      </control>
    </control>
    <control type="group">
      <posy>0</posy>
      <posx>0</posx>
      <control type="image">
        <width>1280</width>
        <height>720</height>
        <texture>background.png</texture>
      </control>
      <control type="image">
        <width>1280</width>
        <height>720</height>
        <texture>black.png</texture>
        <colordiffuse>99999999</colordiffuse>
      </control>
      <control type="image">
        <width>1280</width>
        <height>540</height>
        <texture>black.png</texture>
        <posy>90</posy>
      </control>
      <control type="image">
        <width>1280</width>
        <height>22</height>
        <texture>popup_border_top.png</texture>
        <posy>68</posy>
      </control>
      <control type="image">
        <width>1280</width>
        <height>22</height>
        <texture>popup_border_bottom.png</texture>
        <posy>630</posy>
      </control>
    </control>
    <control type="group" id="6">
      <visible>true</visible>
      <animation type="WindowOpen">
        <effect type="slide" time="200" start="-1000,0" end="0,0">
        </effect>
      </animation>
      <animation type="WindowClose">
        <effect type="slide" time="200" end="2000,0" star="0,0">
        </effect>
      </animation>
      <control type="group">
        <posy>140</posy>
        <posx>0</posx>
        <visible>true</visible>
        <control type="label">
          <textcolor>FFFFFFFF</textcolor>
          <aligny>center</aligny>
          <width>800</width>
          <height>88</height>
          <label>Go to www.fyretv.com/MyDevices and create your free account. From your Devices page, enter the following code in the Activate field
</label>
          <wrapmultiline>true</wrapmultiline>
          <posy>69</posy>
          <posx>240</posx>
          <font>font22</font>
          <align>center</align>
        </control>
        <control type="label" id="9">
          <textcolor>FFFFFFFF</textcolor>
          <aligny>center</aligny>
          <width>800</width>
          <height>88</height>
          <label>code</label>
          <wrapmultiline>true</wrapmultiline>
          <posy>157</posy>
          <posx>240</posx>
          <font>font36b</font>
          <align>center</align>
        </control>
        <control type="label">
          <textcolor>FFFFFFFF</textcolor>
          <aligny>center</aligny>
          <width>800</width>
          <height>176</height>
          <label>and click &#8220;Activate&#8221;.  Once you enter the code please click the button below. FyreTV will launch on your Boxee Box.  This may take up to 10 minutes, but if you have any problems please go to www.support.fyretv.com
</label>
          <wrapmultiline>true</wrapmultiline>
          <posy>201</posy>
          <posx>240</posx>
          <font>font22</font>
          <align>center</align>
        </control>
        <control type="button">
          <texturenofocus>frame-blue.png</texturenofocus>
          <textcolor>FF7895b6</textcolor>
          <onup>-</onup>
          <aligny>center</aligny>
          <width>195</width>
          <focusedcolor>FFFFFFFF</focusedcolor>
          <ondown>-</ondown>
          <height>49</height>
          <onleft>-</onleft>
          <onright>-</onright>
          <label>Check now</label>
          <posy>350</posy>
          <posx>542</posx>
          <texturefocus>frame-green.png</texturefocus>
          <font>font18</font>
          <align>center</align>
          <onclick lang="python">
            <![CDATA[fyre.controllers.signup_code_activation.is_associated()]]>
          </onclick>
        </control>
      </control>
    </control>
  </controls>
</window>
