<?xml version="1.0" encoding="UTF-8"?>
<window type="window" id="14009">
  <defaultcontrol>39</defaultcontrol>
  <allowoverlay>no</allowoverlay>
  <onload lang="python">
    <![CDATA[print("ONLOAD: simple_signup")
if space.unload == 'simple_signup' and space.application_mode == 'F':
  print('loading the same view after screensaver')
  current_scope = space.cache.current().scope()
  #space.cache.clear_after_screensaver()
  mc.CloseWindow()
  space.after_screensaver = True
else:
  print(space.cache.current().scope() + ' - simple_signup')
  if not space.cache.current().scope() == 'simple_signup':
    space.cache.pop_level()

  try:
    func = getattr(fyre.controllers.simple_signup, 'load')
  except AttributeError:
    print('Loading view simple_signup (no load() method in controller)')
  else:
    print('Loading view simple_signup')
    space.cache.current().invalidate()
    func(space.cache.current())

]]>
  </onload>
  <onunload lang="python">
    <![CDATA[print("ONUNLOAD: simple_signup")
try:
  func = getattr(fyre.controllers.simple_signup, 'unload')
except AttributeError:
  print('Unloading view simple_signup (no unload() method in controller)')
else:
  print('Unloading view simple_signup')
  func(space.cache.current())

if not space.unload == 'player':
  space.unload = 'simple_signup'

]]>
  </onunload>
  <controls>
    <control type="group">
      <posy>0</posy>
      <posx>0</posx>
      <control type="image">
        <width>1280</width>
        <height>720</height>
        <texture>background.png</texture>
      </control>
      <control type="image">
        <width>1280</width>
        <height>720</height>
        <texture>black.png</texture>
        <colordiffuse>99999999</colordiffuse>
      </control>
      <control type="image">
        <width>1280</width>
        <height>540</height>
        <texture>black.png</texture>
        <posy>90</posy>
      </control>
      <control type="image">
        <width>1280</width>
        <height>22</height>
        <texture>popup_border_top.png</texture>
        <posy>68</posy>
      </control>
      <control type="image">
        <width>1280</width>
        <height>22</height>
        <texture>popup_border_bottom.png</texture>
        <posy>630</posy>
      </control>
    </control>
    <control type="group" id="38">
      <visible>true</visible>
      <animation type="WindowOpen">
        <effect type="slide" time="200" start="-1000,0" end="0,0">
        </effect>
      </animation>
      <animation type="WindowClose">
        <effect type="slide" time="200" end="2000,0" star="0,0">
        </effect>
      </animation>
      <control type="group">
        <defaultcontrol>39</defaultcontrol>
        <posy>100</posy>
        <animation type="Conditional" condition="Control.IsVisible(40)">
          <effect type="slide" time="200" end="-200,0">
          </effect>
        </animation>
        <control type="label">
          <textcolor>FFFFFFFF</textcolor>
          <width>900</width>
          <height>48</height>
          <label>Account activation</label>
          <posy>0</posy>
          <posx>190</posx>
          <font>font48b</font>
          <align>center</align>
        </control>
        <control type="label">
          <textcolor>FFFFFFFF</textcolor>
          <width>900</width>
          <height>24</height>
          <label>Are you FyreTV member?</label>
          <posy>75</posy>
          <posx>190</posx>
          <font>font24b</font>
          <align>center</align>
        </control>
        <control type="label">
          <textcolor>FFAAAAAA</textcolor>
          <width>900</width>
          <height>24</height>
          <label>Please generate activation code in my account and enter it here</label>
          <posy>100</posy>
          <posx>190</posx>
          <font>font24b</font>
          <align>center</align>
        </control>
        <control type="button" id="39">
          <texturenofocus>frame-dark-inactive.png</texturenofocus>
          <onup>-</onup>
          <width>330</width>
          <ondown>41</ondown>
          <height>44</height>
          <onleft>-</onleft>
          <onright>42</onright>
          <posy>175</posy>
          <posx>290</posx>
          <texturefocus>frame-red-active.png</texturefocus>
          <onclick lang="python">
            <![CDATA[fyre.controllers.simple_signup.showKeyboard(43, 39, 44)]]>
          </onclick>
        </control>
        <control type="edit" id="43">
          <onup>-</onup>
          <width>330</width>
          <ondown>45</ondown>
          <height>44</height>
          <onleft>-</onleft>
          <onright>-</onright>
          <posy>175</posy>
          <posx>290</posx>
        </control>
        <control type="image" id="44">
          <width>330</width>
          <height>44</height>
          <texture>frame-red-active.png</texture>
          <posy>175</posy>
          <posx>290</posx>
          <visible>false</visible>
        </control>
        <control type="button" id="42">
          <textcolor>FFFFFFFF</textcolor>
          <texturenofocus>blueoutlinecapsule_offstate.png</texturenofocus>
          <aligny>center</aligny>
          <onup>-</onup>
          <width>200</width>
          <ondown>46</ondown>
          <height>49</height>
          <onleft>39</onleft>
          <label>activate</label>
          <onright>-</onright>
          <posy>175</posy>
          <posx>660</posx>
          <font>font18</font>
          <texturefocus>redcapsule_onstate.png</texturefocus>
          <align>center</align>
          <onclick lang="python">
            <![CDATA[fyre.controllers.simple_signup.activate_account()]]>
          </onclick>
        </control>
        <control type="label">
          <textcolor>FFFFFFFF</textcolor>
          <width>900</width>
          <height>24</height>
          <label>Not a member?</label>
          <posy>275</posy>
          <posx>190</posx>
          <font>font24b</font>
          <align>center</align>
        </control>
        <control type="label">
          <textcolor>FFAAAAAA</textcolor>
          <width>900</width>
          <height>24</height>
          <label>Sign Up now</label>
          <posy>300</posy>
          <posx>190</posx>
          <font>font24b</font>
          <align>center</align>
        </control>
        <control type="button" id="41">
          <texturenofocus>frame-dark-inactive.png</texturenofocus>
          <onup>39</onup>
          <width>330</width>
          <ondown>-</ondown>
          <height>44</height>
          <onleft>-</onleft>
          <onright>46</onright>
          <posy>375</posy>
          <posx>290</posx>
          <texturefocus>frame-red-active.png</texturefocus>
          <onclick lang="python">
            <![CDATA[fyre.controllers.simple_signup.showKeyboard(fyre.hash.ids['simple_signup']['email_address'], fyre.hash.ids['simple_signup']['email_address_btn'], fyre.hash.ids['simple_signup']['email_address_img'])]]>
          </onclick>
        </control>
        <control type="edit" id="45">
          <onup>39</onup>
          <width>330</width>
          <ondown>-</ondown>
          <height>44</height>
          <onleft>-</onleft>
          <onright>-</onright>
          <posy>375</posy>
          <posx>290</posx>
        </control>
        <control type="image" id="47">
          <width>330</width>
          <height>44</height>
          <texture>frame-red-active.png</texture>
          <posy>375</posy>
          <posx>290</posx>
          <visible>false</visible>
        </control>
        <control type="button" id="46">
          <textcolor>FFFFFFFF</textcolor>
          <texturenofocus>blueoutlinecapsule_offstate.png</texturenofocus>
          <aligny>center</aligny>
          <onup>42</onup>
          <width>200</width>
          <ondown>-</ondown>
          <height>49</height>
          <onleft>41</onleft>
          <label>sign up</label>
          <onright>-</onright>
          <posy>375</posy>
          <posx>660</posx>
          <font>font18</font>
          <texturefocus>redcapsule_onstate.png</texturefocus>
          <align>center</align>
          <onclick lang="python">
            <![CDATA[fyre.controllers.simple_signup.signup()]]>
          </onclick>
        </control>
      </control>
      <control type="group" id="40">
        <posy>30</posy>
        <posx>860</posx>
        <visible>false</visible>
        <animation type="Conditional" condition="Control.IsVisible(40)">
          <effect type="fade" time="200" start="0" end="100">
          </effect>
        </animation>
        <control type="group" id="48">
          <defaultcontrol>49</defaultcontrol>
          <posx>20</posx>
          <posy>160</posy>
          <visible>True</visible>
          <control type="button" id="50">
            <texturenofocus>greyarrow_left.png</texturenofocus>
            <width>10</width>
            <height>24</height>
            <posy>230</posy>
            <posx>450</posx>
            <texturefocus>redarrow_right.png</texturefocus>
            <visible>True</visible>
            <onfocus lang="python">
              <![CDATA[fyre.helpers.keyboard.deductAction()]]>
            </onfocus>
          </control>
          <control type="group" id="51">
            <control type="group" id="52">
              <width>319</width>
              <height>380</height>
              <visible>true</visible>
              <control type="button" id="49">
                <textcolor>FFFFFFFF</textcolor>
                <texturenofocus>letter-inactive.png</texturenofocus>
                <aligny>center</aligny>
                <onup>53</onup>
                <width>50</width>
                <focusedcolor>FFFFFFFF</focusedcolor>
                <ondown>54</ondown>
                <height>50</height>
                <disabledcolor>88FFFFFF</disabledcolor>
                <onleft>50</onleft>
                <label>A</label>
                <colordiffuse>FFFFFFFF</colordiffuse>
                <onright>55</onright>
                <posy>0</posy>
                <posx>0</posx>
                <font>font28b</font>
                <texturefocus>letter-active.png</texturefocus>
                <align>center</align>
                <onclick lang="python">
                  <![CDATA[fyre.helpers.keyboard.keyPressed("a")]]>
                </onclick>
              </control>
              <control type="button" id="55">
                <textcolor>FFFFFFFF</textcolor>
                <texturenofocus>letter-inactive.png</texturenofocus>
                <aligny>center</aligny>
                <onup>53</onup>
                <width>50</width>
                <focusedcolor>FFFFFFFF</focusedcolor>
                <ondown>56</ondown>
                <height>50</height>
                <disabledcolor>88FFFFFF</disabledcolor>
                <onleft>49</onleft>
                <label>B</label>
                <colordiffuse>FFFFFFFF</colordiffuse>
                <onright>57</onright>
                <posy>0</posy>
                <posx>55</posx>
                <font>font28b</font>
                <texturefocus>letter-active.png</texturefocus>
                <align>center</align>
                <onclick lang="python">
                  <![CDATA[fyre.helpers.keyboard.keyPressed("b")]]>
                </onclick>
              </control>
              <control type="button" id="57">
                <textcolor>FFFFFFFF</textcolor>
                <texturenofocus>letter-inactive.png</texturenofocus>
                <aligny>center</aligny>
                <onup>53</onup>
                <width>50</width>
                <focusedcolor>FFFFFFFF</focusedcolor>
                <ondown>58</ondown>
                <height>50</height>
                <disabledcolor>88FFFFFF</disabledcolor>
                <onleft>55</onleft>
                <label>C</label>
                <colordiffuse>FFFFFFFF</colordiffuse>
                <onright>59</onright>
                <posy>0</posy>
                <posx>110</posx>
                <font>font28b</font>
                <texturefocus>letter-active.png</texturefocus>
                <align>center</align>
                <onclick lang="python">
                  <![CDATA[fyre.helpers.keyboard.keyPressed("c")]]>
                </onclick>
              </control>
              <control type="button" id="59">
                <textcolor>FFFFFFFF</textcolor>
                <texturenofocus>letter-inactive.png</texturenofocus>
                <aligny>center</aligny>
                <onup>53</onup>
                <width>50</width>
                <focusedcolor>FFFFFFFF</focusedcolor>
                <ondown>60</ondown>
                <height>50</height>
                <disabledcolor>88FFFFFF</disabledcolor>
                <onleft>57</onleft>
                <label>D</label>
                <colordiffuse>FFFFFFFF</colordiffuse>
                <onright>61</onright>
                <posy>0</posy>
                <posx>165</posx>
                <font>font28b</font>
                <texturefocus>letter-active.png</texturefocus>
                <align>center</align>
                <onclick lang="python">
                  <![CDATA[fyre.helpers.keyboard.keyPressed("d")]]>
                </onclick>
              </control>
              <control type="button" id="61">
                <textcolor>FFFFFFFF</textcolor>
                <texturenofocus>letter-inactive.png</texturenofocus>
                <aligny>center</aligny>
                <onup>53</onup>
                <width>50</width>
                <focusedcolor>FFFFFFFF</focusedcolor>
                <ondown>62</ondown>
                <height>50</height>
                <disabledcolor>88FFFFFF</disabledcolor>
                <onleft>59</onleft>
                <label>E</label>
                <colordiffuse>FFFFFFFF</colordiffuse>
                <onright>63</onright>
                <posy>0</posy>
                <posx>220</posx>
                <font>font28b</font>
                <texturefocus>letter-active.png</texturefocus>
                <align>center</align>
                <onclick lang="python">
                  <![CDATA[fyre.helpers.keyboard.keyPressed("e")]]>
                </onclick>
              </control>
              <control type="button" id="63">
                <textcolor>FFFFFFFF</textcolor>
                <texturenofocus>letter-inactive.png</texturenofocus>
                <aligny>center</aligny>
                <onup>53</onup>
                <width>50</width>
                <focusedcolor>FFFFFFFF</focusedcolor>
                <ondown>64</ondown>
                <height>50</height>
                <disabledcolor>88FFFFFF</disabledcolor>
                <onleft>61</onleft>
                <label>F</label>
                <colordiffuse>FFFFFFFF</colordiffuse>
                <onright>50</onright>
                <posy>0</posy>
                <posx>275</posx>
                <font>font28b</font>
                <texturefocus>letter-active.png</texturefocus>
                <align>center</align>
                <onclick lang="python">
                  <![CDATA[fyre.helpers.keyboard.keyPressed("f")]]>
                </onclick>
              </control>
              <control type="button" id="54">
                <textcolor>FFFFFFFF</textcolor>
                <texturenofocus>letter-inactive.png</texturenofocus>
                <aligny>center</aligny>
                <onup>49</onup>
                <width>50</width>
                <focusedcolor>FFFFFFFF</focusedcolor>
                <ondown>65</ondown>
                <height>50</height>
                <disabledcolor>88FFFFFF</disabledcolor>
                <onleft>50</onleft>
                <label>G</label>
                <colordiffuse>FFFFFFFF</colordiffuse>
                <onright>56</onright>
                <posy>55</posy>
                <posx>0</posx>
                <font>font28b</font>
                <texturefocus>letter-active.png</texturefocus>
                <align>center</align>
                <onclick lang="python">
                  <![CDATA[fyre.helpers.keyboard.keyPressed("g")]]>
                </onclick>
              </control>
              <control type="button" id="56">
                <textcolor>FFFFFFFF</textcolor>
                <texturenofocus>letter-inactive.png</texturenofocus>
                <aligny>center</aligny>
                <onup>55</onup>
                <width>50</width>
                <focusedcolor>FFFFFFFF</focusedcolor>
                <ondown>66</ondown>
                <height>50</height>
                <disabledcolor>88FFFFFF</disabledcolor>
                <onleft>54</onleft>
                <label>H</label>
                <colordiffuse>FFFFFFFF</colordiffuse>
                <onright>58</onright>
                <posy>55</posy>
                <posx>55</posx>
                <font>font28b</font>
                <texturefocus>letter-active.png</texturefocus>
                <align>center</align>
                <onclick lang="python">
                  <![CDATA[fyre.helpers.keyboard.keyPressed("h")]]>
                </onclick>
              </control>
              <control type="button" id="58">
                <textcolor>FFFFFFFF</textcolor>
                <texturenofocus>letter-inactive.png</texturenofocus>
                <aligny>center</aligny>
                <onup>57</onup>
                <width>50</width>
                <focusedcolor>FFFFFFFF</focusedcolor>
                <ondown>67</ondown>
                <height>50</height>
                <disabledcolor>88FFFFFF</disabledcolor>
                <onleft>56</onleft>
                <label>I</label>
                <colordiffuse>FFFFFFFF</colordiffuse>
                <onright>60</onright>
                <posy>55</posy>
                <posx>110</posx>
                <font>font28b</font>
                <texturefocus>letter-active.png</texturefocus>
                <align>center</align>
                <onclick lang="python">
                  <![CDATA[fyre.helpers.keyboard.keyPressed("i")]]>
                </onclick>
              </control>
              <control type="button" id="60">
                <textcolor>FFFFFFFF</textcolor>
                <texturenofocus>letter-inactive.png</texturenofocus>
                <aligny>center</aligny>
                <onup>59</onup>
                <width>50</width>
                <focusedcolor>FFFFFFFF</focusedcolor>
                <ondown>68</ondown>
                <height>50</height>
                <disabledcolor>88FFFFFF</disabledcolor>
                <onleft>58</onleft>
                <label>J</label>
                <colordiffuse>FFFFFFFF</colordiffuse>
                <onright>62</onright>
                <posy>55</posy>
                <posx>165</posx>
                <font>font28b</font>
                <texturefocus>letter-active.png</texturefocus>
                <align>center</align>
                <onclick lang="python">
                  <![CDATA[fyre.helpers.keyboard.keyPressed("j")]]>
                </onclick>
              </control>
              <control type="button" id="62">
                <textcolor>FFFFFFFF</textcolor>
                <texturenofocus>letter-inactive.png</texturenofocus>
                <aligny>center</aligny>
                <onup>61</onup>
                <width>50</width>
                <focusedcolor>FFFFFFFF</focusedcolor>
                <ondown>69</ondown>
                <height>50</height>
                <disabledcolor>88FFFFFF</disabledcolor>
                <onleft>60</onleft>
                <label>K</label>
                <colordiffuse>FFFFFFFF</colordiffuse>
                <onright>64</onright>
                <posy>55</posy>
                <posx>220</posx>
                <font>font28b</font>
                <texturefocus>letter-active.png</texturefocus>
                <align>center</align>
                <onclick lang="python">
                  <![CDATA[fyre.helpers.keyboard.keyPressed("k")]]>
                </onclick>
              </control>
              <control type="button" id="64">
                <textcolor>FFFFFFFF</textcolor>
                <texturenofocus>letter-inactive.png</texturenofocus>
                <aligny>center</aligny>
                <onup>63</onup>
                <width>50</width>
                <focusedcolor>FFFFFFFF</focusedcolor>
                <ondown>70</ondown>
                <height>50</height>
                <disabledcolor>88FFFFFF</disabledcolor>
                <onleft>62</onleft>
                <label>L</label>
                <colordiffuse>FFFFFFFF</colordiffuse>
                <onright>50</onright>
                <posy>55</posy>
                <posx>275</posx>
                <font>font28b</font>
                <texturefocus>letter-active.png</texturefocus>
                <align>center</align>
                <onclick lang="python">
                  <![CDATA[fyre.helpers.keyboard.keyPressed("l")]]>
                </onclick>
              </control>
              <control type="button" id="65">
                <textcolor>FFFFFFFF</textcolor>
                <texturenofocus>letter-inactive.png</texturenofocus>
                <aligny>center</aligny>
                <onup>54</onup>
                <width>50</width>
                <focusedcolor>FFFFFFFF</focusedcolor>
                <ondown>71</ondown>
                <height>50</height>
                <disabledcolor>88FFFFFF</disabledcolor>
                <onleft>50</onleft>
                <label>M</label>
                <colordiffuse>FFFFFFFF</colordiffuse>
                <onright>66</onright>
                <posy>110</posy>
                <posx>0</posx>
                <font>font28b</font>
                <texturefocus>letter-active.png</texturefocus>
                <align>center</align>
                <onclick lang="python">
                  <![CDATA[fyre.helpers.keyboard.keyPressed("m")]]>
                </onclick>
              </control>
              <control type="button" id="66">
                <textcolor>FFFFFFFF</textcolor>
                <texturenofocus>letter-inactive.png</texturenofocus>
                <aligny>center</aligny>
                <onup>56</onup>
                <width>50</width>
                <focusedcolor>FFFFFFFF</focusedcolor>
                <ondown>72</ondown>
                <height>50</height>
                <disabledcolor>88FFFFFF</disabledcolor>
                <onleft>65</onleft>
                <label>N</label>
                <colordiffuse>FFFFFFFF</colordiffuse>
                <onright>67</onright>
                <posy>110</posy>
                <posx>55</posx>
                <font>font28b</font>
                <texturefocus>letter-active.png</texturefocus>
                <align>center</align>
                <onclick lang="python">
                  <![CDATA[fyre.helpers.keyboard.keyPressed("n")]]>
                </onclick>
              </control>
              <control type="button" id="67">
                <textcolor>FFFFFFFF</textcolor>
                <texturenofocus>letter-inactive.png</texturenofocus>
                <aligny>center</aligny>
                <onup>58</onup>
                <width>50</width>
                <focusedcolor>FFFFFFFF</focusedcolor>
                <ondown>73</ondown>
                <height>50</height>
                <disabledcolor>88FFFFFF</disabledcolor>
                <onleft>66</onleft>
                <label>O</label>
                <colordiffuse>FFFFFFFF</colordiffuse>
                <onright>68</onright>
                <posy>110</posy>
                <posx>110</posx>
                <font>font28b</font>
                <texturefocus>letter-active.png</texturefocus>
                <align>center</align>
                <onclick lang="python">
                  <![CDATA[fyre.helpers.keyboard.keyPressed("o")]]>
                </onclick>
              </control>
              <control type="button" id="68">
                <textcolor>FFFFFFFF</textcolor>
                <texturenofocus>letter-inactive.png</texturenofocus>
                <aligny>center</aligny>
                <onup>60</onup>
                <width>50</width>
                <focusedcolor>FFFFFFFF</focusedcolor>
                <ondown>74</ondown>
                <height>50</height>
                <disabledcolor>88FFFFFF</disabledcolor>
                <onleft>67</onleft>
                <label>P</label>
                <colordiffuse>FFFFFFFF</colordiffuse>
                <onright>69</onright>
                <posy>110</posy>
                <posx>165</posx>
                <font>font28b</font>
                <texturefocus>letter-active.png</texturefocus>
                <align>center</align>
                <onclick lang="python">
                  <![CDATA[fyre.helpers.keyboard.keyPressed("p")]]>
                </onclick>
              </control>
              <control type="button" id="69">
                <textcolor>FFFFFFFF</textcolor>
                <texturenofocus>letter-inactive.png</texturenofocus>
                <aligny>center</aligny>
                <onup>62</onup>
                <width>50</width>
                <focusedcolor>FFFFFFFF</focusedcolor>
                <ondown>75</ondown>
                <height>50</height>
                <disabledcolor>88FFFFFF</disabledcolor>
                <onleft>68</onleft>
                <label>Q</label>
                <colordiffuse>FFFFFFFF</colordiffuse>
                <onright>70</onright>
                <posy>110</posy>
                <posx>220</posx>
                <font>font28b</font>
                <texturefocus>letter-active.png</texturefocus>
                <align>center</align>
                <onclick lang="python">
                  <![CDATA[fyre.helpers.keyboard.keyPressed("q")]]>
                </onclick>
              </control>
              <control type="button" id="70">
                <textcolor>FFFFFFFF</textcolor>
                <texturenofocus>letter-inactive.png</texturenofocus>
                <aligny>center</aligny>
                <onup>64</onup>
                <width>50</width>
                <focusedcolor>FFFFFFFF</focusedcolor>
                <ondown>76</ondown>
                <height>50</height>
                <disabledcolor>88FFFFFF</disabledcolor>
                <onleft>69</onleft>
                <label>R</label>
                <colordiffuse>FFFFFFFF</colordiffuse>
                <onright>50</onright>
                <posy>110</posy>
                <posx>275</posx>
                <font>font28b</font>
                <texturefocus>letter-active.png</texturefocus>
                <align>center</align>
                <onclick lang="python">
                  <![CDATA[fyre.helpers.keyboard.keyPressed("r")]]>
                </onclick>
              </control>
              <control type="button" id="71">
                <textcolor>FFFFFFFF</textcolor>
                <texturenofocus>letter-inactive.png</texturenofocus>
                <aligny>center</aligny>
                <onup>65</onup>
                <width>50</width>
                <focusedcolor>FFFFFFFF</focusedcolor>
                <ondown>77</ondown>
                <height>50</height>
                <disabledcolor>88FFFFFF</disabledcolor>
                <onleft>50</onleft>
                <label>S</label>
                <colordiffuse>FFFFFFFF</colordiffuse>
                <onright>72</onright>
                <posy>165</posy>
                <posx>0</posx>
                <font>font28b</font>
                <texturefocus>letter-active.png</texturefocus>
                <align>center</align>
                <onclick lang="python">
                  <![CDATA[fyre.helpers.keyboard.keyPressed("s")]]>
                </onclick>
              </control>
              <control type="button" id="72">
                <textcolor>FFFFFFFF</textcolor>
                <texturenofocus>letter-inactive.png</texturenofocus>
                <aligny>center</aligny>
                <onup>66</onup>
                <width>50</width>
                <focusedcolor>FFFFFFFF</focusedcolor>
                <ondown>77</ondown>
                <height>50</height>
                <disabledcolor>88FFFFFF</disabledcolor>
                <onleft>71</onleft>
                <label>T</label>
                <colordiffuse>FFFFFFFF</colordiffuse>
                <onright>73</onright>
                <posy>165</posy>
                <posx>55</posx>
                <font>font28b</font>
                <texturefocus>letter-active.png</texturefocus>
                <align>center</align>
                <onclick lang="python">
                  <![CDATA[fyre.helpers.keyboard.keyPressed("t")]]>
                </onclick>
              </control>
              <control type="button" id="73">
                <textcolor>FFFFFFFF</textcolor>
                <texturenofocus>letter-inactive.png</texturenofocus>
                <aligny>center</aligny>
                <onup>67</onup>
                <width>50</width>
                <focusedcolor>FFFFFFFF</focusedcolor>
                <ondown>78</ondown>
                <height>50</height>
                <disabledcolor>88FFFFFF</disabledcolor>
                <onleft>72</onleft>
                <label>U</label>
                <colordiffuse>FFFFFFFF</colordiffuse>
                <onright>74</onright>
                <posy>165</posy>
                <posx>110</posx>
                <font>font28b</font>
                <texturefocus>letter-active.png</texturefocus>
                <align>center</align>
                <onclick lang="python">
                  <![CDATA[fyre.helpers.keyboard.keyPressed("u")]]>
                </onclick>
              </control>
              <control type="button" id="74">
                <textcolor>FFFFFFFF</textcolor>
                <texturenofocus>letter-inactive.png</texturenofocus>
                <aligny>center</aligny>
                <onup>68</onup>
                <width>50</width>
                <focusedcolor>FFFFFFFF</focusedcolor>
                <ondown>79</ondown>
                <height>50</height>
                <disabledcolor>88FFFFFF</disabledcolor>
                <onleft>73</onleft>
                <label>V</label>
                <colordiffuse>FFFFFFFF</colordiffuse>
                <onright>75</onright>
                <posy>165</posy>
                <posx>165</posx>
                <font>font28b</font>
                <texturefocus>letter-active.png</texturefocus>
                <align>center</align>
                <onclick lang="python">
                  <![CDATA[fyre.helpers.keyboard.keyPressed("v")]]>
                </onclick>
              </control>
              <control type="button" id="75">
                <textcolor>FFFFFFFF</textcolor>
                <texturenofocus>letter-inactive.png</texturenofocus>
                <aligny>center</aligny>
                <onup>69</onup>
                <width>50</width>
                <focusedcolor>FFFFFFFF</focusedcolor>
                <ondown>80</ondown>
                <height>50</height>
                <disabledcolor>88FFFFFF</disabledcolor>
                <onleft>74</onleft>
                <label>W</label>
                <colordiffuse>FFFFFFFF</colordiffuse>
                <onright>76</onright>
                <posy>165</posy>
                <posx>220</posx>
                <font>font28b</font>
                <texturefocus>letter-active.png</texturefocus>
                <align>center</align>
                <onclick lang="python">
                  <![CDATA[fyre.helpers.keyboard.keyPressed("w")]]>
                </onclick>
              </control>
              <control type="button" id="76">
                <textcolor>FFFFFFFF</textcolor>
                <texturenofocus>letter-inactive.png</texturenofocus>
                <aligny>center</aligny>
                <onup>70</onup>
                <width>50</width>
                <focusedcolor>FFFFFFFF</focusedcolor>
                <ondown>80</ondown>
                <height>50</height>
                <disabledcolor>88FFFFFF</disabledcolor>
                <onleft>75</onleft>
                <label>X</label>
                <colordiffuse>FFFFFFFF</colordiffuse>
                <onright>50</onright>
                <posy>165</posy>
                <posx>275</posx>
                <font>font28b</font>
                <texturefocus>letter-active.png</texturefocus>
                <align>center</align>
                <onclick lang="python">
                  <![CDATA[fyre.helpers.keyboard.keyPressed("x")]]>
                </onclick>
              </control>
              <control type="button" id="77">
                <textcolor>FFFFFFFF</textcolor>
                <texturenofocus>enter-inactive.png</texturenofocus>
                <aligny>center</aligny>
                <onup>71</onup>
                <width>105</width>
                <focusedcolor>FFFFFFFF</focusedcolor>
                <ondown>81</ondown>
                <height>50</height>
                <disabledcolor>88FFFFFF</disabledcolor>
                <onleft>50</onleft>
                <label></label>
                <colordiffuse>FFFFFFFF</colordiffuse>
                <onright>78</onright>
                <posy>220</posy>
                <posx>0</posx>
                <font>font28b</font>
                <texturefocus>enter-active.png</texturefocus>
                <align>center</align>
                <onclick lang="python">
                  <![CDATA[fyre.helpers.keyboard.toggleShift()]]>
                </onclick>
              </control>
              <control type="image">
                <width>105</width>
                <aspectratio>keep</aspectratio>
                <height>20</height>
                <texture>shift-icon.png</texture>
                <posy>235</posy>
                <posx>0</posx>
              </control>
              <control type="button" id="78">
                <textcolor>FFFFFFFF</textcolor>
                <texturenofocus>letter-inactive.png</texturenofocus>
                <aligny>center</aligny>
                <onup>73</onup>
                <width>50</width>
                <focusedcolor>FFFFFFFF</focusedcolor>
                <ondown>81</ondown>
                <height>50</height>
                <disabledcolor>88FFFFFF</disabledcolor>
                <onleft>77</onleft>
                <label>Y</label>
                <colordiffuse>FFFFFFFF</colordiffuse>
                <onright>79</onright>
                <posy>220</posy>
                <posx>110</posx>
                <font>font28b</font>
                <texturefocus>letter-active.png</texturefocus>
                <align>center</align>
                <onclick lang="python">
                  <![CDATA[fyre.helpers.keyboard.keyPressed("y")]]>
                </onclick>
              </control>
              <control type="button" id="79">
                <textcolor>FFFFFFFF</textcolor>
                <texturenofocus>letter-inactive.png</texturenofocus>
                <aligny>center</aligny>
                <onup>74</onup>
                <width>50</width>
                <focusedcolor>FFFFFFFF</focusedcolor>
                <ondown>82</ondown>
                <height>50</height>
                <disabledcolor>88FFFFFF</disabledcolor>
                <onleft>78</onleft>
                <label>Z</label>
                <colordiffuse>FFFFFFFF</colordiffuse>
                <onright>80</onright>
                <posy>220</posy>
                <posx>165</posx>
                <font>font28b</font>
                <texturefocus>letter-active.png</texturefocus>
                <align>center</align>
                <onclick lang="python">
                  <![CDATA[fyre.helpers.keyboard.keyPressed("z")]]>
                </onclick>
              </control>
              <control type="button" id="80">
                <textcolor>FFFFFFFF</textcolor>
                <texturenofocus>enter-inactive.png</texturenofocus>
                <aligny>center</aligny>
                <onup>75</onup>
                <width>105</width>
                <focusedcolor>FFFFFFFF</focusedcolor>
                <ondown>82</ondown>
                <height>50</height>
                <disabledcolor>88FFFFFF</disabledcolor>
                <onleft>79</onleft>
                <label></label>
                <colordiffuse>FFFFFFFF</colordiffuse>
                <onright>50</onright>
                <posy>220</posy>
                <posx>220</posx>
                <font>font28b</font>
                <texturefocus>enter-active.png</texturefocus>
                <align>center</align>
                <onclick lang="python">
                  <![CDATA[fyre.helpers.keyboard.delChar()]]>
                </onclick>
              </control>
              <control type="image">
                <width>105</width>
                <aspectratio>keep</aspectratio>
                <height>20</height>
                <texture>x.png</texture>
                <posy>235</posy>
                <posx>220</posx>
              </control>
              <control type="button" id="81">
                <textcolor>FFFFFFFF</textcolor>
                <texturenofocus>enter-inactive.png</texturenofocus>
                <aligny>center</aligny>
                <onup>77</onup>
                <width>160</width>
                <focusedcolor>FFFFFFFF</focusedcolor>
                <ondown>83</ondown>
                <height>50</height>
                <disabledcolor>88FFFFFF</disabledcolor>
                <onleft>50</onleft>
                <label>num...</label>
                <colordiffuse>FFFFFFFF</colordiffuse>
                <onright>82</onright>
                <posy>275</posy>
                <posx>0</posx>
                <font>font28b</font>
                <texturefocus>enter-active.png</texturefocus>
                <align>center</align>
                <onclick lang="python">
                  <![CDATA[fyre.helpers.keyboard.showNumbers()]]>
                </onclick>
              </control>
              <control type="button" id="82">
                <textcolor>FFFFFFFF</textcolor>
                <texturenofocus>enter-inactive.png</texturenofocus>
                <aligny>center</aligny>
                <onup>79</onup>
                <width>160</width>
                <focusedcolor>FFFFFFFF</focusedcolor>
                <ondown>83</ondown>
                <height>50</height>
                <disabledcolor>88FFFFFF</disabledcolor>
                <onleft>81</onleft>
                <label>enter</label>
                <colordiffuse>FFFFFFFF</colordiffuse>
                <onright>50</onright>
                <posy>275</posy>
                <posx>165</posx>
                <font>font28b</font>
                <texturefocus>enter-active.png</texturefocus>
                <align>center</align>
                <onclick lang="python">
                  <![CDATA[fyre.helpers.keyboard.deductAction()]]>
                </onclick>
              </control>
              <control type="button" id="83">
                <textcolor>FFFFFFFF</textcolor>
                <texturenofocus>space-inactive.png</texturenofocus>
                <aligny>center</aligny>
                <onup>81</onup>
                <width>215</width>
                <focusedcolor>FFFFFFFF</focusedcolor>
                <ondown>-</ondown>
                <height>50</height>
                <disabledcolor>88FFFFFF</disabledcolor>
                <onleft>50</onleft>
                <label>space</label>
                <colordiffuse>FFFFFFFF</colordiffuse>
                <onright>50</onright>
                <posy>330</posy>
                <posx>55</posx>
                <font>font28b</font>
                <texturefocus>space-active.png</texturefocus>
                <align>center</align>
                <onclick lang="python">
                  <![CDATA[fyre.helpers.keyboard.keyPressed(" ")]]>
                </onclick>
              </control>
            </control>
            <control type="group" id="84">
              <width>319</width>
              <height>380</height>
              <visible>false</visible>
              <control type="button" id="85">
                <textcolor>FFFFFFFF</textcolor>
                <texturenofocus>letter-inactive.png</texturenofocus>
                <aligny>center</aligny>
                <onup>53</onup>
                <width>50</width>
                <focusedcolor>FFFFFFFF</focusedcolor>
                <ondown>86</ondown>
                <height>50</height>
                <disabledcolor>88FFFFFF</disabledcolor>
                <onleft>50</onleft>
                <label> 1 </label>
                <colordiffuse>FFFFFFFF</colordiffuse>
                <onright>87</onright>
                <posy>0</posy>
                <posx>0</posx>
                <font>font28b</font>
                <texturefocus>letter-active.png</texturefocus>
                <align>center</align>
                <onclick lang="python">
                  <![CDATA[fyre.helpers.keyboard.keyPressed("1")]]>
                </onclick>
              </control>
              <control type="button" id="87">
                <textcolor>FFFFFFFF</textcolor>
                <texturenofocus>letter-inactive.png</texturenofocus>
                <aligny>center</aligny>
                <onup>53</onup>
                <width>50</width>
                <focusedcolor>FFFFFFFF</focusedcolor>
                <ondown>88</ondown>
                <height>50</height>
                <disabledcolor>88FFFFFF</disabledcolor>
                <onleft>85</onleft>
                <label> 2 </label>
                <colordiffuse>FFFFFFFF</colordiffuse>
                <onright>89</onright>
                <posy>0</posy>
                <posx>55</posx>
                <font>font28b</font>
                <texturefocus>letter-active.png</texturefocus>
                <align>center</align>
                <onclick lang="python">
                  <![CDATA[fyre.helpers.keyboard.keyPressed("2")]]>
                </onclick>
              </control>
              <control type="button" id="89">
                <textcolor>FFFFFFFF</textcolor>
                <texturenofocus>letter-inactive.png</texturenofocus>
                <aligny>center</aligny>
                <onup>53</onup>
                <width>50</width>
                <focusedcolor>FFFFFFFF</focusedcolor>
                <ondown>90</ondown>
                <height>50</height>
                <disabledcolor>88FFFFFF</disabledcolor>
                <onleft>87</onleft>
                <label> 3 </label>
                <colordiffuse>FFFFFFFF</colordiffuse>
                <onright>91</onright>
                <posy>0</posy>
                <posx>110</posx>
                <font>font28b</font>
                <texturefocus>letter-active.png</texturefocus>
                <align>center</align>
                <onclick lang="python">
                  <![CDATA[fyre.helpers.keyboard.keyPressed("3")]]>
                </onclick>
              </control>
              <control type="button" id="91">
                <textcolor>FFFFFFFF</textcolor>
                <texturenofocus>letter-inactive.png</texturenofocus>
                <aligny>center</aligny>
                <onup>53</onup>
                <width>50</width>
                <focusedcolor>FFFFFFFF</focusedcolor>
                <ondown>92</ondown>
                <height>50</height>
                <disabledcolor>88FFFFFF</disabledcolor>
                <onleft>89</onleft>
                <label> 4 </label>
                <colordiffuse>FFFFFFFF</colordiffuse>
                <onright>93</onright>
                <posy>0</posy>
                <posx>165</posx>
                <font>font28b</font>
                <texturefocus>letter-active.png</texturefocus>
                <align>center</align>
                <onclick lang="python">
                  <![CDATA[fyre.helpers.keyboard.keyPressed("4")]]>
                </onclick>
              </control>
              <control type="button" id="93">
                <textcolor>FFFFFFFF</textcolor>
                <texturenofocus>letter-inactive.png</texturenofocus>
                <aligny>center</aligny>
                <onup>53</onup>
                <width>50</width>
                <focusedcolor>FFFFFFFF</focusedcolor>
                <ondown>94</ondown>
                <height>50</height>
                <disabledcolor>88FFFFFF</disabledcolor>
                <onleft>91</onleft>
                <label> 5 </label>
                <colordiffuse>FFFFFFFF</colordiffuse>
                <onright>95</onright>
                <posy>0</posy>
                <posx>220</posx>
                <font>font28b</font>
                <texturefocus>letter-active.png</texturefocus>
                <align>center</align>
                <onclick lang="python">
                  <![CDATA[fyre.helpers.keyboard.keyPressed("5")]]>
                </onclick>
              </control>
              <control type="button" id="95">
                <textcolor>FFFFFFFF</textcolor>
                <texturenofocus>letter-inactive.png</texturenofocus>
                <aligny>center</aligny>
                <onup>53</onup>
                <width>50</width>
                <focusedcolor>FFFFFFFF</focusedcolor>
                <ondown>96</ondown>
                <height>50</height>
                <disabledcolor>88FFFFFF</disabledcolor>
                <onleft>93</onleft>
                <label> 6 </label>
                <colordiffuse>FFFFFFFF</colordiffuse>
                <onright>50</onright>
                <posy>0</posy>
                <posx>275</posx>
                <font>font28b</font>
                <texturefocus>letter-active.png</texturefocus>
                <align>center</align>
                <onclick lang="python">
                  <![CDATA[fyre.helpers.keyboard.keyPressed("6")]]>
                </onclick>
              </control>
              <control type="button" id="86">
                <textcolor>FFFFFFFF</textcolor>
                <texturenofocus>letter-inactive.png</texturenofocus>
                <aligny>center</aligny>
                <onup>85</onup>
                <width>50</width>
                <focusedcolor>FFFFFFFF</focusedcolor>
                <ondown>97</ondown>
                <height>50</height>
                <disabledcolor>88FFFFFF</disabledcolor>
                <onleft>50</onleft>
                <label> 7 </label>
                <colordiffuse>FFFFFFFF</colordiffuse>
                <onright>88</onright>
                <posy>55</posy>
                <posx>0</posx>
                <font>font28b</font>
                <texturefocus>letter-active.png</texturefocus>
                <align>center</align>
                <onclick lang="python">
                  <![CDATA[fyre.helpers.keyboard.keyPressed("7")]]>
                </onclick>
              </control>
              <control type="button" id="88">
                <textcolor>FFFFFFFF</textcolor>
                <texturenofocus>letter-inactive.png</texturenofocus>
                <aligny>center</aligny>
                <onup>87</onup>
                <width>50</width>
                <focusedcolor>FFFFFFFF</focusedcolor>
                <ondown>98</ondown>
                <height>50</height>
                <disabledcolor>88FFFFFF</disabledcolor>
                <onleft>86</onleft>
                <label> 8 </label>
                <colordiffuse>FFFFFFFF</colordiffuse>
                <onright>90</onright>
                <posy>55</posy>
                <posx>55</posx>
                <font>font28b</font>
                <texturefocus>letter-active.png</texturefocus>
                <align>center</align>
                <onclick lang="python">
                  <![CDATA[fyre.helpers.keyboard.keyPressed("8")]]>
                </onclick>
              </control>
              <control type="button" id="90">
                <textcolor>FFFFFFFF</textcolor>
                <texturenofocus>letter-inactive.png</texturenofocus>
                <aligny>center</aligny>
                <onup>89</onup>
                <width>50</width>
                <focusedcolor>FFFFFFFF</focusedcolor>
                <ondown>99</ondown>
                <height>50</height>
                <disabledcolor>88FFFFFF</disabledcolor>
                <onleft>88</onleft>
                <label> 9 </label>
                <colordiffuse>FFFFFFFF</colordiffuse>
                <onright>92</onright>
                <posy>55</posy>
                <posx>110</posx>
                <font>font28b</font>
                <texturefocus>letter-active.png</texturefocus>
                <align>center</align>
                <onclick lang="python">
                  <![CDATA[fyre.helpers.keyboard.keyPressed("9")]]>
                </onclick>
              </control>
              <control type="button" id="92">
                <textcolor>FFFFFFFF</textcolor>
                <texturenofocus>letter-inactive.png</texturenofocus>
                <aligny>center</aligny>
                <onup>91</onup>
                <width>50</width>
                <focusedcolor>FFFFFFFF</focusedcolor>
                <ondown>100</ondown>
                <height>50</height>
                <disabledcolor>88FFFFFF</disabledcolor>
                <onleft>90</onleft>
                <label> 0 </label>
                <colordiffuse>FFFFFFFF</colordiffuse>
                <onright>94</onright>
                <posy>55</posy>
                <posx>165</posx>
                <font>font28b</font>
                <texturefocus>letter-active.png</texturefocus>
                <align>center</align>
                <onclick lang="python">
                  <![CDATA[fyre.helpers.keyboard.keyPressed("0")]]>
                </onclick>
              </control>
              <control type="button" id="94">
                <textcolor>FFFFFFFF</textcolor>
                <texturenofocus>letter-inactive.png</texturenofocus>
                <aligny>center</aligny>
                <onup>93</onup>
                <width>50</width>
                <focusedcolor>FFFFFFFF</focusedcolor>
                <ondown>101</ondown>
                <height>50</height>
                <disabledcolor>88FFFFFF</disabledcolor>
                <onleft>92</onleft>
                <label>$</label>
                <colordiffuse>FFFFFFFF</colordiffuse>
                <onright>96</onright>
                <posy>55</posy>
                <posx>220</posx>
                <font>font28b</font>
                <texturefocus>letter-active.png</texturefocus>
                <align>center</align>
                <onclick lang="python">
                  <![CDATA[fyre.helpers.keyboard.keyPressed("$")]]>
                </onclick>
              </control>
              <control type="button" id="96">
                <textcolor>FFFFFFFF</textcolor>
                <texturenofocus>letter-inactive.png</texturenofocus>
                <aligny>center</aligny>
                <onup>95</onup>
                <width>50</width>
                <focusedcolor>FFFFFFFF</focusedcolor>
                <ondown>102</ondown>
                <height>50</height>
                <disabledcolor>88FFFFFF</disabledcolor>
                <onleft>94</onleft>
                <label>.</label>
                <colordiffuse>FFFFFFFF</colordiffuse>
                <onright>50</onright>
                <posy>55</posy>
                <posx>275</posx>
                <font>font28b</font>
                <texturefocus>letter-active.png</texturefocus>
                <align>center</align>
                <onclick lang="python">
                  <![CDATA[fyre.helpers.keyboard.keyPressed(".")]]>
                </onclick>
              </control>
              <control type="button" id="97">
                <textcolor>FFFFFFFF</textcolor>
                <texturenofocus>letter-inactive.png</texturenofocus>
                <aligny>center</aligny>
                <onup>86</onup>
                <width>50</width>
                <focusedcolor>FFFFFFFF</focusedcolor>
                <ondown>103</ondown>
                <height>50</height>
                <disabledcolor>88FFFFFF</disabledcolor>
                <onleft>50</onleft>
                <label>,</label>
                <colordiffuse>FFFFFFFF</colordiffuse>
                <onright>98</onright>
                <posy>110</posy>
                <posx>0</posx>
                <font>font28b</font>
                <texturefocus>letter-active.png</texturefocus>
                <align>center</align>
                <onclick lang="python">
                  <![CDATA[fyre.helpers.keyboard.keyPressed(",")]]>
                </onclick>
              </control>
              <control type="button" id="98">
                <textcolor>FFFFFFFF</textcolor>
                <texturenofocus>letter-inactive.png</texturenofocus>
                <aligny>center</aligny>
                <onup>88</onup>
                <width>50</width>
                <focusedcolor>FFFFFFFF</focusedcolor>
                <ondown>104</ondown>
                <height>50</height>
                <disabledcolor>88FFFFFF</disabledcolor>
                <onleft>97</onleft>
                <label>'</label>
                <colordiffuse>FFFFFFFF</colordiffuse>
                <onright>99</onright>
                <posy>110</posy>
                <posx>55</posx>
                <font>font28b</font>
                <texturefocus>letter-active.png</texturefocus>
                <align>center</align>
                <onclick lang="python">
                  <![CDATA[fyre.helpers.keyboard.keyPressed("'")]]>
                </onclick>
              </control>
              <control type="button" id="99">
                <textcolor>FFFFFFFF</textcolor>
                <texturenofocus>letter-inactive.png</texturenofocus>
                <aligny>center</aligny>
                <onup>90</onup>
                <width>50</width>
                <focusedcolor>FFFFFFFF</focusedcolor>
                <ondown>105</ondown>
                <height>50</height>
                <disabledcolor>88FFFFFF</disabledcolor>
                <onleft>98</onleft>
                <label>"</label>
                <colordiffuse>FFFFFFFF</colordiffuse>
                <onright>100</onright>
                <posy>110</posy>
                <posx>110</posx>
                <font>font28b</font>
                <texturefocus>letter-active.png</texturefocus>
                <align>center</align>
                <onclick lang="python">
                  <![CDATA[fyre.helpers.keyboard.keyPressed("\"")]]>
                </onclick>
              </control>
              <control type="button" id="100">
                <textcolor>FFFFFFFF</textcolor>
                <texturenofocus>letter-inactive.png</texturenofocus>
                <aligny>center</aligny>
                <onup>92</onup>
                <width>50</width>
                <focusedcolor>FFFFFFFF</focusedcolor>
                <ondown>106</ondown>
                <height>50</height>
                <disabledcolor>88FFFFFF</disabledcolor>
                <onleft>99</onleft>
                <label>#</label>
                <colordiffuse>FFFFFFFF</colordiffuse>
                <onright>101</onright>
                <posy>110</posy>
                <posx>165</posx>
                <font>font28b</font>
                <texturefocus>letter-active.png</texturefocus>
                <align>center</align>
                <onclick lang="python">
                  <![CDATA[fyre.helpers.keyboard.keyPressed("#")]]>
                </onclick>
              </control>
              <control type="button" id="101">
                <textcolor>FFFFFFFF</textcolor>
                <texturenofocus>letter-inactive.png</texturenofocus>
                <aligny>center</aligny>
                <onup>94</onup>
                <width>50</width>
                <focusedcolor>FFFFFFFF</focusedcolor>
                <ondown>107</ondown>
                <height>50</height>
                <disabledcolor>88FFFFFF</disabledcolor>
                <onleft>100</onleft>
                <label>%</label>
                <colordiffuse>FFFFFFFF</colordiffuse>
                <onright>102</onright>
                <posy>110</posy>
                <posx>220</posx>
                <font>font28b</font>
                <texturefocus>letter-active.png</texturefocus>
                <align>center</align>
                <onclick lang="python">
                  <![CDATA[fyre.helpers.keyboard.keyPressed("%")]]>
                </onclick>
              </control>
              <control type="button" id="102">
                <textcolor>FFFFFFFF</textcolor>
                <texturenofocus>letter-inactive.png</texturenofocus>
                <aligny>center</aligny>
                <onup>96</onup>
                <width>50</width>
                <focusedcolor>FFFFFFFF</focusedcolor>
                <ondown>108</ondown>
                <height>50</height>
                <disabledcolor>88FFFFFF</disabledcolor>
                <onleft>101</onleft>
                <label> - </label>
                <colordiffuse>FFFFFFFF</colordiffuse>
                <onright>50</onright>
                <posy>110</posy>
                <posx>275</posx>
                <font>font28b</font>
                <texturefocus>letter-active.png</texturefocus>
                <align>center</align>
                <onclick lang="python">
                  <![CDATA[fyre.helpers.keyboard.keyPressed("-")]]>
                </onclick>
              </control>
              <control type="button" id="103">
                <textcolor>FFFFFFFF</textcolor>
                <texturenofocus>letter-inactive.png</texturenofocus>
                <aligny>center</aligny>
                <onup>97</onup>
                <width>50</width>
                <focusedcolor>FFFFFFFF</focusedcolor>
                <ondown>109</ondown>
                <height>50</height>
                <disabledcolor>88FFFFFF</disabledcolor>
                <onleft>50</onleft>
                <label>+</label>
                <colordiffuse>FFFFFFFF</colordiffuse>
                <onright>104</onright>
                <posy>165</posy>
                <posx>0</posx>
                <font>font28b</font>
                <texturefocus>letter-active.png</texturefocus>
                <align>center</align>
                <onclick lang="python">
                  <![CDATA[fyre.helpers.keyboard.keyPressed("+")]]>
                </onclick>
              </control>
              <control type="button" id="104">
                <textcolor>FFFFFFFF</textcolor>
                <texturenofocus>letter-inactive.png</texturenofocus>
                <aligny>center</aligny>
                <onup>98</onup>
                <width>50</width>
                <focusedcolor>FFFFFFFF</focusedcolor>
                <ondown>110</ondown>
                <height>50</height>
                <disabledcolor>88FFFFFF</disabledcolor>
                <onleft>103</onleft>
                <label>=</label>
                <colordiffuse>FFFFFFFF</colordiffuse>
                <onright>105</onright>
                <posy>165</posy>
                <posx>55</posx>
                <font>font28b</font>
                <texturefocus>letter-active.png</texturefocus>
                <align>center</align>
                <onclick lang="python">
                  <![CDATA[fyre.helpers.keyboard.keyPressed("=")]]>
                </onclick>
              </control>
              <control type="button" id="105">
                <textcolor>FFFFFFFF</textcolor>
                <texturenofocus>letter-inactive.png</texturenofocus>
                <aligny>center</aligny>
                <onup>99</onup>
                <width>50</width>
                <focusedcolor>FFFFFFFF</focusedcolor>
                <ondown>111</ondown>
                <height>50</height>
                <disabledcolor>88FFFFFF</disabledcolor>
                <onleft>104</onleft>
                <label>_</label>
                <colordiffuse>FFFFFFFF</colordiffuse>
                <onright>106</onright>
                <posy>165</posy>
                <posx>110</posx>
                <font>font28b</font>
                <texturefocus>letter-active.png</texturefocus>
                <align>center</align>
                <onclick lang="python">
                  <![CDATA[fyre.helpers.keyboard.keyPressed("_")]]>
                </onclick>
              </control>
              <control type="button" id="106">
                <textcolor>FFFFFFFF</textcolor>
                <texturenofocus>letter-inactive.png</texturenofocus>
                <aligny>center</aligny>
                <onup>100</onup>
                <width>50</width>
                <focusedcolor>FFFFFFFF</focusedcolor>
                <ondown>112</ondown>
                <height>50</height>
                <disabledcolor>88FFFFFF</disabledcolor>
                <onleft>105</onleft>
                <label>/</label>
                <colordiffuse>FFFFFFFF</colordiffuse>
                <onright>107</onright>
                <posy>165</posy>
                <posx>165</posx>
                <font>font28b</font>
                <texturefocus>letter-active.png</texturefocus>
                <align>center</align>
                <onclick lang="python">
                  <![CDATA[fyre.helpers.keyboard.keyPressed("/")]]>
                </onclick>
              </control>
              <control type="button" id="107">
                <textcolor>FFFFFFFF</textcolor>
                <texturenofocus>letter-inactive.png</texturenofocus>
                <aligny>center</aligny>
                <onup>101</onup>
                <width>50</width>
                <focusedcolor>FFFFFFFF</focusedcolor>
                <ondown>113</ondown>
                <height>50</height>
                <disabledcolor>88FFFFFF</disabledcolor>
                <onleft>106</onleft>
                <label>\</label>
                <colordiffuse>FFFFFFFF</colordiffuse>
                <onright>108</onright>
                <posy>165</posy>
                <posx>220</posx>
                <font>font28b</font>
                <texturefocus>letter-active.png</texturefocus>
                <align>center</align>
                <onclick lang="python">
                  <![CDATA[fyre.helpers.keyboard.keyPressed("\\")]]>
                </onclick>
              </control>
              <control type="button" id="108">
                <textcolor>FFFFFFFF</textcolor>
                <texturenofocus>letter-inactive.png</texturenofocus>
                <aligny>center</aligny>
                <onup>102</onup>
                <width>50</width>
                <focusedcolor>FFFFFFFF</focusedcolor>
                <ondown>114</ondown>
                <height>50</height>
                <disabledcolor>88FFFFFF</disabledcolor>
                <onleft>107</onleft>
                <label>;</label>
                <colordiffuse>FFFFFFFF</colordiffuse>
                <onright>50</onright>
                <posy>165</posy>
                <posx>275</posx>
                <font>font28b</font>
                <texturefocus>letter-active.png</texturefocus>
                <align>center</align>
                <onclick lang="python">
                  <![CDATA[fyre.helpers.keyboard.keyPressed(";")]]>
                </onclick>
              </control>
              <control type="button" id="109">
                <textcolor>FFFFFFFF</textcolor>
                <texturenofocus>letter-inactive.png</texturenofocus>
                <aligny>center</aligny>
                <onup>103</onup>
                <width>50</width>
                <focusedcolor>FFFFFFFF</focusedcolor>
                <ondown>115</ondown>
                <height>50</height>
                <disabledcolor>88FFFFFF</disabledcolor>
                <onleft>50</onleft>
                <label>:</label>
                <colordiffuse>FFFFFFFF</colordiffuse>
                <onright>110</onright>
                <posy>220</posy>
                <posx>0</posx>
                <font>font28b</font>
                <texturefocus>letter-active.png</texturefocus>
                <align>center</align>
                <onclick lang="python">
                  <![CDATA[fyre.helpers.keyboard.keyPressed(":")]]>
                </onclick>
              </control>
              <control type="button" id="110">
                <textcolor>FFFFFFFF</textcolor>
                <texturenofocus>letter-inactive.png</texturenofocus>
                <aligny>center</aligny>
                <onup>104</onup>
                <width>50</width>
                <focusedcolor>FFFFFFFF</focusedcolor>
                <ondown>115</ondown>
                <height>50</height>
                <disabledcolor>88FFFFFF</disabledcolor>
                <onleft>109</onleft>
                <label>@</label>
                <colordiffuse>FFFFFFFF</colordiffuse>
                <onright>111</onright>
                <posy>220</posy>
                <posx>55</posx>
                <font>font28b</font>
                <texturefocus>letter-active.png</texturefocus>
                <align>center</align>
                <onclick lang="python">
                  <![CDATA[fyre.helpers.keyboard.keyPressed("@")]]>
                </onclick>
              </control>
              <control type="button" id="111">
                <textcolor>FFFFFFFF</textcolor>
                <texturenofocus>letter-inactive.png</texturenofocus>
                <aligny>center</aligny>
                <onup>105</onup>
                <width>50</width>
                <focusedcolor>FFFFFFFF</focusedcolor>
                <ondown>115</ondown>
                <height>50</height>
                <disabledcolor>88FFFFFF</disabledcolor>
                <onleft>110</onleft>
                <label>&amp;</label>
                <colordiffuse>FFFFFFFF</colordiffuse>
                <onright>112</onright>
                <posy>220</posy>
                <posx>110</posx>
                <font>font28b</font>
                <texturefocus>letter-active.png</texturefocus>
                <align>center</align>
                <onclick lang="python">
                  <![CDATA[fyre.helpers.keyboard.keyPressed("&")]]>
                </onclick>
              </control>
              <control type="button" id="112">
                <textcolor>FFFFFFFF</textcolor>
                <texturenofocus>letter-inactive.png</texturenofocus>
                <aligny>center</aligny>
                <onup>106</onup>
                <width>50</width>
                <focusedcolor>FFFFFFFF</focusedcolor>
                <ondown>116</ondown>
                <height>50</height>
                <disabledcolor>88FFFFFF</disabledcolor>
                <onleft>111</onleft>
                <label>!</label>
                <colordiffuse>FFFFFFFF</colordiffuse>
                <onright>113</onright>
                <posy>220</posy>
                <posx>165</posx>
                <font>font28b</font>
                <texturefocus>letter-active.png</texturefocus>
                <align>center</align>
                <onclick lang="python">
                  <![CDATA[fyre.helpers.keyboard.keyPressed("!")]]>
                </onclick>
              </control>
              <control type="button" id="113">
                <textcolor>FFFFFFFF</textcolor>
                <texturenofocus>letter-inactive.png</texturenofocus>
                <aligny>center</aligny>
                <onup>107</onup>
                <width>50</width>
                <focusedcolor>FFFFFFFF</focusedcolor>
                <ondown>116</ondown>
                <height>50</height>
                <disabledcolor>88FFFFFF</disabledcolor>
                <onleft>112</onleft>
                <label>(</label>
                <colordiffuse>FFFFFFFF</colordiffuse>
                <onright>114</onright>
                <posy>220</posy>
                <posx>220</posx>
                <font>font28b</font>
                <texturefocus>letter-active.png</texturefocus>
                <align>center</align>
                <onclick lang="python">
                  <![CDATA[fyre.helpers.keyboard.keyPressed("(")]]>
                </onclick>
              </control>
              <control type="button" id="114">
                <textcolor>FFFFFFFF</textcolor>
                <texturenofocus>letter-inactive.png</texturenofocus>
                <aligny>center</aligny>
                <onup>108</onup>
                <width>50</width>
                <focusedcolor>FFFFFFFF</focusedcolor>
                <ondown>116</ondown>
                <height>50</height>
                <disabledcolor>88FFFFFF</disabledcolor>
                <onleft>113</onleft>
                <label>)</label>
                <colordiffuse>FFFFFFFF</colordiffuse>
                <onright>50</onright>
                <posy>220</posy>
                <posx>275</posx>
                <font>font28b</font>
                <texturefocus>letter-active.png</texturefocus>
                <align>center</align>
                <onclick lang="python">
                  <![CDATA[fyre.helpers.keyboard.keyPressed(")")]]>
                </onclick>
              </control>
              <control type="button" id="115">
                <textcolor>FFFFFFFF</textcolor>
                <texturenofocus>space-inactive.png</texturenofocus>
                <aligny>center</aligny>
                <onup>109</onup>
                <width>160</width>
                <focusedcolor>FFFFFFFF</focusedcolor>
                <ondown>117</ondown>
                <height>50</height>
                <disabledcolor>88FFFFFF</disabledcolor>
                <onleft>50</onleft>
                <label>ABC...</label>
                <colordiffuse>FFFFFFFF</colordiffuse>
                <onright>116</onright>
                <posy>275</posy>
                <posx>0</posx>
                <font>font28b</font>
                <texturefocus>space-active.png</texturefocus>
                <align>center</align>
                <onclick lang="python">
                  <![CDATA[fyre.helpers.keyboard.showAlphabet()]]>
                </onclick>
              </control>
              <control type="button" id="116">
                <textcolor>FFFFFFFF</textcolor>
                <texturenofocus>space-inactive.png</texturenofocus>
                <aligny>center</aligny>
                <onup>112</onup>
                <width>160</width>
                <focusedcolor>FFFFFFFF</focusedcolor>
                <ondown>118</ondown>
                <height>50</height>
                <disabledcolor>88FFFFFF</disabledcolor>
                <onleft>115</onleft>
                <label></label>
                <colordiffuse>FFFFFFFF</colordiffuse>
                <onright>50</onright>
                <posy>275</posy>
                <posx>165</posx>
                <font>font28b</font>
                <texturefocus>space-active.png</texturefocus>
                <align>center</align>
                <onclick lang="python">
                  <![CDATA[fyre.helpers.keyboard.delChar()]]>
                </onclick>
              </control>
              <control type="image">
                <width>160</width>
                <aspectratio>keep</aspectratio>
                <height>20</height>
                <texture>x.png</texture>
                <posy>290</posy>
                <posx>165</posx>
              </control>
              <control type="button" id="117">
                <textcolor>FFFFFFFF</textcolor>
                <texturenofocus>enter-inactive.png</texturenofocus>
                <aligny>center</aligny>
                <onup>115</onup>
                <width>215</width>
                <focusedcolor>FFFFFFFF</focusedcolor>
                <ondown>-</ondown>
                <height>50</height>
                <disabledcolor>88FFFFFF</disabledcolor>
                <onleft>50</onleft>
                <label>space</label>
                <colordiffuse>FFFFFFFF</colordiffuse>
                <onright>118</onright>
                <posy>330</posy>
                <posx>0</posx>
                <font>font28b</font>
                <texturefocus>enter-active.png</texturefocus>
                <align>center</align>
                <onclick lang="python">
                  <![CDATA[fyre.helpers.keyboard.keyPressed(" ")]]>
                </onclick>
              </control>
              <control type="button" id="118">
                <textcolor>FFFFFFFF</textcolor>
                <texturenofocus>enter-inactive.png</texturenofocus>
                <aligny>center</aligny>
                <onup>116</onup>
                <width>105</width>
                <focusedcolor>FFFFFFFF</focusedcolor>
                <ondown>-</ondown>
                <height>50</height>
                <disabledcolor>88FFFFFF</disabledcolor>
                <onleft>117</onleft>
                <label>enter</label>
                <colordiffuse>FFFFFFFF</colordiffuse>
                <onright>50</onright>
                <posy>330</posy>
                <posx>220</posx>
                <font>font28b</font>
                <texturefocus>enter-active.png</texturefocus>
                <align>center</align>
                <onclick lang="python">
                  <![CDATA[fyre.helpers.keyboard.deductAction()]]>
                </onclick>
              </control>
            </control>
          </control>
        </control>
      </control>
    </control>
  </controls>
</window>
