<?xml version="1.0" encoding="UTF-8"?>
<window type="window" id="14025">
  <defaultcontrol>565</defaultcontrol>
  <allowoverlay>no</allowoverlay>
  <onload lang="python">
    <![CDATA[print("ONLOAD: stdp")
if space.unload == 'stdp' and space.application_mode == 'F':
  print('loading the same view after screensaver')
  current_scope = space.cache.current().scope()
  #space.cache.clear_after_screensaver()
  mc.CloseWindow()
  space.after_screensaver = True
else:
  print(space.cache.current().scope() + ' - stdp')
  if not space.cache.current().scope() == 'stdp':
    space.cache.pop_level()

  try:
    func = getattr(fyre.controllers.stdp, 'load')
  except AttributeError:
    print('Loading view stdp (no load() method in controller)')
  else:
    print('Loading view stdp')
    space.cache.current().invalidate()
    func(space.cache.current())

]]>
  </onload>
  <onunload lang="python">
    <![CDATA[print("ONUNLOAD: stdp")
try:
  func = getattr(fyre.controllers.stdp, 'unload')
except AttributeError:
  print('Unloading view stdp (no unload() method in controller)')
else:
  print('Unloading view stdp')
  func(space.cache.current())

if not space.unload == 'player':
  space.unload = 'stdp'

]]>
  </onunload>
  <controls>
    <control type="group">
      <posy>0</posy>
      <posx>0</posx>
      <control type="image">
        <width>1280</width>
        <height>720</height>
        <texture>background.png</texture>
      </control>
      <control type="image">
        <width>1280</width>
        <height>40</height>
        <texture>nav_bar_thin.png</texture>
        <posy>40</posy>
      </control>
      <control type="image">
        <width>100</width>
        <height>80</height>
        <texture>fyretv_logo.png</texture>
        <posx>1050</posx>
      </control>
      <control type="label" id="567">
        <width>425</width>
        <height>16</height>
        <label>Star Details</label>
        <posy>48</posy>
        <posx>130</posx>
        <font>font22b</font>
        <scroll>true</scroll>
      </control>
    </control>
    <control type="group" id="565">
      <defaultcontrol>566</defaultcontrol>
      <visible>true</visible>
      <animation type="WindowOpen">
        <effect type="slide" time="200" start="-1000,0" end="0,0">
        </effect>
      </animation>
      <animation type="WindowClose">
        <effect type="slide" time="200" end="2000,0" star="0,0">
        </effect>
      </animation>
      <control type="largeimage">
        <width>400</width>
        <aspectratio>stretch</aspectratio>
        <height>600</height>
        <texture>star_placeholder.png</texture>
        <posy>100</posy>
        <posx>200</posx>
      </control>
      <control type="largeimage" id="568">
        <width>400</width>
        <aspectratio>stretch</aspectratio>
        <height>600</height>
        <texture>-</texture>
        <posy>100</posy>
        <posx>200</posx>
      </control>
      <control type="grouplist">
        <orientation>vertical</orientation>
        <width>400</width>
        <height>400</height>
        <posy>150</posy>
        <posx>640</posx>
        <control type="label" id="569">
          <textcolor>FFFFFFFF</textcolor>
          <width>320</width>
          <height>48</height>
          <label></label>
          <font>font28b</font>
        </control>
        <control type="label">
          <textcolor>FF7895B6</textcolor>
          <width>320</width>
          <height>48</height>
          <label>Attributes</label>
          <font>font24b</font>
        </control>
        <control type="label">
          <textcolor>FF7895B6</textcolor>
          <width>320</width>
          <height>48</height>
          <label>Date of birth</label>
          <font>font24b</font>
        </control>
        <control type="label">
          <textcolor>FF7895B6</textcolor>
          <width>320</width>
          <height>48</height>
          <label>Place of birth</label>
          <font>font24b</font>
        </control>
        <control type="label">
          <textcolor>FF7895B6</textcolor>
          <width>320</width>
          <height>48</height>
          <label>Measurements</label>
          <font>font24b</font>
        </control>
        <control type="label">
          <textcolor>FF7895B6</textcolor>
          <width>320</width>
          <height>48</height>
          <label>Total scenes</label>
          <font>font24b</font>
        </control>
      </control>
      <control type="grouplist">
        <orientation>vertical</orientation>
        <width>320</width>
        <height>400</height>
        <posy>205</posy>
        <posx>900</posx>
        <control type="label" id="570">
          <textcolor>FF7895B6</textcolor>
          <width>320</width>
          <height>48</height>
          <label></label>
          <font>font24</font>
          <scroll>True</scroll>
        </control>
        <control type="label" id="571">
          <textcolor>FF7895B6</textcolor>
          <width>320</width>
          <height>48</height>
          <label></label>
          <font>font24</font>
        </control>
        <control type="label" id="572">
          <textcolor>FF7895B6</textcolor>
          <width>320</width>
          <height>48</height>
          <label></label>
          <font>font24</font>
        </control>
        <control type="label" id="573">
          <textcolor>FF7895B6</textcolor>
          <width>320</width>
          <height>48</height>
          <label></label>
          <font>font24</font>
        </control>
        <control type="label" id="574">
          <textcolor>FF7895B6</textcolor>
          <width>320</width>
          <height>48</height>
          <label></label>
          <font>font24</font>
        </control>
      </control>
      <control type="button" id="566">
        <textcolor>FF7895B6</textcolor>
        <texturenofocus>blueoutlinecapsule_offstate.png</texturenofocus>
        <aligny>center</aligny>
        <width>200</width>
        <focusedcolor>EEFFFFFF</focusedcolor>
        <textoffsetx>-</textoffsetx>
        <height>49</height>
        <disabledcolor>88888888</disabledcolor>
        <textoffsety>-</textoffsety>
        <label>view all scenes</label>
        <onfocus>-</onfocus>
        <colordiffuse>FFFFFFFF</colordiffuse>
        <posy>570</posy>
        <posx>900</posx>
        <font>font18</font>
        <texturefocus>redcapsule_onstate.png</texturefocus>
        <align>center</align>
        <visible>true</visible>
        <onclick lang="python">
          <![CDATA[fyre.view.show('coverflow', 'star_scenes/' + space.cache.current().star['star_id'], {'media_type': 'scene', 'label': space.cache.current().star['name']})]]>
        </onclick>
      </control>
      <control type="button">
        <texturenofocus>blueoutlinecapsule_disabledstate.png</texturenofocus>
        <textcolor>88888888</textcolor>
        <aligny>center</aligny>
        <width>200</width>
        <focusedcolor>EEFFFFFF</focusedcolor>
        <textoffsetx>-</textoffsetx>
        <height>49</height>
        <disabledcolor>88888888</disabledcolor>
        <textoffsety>-</textoffsety>
        <enable>false</enable>
        <label>view all scenes</label>
        <onfocus>-</onfocus>
        <posy>570</posy>
        <posx>900</posx>
        <texturefocus>blueoutlinecapsule_disabledstate.png</texturefocus>
        <font>font18</font>
        <align>center</align>
        <visible>!Control.IsVisible(566)</visible>
      </control>
    </control>
  </controls>
</window>
