<?xml version="1.0" encoding="UTF-8"?>
<window type="window" id="14024">
  <defaultcontrol>487</defaultcontrol>
  <allowoverlay>no</allowoverlay>
  <onload lang="python">
    <![CDATA[print("ONLOAD: stars")
if space.unload == 'stars' and space.application_mode == 'F':
  print('loading the same view after screensaver')
  current_scope = space.cache.current().scope()
  #space.cache.clear_after_screensaver()
  mc.CloseWindow()
  space.after_screensaver = True
else:
  print(space.cache.current().scope() + ' - stars')
  if not space.cache.current().scope() == 'stars':
    space.cache.pop_level()

  try:
    func = getattr(fyre.controllers.stars, 'load')
  except AttributeError:
    print('Loading view stars (no load() method in controller)')
  else:
    print('Loading view stars')
    space.cache.current().invalidate()
    func(space.cache.current())
fyre.helpers.keyboard.set_focus('stars')
]]>
  </onload>
  <onunload lang="python">
    <![CDATA[print("ONUNLOAD: stars")
try:
  func = getattr(fyre.controllers.stars, 'unload')
except AttributeError:
  print('Unloading view stars (no unload() method in controller)')
else:
  print('Unloading view stars')
  func(space.cache.current())

if not space.unload == 'player':
  space.unload = 'stars'

]]>
  </onunload>
  <controls>
    <control type="group">
      <posy>0</posy>
      <posx>0</posx>
      <control type="image">
        <width>1280</width>
        <height>720</height>
        <texture>background.png</texture>
      </control>
      <control type="image">
        <width>1280</width>
        <height>40</height>
        <texture>nav_bar_thin.png</texture>
        <posy>40</posy>
      </control>
      <control type="image">
        <width>100</width>
        <height>80</height>
        <texture>fyretv_logo.png</texture>
        <posx>1050</posx>
      </control>
      <control type="label" id="489">
        <width>425</width>
        <height>16</height>
        <label>Stars</label>
        <posy>48</posy>
        <posx>130</posx>
        <font>font22b</font>
        <scroll>true</scroll>
      </control>
    </control>
    <control type="group" id="487">
      <defaultcontrol>488</defaultcontrol>
      <visible>true</visible>
      <animation type="WindowOpen">
        <effect type="slide" time="200" start="-1000,0" end="0,0">
        </effect>
      </animation>
      <animation type="WindowClose">
        <effect type="slide" time="200" end="2000,0" star="0,0">
        </effect>
      </animation>
      <animation type="Conditional" condition="Control.HasFocus(490) | Control.HasFocus(491)">
        <effect type="slide" time="200" end="-700,0">
        </effect>
      </animation>
      <control type="edit" id="492">
        <textcolor>CCFFFFFF</textcolor>
        <texturenofocus>input-area.png</texturenofocus>
        <aligny>center</aligny>
        <width>330</width>
        <focusedcolor>FFFFFFFF</focusedcolor>
        <ondown>494</ondown>
        <textoffsetx>20</textoffsetx>
        <height>50</height>
        <textoffsety>0</textoffsety>
        <onright>493</onright>
        <posy>100</posy>
        <posx>20</posx>
        <font>font22b</font>
        <texturefocus>input-area.png</texturefocus>
        <align>left</align>
      </control>
      <control type="group" id="488">
        <defaultcontrol>495</defaultcontrol>
        <posx>20</posx>
        <posy>160</posy>
        <visible>True</visible>
        <control type="button" id="496">
          <texturenofocus>greyarrow_left.png</texturenofocus>
          <width>10</width>
          <height>24</height>
          <posy>230</posy>
          <posx>450</posx>
          <texturefocus>redarrow_right.png</texturefocus>
          <visible>True</visible>
          <onfocus lang="python">
            <![CDATA[fyre.helpers.keyboard.deductAction()]]>
          </onfocus>
        </control>
        <control type="group" id="494">
          <control type="group" id="497">
            <width>319</width>
            <height>380</height>
            <visible>true</visible>
            <control type="button" id="495">
              <textcolor>FFFFFFFF</textcolor>
              <texturenofocus>letter-inactive.png</texturenofocus>
              <aligny>center</aligny>
              <onup>492</onup>
              <width>50</width>
              <focusedcolor>FFFFFFFF</focusedcolor>
              <ondown>498</ondown>
              <height>50</height>
              <disabledcolor>88FFFFFF</disabledcolor>
              <onleft>496</onleft>
              <label>A</label>
              <colordiffuse>FFFFFFFF</colordiffuse>
              <onright>499</onright>
              <posy>0</posy>
              <posx>0</posx>
              <font>font28b</font>
              <texturefocus>letter-active.png</texturefocus>
              <align>center</align>
              <onclick lang="python">
                <![CDATA[fyre.helpers.keyboard.keyPressed("a")]]>
              </onclick>
            </control>
            <control type="button" id="499">
              <textcolor>FFFFFFFF</textcolor>
              <texturenofocus>letter-inactive.png</texturenofocus>
              <aligny>center</aligny>
              <onup>492</onup>
              <width>50</width>
              <focusedcolor>FFFFFFFF</focusedcolor>
              <ondown>500</ondown>
              <height>50</height>
              <disabledcolor>88FFFFFF</disabledcolor>
              <onleft>495</onleft>
              <label>B</label>
              <colordiffuse>FFFFFFFF</colordiffuse>
              <onright>501</onright>
              <posy>0</posy>
              <posx>55</posx>
              <font>font28b</font>
              <texturefocus>letter-active.png</texturefocus>
              <align>center</align>
              <onclick lang="python">
                <![CDATA[fyre.helpers.keyboard.keyPressed("b")]]>
              </onclick>
            </control>
            <control type="button" id="501">
              <textcolor>FFFFFFFF</textcolor>
              <texturenofocus>letter-inactive.png</texturenofocus>
              <aligny>center</aligny>
              <onup>492</onup>
              <width>50</width>
              <focusedcolor>FFFFFFFF</focusedcolor>
              <ondown>502</ondown>
              <height>50</height>
              <disabledcolor>88FFFFFF</disabledcolor>
              <onleft>499</onleft>
              <label>C</label>
              <colordiffuse>FFFFFFFF</colordiffuse>
              <onright>503</onright>
              <posy>0</posy>
              <posx>110</posx>
              <font>font28b</font>
              <texturefocus>letter-active.png</texturefocus>
              <align>center</align>
              <onclick lang="python">
                <![CDATA[fyre.helpers.keyboard.keyPressed("c")]]>
              </onclick>
            </control>
            <control type="button" id="503">
              <textcolor>FFFFFFFF</textcolor>
              <texturenofocus>letter-inactive.png</texturenofocus>
              <aligny>center</aligny>
              <onup>492</onup>
              <width>50</width>
              <focusedcolor>FFFFFFFF</focusedcolor>
              <ondown>504</ondown>
              <height>50</height>
              <disabledcolor>88FFFFFF</disabledcolor>
              <onleft>501</onleft>
              <label>D</label>
              <colordiffuse>FFFFFFFF</colordiffuse>
              <onright>505</onright>
              <posy>0</posy>
              <posx>165</posx>
              <font>font28b</font>
              <texturefocus>letter-active.png</texturefocus>
              <align>center</align>
              <onclick lang="python">
                <![CDATA[fyre.helpers.keyboard.keyPressed("d")]]>
              </onclick>
            </control>
            <control type="button" id="505">
              <textcolor>FFFFFFFF</textcolor>
              <texturenofocus>letter-inactive.png</texturenofocus>
              <aligny>center</aligny>
              <onup>492</onup>
              <width>50</width>
              <focusedcolor>FFFFFFFF</focusedcolor>
              <ondown>506</ondown>
              <height>50</height>
              <disabledcolor>88FFFFFF</disabledcolor>
              <onleft>503</onleft>
              <label>E</label>
              <colordiffuse>FFFFFFFF</colordiffuse>
              <onright>507</onright>
              <posy>0</posy>
              <posx>220</posx>
              <font>font28b</font>
              <texturefocus>letter-active.png</texturefocus>
              <align>center</align>
              <onclick lang="python">
                <![CDATA[fyre.helpers.keyboard.keyPressed("e")]]>
              </onclick>
            </control>
            <control type="button" id="507">
              <textcolor>FFFFFFFF</textcolor>
              <texturenofocus>letter-inactive.png</texturenofocus>
              <aligny>center</aligny>
              <onup>492</onup>
              <width>50</width>
              <focusedcolor>FFFFFFFF</focusedcolor>
              <ondown>508</ondown>
              <height>50</height>
              <disabledcolor>88FFFFFF</disabledcolor>
              <onleft>505</onleft>
              <label>F</label>
              <colordiffuse>FFFFFFFF</colordiffuse>
              <onright>496</onright>
              <posy>0</posy>
              <posx>275</posx>
              <font>font28b</font>
              <texturefocus>letter-active.png</texturefocus>
              <align>center</align>
              <onclick lang="python">
                <![CDATA[fyre.helpers.keyboard.keyPressed("f")]]>
              </onclick>
            </control>
            <control type="button" id="498">
              <textcolor>FFFFFFFF</textcolor>
              <texturenofocus>letter-inactive.png</texturenofocus>
              <aligny>center</aligny>
              <onup>495</onup>
              <width>50</width>
              <focusedcolor>FFFFFFFF</focusedcolor>
              <ondown>509</ondown>
              <height>50</height>
              <disabledcolor>88FFFFFF</disabledcolor>
              <onleft>496</onleft>
              <label>G</label>
              <colordiffuse>FFFFFFFF</colordiffuse>
              <onright>500</onright>
              <posy>55</posy>
              <posx>0</posx>
              <font>font28b</font>
              <texturefocus>letter-active.png</texturefocus>
              <align>center</align>
              <onclick lang="python">
                <![CDATA[fyre.helpers.keyboard.keyPressed("g")]]>
              </onclick>
            </control>
            <control type="button" id="500">
              <textcolor>FFFFFFFF</textcolor>
              <texturenofocus>letter-inactive.png</texturenofocus>
              <aligny>center</aligny>
              <onup>499</onup>
              <width>50</width>
              <focusedcolor>FFFFFFFF</focusedcolor>
              <ondown>510</ondown>
              <height>50</height>
              <disabledcolor>88FFFFFF</disabledcolor>
              <onleft>498</onleft>
              <label>H</label>
              <colordiffuse>FFFFFFFF</colordiffuse>
              <onright>502</onright>
              <posy>55</posy>
              <posx>55</posx>
              <font>font28b</font>
              <texturefocus>letter-active.png</texturefocus>
              <align>center</align>
              <onclick lang="python">
                <![CDATA[fyre.helpers.keyboard.keyPressed("h")]]>
              </onclick>
            </control>
            <control type="button" id="502">
              <textcolor>FFFFFFFF</textcolor>
              <texturenofocus>letter-inactive.png</texturenofocus>
              <aligny>center</aligny>
              <onup>501</onup>
              <width>50</width>
              <focusedcolor>FFFFFFFF</focusedcolor>
              <ondown>511</ondown>
              <height>50</height>
              <disabledcolor>88FFFFFF</disabledcolor>
              <onleft>500</onleft>
              <label>I</label>
              <colordiffuse>FFFFFFFF</colordiffuse>
              <onright>504</onright>
              <posy>55</posy>
              <posx>110</posx>
              <font>font28b</font>
              <texturefocus>letter-active.png</texturefocus>
              <align>center</align>
              <onclick lang="python">
                <![CDATA[fyre.helpers.keyboard.keyPressed("i")]]>
              </onclick>
            </control>
            <control type="button" id="504">
              <textcolor>FFFFFFFF</textcolor>
              <texturenofocus>letter-inactive.png</texturenofocus>
              <aligny>center</aligny>
              <onup>503</onup>
              <width>50</width>
              <focusedcolor>FFFFFFFF</focusedcolor>
              <ondown>512</ondown>
              <height>50</height>
              <disabledcolor>88FFFFFF</disabledcolor>
              <onleft>502</onleft>
              <label>J</label>
              <colordiffuse>FFFFFFFF</colordiffuse>
              <onright>506</onright>
              <posy>55</posy>
              <posx>165</posx>
              <font>font28b</font>
              <texturefocus>letter-active.png</texturefocus>
              <align>center</align>
              <onclick lang="python">
                <![CDATA[fyre.helpers.keyboard.keyPressed("j")]]>
              </onclick>
            </control>
            <control type="button" id="506">
              <textcolor>FFFFFFFF</textcolor>
              <texturenofocus>letter-inactive.png</texturenofocus>
              <aligny>center</aligny>
              <onup>505</onup>
              <width>50</width>
              <focusedcolor>FFFFFFFF</focusedcolor>
              <ondown>513</ondown>
              <height>50</height>
              <disabledcolor>88FFFFFF</disabledcolor>
              <onleft>504</onleft>
              <label>K</label>
              <colordiffuse>FFFFFFFF</colordiffuse>
              <onright>508</onright>
              <posy>55</posy>
              <posx>220</posx>
              <font>font28b</font>
              <texturefocus>letter-active.png</texturefocus>
              <align>center</align>
              <onclick lang="python">
                <![CDATA[fyre.helpers.keyboard.keyPressed("k")]]>
              </onclick>
            </control>
            <control type="button" id="508">
              <textcolor>FFFFFFFF</textcolor>
              <texturenofocus>letter-inactive.png</texturenofocus>
              <aligny>center</aligny>
              <onup>507</onup>
              <width>50</width>
              <focusedcolor>FFFFFFFF</focusedcolor>
              <ondown>514</ondown>
              <height>50</height>
              <disabledcolor>88FFFFFF</disabledcolor>
              <onleft>506</onleft>
              <label>L</label>
              <colordiffuse>FFFFFFFF</colordiffuse>
              <onright>496</onright>
              <posy>55</posy>
              <posx>275</posx>
              <font>font28b</font>
              <texturefocus>letter-active.png</texturefocus>
              <align>center</align>
              <onclick lang="python">
                <![CDATA[fyre.helpers.keyboard.keyPressed("l")]]>
              </onclick>
            </control>
            <control type="button" id="509">
              <textcolor>FFFFFFFF</textcolor>
              <texturenofocus>letter-inactive.png</texturenofocus>
              <aligny>center</aligny>
              <onup>498</onup>
              <width>50</width>
              <focusedcolor>FFFFFFFF</focusedcolor>
              <ondown>515</ondown>
              <height>50</height>
              <disabledcolor>88FFFFFF</disabledcolor>
              <onleft>496</onleft>
              <label>M</label>
              <colordiffuse>FFFFFFFF</colordiffuse>
              <onright>510</onright>
              <posy>110</posy>
              <posx>0</posx>
              <font>font28b</font>
              <texturefocus>letter-active.png</texturefocus>
              <align>center</align>
              <onclick lang="python">
                <![CDATA[fyre.helpers.keyboard.keyPressed("m")]]>
              </onclick>
            </control>
            <control type="button" id="510">
              <textcolor>FFFFFFFF</textcolor>
              <texturenofocus>letter-inactive.png</texturenofocus>
              <aligny>center</aligny>
              <onup>500</onup>
              <width>50</width>
              <focusedcolor>FFFFFFFF</focusedcolor>
              <ondown>516</ondown>
              <height>50</height>
              <disabledcolor>88FFFFFF</disabledcolor>
              <onleft>509</onleft>
              <label>N</label>
              <colordiffuse>FFFFFFFF</colordiffuse>
              <onright>511</onright>
              <posy>110</posy>
              <posx>55</posx>
              <font>font28b</font>
              <texturefocus>letter-active.png</texturefocus>
              <align>center</align>
              <onclick lang="python">
                <![CDATA[fyre.helpers.keyboard.keyPressed("n")]]>
              </onclick>
            </control>
            <control type="button" id="511">
              <textcolor>FFFFFFFF</textcolor>
              <texturenofocus>letter-inactive.png</texturenofocus>
              <aligny>center</aligny>
              <onup>502</onup>
              <width>50</width>
              <focusedcolor>FFFFFFFF</focusedcolor>
              <ondown>517</ondown>
              <height>50</height>
              <disabledcolor>88FFFFFF</disabledcolor>
              <onleft>510</onleft>
              <label>O</label>
              <colordiffuse>FFFFFFFF</colordiffuse>
              <onright>512</onright>
              <posy>110</posy>
              <posx>110</posx>
              <font>font28b</font>
              <texturefocus>letter-active.png</texturefocus>
              <align>center</align>
              <onclick lang="python">
                <![CDATA[fyre.helpers.keyboard.keyPressed("o")]]>
              </onclick>
            </control>
            <control type="button" id="512">
              <textcolor>FFFFFFFF</textcolor>
              <texturenofocus>letter-inactive.png</texturenofocus>
              <aligny>center</aligny>
              <onup>504</onup>
              <width>50</width>
              <focusedcolor>FFFFFFFF</focusedcolor>
              <ondown>518</ondown>
              <height>50</height>
              <disabledcolor>88FFFFFF</disabledcolor>
              <onleft>511</onleft>
              <label>P</label>
              <colordiffuse>FFFFFFFF</colordiffuse>
              <onright>513</onright>
              <posy>110</posy>
              <posx>165</posx>
              <font>font28b</font>
              <texturefocus>letter-active.png</texturefocus>
              <align>center</align>
              <onclick lang="python">
                <![CDATA[fyre.helpers.keyboard.keyPressed("p")]]>
              </onclick>
            </control>
            <control type="button" id="513">
              <textcolor>FFFFFFFF</textcolor>
              <texturenofocus>letter-inactive.png</texturenofocus>
              <aligny>center</aligny>
              <onup>506</onup>
              <width>50</width>
              <focusedcolor>FFFFFFFF</focusedcolor>
              <ondown>519</ondown>
              <height>50</height>
              <disabledcolor>88FFFFFF</disabledcolor>
              <onleft>512</onleft>
              <label>Q</label>
              <colordiffuse>FFFFFFFF</colordiffuse>
              <onright>514</onright>
              <posy>110</posy>
              <posx>220</posx>
              <font>font28b</font>
              <texturefocus>letter-active.png</texturefocus>
              <align>center</align>
              <onclick lang="python">
                <![CDATA[fyre.helpers.keyboard.keyPressed("q")]]>
              </onclick>
            </control>
            <control type="button" id="514">
              <textcolor>FFFFFFFF</textcolor>
              <texturenofocus>letter-inactive.png</texturenofocus>
              <aligny>center</aligny>
              <onup>508</onup>
              <width>50</width>
              <focusedcolor>FFFFFFFF</focusedcolor>
              <ondown>520</ondown>
              <height>50</height>
              <disabledcolor>88FFFFFF</disabledcolor>
              <onleft>513</onleft>
              <label>R</label>
              <colordiffuse>FFFFFFFF</colordiffuse>
              <onright>496</onright>
              <posy>110</posy>
              <posx>275</posx>
              <font>font28b</font>
              <texturefocus>letter-active.png</texturefocus>
              <align>center</align>
              <onclick lang="python">
                <![CDATA[fyre.helpers.keyboard.keyPressed("r")]]>
              </onclick>
            </control>
            <control type="button" id="515">
              <textcolor>FFFFFFFF</textcolor>
              <texturenofocus>letter-inactive.png</texturenofocus>
              <aligny>center</aligny>
              <onup>509</onup>
              <width>50</width>
              <focusedcolor>FFFFFFFF</focusedcolor>
              <ondown>521</ondown>
              <height>50</height>
              <disabledcolor>88FFFFFF</disabledcolor>
              <onleft>496</onleft>
              <label>S</label>
              <colordiffuse>FFFFFFFF</colordiffuse>
              <onright>516</onright>
              <posy>165</posy>
              <posx>0</posx>
              <font>font28b</font>
              <texturefocus>letter-active.png</texturefocus>
              <align>center</align>
              <onclick lang="python">
                <![CDATA[fyre.helpers.keyboard.keyPressed("s")]]>
              </onclick>
            </control>
            <control type="button" id="516">
              <textcolor>FFFFFFFF</textcolor>
              <texturenofocus>letter-inactive.png</texturenofocus>
              <aligny>center</aligny>
              <onup>510</onup>
              <width>50</width>
              <focusedcolor>FFFFFFFF</focusedcolor>
              <ondown>521</ondown>
              <height>50</height>
              <disabledcolor>88FFFFFF</disabledcolor>
              <onleft>515</onleft>
              <label>T</label>
              <colordiffuse>FFFFFFFF</colordiffuse>
              <onright>517</onright>
              <posy>165</posy>
              <posx>55</posx>
              <font>font28b</font>
              <texturefocus>letter-active.png</texturefocus>
              <align>center</align>
              <onclick lang="python">
                <![CDATA[fyre.helpers.keyboard.keyPressed("t")]]>
              </onclick>
            </control>
            <control type="button" id="517">
              <textcolor>FFFFFFFF</textcolor>
              <texturenofocus>letter-inactive.png</texturenofocus>
              <aligny>center</aligny>
              <onup>511</onup>
              <width>50</width>
              <focusedcolor>FFFFFFFF</focusedcolor>
              <ondown>522</ondown>
              <height>50</height>
              <disabledcolor>88FFFFFF</disabledcolor>
              <onleft>516</onleft>
              <label>U</label>
              <colordiffuse>FFFFFFFF</colordiffuse>
              <onright>518</onright>
              <posy>165</posy>
              <posx>110</posx>
              <font>font28b</font>
              <texturefocus>letter-active.png</texturefocus>
              <align>center</align>
              <onclick lang="python">
                <![CDATA[fyre.helpers.keyboard.keyPressed("u")]]>
              </onclick>
            </control>
            <control type="button" id="518">
              <textcolor>FFFFFFFF</textcolor>
              <texturenofocus>letter-inactive.png</texturenofocus>
              <aligny>center</aligny>
              <onup>512</onup>
              <width>50</width>
              <focusedcolor>FFFFFFFF</focusedcolor>
              <ondown>523</ondown>
              <height>50</height>
              <disabledcolor>88FFFFFF</disabledcolor>
              <onleft>517</onleft>
              <label>V</label>
              <colordiffuse>FFFFFFFF</colordiffuse>
              <onright>519</onright>
              <posy>165</posy>
              <posx>165</posx>
              <font>font28b</font>
              <texturefocus>letter-active.png</texturefocus>
              <align>center</align>
              <onclick lang="python">
                <![CDATA[fyre.helpers.keyboard.keyPressed("v")]]>
              </onclick>
            </control>
            <control type="button" id="519">
              <textcolor>FFFFFFFF</textcolor>
              <texturenofocus>letter-inactive.png</texturenofocus>
              <aligny>center</aligny>
              <onup>513</onup>
              <width>50</width>
              <focusedcolor>FFFFFFFF</focusedcolor>
              <ondown>524</ondown>
              <height>50</height>
              <disabledcolor>88FFFFFF</disabledcolor>
              <onleft>518</onleft>
              <label>W</label>
              <colordiffuse>FFFFFFFF</colordiffuse>
              <onright>520</onright>
              <posy>165</posy>
              <posx>220</posx>
              <font>font28b</font>
              <texturefocus>letter-active.png</texturefocus>
              <align>center</align>
              <onclick lang="python">
                <![CDATA[fyre.helpers.keyboard.keyPressed("w")]]>
              </onclick>
            </control>
            <control type="button" id="520">
              <textcolor>FFFFFFFF</textcolor>
              <texturenofocus>letter-inactive.png</texturenofocus>
              <aligny>center</aligny>
              <onup>514</onup>
              <width>50</width>
              <focusedcolor>FFFFFFFF</focusedcolor>
              <ondown>524</ondown>
              <height>50</height>
              <disabledcolor>88FFFFFF</disabledcolor>
              <onleft>519</onleft>
              <label>X</label>
              <colordiffuse>FFFFFFFF</colordiffuse>
              <onright>496</onright>
              <posy>165</posy>
              <posx>275</posx>
              <font>font28b</font>
              <texturefocus>letter-active.png</texturefocus>
              <align>center</align>
              <onclick lang="python">
                <![CDATA[fyre.helpers.keyboard.keyPressed("x")]]>
              </onclick>
            </control>
            <control type="button" id="521">
              <textcolor>FFFFFFFF</textcolor>
              <texturenofocus>enter-inactive.png</texturenofocus>
              <aligny>center</aligny>
              <onup>515</onup>
              <width>105</width>
              <focusedcolor>FFFFFFFF</focusedcolor>
              <ondown>525</ondown>
              <height>50</height>
              <disabledcolor>88FFFFFF</disabledcolor>
              <onleft>496</onleft>
              <label></label>
              <colordiffuse>FFFFFFFF</colordiffuse>
              <onright>522</onright>
              <posy>220</posy>
              <posx>0</posx>
              <font>font28b</font>
              <texturefocus>enter-active.png</texturefocus>
              <align>center</align>
              <onclick lang="python">
                <![CDATA[fyre.helpers.keyboard.toggleShift()]]>
              </onclick>
            </control>
            <control type="image">
              <width>105</width>
              <aspectratio>keep</aspectratio>
              <height>20</height>
              <texture>shift-icon.png</texture>
              <posy>235</posy>
              <posx>0</posx>
            </control>
            <control type="button" id="522">
              <textcolor>FFFFFFFF</textcolor>
              <texturenofocus>letter-inactive.png</texturenofocus>
              <aligny>center</aligny>
              <onup>517</onup>
              <width>50</width>
              <focusedcolor>FFFFFFFF</focusedcolor>
              <ondown>525</ondown>
              <height>50</height>
              <disabledcolor>88FFFFFF</disabledcolor>
              <onleft>521</onleft>
              <label>Y</label>
              <colordiffuse>FFFFFFFF</colordiffuse>
              <onright>523</onright>
              <posy>220</posy>
              <posx>110</posx>
              <font>font28b</font>
              <texturefocus>letter-active.png</texturefocus>
              <align>center</align>
              <onclick lang="python">
                <![CDATA[fyre.helpers.keyboard.keyPressed("y")]]>
              </onclick>
            </control>
            <control type="button" id="523">
              <textcolor>FFFFFFFF</textcolor>
              <texturenofocus>letter-inactive.png</texturenofocus>
              <aligny>center</aligny>
              <onup>518</onup>
              <width>50</width>
              <focusedcolor>FFFFFFFF</focusedcolor>
              <ondown>526</ondown>
              <height>50</height>
              <disabledcolor>88FFFFFF</disabledcolor>
              <onleft>522</onleft>
              <label>Z</label>
              <colordiffuse>FFFFFFFF</colordiffuse>
              <onright>524</onright>
              <posy>220</posy>
              <posx>165</posx>
              <font>font28b</font>
              <texturefocus>letter-active.png</texturefocus>
              <align>center</align>
              <onclick lang="python">
                <![CDATA[fyre.helpers.keyboard.keyPressed("z")]]>
              </onclick>
            </control>
            <control type="button" id="524">
              <textcolor>FFFFFFFF</textcolor>
              <texturenofocus>enter-inactive.png</texturenofocus>
              <aligny>center</aligny>
              <onup>519</onup>
              <width>105</width>
              <focusedcolor>FFFFFFFF</focusedcolor>
              <ondown>526</ondown>
              <height>50</height>
              <disabledcolor>88FFFFFF</disabledcolor>
              <onleft>523</onleft>
              <label></label>
              <colordiffuse>FFFFFFFF</colordiffuse>
              <onright>496</onright>
              <posy>220</posy>
              <posx>220</posx>
              <font>font28b</font>
              <texturefocus>enter-active.png</texturefocus>
              <align>center</align>
              <onclick lang="python">
                <![CDATA[fyre.helpers.keyboard.delChar()]]>
              </onclick>
            </control>
            <control type="image">
              <width>105</width>
              <aspectratio>keep</aspectratio>
              <height>20</height>
              <texture>x.png</texture>
              <posy>235</posy>
              <posx>220</posx>
            </control>
            <control type="button" id="525">
              <textcolor>FFFFFFFF</textcolor>
              <texturenofocus>enter-inactive.png</texturenofocus>
              <aligny>center</aligny>
              <onup>521</onup>
              <width>160</width>
              <focusedcolor>FFFFFFFF</focusedcolor>
              <ondown>527</ondown>
              <height>50</height>
              <disabledcolor>88FFFFFF</disabledcolor>
              <onleft>496</onleft>
              <label>num...</label>
              <colordiffuse>FFFFFFFF</colordiffuse>
              <onright>526</onright>
              <posy>275</posy>
              <posx>0</posx>
              <font>font28b</font>
              <texturefocus>enter-active.png</texturefocus>
              <align>center</align>
              <onclick lang="python">
                <![CDATA[fyre.helpers.keyboard.showNumbers()]]>
              </onclick>
            </control>
            <control type="button" id="526">
              <textcolor>FFFFFFFF</textcolor>
              <texturenofocus>enter-inactive.png</texturenofocus>
              <aligny>center</aligny>
              <onup>523</onup>
              <width>160</width>
              <focusedcolor>FFFFFFFF</focusedcolor>
              <ondown>527</ondown>
              <height>50</height>
              <disabledcolor>88FFFFFF</disabledcolor>
              <onleft>525</onleft>
              <label>enter</label>
              <colordiffuse>FFFFFFFF</colordiffuse>
              <onright>496</onright>
              <posy>275</posy>
              <posx>165</posx>
              <font>font28b</font>
              <texturefocus>enter-active.png</texturefocus>
              <align>center</align>
              <onclick lang="python">
                <![CDATA[fyre.helpers.keyboard.deductAction()]]>
              </onclick>
            </control>
            <control type="button" id="527">
              <textcolor>FFFFFFFF</textcolor>
              <texturenofocus>space-inactive.png</texturenofocus>
              <aligny>center</aligny>
              <onup>525</onup>
              <width>215</width>
              <focusedcolor>FFFFFFFF</focusedcolor>
              <ondown>-</ondown>
              <height>50</height>
              <disabledcolor>88FFFFFF</disabledcolor>
              <onleft>496</onleft>
              <label>space</label>
              <colordiffuse>FFFFFFFF</colordiffuse>
              <onright>496</onright>
              <posy>330</posy>
              <posx>55</posx>
              <font>font28b</font>
              <texturefocus>space-active.png</texturefocus>
              <align>center</align>
              <onclick lang="python">
                <![CDATA[fyre.helpers.keyboard.keyPressed(" ")]]>
              </onclick>
            </control>
          </control>
          <control type="group" id="528">
            <width>319</width>
            <height>380</height>
            <visible>false</visible>
            <control type="button" id="529">
              <textcolor>FFFFFFFF</textcolor>
              <texturenofocus>letter-inactive.png</texturenofocus>
              <aligny>center</aligny>
              <onup>492</onup>
              <width>50</width>
              <focusedcolor>FFFFFFFF</focusedcolor>
              <ondown>530</ondown>
              <height>50</height>
              <disabledcolor>88FFFFFF</disabledcolor>
              <onleft>496</onleft>
              <label> 1 </label>
              <colordiffuse>FFFFFFFF</colordiffuse>
              <onright>531</onright>
              <posy>0</posy>
              <posx>0</posx>
              <font>font28b</font>
              <texturefocus>letter-active.png</texturefocus>
              <align>center</align>
              <onclick lang="python">
                <![CDATA[fyre.helpers.keyboard.keyPressed("1")]]>
              </onclick>
            </control>
            <control type="button" id="531">
              <textcolor>FFFFFFFF</textcolor>
              <texturenofocus>letter-inactive.png</texturenofocus>
              <aligny>center</aligny>
              <onup>492</onup>
              <width>50</width>
              <focusedcolor>FFFFFFFF</focusedcolor>
              <ondown>532</ondown>
              <height>50</height>
              <disabledcolor>88FFFFFF</disabledcolor>
              <onleft>529</onleft>
              <label> 2 </label>
              <colordiffuse>FFFFFFFF</colordiffuse>
              <onright>533</onright>
              <posy>0</posy>
              <posx>55</posx>
              <font>font28b</font>
              <texturefocus>letter-active.png</texturefocus>
              <align>center</align>
              <onclick lang="python">
                <![CDATA[fyre.helpers.keyboard.keyPressed("2")]]>
              </onclick>
            </control>
            <control type="button" id="533">
              <textcolor>FFFFFFFF</textcolor>
              <texturenofocus>letter-inactive.png</texturenofocus>
              <aligny>center</aligny>
              <onup>492</onup>
              <width>50</width>
              <focusedcolor>FFFFFFFF</focusedcolor>
              <ondown>534</ondown>
              <height>50</height>
              <disabledcolor>88FFFFFF</disabledcolor>
              <onleft>531</onleft>
              <label> 3 </label>
              <colordiffuse>FFFFFFFF</colordiffuse>
              <onright>535</onright>
              <posy>0</posy>
              <posx>110</posx>
              <font>font28b</font>
              <texturefocus>letter-active.png</texturefocus>
              <align>center</align>
              <onclick lang="python">
                <![CDATA[fyre.helpers.keyboard.keyPressed("3")]]>
              </onclick>
            </control>
            <control type="button" id="535">
              <textcolor>FFFFFFFF</textcolor>
              <texturenofocus>letter-inactive.png</texturenofocus>
              <aligny>center</aligny>
              <onup>492</onup>
              <width>50</width>
              <focusedcolor>FFFFFFFF</focusedcolor>
              <ondown>536</ondown>
              <height>50</height>
              <disabledcolor>88FFFFFF</disabledcolor>
              <onleft>533</onleft>
              <label> 4 </label>
              <colordiffuse>FFFFFFFF</colordiffuse>
              <onright>537</onright>
              <posy>0</posy>
              <posx>165</posx>
              <font>font28b</font>
              <texturefocus>letter-active.png</texturefocus>
              <align>center</align>
              <onclick lang="python">
                <![CDATA[fyre.helpers.keyboard.keyPressed("4")]]>
              </onclick>
            </control>
            <control type="button" id="537">
              <textcolor>FFFFFFFF</textcolor>
              <texturenofocus>letter-inactive.png</texturenofocus>
              <aligny>center</aligny>
              <onup>492</onup>
              <width>50</width>
              <focusedcolor>FFFFFFFF</focusedcolor>
              <ondown>538</ondown>
              <height>50</height>
              <disabledcolor>88FFFFFF</disabledcolor>
              <onleft>535</onleft>
              <label> 5 </label>
              <colordiffuse>FFFFFFFF</colordiffuse>
              <onright>539</onright>
              <posy>0</posy>
              <posx>220</posx>
              <font>font28b</font>
              <texturefocus>letter-active.png</texturefocus>
              <align>center</align>
              <onclick lang="python">
                <![CDATA[fyre.helpers.keyboard.keyPressed("5")]]>
              </onclick>
            </control>
            <control type="button" id="539">
              <textcolor>FFFFFFFF</textcolor>
              <texturenofocus>letter-inactive.png</texturenofocus>
              <aligny>center</aligny>
              <onup>492</onup>
              <width>50</width>
              <focusedcolor>FFFFFFFF</focusedcolor>
              <ondown>540</ondown>
              <height>50</height>
              <disabledcolor>88FFFFFF</disabledcolor>
              <onleft>537</onleft>
              <label> 6 </label>
              <colordiffuse>FFFFFFFF</colordiffuse>
              <onright>496</onright>
              <posy>0</posy>
              <posx>275</posx>
              <font>font28b</font>
              <texturefocus>letter-active.png</texturefocus>
              <align>center</align>
              <onclick lang="python">
                <![CDATA[fyre.helpers.keyboard.keyPressed("6")]]>
              </onclick>
            </control>
            <control type="button" id="530">
              <textcolor>FFFFFFFF</textcolor>
              <texturenofocus>letter-inactive.png</texturenofocus>
              <aligny>center</aligny>
              <onup>529</onup>
              <width>50</width>
              <focusedcolor>FFFFFFFF</focusedcolor>
              <ondown>541</ondown>
              <height>50</height>
              <disabledcolor>88FFFFFF</disabledcolor>
              <onleft>496</onleft>
              <label> 7 </label>
              <colordiffuse>FFFFFFFF</colordiffuse>
              <onright>532</onright>
              <posy>55</posy>
              <posx>0</posx>
              <font>font28b</font>
              <texturefocus>letter-active.png</texturefocus>
              <align>center</align>
              <onclick lang="python">
                <![CDATA[fyre.helpers.keyboard.keyPressed("7")]]>
              </onclick>
            </control>
            <control type="button" id="532">
              <textcolor>FFFFFFFF</textcolor>
              <texturenofocus>letter-inactive.png</texturenofocus>
              <aligny>center</aligny>
              <onup>531</onup>
              <width>50</width>
              <focusedcolor>FFFFFFFF</focusedcolor>
              <ondown>542</ondown>
              <height>50</height>
              <disabledcolor>88FFFFFF</disabledcolor>
              <onleft>530</onleft>
              <label> 8 </label>
              <colordiffuse>FFFFFFFF</colordiffuse>
              <onright>534</onright>
              <posy>55</posy>
              <posx>55</posx>
              <font>font28b</font>
              <texturefocus>letter-active.png</texturefocus>
              <align>center</align>
              <onclick lang="python">
                <![CDATA[fyre.helpers.keyboard.keyPressed("8")]]>
              </onclick>
            </control>
            <control type="button" id="534">
              <textcolor>FFFFFFFF</textcolor>
              <texturenofocus>letter-inactive.png</texturenofocus>
              <aligny>center</aligny>
              <onup>533</onup>
              <width>50</width>
              <focusedcolor>FFFFFFFF</focusedcolor>
              <ondown>543</ondown>
              <height>50</height>
              <disabledcolor>88FFFFFF</disabledcolor>
              <onleft>532</onleft>
              <label> 9 </label>
              <colordiffuse>FFFFFFFF</colordiffuse>
              <onright>536</onright>
              <posy>55</posy>
              <posx>110</posx>
              <font>font28b</font>
              <texturefocus>letter-active.png</texturefocus>
              <align>center</align>
              <onclick lang="python">
                <![CDATA[fyre.helpers.keyboard.keyPressed("9")]]>
              </onclick>
            </control>
            <control type="button" id="536">
              <textcolor>FFFFFFFF</textcolor>
              <texturenofocus>letter-inactive.png</texturenofocus>
              <aligny>center</aligny>
              <onup>535</onup>
              <width>50</width>
              <focusedcolor>FFFFFFFF</focusedcolor>
              <ondown>544</ondown>
              <height>50</height>
              <disabledcolor>88FFFFFF</disabledcolor>
              <onleft>534</onleft>
              <label> 0 </label>
              <colordiffuse>FFFFFFFF</colordiffuse>
              <onright>538</onright>
              <posy>55</posy>
              <posx>165</posx>
              <font>font28b</font>
              <texturefocus>letter-active.png</texturefocus>
              <align>center</align>
              <onclick lang="python">
                <![CDATA[fyre.helpers.keyboard.keyPressed("0")]]>
              </onclick>
            </control>
            <control type="button" id="538">
              <textcolor>FFFFFFFF</textcolor>
              <texturenofocus>letter-inactive.png</texturenofocus>
              <aligny>center</aligny>
              <onup>537</onup>
              <width>50</width>
              <focusedcolor>FFFFFFFF</focusedcolor>
              <ondown>545</ondown>
              <height>50</height>
              <disabledcolor>88FFFFFF</disabledcolor>
              <onleft>536</onleft>
              <label>$</label>
              <colordiffuse>FFFFFFFF</colordiffuse>
              <onright>540</onright>
              <posy>55</posy>
              <posx>220</posx>
              <font>font28b</font>
              <texturefocus>letter-active.png</texturefocus>
              <align>center</align>
              <onclick lang="python">
                <![CDATA[fyre.helpers.keyboard.keyPressed("$")]]>
              </onclick>
            </control>
            <control type="button" id="540">
              <textcolor>FFFFFFFF</textcolor>
              <texturenofocus>letter-inactive.png</texturenofocus>
              <aligny>center</aligny>
              <onup>539</onup>
              <width>50</width>
              <focusedcolor>FFFFFFFF</focusedcolor>
              <ondown>546</ondown>
              <height>50</height>
              <disabledcolor>88FFFFFF</disabledcolor>
              <onleft>538</onleft>
              <label>.</label>
              <colordiffuse>FFFFFFFF</colordiffuse>
              <onright>496</onright>
              <posy>55</posy>
              <posx>275</posx>
              <font>font28b</font>
              <texturefocus>letter-active.png</texturefocus>
              <align>center</align>
              <onclick lang="python">
                <![CDATA[fyre.helpers.keyboard.keyPressed(".")]]>
              </onclick>
            </control>
            <control type="button" id="541">
              <textcolor>FFFFFFFF</textcolor>
              <texturenofocus>letter-inactive.png</texturenofocus>
              <aligny>center</aligny>
              <onup>530</onup>
              <width>50</width>
              <focusedcolor>FFFFFFFF</focusedcolor>
              <ondown>547</ondown>
              <height>50</height>
              <disabledcolor>88FFFFFF</disabledcolor>
              <onleft>496</onleft>
              <label>,</label>
              <colordiffuse>FFFFFFFF</colordiffuse>
              <onright>542</onright>
              <posy>110</posy>
              <posx>0</posx>
              <font>font28b</font>
              <texturefocus>letter-active.png</texturefocus>
              <align>center</align>
              <onclick lang="python">
                <![CDATA[fyre.helpers.keyboard.keyPressed(",")]]>
              </onclick>
            </control>
            <control type="button" id="542">
              <textcolor>FFFFFFFF</textcolor>
              <texturenofocus>letter-inactive.png</texturenofocus>
              <aligny>center</aligny>
              <onup>532</onup>
              <width>50</width>
              <focusedcolor>FFFFFFFF</focusedcolor>
              <ondown>548</ondown>
              <height>50</height>
              <disabledcolor>88FFFFFF</disabledcolor>
              <onleft>541</onleft>
              <label>'</label>
              <colordiffuse>FFFFFFFF</colordiffuse>
              <onright>543</onright>
              <posy>110</posy>
              <posx>55</posx>
              <font>font28b</font>
              <texturefocus>letter-active.png</texturefocus>
              <align>center</align>
              <onclick lang="python">
                <![CDATA[fyre.helpers.keyboard.keyPressed("'")]]>
              </onclick>
            </control>
            <control type="button" id="543">
              <textcolor>FFFFFFFF</textcolor>
              <texturenofocus>letter-inactive.png</texturenofocus>
              <aligny>center</aligny>
              <onup>534</onup>
              <width>50</width>
              <focusedcolor>FFFFFFFF</focusedcolor>
              <ondown>549</ondown>
              <height>50</height>
              <disabledcolor>88FFFFFF</disabledcolor>
              <onleft>542</onleft>
              <label>"</label>
              <colordiffuse>FFFFFFFF</colordiffuse>
              <onright>544</onright>
              <posy>110</posy>
              <posx>110</posx>
              <font>font28b</font>
              <texturefocus>letter-active.png</texturefocus>
              <align>center</align>
              <onclick lang="python">
                <![CDATA[fyre.helpers.keyboard.keyPressed("\"")]]>
              </onclick>
            </control>
            <control type="button" id="544">
              <textcolor>FFFFFFFF</textcolor>
              <texturenofocus>letter-inactive.png</texturenofocus>
              <aligny>center</aligny>
              <onup>536</onup>
              <width>50</width>
              <focusedcolor>FFFFFFFF</focusedcolor>
              <ondown>550</ondown>
              <height>50</height>
              <disabledcolor>88FFFFFF</disabledcolor>
              <onleft>543</onleft>
              <label>#</label>
              <colordiffuse>FFFFFFFF</colordiffuse>
              <onright>545</onright>
              <posy>110</posy>
              <posx>165</posx>
              <font>font28b</font>
              <texturefocus>letter-active.png</texturefocus>
              <align>center</align>
              <onclick lang="python">
                <![CDATA[fyre.helpers.keyboard.keyPressed("#")]]>
              </onclick>
            </control>
            <control type="button" id="545">
              <textcolor>FFFFFFFF</textcolor>
              <texturenofocus>letter-inactive.png</texturenofocus>
              <aligny>center</aligny>
              <onup>538</onup>
              <width>50</width>
              <focusedcolor>FFFFFFFF</focusedcolor>
              <ondown>551</ondown>
              <height>50</height>
              <disabledcolor>88FFFFFF</disabledcolor>
              <onleft>544</onleft>
              <label>%</label>
              <colordiffuse>FFFFFFFF</colordiffuse>
              <onright>546</onright>
              <posy>110</posy>
              <posx>220</posx>
              <font>font28b</font>
              <texturefocus>letter-active.png</texturefocus>
              <align>center</align>
              <onclick lang="python">
                <![CDATA[fyre.helpers.keyboard.keyPressed("%")]]>
              </onclick>
            </control>
            <control type="button" id="546">
              <textcolor>FFFFFFFF</textcolor>
              <texturenofocus>letter-inactive.png</texturenofocus>
              <aligny>center</aligny>
              <onup>540</onup>
              <width>50</width>
              <focusedcolor>FFFFFFFF</focusedcolor>
              <ondown>552</ondown>
              <height>50</height>
              <disabledcolor>88FFFFFF</disabledcolor>
              <onleft>545</onleft>
              <label> - </label>
              <colordiffuse>FFFFFFFF</colordiffuse>
              <onright>496</onright>
              <posy>110</posy>
              <posx>275</posx>
              <font>font28b</font>
              <texturefocus>letter-active.png</texturefocus>
              <align>center</align>
              <onclick lang="python">
                <![CDATA[fyre.helpers.keyboard.keyPressed("-")]]>
              </onclick>
            </control>
            <control type="button" id="547">
              <textcolor>FFFFFFFF</textcolor>
              <texturenofocus>letter-inactive.png</texturenofocus>
              <aligny>center</aligny>
              <onup>541</onup>
              <width>50</width>
              <focusedcolor>FFFFFFFF</focusedcolor>
              <ondown>553</ondown>
              <height>50</height>
              <disabledcolor>88FFFFFF</disabledcolor>
              <onleft>496</onleft>
              <label>+</label>
              <colordiffuse>FFFFFFFF</colordiffuse>
              <onright>548</onright>
              <posy>165</posy>
              <posx>0</posx>
              <font>font28b</font>
              <texturefocus>letter-active.png</texturefocus>
              <align>center</align>
              <onclick lang="python">
                <![CDATA[fyre.helpers.keyboard.keyPressed("+")]]>
              </onclick>
            </control>
            <control type="button" id="548">
              <textcolor>FFFFFFFF</textcolor>
              <texturenofocus>letter-inactive.png</texturenofocus>
              <aligny>center</aligny>
              <onup>542</onup>
              <width>50</width>
              <focusedcolor>FFFFFFFF</focusedcolor>
              <ondown>554</ondown>
              <height>50</height>
              <disabledcolor>88FFFFFF</disabledcolor>
              <onleft>547</onleft>
              <label>=</label>
              <colordiffuse>FFFFFFFF</colordiffuse>
              <onright>549</onright>
              <posy>165</posy>
              <posx>55</posx>
              <font>font28b</font>
              <texturefocus>letter-active.png</texturefocus>
              <align>center</align>
              <onclick lang="python">
                <![CDATA[fyre.helpers.keyboard.keyPressed("=")]]>
              </onclick>
            </control>
            <control type="button" id="549">
              <textcolor>FFFFFFFF</textcolor>
              <texturenofocus>letter-inactive.png</texturenofocus>
              <aligny>center</aligny>
              <onup>543</onup>
              <width>50</width>
              <focusedcolor>FFFFFFFF</focusedcolor>
              <ondown>555</ondown>
              <height>50</height>
              <disabledcolor>88FFFFFF</disabledcolor>
              <onleft>548</onleft>
              <label>_</label>
              <colordiffuse>FFFFFFFF</colordiffuse>
              <onright>550</onright>
              <posy>165</posy>
              <posx>110</posx>
              <font>font28b</font>
              <texturefocus>letter-active.png</texturefocus>
              <align>center</align>
              <onclick lang="python">
                <![CDATA[fyre.helpers.keyboard.keyPressed("_")]]>
              </onclick>
            </control>
            <control type="button" id="550">
              <textcolor>FFFFFFFF</textcolor>
              <texturenofocus>letter-inactive.png</texturenofocus>
              <aligny>center</aligny>
              <onup>544</onup>
              <width>50</width>
              <focusedcolor>FFFFFFFF</focusedcolor>
              <ondown>556</ondown>
              <height>50</height>
              <disabledcolor>88FFFFFF</disabledcolor>
              <onleft>549</onleft>
              <label>/</label>
              <colordiffuse>FFFFFFFF</colordiffuse>
              <onright>551</onright>
              <posy>165</posy>
              <posx>165</posx>
              <font>font28b</font>
              <texturefocus>letter-active.png</texturefocus>
              <align>center</align>
              <onclick lang="python">
                <![CDATA[fyre.helpers.keyboard.keyPressed("/")]]>
              </onclick>
            </control>
            <control type="button" id="551">
              <textcolor>FFFFFFFF</textcolor>
              <texturenofocus>letter-inactive.png</texturenofocus>
              <aligny>center</aligny>
              <onup>545</onup>
              <width>50</width>
              <focusedcolor>FFFFFFFF</focusedcolor>
              <ondown>557</ondown>
              <height>50</height>
              <disabledcolor>88FFFFFF</disabledcolor>
              <onleft>550</onleft>
              <label>\</label>
              <colordiffuse>FFFFFFFF</colordiffuse>
              <onright>552</onright>
              <posy>165</posy>
              <posx>220</posx>
              <font>font28b</font>
              <texturefocus>letter-active.png</texturefocus>
              <align>center</align>
              <onclick lang="python">
                <![CDATA[fyre.helpers.keyboard.keyPressed("\\")]]>
              </onclick>
            </control>
            <control type="button" id="552">
              <textcolor>FFFFFFFF</textcolor>
              <texturenofocus>letter-inactive.png</texturenofocus>
              <aligny>center</aligny>
              <onup>546</onup>
              <width>50</width>
              <focusedcolor>FFFFFFFF</focusedcolor>
              <ondown>558</ondown>
              <height>50</height>
              <disabledcolor>88FFFFFF</disabledcolor>
              <onleft>551</onleft>
              <label>;</label>
              <colordiffuse>FFFFFFFF</colordiffuse>
              <onright>496</onright>
              <posy>165</posy>
              <posx>275</posx>
              <font>font28b</font>
              <texturefocus>letter-active.png</texturefocus>
              <align>center</align>
              <onclick lang="python">
                <![CDATA[fyre.helpers.keyboard.keyPressed(";")]]>
              </onclick>
            </control>
            <control type="button" id="553">
              <textcolor>FFFFFFFF</textcolor>
              <texturenofocus>letter-inactive.png</texturenofocus>
              <aligny>center</aligny>
              <onup>547</onup>
              <width>50</width>
              <focusedcolor>FFFFFFFF</focusedcolor>
              <ondown>559</ondown>
              <height>50</height>
              <disabledcolor>88FFFFFF</disabledcolor>
              <onleft>496</onleft>
              <label>:</label>
              <colordiffuse>FFFFFFFF</colordiffuse>
              <onright>554</onright>
              <posy>220</posy>
              <posx>0</posx>
              <font>font28b</font>
              <texturefocus>letter-active.png</texturefocus>
              <align>center</align>
              <onclick lang="python">
                <![CDATA[fyre.helpers.keyboard.keyPressed(":")]]>
              </onclick>
            </control>
            <control type="button" id="554">
              <textcolor>FFFFFFFF</textcolor>
              <texturenofocus>letter-inactive.png</texturenofocus>
              <aligny>center</aligny>
              <onup>548</onup>
              <width>50</width>
              <focusedcolor>FFFFFFFF</focusedcolor>
              <ondown>559</ondown>
              <height>50</height>
              <disabledcolor>88FFFFFF</disabledcolor>
              <onleft>553</onleft>
              <label>@</label>
              <colordiffuse>FFFFFFFF</colordiffuse>
              <onright>555</onright>
              <posy>220</posy>
              <posx>55</posx>
              <font>font28b</font>
              <texturefocus>letter-active.png</texturefocus>
              <align>center</align>
              <onclick lang="python">
                <![CDATA[fyre.helpers.keyboard.keyPressed("@")]]>
              </onclick>
            </control>
            <control type="button" id="555">
              <textcolor>FFFFFFFF</textcolor>
              <texturenofocus>letter-inactive.png</texturenofocus>
              <aligny>center</aligny>
              <onup>549</onup>
              <width>50</width>
              <focusedcolor>FFFFFFFF</focusedcolor>
              <ondown>559</ondown>
              <height>50</height>
              <disabledcolor>88FFFFFF</disabledcolor>
              <onleft>554</onleft>
              <label>&amp;</label>
              <colordiffuse>FFFFFFFF</colordiffuse>
              <onright>556</onright>
              <posy>220</posy>
              <posx>110</posx>
              <font>font28b</font>
              <texturefocus>letter-active.png</texturefocus>
              <align>center</align>
              <onclick lang="python">
                <![CDATA[fyre.helpers.keyboard.keyPressed("&")]]>
              </onclick>
            </control>
            <control type="button" id="556">
              <textcolor>FFFFFFFF</textcolor>
              <texturenofocus>letter-inactive.png</texturenofocus>
              <aligny>center</aligny>
              <onup>550</onup>
              <width>50</width>
              <focusedcolor>FFFFFFFF</focusedcolor>
              <ondown>560</ondown>
              <height>50</height>
              <disabledcolor>88FFFFFF</disabledcolor>
              <onleft>555</onleft>
              <label>!</label>
              <colordiffuse>FFFFFFFF</colordiffuse>
              <onright>557</onright>
              <posy>220</posy>
              <posx>165</posx>
              <font>font28b</font>
              <texturefocus>letter-active.png</texturefocus>
              <align>center</align>
              <onclick lang="python">
                <![CDATA[fyre.helpers.keyboard.keyPressed("!")]]>
              </onclick>
            </control>
            <control type="button" id="557">
              <textcolor>FFFFFFFF</textcolor>
              <texturenofocus>letter-inactive.png</texturenofocus>
              <aligny>center</aligny>
              <onup>551</onup>
              <width>50</width>
              <focusedcolor>FFFFFFFF</focusedcolor>
              <ondown>560</ondown>
              <height>50</height>
              <disabledcolor>88FFFFFF</disabledcolor>
              <onleft>556</onleft>
              <label>(</label>
              <colordiffuse>FFFFFFFF</colordiffuse>
              <onright>558</onright>
              <posy>220</posy>
              <posx>220</posx>
              <font>font28b</font>
              <texturefocus>letter-active.png</texturefocus>
              <align>center</align>
              <onclick lang="python">
                <![CDATA[fyre.helpers.keyboard.keyPressed("(")]]>
              </onclick>
            </control>
            <control type="button" id="558">
              <textcolor>FFFFFFFF</textcolor>
              <texturenofocus>letter-inactive.png</texturenofocus>
              <aligny>center</aligny>
              <onup>552</onup>
              <width>50</width>
              <focusedcolor>FFFFFFFF</focusedcolor>
              <ondown>560</ondown>
              <height>50</height>
              <disabledcolor>88FFFFFF</disabledcolor>
              <onleft>557</onleft>
              <label>)</label>
              <colordiffuse>FFFFFFFF</colordiffuse>
              <onright>496</onright>
              <posy>220</posy>
              <posx>275</posx>
              <font>font28b</font>
              <texturefocus>letter-active.png</texturefocus>
              <align>center</align>
              <onclick lang="python">
                <![CDATA[fyre.helpers.keyboard.keyPressed(")")]]>
              </onclick>
            </control>
            <control type="button" id="559">
              <textcolor>FFFFFFFF</textcolor>
              <texturenofocus>space-inactive.png</texturenofocus>
              <aligny>center</aligny>
              <onup>553</onup>
              <width>160</width>
              <focusedcolor>FFFFFFFF</focusedcolor>
              <ondown>561</ondown>
              <height>50</height>
              <disabledcolor>88FFFFFF</disabledcolor>
              <onleft>496</onleft>
              <label>ABC...</label>
              <colordiffuse>FFFFFFFF</colordiffuse>
              <onright>560</onright>
              <posy>275</posy>
              <posx>0</posx>
              <font>font28b</font>
              <texturefocus>space-active.png</texturefocus>
              <align>center</align>
              <onclick lang="python">
                <![CDATA[fyre.helpers.keyboard.showAlphabet()]]>
              </onclick>
            </control>
            <control type="button" id="560">
              <textcolor>FFFFFFFF</textcolor>
              <texturenofocus>space-inactive.png</texturenofocus>
              <aligny>center</aligny>
              <onup>556</onup>
              <width>160</width>
              <focusedcolor>FFFFFFFF</focusedcolor>
              <ondown>562</ondown>
              <height>50</height>
              <disabledcolor>88FFFFFF</disabledcolor>
              <onleft>559</onleft>
              <label></label>
              <colordiffuse>FFFFFFFF</colordiffuse>
              <onright>496</onright>
              <posy>275</posy>
              <posx>165</posx>
              <font>font28b</font>
              <texturefocus>space-active.png</texturefocus>
              <align>center</align>
              <onclick lang="python">
                <![CDATA[fyre.helpers.keyboard.delChar()]]>
              </onclick>
            </control>
            <control type="image">
              <width>160</width>
              <aspectratio>keep</aspectratio>
              <height>20</height>
              <texture>x.png</texture>
              <posy>290</posy>
              <posx>165</posx>
            </control>
            <control type="button" id="561">
              <textcolor>FFFFFFFF</textcolor>
              <texturenofocus>enter-inactive.png</texturenofocus>
              <aligny>center</aligny>
              <onup>559</onup>
              <width>215</width>
              <focusedcolor>FFFFFFFF</focusedcolor>
              <ondown>-</ondown>
              <height>50</height>
              <disabledcolor>88FFFFFF</disabledcolor>
              <onleft>496</onleft>
              <label>space</label>
              <colordiffuse>FFFFFFFF</colordiffuse>
              <onright>562</onright>
              <posy>330</posy>
              <posx>0</posx>
              <font>font28b</font>
              <texturefocus>enter-active.png</texturefocus>
              <align>center</align>
              <onclick lang="python">
                <![CDATA[fyre.helpers.keyboard.keyPressed(" ")]]>
              </onclick>
            </control>
            <control type="button" id="562">
              <textcolor>FFFFFFFF</textcolor>
              <texturenofocus>enter-inactive.png</texturenofocus>
              <aligny>center</aligny>
              <onup>560</onup>
              <width>105</width>
              <focusedcolor>FFFFFFFF</focusedcolor>
              <ondown>-</ondown>
              <height>50</height>
              <disabledcolor>88FFFFFF</disabledcolor>
              <onleft>561</onleft>
              <label>enter</label>
              <colordiffuse>FFFFFFFF</colordiffuse>
              <onright>496</onright>
              <posy>330</posy>
              <posx>220</posx>
              <font>font28b</font>
              <texturefocus>enter-active.png</texturefocus>
              <align>center</align>
              <onclick lang="python">
                <![CDATA[fyre.helpers.keyboard.deductAction()]]>
              </onclick>
            </control>
          </control>
        </control>
      </control>
      <control type="group">
        <posy>150</posy>
        <posx>800</posx>
        <control type="image">
          <width>300</width>
          <height>500</height>
          <texture>category_search_bg.png</texture>
        </control>
        <control type="group" id="493">
          <control type="list" id="490">
            <orientation>vertical</orientation>
            <onup>491</onup>
            <preloaditems>20</preloaditems>
            <width>300</width>
            <height>470</height>
            <scrolltime>250</scrolltime>
            <posy>10</posy>
            <itemlayout width="200" height="30">
              <control type="label">
                <textcolor>FF7895B6</textcolor>
                <width>180</width>
                <height>30</height>
                <label>$INFO[ListItem.Label]</label>
                <posx>30</posx>
                <font>font18</font>
              </control>
            </itemlayout>
            <focusedlayout width="200" height="30">
              <control type="image">
                <height>30</height>
                <texture>redarrow_right.png</texture>
                <visible>Control.HasFocus(490)</visible>
              </control>
              <control type="label">
                <textcolor>FFFFFFFF</textcolor>
                <width>180</width>
                <height>30</height>
                <label>$INFO[ListItem.Label]</label>
                <posx>30</posx>
                <font>font18</font>
              </control>
            </focusedlayout>
            <content type="url">
              <onclick lang="python">
                <![CDATA[fyre.controllers.stars.on_click(mc.GetActiveWindow().GetList(490))]]>
              </onclick>
            </content>
            <onright lang="python">
              <![CDATA[fyre.controllers.stars.on_click(mc.GetActiveWindow().GetList(490))]]>
            </onright>
            <onleft lang="python">
              <![CDATA[fyre.helpers.keyboard.set_focus('stars')]]>
            </onleft>
            <ondown lang="python">
              <![CDATA[fyre.controllers.stars.next_page()]]>
            </ondown>
            <onprev lang="python">
              <![CDATA[print('back back back to black')]]>
            </onprev>
          </control>
          <control type="label">
            <label>Results $INFO[Container(490).ListItem.property(custom:index)] of </label>
            <posy>520</posy>
            <font>font18</font>
          </control>
          <control type="label" id="563">
            <label></label>
            <posx>120</posx>
            <posy>520</posy>
            <font>font18</font>
            <align>left</align>
          </control>
        </control>
        <control type="button" id="564">
          <texturenofocus>remove.png</texturenofocus>
          <width>61</width>
          <height>63</height>
          <posy>220</posy>
          <posx>120</posx>
          <texturefocus>remove.png</texturefocus>
          <visible>false</visible>
        </control>
        <control type="group">
          <visible>Control.HasFocus(490) | Control.HasFocus(491)</visible>
          <animation type="VisibleChange">
            <effect type="fade" time="600" start="0" end="100">
            </effect>
          </animation>
          <control type="group">
            <posx>500</posx>
            <visible>True</visible>
            <control type="largeimage">
              <width>200</width>
              <aspectratio>stretch</aspectratio>
              <height>300</height>
              <texture>star_placeholder.png</texture>
            </control>
            <control type="image">
              <width>200</width>
              <height>300</height>
              <texture>$INFO[Container(490).ListItem.Thumb]</texture>
            </control>
            <control type="label">
              <textcolor>FFFFFFFF</textcolor>
              <width>380</width>
              <height>30</height>
              <label>[B]$INFO[Container(490).ListItem.Label][/B]</label>
              <posx>250</posx>
              <font>font26</font>
            </control>
            <control type="grouplist">
              <orientation>vertical</orientation>
              <width>300</width>
              <height>500</height>
              <posy>60</posy>
              <posx>250</posx>
              <control type="label">
                <textcolor>FF7895B6</textcolor>
                <width>320</width>
                <height>48</height>
                <label>Attributes</label>
                <font>font24b</font>
              </control>
              <control type="label">
                <textcolor>FF7895B6</textcolor>
                <width>320</width>
                <height>48</height>
                <label>Date of birth</label>
                <font>font24b</font>
              </control>
              <control type="label">
                <textcolor>FF7895B6</textcolor>
                <width>320</width>
                <height>48</height>
                <label>Place of birth</label>
                <font>font24b</font>
              </control>
              <control type="label">
                <textcolor>FF7895B6</textcolor>
                <width>320</width>
                <height>48</height>
                <label>Measurements</label>
                <font>font24b</font>
              </control>
              <control type="label">
                <textcolor>FF7895B6</textcolor>
                <width>320</width>
                <height>48</height>
                <label>Total scenes</label>
                <font>font24b</font>
              </control>
            </control>
            <control type="grouplist">
              <orientation>vertical</orientation>
              <width>320</width>
              <height>500</height>
              <posy>60</posy>
              <posx>470</posx>
              <control type="label">
                <textcolor>FFFFFFFF</textcolor>
                <width>320</width>
                <height>48</height>
                <label>$INFO[Container(490).ListItem.property(custom:categories)]</label>
                <font>font24</font>
                <scroll>True</scroll>
              </control>
              <control type="label">
                <textcolor>FFFFFFFF</textcolor>
                <width>320</width>
                <height>48</height>
                <label>$INFO[Container(490).ListItem.property(custom:date_of_birth)]</label>
                <font>font24</font>
              </control>
              <control type="label">
                <textcolor>FFFFFFFF</textcolor>
                <width>320</width>
                <height>48</height>
                <label>$INFO[Container(490).ListItem.property(custom:place_of_birth)]</label>
                <font>font24</font>
              </control>
              <control type="label">
                <textcolor>FFFFFFFF</textcolor>
                <width>320</width>
                <height>48</height>
                <label>$INFO[Container(490).ListItem.property(custom:measurements)]</label>
                <font>font24</font>
              </control>
              <control type="label">
                <textcolor>FFFFFFFF</textcolor>
                <width>320</width>
                <height>48</height>
                <label>$INFO[Container(490).ListItem.property(custom:nbr_scenes)]</label>
                <font>font24</font>
              </control>
            </control>
          </control>
        </control>
      </control>
    </control>
  </controls>
</window>
