<?xml version="1.0" encoding="UTF-8"?>
<window type="window" id="14008">
  <defaultcontrol>29</defaultcontrol>
  <allowoverlay>no</allowoverlay>
  <onload lang="python">
    <![CDATA[print("ONLOAD: store_packages")
if space.unload == 'store_packages' and space.application_mode == 'F':
  print('loading the same view after screensaver')
  current_scope = space.cache.current().scope()
  #space.cache.clear_after_screensaver()
  mc.CloseWindow()
  space.after_screensaver = True
else:
  print(space.cache.current().scope() + ' - store_packages')
  if not space.cache.current().scope() == 'store_packages':
    space.cache.pop_level()

  try:
    func = getattr(fyre.controllers.store_packages, 'load')
  except AttributeError:
    print('Loading view store_packages (no load() method in controller)')
  else:
    print('Loading view store_packages')
    space.cache.current().invalidate()
    func(space.cache.current())

]]>
  </onload>
  <onunload lang="python">
    <![CDATA[print("ONUNLOAD: store_packages")
try:
  func = getattr(fyre.controllers.store_packages, 'unload')
except AttributeError:
  print('Unloading view store_packages (no unload() method in controller)')
else:
  print('Unloading view store_packages')
  func(space.cache.current())

if not space.unload == 'player':
  space.unload = 'store_packages'

]]>
  </onunload>
  <controls>
    <control type="group">
      <posy>0</posy>
      <posx>0</posx>
      <control type="image">
        <width>1280</width>
        <height>720</height>
        <texture>background.png</texture>
      </control>
      <control type="image">
        <width>1280</width>
        <height>40</height>
        <texture>nav_bar_thin.png</texture>
        <posy>40</posy>
      </control>
      <control type="image">
        <width>100</width>
        <height>80</height>
        <texture>fyretv_logo.png</texture>
        <posx>1050</posx>
      </control>
      <control type="label" id="31">
        <width>425</width>
        <height>16</height>
        <label>Store Packages</label>
        <posy>48</posy>
        <posx>130</posx>
        <font>font22b</font>
        <scroll>true</scroll>
      </control>
    </control>
    <control type="group" id="29">
      <defaultcontrol>30</defaultcontrol>
      <visible>true</visible>
      <animation type="WindowOpen">
        <effect type="slide" time="200" start="-1000,0" end="0,0">
        </effect>
      </animation>
      <animation type="WindowClose">
        <effect type="slide" time="200" end="2000,0" star="0,0">
        </effect>
      </animation>
      <control type="group" id="30">
        <defaultcontrol>32</defaultcontrol>
        <control type="group" id="33">
          <defaultcontrol>32</defaultcontrol>
          <animation type="Conditional" condition="Control.IsVisible(33)">
            <effect type="fade" time="500" start="0" end="100">
            </effect>
          </animation>
          <control type="label">
            <textcolor>FFFFFFFF</textcolor>
            <width>600</width>
            <height>30</height>
            <label>[B]$INFO[Container(34).ListItem.Label][/B]</label>
            <posy>110</posy>
            <posx>340</posx>
            <font>font26</font>
            <scroll>false</scroll>
            <align>center</align>
          </control>
          <control type="wraplist" id="34">
            <orientation>horizontal</orientation>
            <width>1375</width>
            <height>500</height>
            <scrolltime>200</scrolltime>
            <focusposition>2</focusposition>
            <posy>155</posy>
            <posx>-110</posx>
            <visible>true</visible>
            <itemlayout width="300" height="436">
              <control type="image">
                <width>300</width>
                <aspectratio>stretch</aspectratio>
                <height>436</height>
                <texture>$INFO[ListItem.Thumb]</texture>
                <posy>0</posy>
                <posx>0</posx>
              </control>
            </itemlayout>
            <focusedlayout width="300" height="436">
              <control type="image">
                <width>300</width>
                <aspectratio>stretch</aspectratio>
                <height>436</height>
                <texture>$INFO[ListItem.Thumb]</texture>
                <posy>0</posy>
                <posx>0</posx>
              </control>
            </focusedlayout>
          </control>
          <control type="button" id="32">
            <texturenofocus></texturenofocus>
            <onup>35</onup>
            <width>391</width>
            <ondown>36</ondown>
            <height>528</height>
            <posy>109</posy>
            <posx>445</posx>
            <texturefocus>border.png</texturefocus>
            <onright lang="python">
              <![CDATA[fyre.controllers.store_packages.scroll_right()]]>
            </onright>
            <onleft lang="python">
              <![CDATA[fyre.controllers.store_packages.scroll_left()]]>
            </onleft>
            <onclick lang="python">
              <![CDATA[fyre.controllers.store_packages.click()]]>
            </onclick>
          </control>
          <control type="label">
            <textcolor>FF799ab9</textcolor>
            <aligny>center</aligny>
            <width>100</width>
            <height>22</height>
            <label>Item $INFO[Container(34).ListItem.property(custom:index)] of </label>
            <posy>615</posy>
            <posx>160</posx>
            <font>font16b</font>
            <align>right</align>
          </control>
          <control type="label" id="37">
            <textcolor>FF799ab9</textcolor>
            <aligny>center</aligny>
            <width>100</width>
            <height>22</height>
            <label></label>
            <posy>615</posy>
            <posx>160</posx>
            <font>font16b</font>
            <align>left</align>
          </control>
          <control type="label">
            <textcolor>FF799ab9</textcolor>
            <aligny>center</aligny>
            <width>300</width>
            <height>22</height>
            <label>$INFO[Container(34).ListItem.property(custom:nbr_movies)] movies in package </label>
            <posy>615</posy>
            <posx>900</posx>
            <font>font16b</font>
            <align>left</align>
          </control>
        </control>
      </control>
    </control>
  </controls>
</window>
