<?xml version="1.0" encoding="UTF-8"?>
<window type="window" id="14010">
  <defaultcontrol>119</defaultcontrol>
  <allowoverlay>no</allowoverlay>
  <onload lang="python">
    <![CDATA[print("ONLOAD: store_minutes")
if space.unload == 'store_minutes' and space.application_mode == 'F':
  print('loading the same view after screensaver')
  current_scope = space.cache.current().scope()
  #space.cache.clear_after_screensaver()
  mc.CloseWindow()
  space.after_screensaver = True
else:
  print(space.cache.current().scope() + ' - store_minutes')
  if not space.cache.current().scope() == 'store_minutes':
    space.cache.pop_level()

  try:
    func = getattr(fyre.controllers.store_minutes, 'load')
  except AttributeError:
    print('Loading view store_minutes (no load() method in controller)')
  else:
    print('Loading view store_minutes')
    space.cache.current().invalidate()
    func(space.cache.current())

]]>
  </onload>
  <onunload lang="python">
    <![CDATA[print("ONUNLOAD: store_minutes")
try:
  func = getattr(fyre.controllers.store_minutes, 'unload')
except AttributeError:
  print('Unloading view store_minutes (no unload() method in controller)')
else:
  print('Unloading view store_minutes')
  func(space.cache.current())

if not space.unload == 'player':
  space.unload = 'store_minutes'

]]>
  </onunload>
  <controls>
    <control type="group">
      <posy>0</posy>
      <posx>0</posx>
      <control type="image">
        <width>1280</width>
        <height>720</height>
        <texture>background.png</texture>
      </control>
      <control type="image">
        <width>1280</width>
        <height>40</height>
        <texture>nav_bar_thin.png</texture>
        <posy>40</posy>
      </control>
      <control type="image">
        <width>100</width>
        <height>80</height>
        <texture>fyretv_logo.png</texture>
        <posx>1050</posx>
      </control>
      <control type="label" id="120">
        <width>425</width>
        <height>16</height>
        <label>Buy playing minutes</label>
        <posy>48</posy>
        <posx>130</posx>
        <font>font22b</font>
        <scroll>true</scroll>
      </control>
    </control>
    <control type="group" id="119">
      <visible>true</visible>
      <animation type="WindowOpen">
        <effect type="slide" time="200" start="-1000,0" end="0,0">
        </effect>
      </animation>
      <animation type="WindowClose">
        <effect type="slide" time="200" end="2000,0" star="0,0">
        </effect>
      </animation>
      <control type="label">
        <width>800</width>
        <height>100</height>
        <label>Select the amount of Viewing Minutes you wish to ADD to your account.</label>
        <posy>110</posy>
        <posx>130</posx>
        <font>font22</font>
        <scroll>false</scroll>
      </control>
      <control type="label">
        <height>100</height>
        <label>Your current balance: </label>
        <posy>110</posy>
        <posx>910</posx>
        <font>font22</font>
        <scroll>false</scroll>
      </control>
      <control type="label" id="121">
        <height>100</height>
        <label></label>
        <posy>110</posy>
        <posx>1135</posx>
        <font>font22</font>
        <scroll>false</scroll>
      </control>
      <control type="group" id="122">
        <width>100</width>
        <height>200</height>
        <posy>200</posy>
        <posx>150</posx>
        <control type="list" id="123">
          <orientation>vertical</orientation>
          <width>300</width>
          <height>300</height>
          <visible>true</visible>
          <itemlayout width="300" height="30">
            <control type="image">
              <width>34</width>
              <height>19</height>
              <texture>active_checkcircle_ticked_without_arrow.png</texture>
              <visible>ListItem.property(custom:choosen)</visible>
            </control>
            <control type="image">
              <width>34</width>
              <height>19</height>
              <texture>active_checkcircle_without_arrow.png</texture>
              <visible>!ListItem.property(custom:choosen)</visible>
            </control>
            <control type="label">
              <textcolor>white</textcolor>
              <aligny>center</aligny>
              <width>300</width>
              <height>29</height>
              <info>ListItem.Label</info>
              <posy>0</posy>
              <posx>45</posx>
              <font>font22</font>
              <align>left</align>
            </control>
          </itemlayout>
          <focusedlayout width="300" height="30">
            <control type="image">
              <width>34</width>
              <height>19</height>
              <texture>active_checkcircle_ticked_with_arrow.png</texture>
              <visible>ListItem.property(custom:choosen)</visible>
            </control>
            <control type="image">
              <width>34</width>
              <height>19</height>
              <texture>active_checkcircle_with_arrow.png</texture>
              <visible>!ListItem.property(custom:choosen)</visible>
            </control>
            <control type="label">
              <textcolor>white</textcolor>
              <aligny>center</aligny>
              <width>300</width>
              <height>29</height>
              <info>ListItem.Label</info>
              <posy>0</posy>
              <posx>45</posx>
              <font>font22b</font>
              <align>left</align>
            </control>
          </focusedlayout>
          <content type="url">
            <onclick lang="python">
              <![CDATA[fyre.controllers.store_minutes.check_element()]]>
            </onclick>
          </content>
        </control>
      </control>
      <control type="button" id="124">
        <textcolor>FF7895B6</textcolor>
        <texturenofocus>blueoutlinecapsule_offstate.png</texturenofocus>
        <aligny>center</aligny>
        <width>200</width>
        <focusedcolor>EEFFFFFF</focusedcolor>
        <textoffsetx>-</textoffsetx>
        <height>49</height>
        <disabledcolor>88888888</disabledcolor>
        <textoffsety>-</textoffsety>
        <label>Buy</label>
        <onfocus>-</onfocus>
        <colordiffuse>FFFFFFFF</colordiffuse>
        <posx>120</posx>
        <posy>500</posy>
        <font>font18</font>
        <texturefocus>redcapsule_onstate.png</texturefocus>
        <align>center</align>
        <visible>true</visible>
        <onclick lang="python">
          <![CDATA[fyre.controllers.store_minutes.onclick_buy()]]>
        </onclick>
      </control>
      <control type="button">
        <texturenofocus>blueoutlinecapsule_disabledstate.png</texturenofocus>
        <textcolor>88888888</textcolor>
        <aligny>center</aligny>
        <width>200</width>
        <focusedcolor>EEFFFFFF</focusedcolor>
        <textoffsetx>-</textoffsetx>
        <height>49</height>
        <disabledcolor>88888888</disabledcolor>
        <textoffsety>-</textoffsety>
        <enable>false</enable>
        <label>Buy</label>
        <onfocus>-</onfocus>
        <posx>120</posx>
        <posy>500</posy>
        <texturefocus>blueoutlinecapsule_disabledstate.png</texturefocus>
        <font>font18</font>
        <align>center</align>
        <visible>!Control.IsVisible(124)</visible>
      </control>
    </control>
  </controls>
</window>
