<?xml version="1.0" encoding="UTF-8"?>
<window type="window" id="14019">
  <defaultcontrol>265</defaultcontrol>
  <allowoverlay>no</allowoverlay>
  <onload lang="python">
    <![CDATA[print("ONLOAD: studios")
if space.unload == 'studios' and space.application_mode == 'F':
  print('loading the same view after screensaver')
  current_scope = space.cache.current().scope()
  #space.cache.clear_after_screensaver()
  mc.CloseWindow()
  space.after_screensaver = True
else:
  print(space.cache.current().scope() + ' - studios')
  if not space.cache.current().scope() == 'studios':
    space.cache.pop_level()

  try:
    func = getattr(fyre.controllers.studios, 'load')
  except AttributeError:
    print('Loading view studios (no load() method in controller)')
  else:
    print('Loading view studios')
    space.cache.current().invalidate()
    func(space.cache.current())
fyre.helpers.keyboard.set_focus('studios')
]]>
  </onload>
  <onunload lang="python">
    <![CDATA[print("ONUNLOAD: studios")
try:
  func = getattr(fyre.controllers.studios, 'unload')
except AttributeError:
  print('Unloading view studios (no unload() method in controller)')
else:
  print('Unloading view studios')
  func(space.cache.current())

if not space.unload == 'player':
  space.unload = 'studios'

]]>
  </onunload>
  <controls>
    <control type="group">
      <posy>0</posy>
      <posx>0</posx>
      <control type="image">
        <width>1280</width>
        <height>720</height>
        <texture>background.png</texture>
      </control>
      <control type="image">
        <width>1280</width>
        <height>40</height>
        <texture>nav_bar_thin.png</texture>
        <posy>40</posy>
      </control>
      <control type="image">
        <width>100</width>
        <height>80</height>
        <texture>fyretv_logo.png</texture>
        <posx>1050</posx>
      </control>
      <control type="label" id="267">
        <width>425</width>
        <height>16</height>
        <label>Production Studios</label>
        <posy>48</posy>
        <posx>130</posx>
        <font>font22b</font>
        <scroll>true</scroll>
      </control>
    </control>
    <control type="group" id="265">
      <defaultcontrol>266</defaultcontrol>
      <visible>true</visible>
      <animation type="WindowOpen">
        <effect type="slide" time="200" start="-1000,0" end="0,0">
        </effect>
      </animation>
      <animation type="WindowClose">
        <effect type="slide" time="200" end="2000,0" star="0,0">
        </effect>
      </animation>
      <animation type="Conditional" condition="Control.HasFocus(268) | Control.HasFocus(269)">
        <effect type="slide" time="200" end="-700,0">
        </effect>
      </animation>
      <control type="edit" id="270">
        <textcolor>CCFFFFFF</textcolor>
        <texturenofocus>input-area.png</texturenofocus>
        <aligny>center</aligny>
        <width>330</width>
        <focusedcolor>FFFFFFFF</focusedcolor>
        <ondown>272</ondown>
        <textoffsetx>20</textoffsetx>
        <height>50</height>
        <textoffsety>0</textoffsety>
        <onright>271</onright>
        <posy>100</posy>
        <posx>20</posx>
        <font>font22b</font>
        <texturefocus>input-area.png</texturefocus>
        <align>left</align>
      </control>
      <control type="group" id="266">
        <defaultcontrol>273</defaultcontrol>
        <posx>20</posx>
        <posy>160</posy>
        <visible>True</visible>
        <control type="button" id="274">
          <texturenofocus>greyarrow_left.png</texturenofocus>
          <width>10</width>
          <height>24</height>
          <posy>230</posy>
          <posx>450</posx>
          <texturefocus>redarrow_right.png</texturefocus>
          <visible>True</visible>
          <onfocus lang="python">
            <![CDATA[fyre.helpers.keyboard.deductAction()]]>
          </onfocus>
        </control>
        <control type="group" id="272">
          <control type="group" id="275">
            <width>319</width>
            <height>380</height>
            <visible>true</visible>
            <control type="button" id="273">
              <textcolor>FFFFFFFF</textcolor>
              <texturenofocus>letter-inactive.png</texturenofocus>
              <aligny>center</aligny>
              <onup>270</onup>
              <width>50</width>
              <focusedcolor>FFFFFFFF</focusedcolor>
              <ondown>276</ondown>
              <height>50</height>
              <disabledcolor>88FFFFFF</disabledcolor>
              <onleft>274</onleft>
              <label>A</label>
              <colordiffuse>FFFFFFFF</colordiffuse>
              <onright>277</onright>
              <posy>0</posy>
              <posx>0</posx>
              <font>font28b</font>
              <texturefocus>letter-active.png</texturefocus>
              <align>center</align>
              <onclick lang="python">
                <![CDATA[fyre.helpers.keyboard.keyPressed("a")]]>
              </onclick>
            </control>
            <control type="button" id="277">
              <textcolor>FFFFFFFF</textcolor>
              <texturenofocus>letter-inactive.png</texturenofocus>
              <aligny>center</aligny>
              <onup>270</onup>
              <width>50</width>
              <focusedcolor>FFFFFFFF</focusedcolor>
              <ondown>278</ondown>
              <height>50</height>
              <disabledcolor>88FFFFFF</disabledcolor>
              <onleft>273</onleft>
              <label>B</label>
              <colordiffuse>FFFFFFFF</colordiffuse>
              <onright>279</onright>
              <posy>0</posy>
              <posx>55</posx>
              <font>font28b</font>
              <texturefocus>letter-active.png</texturefocus>
              <align>center</align>
              <onclick lang="python">
                <![CDATA[fyre.helpers.keyboard.keyPressed("b")]]>
              </onclick>
            </control>
            <control type="button" id="279">
              <textcolor>FFFFFFFF</textcolor>
              <texturenofocus>letter-inactive.png</texturenofocus>
              <aligny>center</aligny>
              <onup>270</onup>
              <width>50</width>
              <focusedcolor>FFFFFFFF</focusedcolor>
              <ondown>280</ondown>
              <height>50</height>
              <disabledcolor>88FFFFFF</disabledcolor>
              <onleft>277</onleft>
              <label>C</label>
              <colordiffuse>FFFFFFFF</colordiffuse>
              <onright>281</onright>
              <posy>0</posy>
              <posx>110</posx>
              <font>font28b</font>
              <texturefocus>letter-active.png</texturefocus>
              <align>center</align>
              <onclick lang="python">
                <![CDATA[fyre.helpers.keyboard.keyPressed("c")]]>
              </onclick>
            </control>
            <control type="button" id="281">
              <textcolor>FFFFFFFF</textcolor>
              <texturenofocus>letter-inactive.png</texturenofocus>
              <aligny>center</aligny>
              <onup>270</onup>
              <width>50</width>
              <focusedcolor>FFFFFFFF</focusedcolor>
              <ondown>282</ondown>
              <height>50</height>
              <disabledcolor>88FFFFFF</disabledcolor>
              <onleft>279</onleft>
              <label>D</label>
              <colordiffuse>FFFFFFFF</colordiffuse>
              <onright>283</onright>
              <posy>0</posy>
              <posx>165</posx>
              <font>font28b</font>
              <texturefocus>letter-active.png</texturefocus>
              <align>center</align>
              <onclick lang="python">
                <![CDATA[fyre.helpers.keyboard.keyPressed("d")]]>
              </onclick>
            </control>
            <control type="button" id="283">
              <textcolor>FFFFFFFF</textcolor>
              <texturenofocus>letter-inactive.png</texturenofocus>
              <aligny>center</aligny>
              <onup>270</onup>
              <width>50</width>
              <focusedcolor>FFFFFFFF</focusedcolor>
              <ondown>284</ondown>
              <height>50</height>
              <disabledcolor>88FFFFFF</disabledcolor>
              <onleft>281</onleft>
              <label>E</label>
              <colordiffuse>FFFFFFFF</colordiffuse>
              <onright>285</onright>
              <posy>0</posy>
              <posx>220</posx>
              <font>font28b</font>
              <texturefocus>letter-active.png</texturefocus>
              <align>center</align>
              <onclick lang="python">
                <![CDATA[fyre.helpers.keyboard.keyPressed("e")]]>
              </onclick>
            </control>
            <control type="button" id="285">
              <textcolor>FFFFFFFF</textcolor>
              <texturenofocus>letter-inactive.png</texturenofocus>
              <aligny>center</aligny>
              <onup>270</onup>
              <width>50</width>
              <focusedcolor>FFFFFFFF</focusedcolor>
              <ondown>286</ondown>
              <height>50</height>
              <disabledcolor>88FFFFFF</disabledcolor>
              <onleft>283</onleft>
              <label>F</label>
              <colordiffuse>FFFFFFFF</colordiffuse>
              <onright>274</onright>
              <posy>0</posy>
              <posx>275</posx>
              <font>font28b</font>
              <texturefocus>letter-active.png</texturefocus>
              <align>center</align>
              <onclick lang="python">
                <![CDATA[fyre.helpers.keyboard.keyPressed("f")]]>
              </onclick>
            </control>
            <control type="button" id="276">
              <textcolor>FFFFFFFF</textcolor>
              <texturenofocus>letter-inactive.png</texturenofocus>
              <aligny>center</aligny>
              <onup>273</onup>
              <width>50</width>
              <focusedcolor>FFFFFFFF</focusedcolor>
              <ondown>287</ondown>
              <height>50</height>
              <disabledcolor>88FFFFFF</disabledcolor>
              <onleft>274</onleft>
              <label>G</label>
              <colordiffuse>FFFFFFFF</colordiffuse>
              <onright>278</onright>
              <posy>55</posy>
              <posx>0</posx>
              <font>font28b</font>
              <texturefocus>letter-active.png</texturefocus>
              <align>center</align>
              <onclick lang="python">
                <![CDATA[fyre.helpers.keyboard.keyPressed("g")]]>
              </onclick>
            </control>
            <control type="button" id="278">
              <textcolor>FFFFFFFF</textcolor>
              <texturenofocus>letter-inactive.png</texturenofocus>
              <aligny>center</aligny>
              <onup>277</onup>
              <width>50</width>
              <focusedcolor>FFFFFFFF</focusedcolor>
              <ondown>288</ondown>
              <height>50</height>
              <disabledcolor>88FFFFFF</disabledcolor>
              <onleft>276</onleft>
              <label>H</label>
              <colordiffuse>FFFFFFFF</colordiffuse>
              <onright>280</onright>
              <posy>55</posy>
              <posx>55</posx>
              <font>font28b</font>
              <texturefocus>letter-active.png</texturefocus>
              <align>center</align>
              <onclick lang="python">
                <![CDATA[fyre.helpers.keyboard.keyPressed("h")]]>
              </onclick>
            </control>
            <control type="button" id="280">
              <textcolor>FFFFFFFF</textcolor>
              <texturenofocus>letter-inactive.png</texturenofocus>
              <aligny>center</aligny>
              <onup>279</onup>
              <width>50</width>
              <focusedcolor>FFFFFFFF</focusedcolor>
              <ondown>289</ondown>
              <height>50</height>
              <disabledcolor>88FFFFFF</disabledcolor>
              <onleft>278</onleft>
              <label>I</label>
              <colordiffuse>FFFFFFFF</colordiffuse>
              <onright>282</onright>
              <posy>55</posy>
              <posx>110</posx>
              <font>font28b</font>
              <texturefocus>letter-active.png</texturefocus>
              <align>center</align>
              <onclick lang="python">
                <![CDATA[fyre.helpers.keyboard.keyPressed("i")]]>
              </onclick>
            </control>
            <control type="button" id="282">
              <textcolor>FFFFFFFF</textcolor>
              <texturenofocus>letter-inactive.png</texturenofocus>
              <aligny>center</aligny>
              <onup>281</onup>
              <width>50</width>
              <focusedcolor>FFFFFFFF</focusedcolor>
              <ondown>290</ondown>
              <height>50</height>
              <disabledcolor>88FFFFFF</disabledcolor>
              <onleft>280</onleft>
              <label>J</label>
              <colordiffuse>FFFFFFFF</colordiffuse>
              <onright>284</onright>
              <posy>55</posy>
              <posx>165</posx>
              <font>font28b</font>
              <texturefocus>letter-active.png</texturefocus>
              <align>center</align>
              <onclick lang="python">
                <![CDATA[fyre.helpers.keyboard.keyPressed("j")]]>
              </onclick>
            </control>
            <control type="button" id="284">
              <textcolor>FFFFFFFF</textcolor>
              <texturenofocus>letter-inactive.png</texturenofocus>
              <aligny>center</aligny>
              <onup>283</onup>
              <width>50</width>
              <focusedcolor>FFFFFFFF</focusedcolor>
              <ondown>291</ondown>
              <height>50</height>
              <disabledcolor>88FFFFFF</disabledcolor>
              <onleft>282</onleft>
              <label>K</label>
              <colordiffuse>FFFFFFFF</colordiffuse>
              <onright>286</onright>
              <posy>55</posy>
              <posx>220</posx>
              <font>font28b</font>
              <texturefocus>letter-active.png</texturefocus>
              <align>center</align>
              <onclick lang="python">
                <![CDATA[fyre.helpers.keyboard.keyPressed("k")]]>
              </onclick>
            </control>
            <control type="button" id="286">
              <textcolor>FFFFFFFF</textcolor>
              <texturenofocus>letter-inactive.png</texturenofocus>
              <aligny>center</aligny>
              <onup>285</onup>
              <width>50</width>
              <focusedcolor>FFFFFFFF</focusedcolor>
              <ondown>292</ondown>
              <height>50</height>
              <disabledcolor>88FFFFFF</disabledcolor>
              <onleft>284</onleft>
              <label>L</label>
              <colordiffuse>FFFFFFFF</colordiffuse>
              <onright>274</onright>
              <posy>55</posy>
              <posx>275</posx>
              <font>font28b</font>
              <texturefocus>letter-active.png</texturefocus>
              <align>center</align>
              <onclick lang="python">
                <![CDATA[fyre.helpers.keyboard.keyPressed("l")]]>
              </onclick>
            </control>
            <control type="button" id="287">
              <textcolor>FFFFFFFF</textcolor>
              <texturenofocus>letter-inactive.png</texturenofocus>
              <aligny>center</aligny>
              <onup>276</onup>
              <width>50</width>
              <focusedcolor>FFFFFFFF</focusedcolor>
              <ondown>293</ondown>
              <height>50</height>
              <disabledcolor>88FFFFFF</disabledcolor>
              <onleft>274</onleft>
              <label>M</label>
              <colordiffuse>FFFFFFFF</colordiffuse>
              <onright>288</onright>
              <posy>110</posy>
              <posx>0</posx>
              <font>font28b</font>
              <texturefocus>letter-active.png</texturefocus>
              <align>center</align>
              <onclick lang="python">
                <![CDATA[fyre.helpers.keyboard.keyPressed("m")]]>
              </onclick>
            </control>
            <control type="button" id="288">
              <textcolor>FFFFFFFF</textcolor>
              <texturenofocus>letter-inactive.png</texturenofocus>
              <aligny>center</aligny>
              <onup>278</onup>
              <width>50</width>
              <focusedcolor>FFFFFFFF</focusedcolor>
              <ondown>294</ondown>
              <height>50</height>
              <disabledcolor>88FFFFFF</disabledcolor>
              <onleft>287</onleft>
              <label>N</label>
              <colordiffuse>FFFFFFFF</colordiffuse>
              <onright>289</onright>
              <posy>110</posy>
              <posx>55</posx>
              <font>font28b</font>
              <texturefocus>letter-active.png</texturefocus>
              <align>center</align>
              <onclick lang="python">
                <![CDATA[fyre.helpers.keyboard.keyPressed("n")]]>
              </onclick>
            </control>
            <control type="button" id="289">
              <textcolor>FFFFFFFF</textcolor>
              <texturenofocus>letter-inactive.png</texturenofocus>
              <aligny>center</aligny>
              <onup>280</onup>
              <width>50</width>
              <focusedcolor>FFFFFFFF</focusedcolor>
              <ondown>295</ondown>
              <height>50</height>
              <disabledcolor>88FFFFFF</disabledcolor>
              <onleft>288</onleft>
              <label>O</label>
              <colordiffuse>FFFFFFFF</colordiffuse>
              <onright>290</onright>
              <posy>110</posy>
              <posx>110</posx>
              <font>font28b</font>
              <texturefocus>letter-active.png</texturefocus>
              <align>center</align>
              <onclick lang="python">
                <![CDATA[fyre.helpers.keyboard.keyPressed("o")]]>
              </onclick>
            </control>
            <control type="button" id="290">
              <textcolor>FFFFFFFF</textcolor>
              <texturenofocus>letter-inactive.png</texturenofocus>
              <aligny>center</aligny>
              <onup>282</onup>
              <width>50</width>
              <focusedcolor>FFFFFFFF</focusedcolor>
              <ondown>296</ondown>
              <height>50</height>
              <disabledcolor>88FFFFFF</disabledcolor>
              <onleft>289</onleft>
              <label>P</label>
              <colordiffuse>FFFFFFFF</colordiffuse>
              <onright>291</onright>
              <posy>110</posy>
              <posx>165</posx>
              <font>font28b</font>
              <texturefocus>letter-active.png</texturefocus>
              <align>center</align>
              <onclick lang="python">
                <![CDATA[fyre.helpers.keyboard.keyPressed("p")]]>
              </onclick>
            </control>
            <control type="button" id="291">
              <textcolor>FFFFFFFF</textcolor>
              <texturenofocus>letter-inactive.png</texturenofocus>
              <aligny>center</aligny>
              <onup>284</onup>
              <width>50</width>
              <focusedcolor>FFFFFFFF</focusedcolor>
              <ondown>297</ondown>
              <height>50</height>
              <disabledcolor>88FFFFFF</disabledcolor>
              <onleft>290</onleft>
              <label>Q</label>
              <colordiffuse>FFFFFFFF</colordiffuse>
              <onright>292</onright>
              <posy>110</posy>
              <posx>220</posx>
              <font>font28b</font>
              <texturefocus>letter-active.png</texturefocus>
              <align>center</align>
              <onclick lang="python">
                <![CDATA[fyre.helpers.keyboard.keyPressed("q")]]>
              </onclick>
            </control>
            <control type="button" id="292">
              <textcolor>FFFFFFFF</textcolor>
              <texturenofocus>letter-inactive.png</texturenofocus>
              <aligny>center</aligny>
              <onup>286</onup>
              <width>50</width>
              <focusedcolor>FFFFFFFF</focusedcolor>
              <ondown>298</ondown>
              <height>50</height>
              <disabledcolor>88FFFFFF</disabledcolor>
              <onleft>291</onleft>
              <label>R</label>
              <colordiffuse>FFFFFFFF</colordiffuse>
              <onright>274</onright>
              <posy>110</posy>
              <posx>275</posx>
              <font>font28b</font>
              <texturefocus>letter-active.png</texturefocus>
              <align>center</align>
              <onclick lang="python">
                <![CDATA[fyre.helpers.keyboard.keyPressed("r")]]>
              </onclick>
            </control>
            <control type="button" id="293">
              <textcolor>FFFFFFFF</textcolor>
              <texturenofocus>letter-inactive.png</texturenofocus>
              <aligny>center</aligny>
              <onup>287</onup>
              <width>50</width>
              <focusedcolor>FFFFFFFF</focusedcolor>
              <ondown>299</ondown>
              <height>50</height>
              <disabledcolor>88FFFFFF</disabledcolor>
              <onleft>274</onleft>
              <label>S</label>
              <colordiffuse>FFFFFFFF</colordiffuse>
              <onright>294</onright>
              <posy>165</posy>
              <posx>0</posx>
              <font>font28b</font>
              <texturefocus>letter-active.png</texturefocus>
              <align>center</align>
              <onclick lang="python">
                <![CDATA[fyre.helpers.keyboard.keyPressed("s")]]>
              </onclick>
            </control>
            <control type="button" id="294">
              <textcolor>FFFFFFFF</textcolor>
              <texturenofocus>letter-inactive.png</texturenofocus>
              <aligny>center</aligny>
              <onup>288</onup>
              <width>50</width>
              <focusedcolor>FFFFFFFF</focusedcolor>
              <ondown>299</ondown>
              <height>50</height>
              <disabledcolor>88FFFFFF</disabledcolor>
              <onleft>293</onleft>
              <label>T</label>
              <colordiffuse>FFFFFFFF</colordiffuse>
              <onright>295</onright>
              <posy>165</posy>
              <posx>55</posx>
              <font>font28b</font>
              <texturefocus>letter-active.png</texturefocus>
              <align>center</align>
              <onclick lang="python">
                <![CDATA[fyre.helpers.keyboard.keyPressed("t")]]>
              </onclick>
            </control>
            <control type="button" id="295">
              <textcolor>FFFFFFFF</textcolor>
              <texturenofocus>letter-inactive.png</texturenofocus>
              <aligny>center</aligny>
              <onup>289</onup>
              <width>50</width>
              <focusedcolor>FFFFFFFF</focusedcolor>
              <ondown>300</ondown>
              <height>50</height>
              <disabledcolor>88FFFFFF</disabledcolor>
              <onleft>294</onleft>
              <label>U</label>
              <colordiffuse>FFFFFFFF</colordiffuse>
              <onright>296</onright>
              <posy>165</posy>
              <posx>110</posx>
              <font>font28b</font>
              <texturefocus>letter-active.png</texturefocus>
              <align>center</align>
              <onclick lang="python">
                <![CDATA[fyre.helpers.keyboard.keyPressed("u")]]>
              </onclick>
            </control>
            <control type="button" id="296">
              <textcolor>FFFFFFFF</textcolor>
              <texturenofocus>letter-inactive.png</texturenofocus>
              <aligny>center</aligny>
              <onup>290</onup>
              <width>50</width>
              <focusedcolor>FFFFFFFF</focusedcolor>
              <ondown>301</ondown>
              <height>50</height>
              <disabledcolor>88FFFFFF</disabledcolor>
              <onleft>295</onleft>
              <label>V</label>
              <colordiffuse>FFFFFFFF</colordiffuse>
              <onright>297</onright>
              <posy>165</posy>
              <posx>165</posx>
              <font>font28b</font>
              <texturefocus>letter-active.png</texturefocus>
              <align>center</align>
              <onclick lang="python">
                <![CDATA[fyre.helpers.keyboard.keyPressed("v")]]>
              </onclick>
            </control>
            <control type="button" id="297">
              <textcolor>FFFFFFFF</textcolor>
              <texturenofocus>letter-inactive.png</texturenofocus>
              <aligny>center</aligny>
              <onup>291</onup>
              <width>50</width>
              <focusedcolor>FFFFFFFF</focusedcolor>
              <ondown>302</ondown>
              <height>50</height>
              <disabledcolor>88FFFFFF</disabledcolor>
              <onleft>296</onleft>
              <label>W</label>
              <colordiffuse>FFFFFFFF</colordiffuse>
              <onright>298</onright>
              <posy>165</posy>
              <posx>220</posx>
              <font>font28b</font>
              <texturefocus>letter-active.png</texturefocus>
              <align>center</align>
              <onclick lang="python">
                <![CDATA[fyre.helpers.keyboard.keyPressed("w")]]>
              </onclick>
            </control>
            <control type="button" id="298">
              <textcolor>FFFFFFFF</textcolor>
              <texturenofocus>letter-inactive.png</texturenofocus>
              <aligny>center</aligny>
              <onup>292</onup>
              <width>50</width>
              <focusedcolor>FFFFFFFF</focusedcolor>
              <ondown>302</ondown>
              <height>50</height>
              <disabledcolor>88FFFFFF</disabledcolor>
              <onleft>297</onleft>
              <label>X</label>
              <colordiffuse>FFFFFFFF</colordiffuse>
              <onright>274</onright>
              <posy>165</posy>
              <posx>275</posx>
              <font>font28b</font>
              <texturefocus>letter-active.png</texturefocus>
              <align>center</align>
              <onclick lang="python">
                <![CDATA[fyre.helpers.keyboard.keyPressed("x")]]>
              </onclick>
            </control>
            <control type="button" id="299">
              <textcolor>FFFFFFFF</textcolor>
              <texturenofocus>enter-inactive.png</texturenofocus>
              <aligny>center</aligny>
              <onup>293</onup>
              <width>105</width>
              <focusedcolor>FFFFFFFF</focusedcolor>
              <ondown>303</ondown>
              <height>50</height>
              <disabledcolor>88FFFFFF</disabledcolor>
              <onleft>274</onleft>
              <label></label>
              <colordiffuse>FFFFFFFF</colordiffuse>
              <onright>300</onright>
              <posy>220</posy>
              <posx>0</posx>
              <font>font28b</font>
              <texturefocus>enter-active.png</texturefocus>
              <align>center</align>
              <onclick lang="python">
                <![CDATA[fyre.helpers.keyboard.toggleShift()]]>
              </onclick>
            </control>
            <control type="image">
              <width>105</width>
              <aspectratio>keep</aspectratio>
              <height>20</height>
              <texture>shift-icon.png</texture>
              <posy>235</posy>
              <posx>0</posx>
            </control>
            <control type="button" id="300">
              <textcolor>FFFFFFFF</textcolor>
              <texturenofocus>letter-inactive.png</texturenofocus>
              <aligny>center</aligny>
              <onup>295</onup>
              <width>50</width>
              <focusedcolor>FFFFFFFF</focusedcolor>
              <ondown>303</ondown>
              <height>50</height>
              <disabledcolor>88FFFFFF</disabledcolor>
              <onleft>299</onleft>
              <label>Y</label>
              <colordiffuse>FFFFFFFF</colordiffuse>
              <onright>301</onright>
              <posy>220</posy>
              <posx>110</posx>
              <font>font28b</font>
              <texturefocus>letter-active.png</texturefocus>
              <align>center</align>
              <onclick lang="python">
                <![CDATA[fyre.helpers.keyboard.keyPressed("y")]]>
              </onclick>
            </control>
            <control type="button" id="301">
              <textcolor>FFFFFFFF</textcolor>
              <texturenofocus>letter-inactive.png</texturenofocus>
              <aligny>center</aligny>
              <onup>296</onup>
              <width>50</width>
              <focusedcolor>FFFFFFFF</focusedcolor>
              <ondown>304</ondown>
              <height>50</height>
              <disabledcolor>88FFFFFF</disabledcolor>
              <onleft>300</onleft>
              <label>Z</label>
              <colordiffuse>FFFFFFFF</colordiffuse>
              <onright>302</onright>
              <posy>220</posy>
              <posx>165</posx>
              <font>font28b</font>
              <texturefocus>letter-active.png</texturefocus>
              <align>center</align>
              <onclick lang="python">
                <![CDATA[fyre.helpers.keyboard.keyPressed("z")]]>
              </onclick>
            </control>
            <control type="button" id="302">
              <textcolor>FFFFFFFF</textcolor>
              <texturenofocus>enter-inactive.png</texturenofocus>
              <aligny>center</aligny>
              <onup>297</onup>
              <width>105</width>
              <focusedcolor>FFFFFFFF</focusedcolor>
              <ondown>304</ondown>
              <height>50</height>
              <disabledcolor>88FFFFFF</disabledcolor>
              <onleft>301</onleft>
              <label></label>
              <colordiffuse>FFFFFFFF</colordiffuse>
              <onright>274</onright>
              <posy>220</posy>
              <posx>220</posx>
              <font>font28b</font>
              <texturefocus>enter-active.png</texturefocus>
              <align>center</align>
              <onclick lang="python">
                <![CDATA[fyre.helpers.keyboard.delChar()]]>
              </onclick>
            </control>
            <control type="image">
              <width>105</width>
              <aspectratio>keep</aspectratio>
              <height>20</height>
              <texture>x.png</texture>
              <posy>235</posy>
              <posx>220</posx>
            </control>
            <control type="button" id="303">
              <textcolor>FFFFFFFF</textcolor>
              <texturenofocus>enter-inactive.png</texturenofocus>
              <aligny>center</aligny>
              <onup>299</onup>
              <width>160</width>
              <focusedcolor>FFFFFFFF</focusedcolor>
              <ondown>305</ondown>
              <height>50</height>
              <disabledcolor>88FFFFFF</disabledcolor>
              <onleft>274</onleft>
              <label>num...</label>
              <colordiffuse>FFFFFFFF</colordiffuse>
              <onright>304</onright>
              <posy>275</posy>
              <posx>0</posx>
              <font>font28b</font>
              <texturefocus>enter-active.png</texturefocus>
              <align>center</align>
              <onclick lang="python">
                <![CDATA[fyre.helpers.keyboard.showNumbers()]]>
              </onclick>
            </control>
            <control type="button" id="304">
              <textcolor>FFFFFFFF</textcolor>
              <texturenofocus>enter-inactive.png</texturenofocus>
              <aligny>center</aligny>
              <onup>301</onup>
              <width>160</width>
              <focusedcolor>FFFFFFFF</focusedcolor>
              <ondown>305</ondown>
              <height>50</height>
              <disabledcolor>88FFFFFF</disabledcolor>
              <onleft>303</onleft>
              <label>enter</label>
              <colordiffuse>FFFFFFFF</colordiffuse>
              <onright>274</onright>
              <posy>275</posy>
              <posx>165</posx>
              <font>font28b</font>
              <texturefocus>enter-active.png</texturefocus>
              <align>center</align>
              <onclick lang="python">
                <![CDATA[fyre.helpers.keyboard.deductAction()]]>
              </onclick>
            </control>
            <control type="button" id="305">
              <textcolor>FFFFFFFF</textcolor>
              <texturenofocus>space-inactive.png</texturenofocus>
              <aligny>center</aligny>
              <onup>303</onup>
              <width>215</width>
              <focusedcolor>FFFFFFFF</focusedcolor>
              <ondown>-</ondown>
              <height>50</height>
              <disabledcolor>88FFFFFF</disabledcolor>
              <onleft>274</onleft>
              <label>space</label>
              <colordiffuse>FFFFFFFF</colordiffuse>
              <onright>274</onright>
              <posy>330</posy>
              <posx>55</posx>
              <font>font28b</font>
              <texturefocus>space-active.png</texturefocus>
              <align>center</align>
              <onclick lang="python">
                <![CDATA[fyre.helpers.keyboard.keyPressed(" ")]]>
              </onclick>
            </control>
          </control>
          <control type="group" id="306">
            <width>319</width>
            <height>380</height>
            <visible>false</visible>
            <control type="button" id="307">
              <textcolor>FFFFFFFF</textcolor>
              <texturenofocus>letter-inactive.png</texturenofocus>
              <aligny>center</aligny>
              <onup>270</onup>
              <width>50</width>
              <focusedcolor>FFFFFFFF</focusedcolor>
              <ondown>308</ondown>
              <height>50</height>
              <disabledcolor>88FFFFFF</disabledcolor>
              <onleft>274</onleft>
              <label> 1 </label>
              <colordiffuse>FFFFFFFF</colordiffuse>
              <onright>309</onright>
              <posy>0</posy>
              <posx>0</posx>
              <font>font28b</font>
              <texturefocus>letter-active.png</texturefocus>
              <align>center</align>
              <onclick lang="python">
                <![CDATA[fyre.helpers.keyboard.keyPressed("1")]]>
              </onclick>
            </control>
            <control type="button" id="309">
              <textcolor>FFFFFFFF</textcolor>
              <texturenofocus>letter-inactive.png</texturenofocus>
              <aligny>center</aligny>
              <onup>270</onup>
              <width>50</width>
              <focusedcolor>FFFFFFFF</focusedcolor>
              <ondown>310</ondown>
              <height>50</height>
              <disabledcolor>88FFFFFF</disabledcolor>
              <onleft>307</onleft>
              <label> 2 </label>
              <colordiffuse>FFFFFFFF</colordiffuse>
              <onright>311</onright>
              <posy>0</posy>
              <posx>55</posx>
              <font>font28b</font>
              <texturefocus>letter-active.png</texturefocus>
              <align>center</align>
              <onclick lang="python">
                <![CDATA[fyre.helpers.keyboard.keyPressed("2")]]>
              </onclick>
            </control>
            <control type="button" id="311">
              <textcolor>FFFFFFFF</textcolor>
              <texturenofocus>letter-inactive.png</texturenofocus>
              <aligny>center</aligny>
              <onup>270</onup>
              <width>50</width>
              <focusedcolor>FFFFFFFF</focusedcolor>
              <ondown>312</ondown>
              <height>50</height>
              <disabledcolor>88FFFFFF</disabledcolor>
              <onleft>309</onleft>
              <label> 3 </label>
              <colordiffuse>FFFFFFFF</colordiffuse>
              <onright>313</onright>
              <posy>0</posy>
              <posx>110</posx>
              <font>font28b</font>
              <texturefocus>letter-active.png</texturefocus>
              <align>center</align>
              <onclick lang="python">
                <![CDATA[fyre.helpers.keyboard.keyPressed("3")]]>
              </onclick>
            </control>
            <control type="button" id="313">
              <textcolor>FFFFFFFF</textcolor>
              <texturenofocus>letter-inactive.png</texturenofocus>
              <aligny>center</aligny>
              <onup>270</onup>
              <width>50</width>
              <focusedcolor>FFFFFFFF</focusedcolor>
              <ondown>314</ondown>
              <height>50</height>
              <disabledcolor>88FFFFFF</disabledcolor>
              <onleft>311</onleft>
              <label> 4 </label>
              <colordiffuse>FFFFFFFF</colordiffuse>
              <onright>315</onright>
              <posy>0</posy>
              <posx>165</posx>
              <font>font28b</font>
              <texturefocus>letter-active.png</texturefocus>
              <align>center</align>
              <onclick lang="python">
                <![CDATA[fyre.helpers.keyboard.keyPressed("4")]]>
              </onclick>
            </control>
            <control type="button" id="315">
              <textcolor>FFFFFFFF</textcolor>
              <texturenofocus>letter-inactive.png</texturenofocus>
              <aligny>center</aligny>
              <onup>270</onup>
              <width>50</width>
              <focusedcolor>FFFFFFFF</focusedcolor>
              <ondown>316</ondown>
              <height>50</height>
              <disabledcolor>88FFFFFF</disabledcolor>
              <onleft>313</onleft>
              <label> 5 </label>
              <colordiffuse>FFFFFFFF</colordiffuse>
              <onright>317</onright>
              <posy>0</posy>
              <posx>220</posx>
              <font>font28b</font>
              <texturefocus>letter-active.png</texturefocus>
              <align>center</align>
              <onclick lang="python">
                <![CDATA[fyre.helpers.keyboard.keyPressed("5")]]>
              </onclick>
            </control>
            <control type="button" id="317">
              <textcolor>FFFFFFFF</textcolor>
              <texturenofocus>letter-inactive.png</texturenofocus>
              <aligny>center</aligny>
              <onup>270</onup>
              <width>50</width>
              <focusedcolor>FFFFFFFF</focusedcolor>
              <ondown>318</ondown>
              <height>50</height>
              <disabledcolor>88FFFFFF</disabledcolor>
              <onleft>315</onleft>
              <label> 6 </label>
              <colordiffuse>FFFFFFFF</colordiffuse>
              <onright>274</onright>
              <posy>0</posy>
              <posx>275</posx>
              <font>font28b</font>
              <texturefocus>letter-active.png</texturefocus>
              <align>center</align>
              <onclick lang="python">
                <![CDATA[fyre.helpers.keyboard.keyPressed("6")]]>
              </onclick>
            </control>
            <control type="button" id="308">
              <textcolor>FFFFFFFF</textcolor>
              <texturenofocus>letter-inactive.png</texturenofocus>
              <aligny>center</aligny>
              <onup>307</onup>
              <width>50</width>
              <focusedcolor>FFFFFFFF</focusedcolor>
              <ondown>319</ondown>
              <height>50</height>
              <disabledcolor>88FFFFFF</disabledcolor>
              <onleft>274</onleft>
              <label> 7 </label>
              <colordiffuse>FFFFFFFF</colordiffuse>
              <onright>310</onright>
              <posy>55</posy>
              <posx>0</posx>
              <font>font28b</font>
              <texturefocus>letter-active.png</texturefocus>
              <align>center</align>
              <onclick lang="python">
                <![CDATA[fyre.helpers.keyboard.keyPressed("7")]]>
              </onclick>
            </control>
            <control type="button" id="310">
              <textcolor>FFFFFFFF</textcolor>
              <texturenofocus>letter-inactive.png</texturenofocus>
              <aligny>center</aligny>
              <onup>309</onup>
              <width>50</width>
              <focusedcolor>FFFFFFFF</focusedcolor>
              <ondown>320</ondown>
              <height>50</height>
              <disabledcolor>88FFFFFF</disabledcolor>
              <onleft>308</onleft>
              <label> 8 </label>
              <colordiffuse>FFFFFFFF</colordiffuse>
              <onright>312</onright>
              <posy>55</posy>
              <posx>55</posx>
              <font>font28b</font>
              <texturefocus>letter-active.png</texturefocus>
              <align>center</align>
              <onclick lang="python">
                <![CDATA[fyre.helpers.keyboard.keyPressed("8")]]>
              </onclick>
            </control>
            <control type="button" id="312">
              <textcolor>FFFFFFFF</textcolor>
              <texturenofocus>letter-inactive.png</texturenofocus>
              <aligny>center</aligny>
              <onup>311</onup>
              <width>50</width>
              <focusedcolor>FFFFFFFF</focusedcolor>
              <ondown>321</ondown>
              <height>50</height>
              <disabledcolor>88FFFFFF</disabledcolor>
              <onleft>310</onleft>
              <label> 9 </label>
              <colordiffuse>FFFFFFFF</colordiffuse>
              <onright>314</onright>
              <posy>55</posy>
              <posx>110</posx>
              <font>font28b</font>
              <texturefocus>letter-active.png</texturefocus>
              <align>center</align>
              <onclick lang="python">
                <![CDATA[fyre.helpers.keyboard.keyPressed("9")]]>
              </onclick>
            </control>
            <control type="button" id="314">
              <textcolor>FFFFFFFF</textcolor>
              <texturenofocus>letter-inactive.png</texturenofocus>
              <aligny>center</aligny>
              <onup>313</onup>
              <width>50</width>
              <focusedcolor>FFFFFFFF</focusedcolor>
              <ondown>322</ondown>
              <height>50</height>
              <disabledcolor>88FFFFFF</disabledcolor>
              <onleft>312</onleft>
              <label> 0 </label>
              <colordiffuse>FFFFFFFF</colordiffuse>
              <onright>316</onright>
              <posy>55</posy>
              <posx>165</posx>
              <font>font28b</font>
              <texturefocus>letter-active.png</texturefocus>
              <align>center</align>
              <onclick lang="python">
                <![CDATA[fyre.helpers.keyboard.keyPressed("0")]]>
              </onclick>
            </control>
            <control type="button" id="316">
              <textcolor>FFFFFFFF</textcolor>
              <texturenofocus>letter-inactive.png</texturenofocus>
              <aligny>center</aligny>
              <onup>315</onup>
              <width>50</width>
              <focusedcolor>FFFFFFFF</focusedcolor>
              <ondown>323</ondown>
              <height>50</height>
              <disabledcolor>88FFFFFF</disabledcolor>
              <onleft>314</onleft>
              <label>$</label>
              <colordiffuse>FFFFFFFF</colordiffuse>
              <onright>318</onright>
              <posy>55</posy>
              <posx>220</posx>
              <font>font28b</font>
              <texturefocus>letter-active.png</texturefocus>
              <align>center</align>
              <onclick lang="python">
                <![CDATA[fyre.helpers.keyboard.keyPressed("$")]]>
              </onclick>
            </control>
            <control type="button" id="318">
              <textcolor>FFFFFFFF</textcolor>
              <texturenofocus>letter-inactive.png</texturenofocus>
              <aligny>center</aligny>
              <onup>317</onup>
              <width>50</width>
              <focusedcolor>FFFFFFFF</focusedcolor>
              <ondown>324</ondown>
              <height>50</height>
              <disabledcolor>88FFFFFF</disabledcolor>
              <onleft>316</onleft>
              <label>.</label>
              <colordiffuse>FFFFFFFF</colordiffuse>
              <onright>274</onright>
              <posy>55</posy>
              <posx>275</posx>
              <font>font28b</font>
              <texturefocus>letter-active.png</texturefocus>
              <align>center</align>
              <onclick lang="python">
                <![CDATA[fyre.helpers.keyboard.keyPressed(".")]]>
              </onclick>
            </control>
            <control type="button" id="319">
              <textcolor>FFFFFFFF</textcolor>
              <texturenofocus>letter-inactive.png</texturenofocus>
              <aligny>center</aligny>
              <onup>308</onup>
              <width>50</width>
              <focusedcolor>FFFFFFFF</focusedcolor>
              <ondown>325</ondown>
              <height>50</height>
              <disabledcolor>88FFFFFF</disabledcolor>
              <onleft>274</onleft>
              <label>,</label>
              <colordiffuse>FFFFFFFF</colordiffuse>
              <onright>320</onright>
              <posy>110</posy>
              <posx>0</posx>
              <font>font28b</font>
              <texturefocus>letter-active.png</texturefocus>
              <align>center</align>
              <onclick lang="python">
                <![CDATA[fyre.helpers.keyboard.keyPressed(",")]]>
              </onclick>
            </control>
            <control type="button" id="320">
              <textcolor>FFFFFFFF</textcolor>
              <texturenofocus>letter-inactive.png</texturenofocus>
              <aligny>center</aligny>
              <onup>310</onup>
              <width>50</width>
              <focusedcolor>FFFFFFFF</focusedcolor>
              <ondown>326</ondown>
              <height>50</height>
              <disabledcolor>88FFFFFF</disabledcolor>
              <onleft>319</onleft>
              <label>'</label>
              <colordiffuse>FFFFFFFF</colordiffuse>
              <onright>321</onright>
              <posy>110</posy>
              <posx>55</posx>
              <font>font28b</font>
              <texturefocus>letter-active.png</texturefocus>
              <align>center</align>
              <onclick lang="python">
                <![CDATA[fyre.helpers.keyboard.keyPressed("'")]]>
              </onclick>
            </control>
            <control type="button" id="321">
              <textcolor>FFFFFFFF</textcolor>
              <texturenofocus>letter-inactive.png</texturenofocus>
              <aligny>center</aligny>
              <onup>312</onup>
              <width>50</width>
              <focusedcolor>FFFFFFFF</focusedcolor>
              <ondown>327</ondown>
              <height>50</height>
              <disabledcolor>88FFFFFF</disabledcolor>
              <onleft>320</onleft>
              <label>"</label>
              <colordiffuse>FFFFFFFF</colordiffuse>
              <onright>322</onright>
              <posy>110</posy>
              <posx>110</posx>
              <font>font28b</font>
              <texturefocus>letter-active.png</texturefocus>
              <align>center</align>
              <onclick lang="python">
                <![CDATA[fyre.helpers.keyboard.keyPressed("\"")]]>
              </onclick>
            </control>
            <control type="button" id="322">
              <textcolor>FFFFFFFF</textcolor>
              <texturenofocus>letter-inactive.png</texturenofocus>
              <aligny>center</aligny>
              <onup>314</onup>
              <width>50</width>
              <focusedcolor>FFFFFFFF</focusedcolor>
              <ondown>328</ondown>
              <height>50</height>
              <disabledcolor>88FFFFFF</disabledcolor>
              <onleft>321</onleft>
              <label>#</label>
              <colordiffuse>FFFFFFFF</colordiffuse>
              <onright>323</onright>
              <posy>110</posy>
              <posx>165</posx>
              <font>font28b</font>
              <texturefocus>letter-active.png</texturefocus>
              <align>center</align>
              <onclick lang="python">
                <![CDATA[fyre.helpers.keyboard.keyPressed("#")]]>
              </onclick>
            </control>
            <control type="button" id="323">
              <textcolor>FFFFFFFF</textcolor>
              <texturenofocus>letter-inactive.png</texturenofocus>
              <aligny>center</aligny>
              <onup>316</onup>
              <width>50</width>
              <focusedcolor>FFFFFFFF</focusedcolor>
              <ondown>329</ondown>
              <height>50</height>
              <disabledcolor>88FFFFFF</disabledcolor>
              <onleft>322</onleft>
              <label>%</label>
              <colordiffuse>FFFFFFFF</colordiffuse>
              <onright>324</onright>
              <posy>110</posy>
              <posx>220</posx>
              <font>font28b</font>
              <texturefocus>letter-active.png</texturefocus>
              <align>center</align>
              <onclick lang="python">
                <![CDATA[fyre.helpers.keyboard.keyPressed("%")]]>
              </onclick>
            </control>
            <control type="button" id="324">
              <textcolor>FFFFFFFF</textcolor>
              <texturenofocus>letter-inactive.png</texturenofocus>
              <aligny>center</aligny>
              <onup>318</onup>
              <width>50</width>
              <focusedcolor>FFFFFFFF</focusedcolor>
              <ondown>330</ondown>
              <height>50</height>
              <disabledcolor>88FFFFFF</disabledcolor>
              <onleft>323</onleft>
              <label> - </label>
              <colordiffuse>FFFFFFFF</colordiffuse>
              <onright>274</onright>
              <posy>110</posy>
              <posx>275</posx>
              <font>font28b</font>
              <texturefocus>letter-active.png</texturefocus>
              <align>center</align>
              <onclick lang="python">
                <![CDATA[fyre.helpers.keyboard.keyPressed("-")]]>
              </onclick>
            </control>
            <control type="button" id="325">
              <textcolor>FFFFFFFF</textcolor>
              <texturenofocus>letter-inactive.png</texturenofocus>
              <aligny>center</aligny>
              <onup>319</onup>
              <width>50</width>
              <focusedcolor>FFFFFFFF</focusedcolor>
              <ondown>331</ondown>
              <height>50</height>
              <disabledcolor>88FFFFFF</disabledcolor>
              <onleft>274</onleft>
              <label>+</label>
              <colordiffuse>FFFFFFFF</colordiffuse>
              <onright>326</onright>
              <posy>165</posy>
              <posx>0</posx>
              <font>font28b</font>
              <texturefocus>letter-active.png</texturefocus>
              <align>center</align>
              <onclick lang="python">
                <![CDATA[fyre.helpers.keyboard.keyPressed("+")]]>
              </onclick>
            </control>
            <control type="button" id="326">
              <textcolor>FFFFFFFF</textcolor>
              <texturenofocus>letter-inactive.png</texturenofocus>
              <aligny>center</aligny>
              <onup>320</onup>
              <width>50</width>
              <focusedcolor>FFFFFFFF</focusedcolor>
              <ondown>332</ondown>
              <height>50</height>
              <disabledcolor>88FFFFFF</disabledcolor>
              <onleft>325</onleft>
              <label>=</label>
              <colordiffuse>FFFFFFFF</colordiffuse>
              <onright>327</onright>
              <posy>165</posy>
              <posx>55</posx>
              <font>font28b</font>
              <texturefocus>letter-active.png</texturefocus>
              <align>center</align>
              <onclick lang="python">
                <![CDATA[fyre.helpers.keyboard.keyPressed("=")]]>
              </onclick>
            </control>
            <control type="button" id="327">
              <textcolor>FFFFFFFF</textcolor>
              <texturenofocus>letter-inactive.png</texturenofocus>
              <aligny>center</aligny>
              <onup>321</onup>
              <width>50</width>
              <focusedcolor>FFFFFFFF</focusedcolor>
              <ondown>333</ondown>
              <height>50</height>
              <disabledcolor>88FFFFFF</disabledcolor>
              <onleft>326</onleft>
              <label>_</label>
              <colordiffuse>FFFFFFFF</colordiffuse>
              <onright>328</onright>
              <posy>165</posy>
              <posx>110</posx>
              <font>font28b</font>
              <texturefocus>letter-active.png</texturefocus>
              <align>center</align>
              <onclick lang="python">
                <![CDATA[fyre.helpers.keyboard.keyPressed("_")]]>
              </onclick>
            </control>
            <control type="button" id="328">
              <textcolor>FFFFFFFF</textcolor>
              <texturenofocus>letter-inactive.png</texturenofocus>
              <aligny>center</aligny>
              <onup>322</onup>
              <width>50</width>
              <focusedcolor>FFFFFFFF</focusedcolor>
              <ondown>334</ondown>
              <height>50</height>
              <disabledcolor>88FFFFFF</disabledcolor>
              <onleft>327</onleft>
              <label>/</label>
              <colordiffuse>FFFFFFFF</colordiffuse>
              <onright>329</onright>
              <posy>165</posy>
              <posx>165</posx>
              <font>font28b</font>
              <texturefocus>letter-active.png</texturefocus>
              <align>center</align>
              <onclick lang="python">
                <![CDATA[fyre.helpers.keyboard.keyPressed("/")]]>
              </onclick>
            </control>
            <control type="button" id="329">
              <textcolor>FFFFFFFF</textcolor>
              <texturenofocus>letter-inactive.png</texturenofocus>
              <aligny>center</aligny>
              <onup>323</onup>
              <width>50</width>
              <focusedcolor>FFFFFFFF</focusedcolor>
              <ondown>335</ondown>
              <height>50</height>
              <disabledcolor>88FFFFFF</disabledcolor>
              <onleft>328</onleft>
              <label>\</label>
              <colordiffuse>FFFFFFFF</colordiffuse>
              <onright>330</onright>
              <posy>165</posy>
              <posx>220</posx>
              <font>font28b</font>
              <texturefocus>letter-active.png</texturefocus>
              <align>center</align>
              <onclick lang="python">
                <![CDATA[fyre.helpers.keyboard.keyPressed("\\")]]>
              </onclick>
            </control>
            <control type="button" id="330">
              <textcolor>FFFFFFFF</textcolor>
              <texturenofocus>letter-inactive.png</texturenofocus>
              <aligny>center</aligny>
              <onup>324</onup>
              <width>50</width>
              <focusedcolor>FFFFFFFF</focusedcolor>
              <ondown>336</ondown>
              <height>50</height>
              <disabledcolor>88FFFFFF</disabledcolor>
              <onleft>329</onleft>
              <label>;</label>
              <colordiffuse>FFFFFFFF</colordiffuse>
              <onright>274</onright>
              <posy>165</posy>
              <posx>275</posx>
              <font>font28b</font>
              <texturefocus>letter-active.png</texturefocus>
              <align>center</align>
              <onclick lang="python">
                <![CDATA[fyre.helpers.keyboard.keyPressed(";")]]>
              </onclick>
            </control>
            <control type="button" id="331">
              <textcolor>FFFFFFFF</textcolor>
              <texturenofocus>letter-inactive.png</texturenofocus>
              <aligny>center</aligny>
              <onup>325</onup>
              <width>50</width>
              <focusedcolor>FFFFFFFF</focusedcolor>
              <ondown>337</ondown>
              <height>50</height>
              <disabledcolor>88FFFFFF</disabledcolor>
              <onleft>274</onleft>
              <label>:</label>
              <colordiffuse>FFFFFFFF</colordiffuse>
              <onright>332</onright>
              <posy>220</posy>
              <posx>0</posx>
              <font>font28b</font>
              <texturefocus>letter-active.png</texturefocus>
              <align>center</align>
              <onclick lang="python">
                <![CDATA[fyre.helpers.keyboard.keyPressed(":")]]>
              </onclick>
            </control>
            <control type="button" id="332">
              <textcolor>FFFFFFFF</textcolor>
              <texturenofocus>letter-inactive.png</texturenofocus>
              <aligny>center</aligny>
              <onup>326</onup>
              <width>50</width>
              <focusedcolor>FFFFFFFF</focusedcolor>
              <ondown>337</ondown>
              <height>50</height>
              <disabledcolor>88FFFFFF</disabledcolor>
              <onleft>331</onleft>
              <label>@</label>
              <colordiffuse>FFFFFFFF</colordiffuse>
              <onright>333</onright>
              <posy>220</posy>
              <posx>55</posx>
              <font>font28b</font>
              <texturefocus>letter-active.png</texturefocus>
              <align>center</align>
              <onclick lang="python">
                <![CDATA[fyre.helpers.keyboard.keyPressed("@")]]>
              </onclick>
            </control>
            <control type="button" id="333">
              <textcolor>FFFFFFFF</textcolor>
              <texturenofocus>letter-inactive.png</texturenofocus>
              <aligny>center</aligny>
              <onup>327</onup>
              <width>50</width>
              <focusedcolor>FFFFFFFF</focusedcolor>
              <ondown>337</ondown>
              <height>50</height>
              <disabledcolor>88FFFFFF</disabledcolor>
              <onleft>332</onleft>
              <label>&amp;</label>
              <colordiffuse>FFFFFFFF</colordiffuse>
              <onright>334</onright>
              <posy>220</posy>
              <posx>110</posx>
              <font>font28b</font>
              <texturefocus>letter-active.png</texturefocus>
              <align>center</align>
              <onclick lang="python">
                <![CDATA[fyre.helpers.keyboard.keyPressed("&")]]>
              </onclick>
            </control>
            <control type="button" id="334">
              <textcolor>FFFFFFFF</textcolor>
              <texturenofocus>letter-inactive.png</texturenofocus>
              <aligny>center</aligny>
              <onup>328</onup>
              <width>50</width>
              <focusedcolor>FFFFFFFF</focusedcolor>
              <ondown>338</ondown>
              <height>50</height>
              <disabledcolor>88FFFFFF</disabledcolor>
              <onleft>333</onleft>
              <label>!</label>
              <colordiffuse>FFFFFFFF</colordiffuse>
              <onright>335</onright>
              <posy>220</posy>
              <posx>165</posx>
              <font>font28b</font>
              <texturefocus>letter-active.png</texturefocus>
              <align>center</align>
              <onclick lang="python">
                <![CDATA[fyre.helpers.keyboard.keyPressed("!")]]>
              </onclick>
            </control>
            <control type="button" id="335">
              <textcolor>FFFFFFFF</textcolor>
              <texturenofocus>letter-inactive.png</texturenofocus>
              <aligny>center</aligny>
              <onup>329</onup>
              <width>50</width>
              <focusedcolor>FFFFFFFF</focusedcolor>
              <ondown>338</ondown>
              <height>50</height>
              <disabledcolor>88FFFFFF</disabledcolor>
              <onleft>334</onleft>
              <label>(</label>
              <colordiffuse>FFFFFFFF</colordiffuse>
              <onright>336</onright>
              <posy>220</posy>
              <posx>220</posx>
              <font>font28b</font>
              <texturefocus>letter-active.png</texturefocus>
              <align>center</align>
              <onclick lang="python">
                <![CDATA[fyre.helpers.keyboard.keyPressed("(")]]>
              </onclick>
            </control>
            <control type="button" id="336">
              <textcolor>FFFFFFFF</textcolor>
              <texturenofocus>letter-inactive.png</texturenofocus>
              <aligny>center</aligny>
              <onup>330</onup>
              <width>50</width>
              <focusedcolor>FFFFFFFF</focusedcolor>
              <ondown>338</ondown>
              <height>50</height>
              <disabledcolor>88FFFFFF</disabledcolor>
              <onleft>335</onleft>
              <label>)</label>
              <colordiffuse>FFFFFFFF</colordiffuse>
              <onright>274</onright>
              <posy>220</posy>
              <posx>275</posx>
              <font>font28b</font>
              <texturefocus>letter-active.png</texturefocus>
              <align>center</align>
              <onclick lang="python">
                <![CDATA[fyre.helpers.keyboard.keyPressed(")")]]>
              </onclick>
            </control>
            <control type="button" id="337">
              <textcolor>FFFFFFFF</textcolor>
              <texturenofocus>space-inactive.png</texturenofocus>
              <aligny>center</aligny>
              <onup>331</onup>
              <width>160</width>
              <focusedcolor>FFFFFFFF</focusedcolor>
              <ondown>339</ondown>
              <height>50</height>
              <disabledcolor>88FFFFFF</disabledcolor>
              <onleft>274</onleft>
              <label>ABC...</label>
              <colordiffuse>FFFFFFFF</colordiffuse>
              <onright>338</onright>
              <posy>275</posy>
              <posx>0</posx>
              <font>font28b</font>
              <texturefocus>space-active.png</texturefocus>
              <align>center</align>
              <onclick lang="python">
                <![CDATA[fyre.helpers.keyboard.showAlphabet()]]>
              </onclick>
            </control>
            <control type="button" id="338">
              <textcolor>FFFFFFFF</textcolor>
              <texturenofocus>space-inactive.png</texturenofocus>
              <aligny>center</aligny>
              <onup>334</onup>
              <width>160</width>
              <focusedcolor>FFFFFFFF</focusedcolor>
              <ondown>340</ondown>
              <height>50</height>
              <disabledcolor>88FFFFFF</disabledcolor>
              <onleft>337</onleft>
              <label></label>
              <colordiffuse>FFFFFFFF</colordiffuse>
              <onright>274</onright>
              <posy>275</posy>
              <posx>165</posx>
              <font>font28b</font>
              <texturefocus>space-active.png</texturefocus>
              <align>center</align>
              <onclick lang="python">
                <![CDATA[fyre.helpers.keyboard.delChar()]]>
              </onclick>
            </control>
            <control type="image">
              <width>160</width>
              <aspectratio>keep</aspectratio>
              <height>20</height>
              <texture>x.png</texture>
              <posy>290</posy>
              <posx>165</posx>
            </control>
            <control type="button" id="339">
              <textcolor>FFFFFFFF</textcolor>
              <texturenofocus>enter-inactive.png</texturenofocus>
              <aligny>center</aligny>
              <onup>337</onup>
              <width>215</width>
              <focusedcolor>FFFFFFFF</focusedcolor>
              <ondown>-</ondown>
              <height>50</height>
              <disabledcolor>88FFFFFF</disabledcolor>
              <onleft>274</onleft>
              <label>space</label>
              <colordiffuse>FFFFFFFF</colordiffuse>
              <onright>340</onright>
              <posy>330</posy>
              <posx>0</posx>
              <font>font28b</font>
              <texturefocus>enter-active.png</texturefocus>
              <align>center</align>
              <onclick lang="python">
                <![CDATA[fyre.helpers.keyboard.keyPressed(" ")]]>
              </onclick>
            </control>
            <control type="button" id="340">
              <textcolor>FFFFFFFF</textcolor>
              <texturenofocus>enter-inactive.png</texturenofocus>
              <aligny>center</aligny>
              <onup>338</onup>
              <width>105</width>
              <focusedcolor>FFFFFFFF</focusedcolor>
              <ondown>-</ondown>
              <height>50</height>
              <disabledcolor>88FFFFFF</disabledcolor>
              <onleft>339</onleft>
              <label>enter</label>
              <colordiffuse>FFFFFFFF</colordiffuse>
              <onright>274</onright>
              <posy>330</posy>
              <posx>220</posx>
              <font>font28b</font>
              <texturefocus>enter-active.png</texturefocus>
              <align>center</align>
              <onclick lang="python">
                <![CDATA[fyre.helpers.keyboard.deductAction()]]>
              </onclick>
            </control>
          </control>
        </control>
      </control>
      <control type="group">
        <posy>150</posy>
        <posx>800</posx>
        <control type="image">
          <width>300</width>
          <height>500</height>
          <texture>category_search_bg.png</texture>
        </control>
        <control type="group" id="271">
          <control type="list" id="268">
            <orientation>vertical</orientation>
            <onup>269</onup>
            <preloaditems>20</preloaditems>
            <width>300</width>
            <height>470</height>
            <scrolltime>250</scrolltime>
            <posy>10</posy>
            <itemlayout width="200" height="30">
              <control type="label">
                <textcolor>FF7895B6</textcolor>
                <width>180</width>
                <height>30</height>
                <label>$INFO[ListItem.Label]</label>
                <posx>30</posx>
                <font>font18</font>
              </control>
            </itemlayout>
            <focusedlayout width="200" height="30">
              <control type="image">
                <height>30</height>
                <texture>redarrow_right.png</texture>
                <visible>Control.HasFocus(268)</visible>
              </control>
              <control type="label">
                <textcolor>FFFFFFFF</textcolor>
                <width>180</width>
                <height>30</height>
                <label>$INFO[ListItem.Label]</label>
                <posx>30</posx>
                <font>font18</font>
              </control>
            </focusedlayout>
            <content type="url">
              <onclick lang="python">
                <![CDATA[fyre.controllers.studios.on_click(mc.GetActiveWindow().GetList(268))]]>
              </onclick>
            </content>
            <onright lang="python">
              <![CDATA[fyre.controllers.studios.on_click(mc.GetActiveWindow().GetList(268))]]>
            </onright>
            <onleft lang="python">
              <![CDATA[fyre.helpers.keyboard.set_focus('studios')]]>
            </onleft>
            <ondown lang="python">
              <![CDATA[fyre.controllers.studios.next_page()]]>
            </ondown>
            <onprev lang="python">
              <![CDATA[print('back back back to black')]]>
            </onprev>
          </control>
          <control type="label">
            <label>Results $INFO[Container(268).ListItem.property(custom:index)] of </label>
            <posy>520</posy>
            <font>font18</font>
          </control>
          <control type="label" id="341">
            <label></label>
            <posx>120</posx>
            <posy>520</posy>
            <font>font18</font>
            <align>left</align>
          </control>
        </control>
        <control type="button" id="342">
          <texturenofocus>remove.png</texturenofocus>
          <width>61</width>
          <height>63</height>
          <posy>220</posy>
          <posx>120</posx>
          <texturefocus>remove.png</texturefocus>
          <visible>false</visible>
        </control>
        <control type="group">
          <visible>Control.HasFocus(268) | Control.HasFocus(269)</visible>
          <animation type="VisibleChange">
            <effect type="fade" time="600" start="0" end="100">
            </effect>
          </animation>
          <control type="group">
            <posx>500</posx>
            <visible>True</visible>
            <control type="image">
              <width>200</width>
              <height>300</height>
              <texture>$INFO[Container(268).ListItem.Thumb]</texture>
            </control>
            <control type="label">
              <textcolor>FFFFFFFF</textcolor>
              <width>380</width>
              <height>30</height>
              <label>Total Available Movies: [B]$INFO[Container(268).ListItem.property(custom:nbr_movies)][/B]</label>
              <posx>250</posx>
              <font>font26</font>
            </control>
          </control>
        </control>
      </control>
    </control>
  </controls>
</window>
