<?xml version="1.0" encoding="UTF-8"?>
<window type="window" previouswindow="14016" id="14016">
  <defaultcontrol>1001</defaultcontrol>
  <allowoverlay>no</allowoverlay>
  <previouswindow>14016</previouswindow>
  <onload lang="python">
    <![CDATA[print("SWITCHER")
if space.init:
  if space.unload and space.application_mode == 'F':
    space.unload = False
    xbmc.executebuiltin("ReplaceWindow(%s)" % fyre.hash.windows['signin'])
  else:
    space.init = False
    mc.GetApp().ActivateWindow(fyre.hash.windows['menu'], mc.Parameters())
elif space.after_screensaver:
  if space.application_mode == 'F':
    xbmc.executebuiltin("ReplaceWindow(%s)" % fyre.hash.windows['signin'])
  else:
    scope = space.cache.current().scope()
    space.after_screensaver = False
    mc.GetApp().ActivateWindow(fyre.hash.windows[scope], mc.Parameters())
elif space.after_screensaver_after_signin:
  scope = space.cache.current().scope()
  space.after_screensaver = False
  space.after_screensaver_after_signin = False
  space.unload = False
  mc.GetApp().ActivateWindow(fyre.hash.windows[scope], mc.Parameters())
else:
  space.unload = False
  if space.cache.size() == 1:
    response = mc.ShowDialogConfirm("Are you sure?",
    "Do you really want to exit?",
    "Cancel", "Exit")
    if response:
      #fyre.helpers.pin.exit_fyre()
      xbmc.executebuiltin("ReplaceWindow(%s)" % fyre.hash.windows['exit'])
    else:
      mc.GetApp().ActivateWindow(fyre.hash.windows['menu'], mc.Parameters())

  scope = space.cache.previous()
  mc.GetApp().ActivateWindow(fyre.hash.windows[scope], mc.Parameters())
]]>
  </onload>
  <controls>
    <control type="group">
      <posy>0</posy>
      <posx>0</posx>
      <control type="image">
        <width>1280</width>
        <height>720</height>
        <texture>background.png</texture>
      </control>
    </control>
  </controls>
</window>
