<?xml version="1.0" encoding="UTF-8"?>
<window type="window" id="14027">
  <defaultcontrol>592</defaultcontrol>
  <allowoverlay>no</allowoverlay>
  <onload lang="python">
    <![CDATA[print("ONLOAD: tdp")
if space.unload == 'tdp' and space.application_mode == 'F':
  print('loading the same view after screensaver')
  current_scope = space.cache.current().scope()
  #space.cache.clear_after_screensaver()
  mc.CloseWindow()
  space.after_screensaver = True
else:
  print(space.cache.current().scope() + ' - tdp')
  if not space.cache.current().scope() == 'tdp':
    space.cache.pop_level()

  try:
    func = getattr(fyre.controllers.tdp, 'load')
  except AttributeError:
    print('Loading view tdp (no load() method in controller)')
  else:
    print('Loading view tdp')
    space.cache.current().invalidate()
    func(space.cache.current())
from lib.player_thread import start_playback
]]>
  </onload>
  <onunload lang="python">
    <![CDATA[print("ONUNLOAD: tdp")
try:
  func = getattr(fyre.controllers.tdp, 'unload')
except AttributeError:
  print('Unloading view tdp (no unload() method in controller)')
else:
  print('Unloading view tdp')
  func(space.cache.current())

if not space.unload == 'player':
  space.unload = 'tdp'

]]>
  </onunload>
  <controls>
    <control type="group">
      <posy>0</posy>
      <posx>0</posx>
      <control type="image">
        <width>1280</width>
        <height>720</height>
        <texture>background.png</texture>
      </control>
      <control type="image">
        <width>1280</width>
        <height>40</height>
        <texture>nav_bar_thin.png</texture>
        <posy>40</posy>
      </control>
      <control type="image">
        <width>100</width>
        <height>80</height>
        <texture>fyretv_logo.png</texture>
        <posx>1050</posx>
      </control>
      <control type="label" id="593">
        <width>425</width>
        <height>16</height>
        <label>Title details page</label>
        <posy>48</posy>
        <posx>130</posx>
        <font>font22b</font>
        <scroll>true</scroll>
      </control>
    </control>
    <control type="group" id="592">
      <defaultcontrol>buttons_group</defaultcontrol>
      <visible>true</visible>
      <animation type="WindowOpen">
        <effect type="slide" time="200" start="-1000,0" end="0,0">
        </effect>
      </animation>
      <animation type="WindowClose">
        <effect type="slide" time="200" end="2000,0" star="0,0">
        </effect>
      </animation>
      <control type="image" id="594">
        <width>37</width>
        <height>27</height>
        <texture>hd.png</texture>
        <posx>632</posx>
        <posy>45</posy>
      </control>
      <control type="largeimage" id="595">
        <width>134</width>
        <height>26</height>
        <texture>emptystar_cell.png</texture>
        <posy>48</posy>
        <posx>679</posx>
      </control>
      <control type="largeimage" id="596">
        <width>173</width>
        <height>24</height>
        <texture>bluecatalog_capsule.png</texture>
        <posy>48</posy>
        <posx>430</posx>
      </control>
      <control type="label" id="597">
        <textcolor>99000000</textcolor>
        <width>173</width>
        <height>24</height>
        <label>CATALOG</label>
        <posy>48</posy>
        <posx>430</posx>
        <font>font18b</font>
        <scroll>false</scroll>
        <align>center</align>
      </control>
      <control type="list" id="598">
        <orientation>horizontal</orientation>
        <width>700</width>
        <height>520</height>
        <posy>100</posy>
        <posx>20</posx>
        <itemlayout width="350" height="520">
          <control type="image">
            <width>350</width>
            <height>520</height>
            <texture>$INFO[ListItem.Thumb]</texture>
          </control>
        </itemlayout>
        <focusedlayout width="350" height="520">
          <control type="image">
            <width>350</width>
            <height>520</height>
            <texture>$INFO[ListItem.Thumb]</texture>
          </control>
        </focusedlayout>
        <content type="url">
        </content>
      </control>
      <control type="group">
        <posy>80</posy>
        <posx>800</posx>
        <control type="button" id="599">
          <texturenofocus>frame_inactive.png</texturenofocus>
          <onup>-</onup>
          <width>230</width>
          <height>200</height>
          <label></label>
          <posy>0</posy>
          <posx>70</posx>
          <texturefocus>frame_active.png</texturefocus>
          <visible>false</visible>
          <onclick lang="python">
            <![CDATA[fyre.view.show('pdp', space.cache.current().package['package_id'])]]>
          </onclick>
          <ondown lang="python">
            <![CDATA[fyre.controllers.tdp.focus_stars_list('up')]]>
          </ondown>
        </control>
        <control type="largeimage" id="600">
          <width>230</width>
          <aspectratio>stretch</aspectratio>
          <height>200</height>
          <texture></texture>
          <posy>0</posy>
          <posx>70</posx>
        </control>
        <control type="label" id="601">
          <textcolor>FF7895B6</textcolor>
          <width>300</width>
          <height>16</height>
          <label>STARRING</label>
          <posy>200</posy>
          <posx>70</posx>
          <font>font18b</font>
          <scroll>false</scroll>
        </control>
        <control type="list" id="602">
          <orientation>vertical</orientation>
          <onup>599</onup>
          <width>200</width>
          <ondown>603</ondown>
          <height>200</height>
          <scrolltime>250</scrolltime>
          <posy>210</posy>
          <posx>100</posx>
          <itemlayout width="200" height="30">
            <control type="label">
              <textcolor>FF7895B6</textcolor>
              <width>180</width>
              <height>30</height>
              <label>$INFO[ListItem.Label]</label>
              <posy>20</posy>
              <posx>20</posx>
              <font>font18</font>
            </control>
          </itemlayout>
          <focusedlayout width="200" height="30">
            <control type="image">
              <width>20</width>
              <height>30</height>
              <texture>redarrow_right.png</texture>
              <posy>20</posy>
              <visible>Control.HasFocus(602)</visible>
            </control>
            <control type="label">
              <textcolor>FF7895B6</textcolor>
              <width>180</width>
              <height>30</height>
              <label>$INFO[ListItem.Label]</label>
              <posy>20</posy>
              <posx>20</posx>
              <font>font18</font>
              <visible>!Control.HasFocus(602)</visible>
            </control>
            <control type="label">
              <textcolor>FFFFFFFF</textcolor>
              <width>180</width>
              <height>30</height>
              <label>$INFO[ListItem.Label]</label>
              <posy>20</posy>
              <posx>20</posx>
              <font>font18</font>
              <visible>Control.HasFocus(602)</visible>
            </control>
          </focusedlayout>
          <content type="url">
            <onclick lang="python">
              <![CDATA[
fyre.view.show('stdp', mc.GetActiveWindow().GetList(602).GetItem(mc.GetActiveWindow().GetList(602).GetFocusedItem()).GetProperty('star_id'))]]>
            </onclick>
          </content>
        </control>
        <control type="group" id="603">
          <posy>400</posy>
          <posx>0</posx>
          <control type="button" id="604">
            <textcolor>FF7895B6</textcolor>
            <texturenofocus>blueoutlinecapsule_offstate.png</texturenofocus>
            <aligny>center</aligny>
            <width>200</width>
            <focusedcolor>EEFFFFFF</focusedcolor>
            <ondown>605</ondown>
            <textoffsetx>-</textoffsetx>
            <height>49</height>
            <disabledcolor>88888888</disabledcolor>
            <onleft>-</onleft>
            <textoffsety>-</textoffsety>
            <onright>606</onright>
            <onfocus>-</onfocus>
            <label>add to playlist</label>
            <colordiffuse>FFFFFFFF</colordiffuse>
            <posy>0</posy>
            <posx>0</posx>
            <font>font18</font>
            <texturefocus>redcapsule_onstate.png</texturefocus>
            <align>center</align>
            <visible>true</visible>
            <onclick lang="python">
              <![CDATA[fyre.controllers.tdp.onclick_button1()]]>
            </onclick>
            <onup lang="python">
              <![CDATA[fyre.controllers.tdp.focus_stars_list('down')]]>
            </onup>
          </control>
          <control type="button">
            <texturenofocus>blueoutlinecapsule_disabledstate.png</texturenofocus>
            <textcolor>88888888</textcolor>
            <aligny>center</aligny>
            <width>200</width>
            <focusedcolor>EEFFFFFF</focusedcolor>
            <ondown>605</ondown>
            <textoffsetx>-</textoffsetx>
            <height>49</height>
            <disabledcolor>88888888</disabledcolor>
            <onleft>-</onleft>
            <textoffsety>-</textoffsety>
            <enable>false</enable>
            <onright>606</onright>
            <onfocus>-</onfocus>
            <label>add to playlist</label>
            <posy>0</posy>
            <posx>0</posx>
            <texturefocus>blueoutlinecapsule_disabledstate.png</texturefocus>
            <font>font18</font>
            <align>center</align>
            <visible>!Control.IsVisible(604)</visible>
          </control>
          <control type="button" id="606">
            <textcolor>FF7895B6</textcolor>
            <texturenofocus>blueoutlinecapsule_offstate.png</texturenofocus>
            <aligny>center</aligny>
            <width>200</width>
            <focusedcolor>EEFFFFFF</focusedcolor>
            <ondown>607</ondown>
            <textoffsetx>-</textoffsetx>
            <height>49</height>
            <disabledcolor>88888888</disabledcolor>
            <onleft>604</onleft>
            <textoffsety>-</textoffsety>
            <onright>-</onright>
            <onfocus>-</onfocus>
            <label>show similar</label>
            <colordiffuse>FFFFFFFF</colordiffuse>
            <posy>0</posy>
            <posx>200</posx>
            <font>font18</font>
            <texturefocus>redcapsule_onstate.png</texturefocus>
            <align>center</align>
            <visible>true</visible>
            <onclick lang="python">
              <![CDATA[fyre.controllers.tdp.onclick_button2()]]>
            </onclick>
            <onup lang="python">
              <![CDATA[fyre.controllers.tdp.focus_stars_list('down')]]>
            </onup>
          </control>
          <control type="button">
            <texturenofocus>blueoutlinecapsule_disabledstate.png</texturenofocus>
            <textcolor>88888888</textcolor>
            <aligny>center</aligny>
            <width>200</width>
            <focusedcolor>EEFFFFFF</focusedcolor>
            <ondown>607</ondown>
            <textoffsetx>-</textoffsetx>
            <height>49</height>
            <disabledcolor>88888888</disabledcolor>
            <onleft>604</onleft>
            <textoffsety>-</textoffsety>
            <enable>false</enable>
            <onright>-</onright>
            <onfocus>-</onfocus>
            <label>show similar</label>
            <posy>0</posy>
            <posx>200</posx>
            <texturefocus>blueoutlinecapsule_disabledstate.png</texturefocus>
            <font>font18</font>
            <align>center</align>
            <visible>!Control.IsVisible(606)</visible>
          </control>
          <control type="button" id="605">
            <textcolor>FF7895B6</textcolor>
            <texturenofocus>blueoutlinecapsule_offstate.png</texturenofocus>
            <onup>604</onup>
            <aligny>center</aligny>
            <width>200</width>
            <focusedcolor>EEFFFFFF</focusedcolor>
            <ondown>608</ondown>
            <textoffsetx>-</textoffsetx>
            <height>49</height>
            <disabledcolor>88888888</disabledcolor>
            <onleft>-</onleft>
            <textoffsety>-</textoffsety>
            <onright>607</onright>
            <onfocus>-</onfocus>
            <label>play</label>
            <colordiffuse>FFFFFFFF</colordiffuse>
            <posy>50</posy>
            <posx>0</posx>
            <font>font18</font>
            <texturefocus>redcapsule_onstate.png</texturefocus>
            <align>center</align>
            <visible>true</visible>
            <onclick lang="python">
              <![CDATA[fyre.controllers.tdp.onclick_button3()]]>
            </onclick>
          </control>
          <control type="button">
            <texturenofocus>blueoutlinecapsule_disabledstate.png</texturenofocus>
            <textcolor>88888888</textcolor>
            <onup>604</onup>
            <aligny>center</aligny>
            <width>200</width>
            <focusedcolor>EEFFFFFF</focusedcolor>
            <ondown>608</ondown>
            <textoffsetx>-</textoffsetx>
            <height>49</height>
            <disabledcolor>88888888</disabledcolor>
            <onleft>-</onleft>
            <textoffsety>-</textoffsety>
            <enable>false</enable>
            <onright>607</onright>
            <onfocus>-</onfocus>
            <label>play</label>
            <posy>50</posy>
            <posx>0</posx>
            <texturefocus>blueoutlinecapsule_disabledstate.png</texturefocus>
            <font>font18</font>
            <align>center</align>
            <visible>!Control.IsVisible(605)</visible>
          </control>
          <control type="button" id="607">
            <textcolor>FF7895B6</textcolor>
            <texturenofocus>blueoutlinecapsule_offstate.png</texturenofocus>
            <onup>606</onup>
            <aligny>center</aligny>
            <width>200</width>
            <focusedcolor>EEFFFFFF</focusedcolor>
            <ondown>608</ondown>
            <textoffsetx>-</textoffsetx>
            <height>49</height>
            <disabledcolor>88888888</disabledcolor>
            <onleft>605</onleft>
            <textoffsety>-</textoffsety>
            <onright>-</onright>
            <onfocus>-</onfocus>
            <label>buy movie</label>
            <colordiffuse>FFFFFFFF</colordiffuse>
            <posy>50</posy>
            <posx>200</posx>
            <font>font18</font>
            <texturefocus>redcapsule_onstate.png</texturefocus>
            <align>center</align>
            <visible>true</visible>
            <onclick lang="python">
              <![CDATA[fyre.controllers.tdp.onclick_button4()]]>
            </onclick>
          </control>
          <control type="button">
            <texturenofocus>blueoutlinecapsule_disabledstate.png</texturenofocus>
            <textcolor>88888888</textcolor>
            <onup>606</onup>
            <aligny>center</aligny>
            <width>200</width>
            <focusedcolor>EEFFFFFF</focusedcolor>
            <ondown>608</ondown>
            <textoffsetx>-</textoffsetx>
            <height>49</height>
            <disabledcolor>88888888</disabledcolor>
            <onleft>605</onleft>
            <textoffsety>-</textoffsety>
            <enable>false</enable>
            <onright>-</onright>
            <onfocus>-</onfocus>
            <label>buy movie</label>
            <posy>50</posy>
            <posx>200</posx>
            <texturefocus>blueoutlinecapsule_disabledstate.png</texturefocus>
            <font>font18</font>
            <align>center</align>
            <visible>!Control.IsVisible(607)</visible>
          </control>
        </control>
      </control>
      <control type="group" id="609">
        <width>1280</width>
        <height>480</height>
        <posy>640</posy>
        <posx>0</posx>
        <animation type="Conditional" condition="Control.HasFocus(608)">
          <effect type="slide" time="200" end="0,-360">
          </effect>
        </animation>
        <control type="image">
          <width>1280</width>
          <height>480</height>
          <texture>black.png</texture>
          <colordiffuse>CC000000</colordiffuse>
          <posy>0</posy>
          <posx>0</posx>
        </control>
        <control type="image">
          <width>1280</width>
          <height>1</height>
          <texture>rollout_bar.png</texture>
          <posy>0</posy>
          <posx>0</posx>
        </control>
        <control type="image">
          <width>24</width>
          <height>10</height>
          <texture>greyarrow_up.png</texture>
          <posy>5</posy>
          <posx>628</posx>
        </control>
        <control type="label">
          <textcolor>FF7895B6</textcolor>
          <width>1280</width>
          <height>20</height>
          <label>Scenes</label>
          <posy>35</posy>
          <posx>0</posx>
          <font>font20</font>
          <align>center</align>
          <visible>!Control.HasFocus(608)</visible>
        </control>
        <control type="wraplist" id="610">
          <orientation>horizontal</orientation>
          <width>1440</width>
          <height>500</height>
          <scrolltime>200</scrolltime>
          <focusposition>2</focusposition>
          <posy>20</posy>
          <posx>0</posx>
          <visible>true</visible>
          <itemlayout width="256" height="440">
            <control type="label">
              <textcolor>FF7895B6</textcolor>
              <width>256</width>
              <height>50</height>
              <label>$INFO[ListItem.Label] $INFO[ListItem.Property(custom:starsInfo)]</label>
              <wrapmultiline>true</wrapmultiline>
              <posy>20</posy>
              <posx>10</posx>
              <font>font18</font>
              <visible>Control.HasFocus(608)</visible>
            </control>
            <control type="image">
              <width>256</width>
              <aspectratio>stretch</aspectratio>
              <height>192</height>
              <texture>$INFO[ListItem.Thumb]</texture>
              <posy>100</posy>
            </control>
            <control type="label">
              <textcolor>FF7895B6</textcolor>
              <width>256</width>
              <height>50</height>
              <label>$INFO[ListItem.Property(custom:categoriesInfo)]</label>
              <wrapmultiline>true</wrapmultiline>
              <posy>320</posy>
              <posx>10</posx>
              <font>font18</font>
              <visible>Control.HasFocus(608)</visible>
            </control>
          </itemlayout>
          <focusedlayout width="256" height="440">
            <control type="label">
              <textcolor>FFFFFFFF</textcolor>
              <width>256</width>
              <height>50</height>
              <label>$INFO[ListItem.Label] $INFO[ListItem.Property(custom:starsInfo)]</label>
              <wrapmultiline>true</wrapmultiline>
              <posy>20</posy>
              <posx>10</posx>
              <font>font18</font>
              <scroll>true</scroll>
              <visible>Control.HasFocus(608)</visible>
            </control>
            <control type="image">
              <width>256</width>
              <aspectratio>stretch</aspectratio>
              <height>192</height>
              <texture>$INFO[ListItem.Thumb]</texture>
              <posy>100</posy>
            </control>
            <control type="label">
              <textcolor>FFFFFFFF</textcolor>
              <width>256</width>
              <height>50</height>
              <label>$INFO[ListItem.Property(custom:categoriesInfo)]</label>
              <wrapmultiline>true</wrapmultiline>
              <posy>320</posy>
              <posx>10</posx>
              <font>font18</font>
              <visible>Control.HasFocus(608)</visible>
            </control>
          </focusedlayout>
          <content type="url">
          </content>
        </control>
        <control type="button" id="608">
          <texturenofocus>redframe_sceneoutline.png</texturenofocus>
          <onup>603</onup>
          <width>333</width>
          <height>267</height>
          <posy>83</posy>
          <posx>475</posx>
          <texturefocus>redframe_sceneoutline.png</texturefocus>
          <onleft lang="python">
            <![CDATA[fyre.controllers.tdp.scroll_left()]]>
          </onleft>
          <onright lang="python">
            <![CDATA[fyre.controllers.tdp.scroll_right()]]>
          </onright>
          <onclick lang="python">
            <![CDATA[fyre.view.show('sdp', mc.GetActiveWindow().GetList(610).GetItem(mc.GetActiveWindow().GetList(610).GetFocusedItem()).GetProperty('scene_id'))]]>
          </onclick>
        </control>
      </control>
    </control>
  </controls>
</window>
