<?xml version="1.0" encoding="UTF-8"?>
<window type="window" id="14004">
  <defaultcontrol>11</defaultcontrol>
  <allowoverlay>no</allowoverlay>
  <onload lang="python">
    <![CDATA[print("ONLOAD: terms_and_conditions")
if space.unload == 'terms_and_conditions' and space.application_mode == 'F':
  print('loading the same view after screensaver')
  current_scope = space.cache.current().scope()
  #space.cache.clear_after_screensaver()
  mc.CloseWindow()
  space.after_screensaver = True
else:
  print(space.cache.current().scope() + ' - terms_and_conditions')
  if not space.cache.current().scope() == 'terms_and_conditions':
    space.cache.pop_level()

  try:
    func = getattr(fyre.controllers.terms_and_conditions, 'load')
  except AttributeError:
    print('Loading view terms_and_conditions (no load() method in controller)')
  else:
    print('Loading view terms_and_conditions')
    space.cache.current().invalidate()
    func(space.cache.current())

]]>
  </onload>
  <onunload lang="python">
    <![CDATA[print("ONUNLOAD: terms_and_conditions")
try:
  func = getattr(fyre.controllers.terms_and_conditions, 'unload')
except AttributeError:
  print('Unloading view terms_and_conditions (no unload() method in controller)')
else:
  print('Unloading view terms_and_conditions')
  func(space.cache.current())

if not space.unload == 'player':
  space.unload = 'terms_and_conditions'

]]>
  </onunload>
  <controls>
    <control type="group">
      <posy>0</posy>
      <posx>0</posx>
      <control type="image">
        <width>1280</width>
        <height>720</height>
        <texture>background.png</texture>
      </control>
      <control type="image">
        <width>1280</width>
        <height>720</height>
        <texture>black.png</texture>
        <colordiffuse>99999999</colordiffuse>
      </control>
      <control type="image">
        <width>1280</width>
        <height>540</height>
        <texture>black.png</texture>
        <posy>90</posy>
      </control>
      <control type="image">
        <width>1280</width>
        <height>22</height>
        <texture>popup_border_top.png</texture>
        <posy>68</posy>
      </control>
      <control type="image">
        <width>1280</width>
        <height>22</height>
        <texture>popup_border_bottom.png</texture>
        <posy>630</posy>
      </control>
    </control>
    <control type="group" id="10">
      <visible>true</visible>
      <animation type="WindowOpen">
        <effect type="slide" time="200" start="-1000,0" end="0,0">
        </effect>
      </animation>
      <animation type="WindowClose">
        <effect type="slide" time="200" end="2000,0" star="0,0">
        </effect>
      </animation>
      <control type="group">
        <defaultcontrol>12</defaultcontrol>
        <posx>140</posx>
        <posy>90</posy>
        <control type="textbox" id="13">
          <onup>-</onup>
          <width>900</width>
          <pagecontrol>12</pagecontrol>
          <ondown>-</ondown>
          <height>540</height>
          <onleft>-</onleft>
          <autoscroll>false</autoscroll>
          <label>1.1. Party Definitions and Introductory Terms - The operative parties referred to in this user Agreement are defined as follows:
1.1.1. Wreal, LLC, together with its subsidiaries and affiliates (collectively, "Wreal" or &#8220;Publisher&#8221;) provides You access to Wreal service-related Web sites containing information and data available via Your computer, monitor, television set and/or other compatible device ("the Sites"), subject to the terms and conditions set forth below, including all documents, policies, and guidelines incorporated therein (the "Agreement"). When first-person pronouns are used in this Agreement, (Us, We, Our, Ours, etc.) these provisions are referring to Wreal, the Sites, or any other site that We may choose to publish in the future.  Additionally, when the terms &#8220;The Site&#8221; or &#8220;Site&#8221; are used, these terms refer to any website published by Us, unless a site is specifically exempt from this policy. Our Site(s) and the Services provided by Us via the Site(s), including, but not limited to the operation of the Site and the transmission of media to You (the &#8220;Services&#8221;) may contain images and content, including but not limited to text, software, images, graphics, data, messages, or any other information, and any other website or media content owned, operated, licensed, or controlled by the Publisher (collectively, &#8220;Materials&#8221;).
1.1.2. You, the User and/or Subscriber - As the User of this Site and/or Services, this Agreement will refer to the User as &#8220;You&#8221; or through any second-person pronouns, such as &#8220;Yours,&#8221; etc. Hereinafter, the User of the Site and/or Services shall be referred to in applicable second-person pronouns. This Agreement also governs subscribers and customers of Our FyreTV&#174; service (&#8220;Subscribers&#8221;). Our Subscribers may also be referred to as customers and in second-person pronouns in this Agreement. For purposes of this Agreement, all Subscribers are Users, but not all Users are Subscribers.
1.2. What this Agreement is - This Agreement is a legal contract between You and Us. You should treat it as any other legal contract by reading its provisions carefully, as they will affect Your legal rights. By accessing the Site or Services in any manner, You are affirmatively agreeing to be bound by all of the terms contained in this Agreement. You may not pick and choose which terms apply to You. If You do not agree with all of the terms in this Agreement, You must cease all access and use of the Site and any other Services provided by Us.
1.1. Party Definitions and Introductory Terms - The operative parties referred to in this user Agreement are defined as follows:
1.1.1. Wreal, LLC, together with its subsidiaries and affiliates (collectively, "Wreal" or &#8220;Publisher&#8221;) provides You access to Wreal service-related Web sites containing information and data available via Your computer, monitor, television set and/or other compatible device ("the Sites"), subject to the terms and conditions set forth below, including all documents, policies, and guidelines incorporated therein (the "Agreement"). When first-person pronouns are used in this Agreement, (Us, We, Our, Ours, etc.) these provisions are referring to Wreal, the Sites, or any other site that We may choose to publish in the future.  Additionally, when the terms &#8220;The Site&#8221; or &#8220;Site&#8221; are used, these terms refer to any website published by Us, unless a site is specifically exempt from this policy. Our Site(s) and the Services provided by Us via the Site(s), including, but not limited to the operation of the Site and the transmission of media to You (the &#8220;Services&#8221;) may contain images and content, including but not limited to text, software, images, graphics, data, messages, or any other information, and any other website or media content owned, operated, licensed, or controlled by the Publisher (collectively, &#8220;Materials&#8221;).
1.1.2. You, the User and/or Subscriber - As the User of this Site and/or Services, this Agreement will refer to the User as &#8220;You&#8221; or through any second-person pronouns, such as &#8220;Yours,&#8221; etc. Hereinafter, the User of the Site and/or Services shall be referred to in applicable second-person pronouns. This Agreement also governs subscribers and customers of Our FyreTV&#174; service (&#8220;Subscribers&#8221;). Our Subscribers may also be referred to as customers and in second-person pronouns in this Agreement. For purposes of this Agreement, all Subscribers are Users, but not all Users are Subscribers.
1.2. What this Agreement is - This Agreement is a legal contract between You and Us. You should treat it as any other legal contract by reading its provisions carefully, as they will affect Your legal rights. By accessing the Site or Services in any manner, You are affirmatively agreeing to be bound by all of the terms contained in this Agreement. You may not pick and choose which terms apply to You. If You do not agree with all of the terms in this Agreement, You must cease all access and use of the Site and any other Services provided by Us.
1.1. Party Definitions and Introductory Terms - The operative parties referred to in this user Agreement are defined as follows:
1.1.1. Wreal, LLC, together with its subsidiaries and affiliates (collectively, "Wreal" or &#8220;Publisher&#8221;) provides You access to Wreal service-related Web sites containing information and data available via Your computer, monitor, television set and/or other compatible device ("the Sites"), subject to the terms and conditions set forth below, including all documents, policies, and guidelines incorporated therein (the "Agreement"). When first-person pronouns are used in this Agreement, (Us, We, Our, Ours, etc.) these provisions are referring to Wreal, the Sites, or any other site that We may choose to publish in the future.  Additionally, when the terms &#8220;The Site&#8221; or &#8220;Site&#8221; are used, these terms refer to any website published by Us, unless a site is specifically exempt from this policy. Our Site(s) and the Services provided by Us via the Site(s), including, but not limited to the operation of the Site and the transmission of media to You (the &#8220;Services&#8221;) may contain images and content, including but not limited to text, software, images, graphics, data, messages, or any other information, and any other website or media content owned, operated, licensed, or controlled by the Publisher (collectively, &#8220;Materials&#8221;).
1.1.2. You, the User and/or Subscriber - As the User of this Site and/or Services, this Agreement will refer to the User as &#8220;You&#8221; or through any second-person pronouns, such as &#8220;Yours,&#8221; etc. Hereinafter, the User of the Site and/or Services shall be referred to in applicable second-person pronouns. This Agreement also governs subscribers and customers of Our FyreTV&#174; service (&#8220;Subscribers&#8221;). Our Subscribers may also be referred to as customers and in second-person pronouns in this Agreement. For purposes of this Agreement, all Subscribers are Users, but not all Users are Subscribers.
1.2. What this Agreement is - This Agreement is a legal contract between You and Us. You should treat it as any other legal contract by reading its provisions carefully, as they will affect Your legal rights. By accessing the Site or Services in any manner, You are affirmatively agreeing to be bound by all of the terms contained in this Agreement. You may not pick and choose which terms apply to You. If You do not agree with all of the terms in this Agreement, You must cease all access and use of the Site and any other Services provided by Us.
1.1. Party Definitions and Introductory Terms - The operative parties referred to in this user Agreement are defined as follows:
1.1.1. Wreal, LLC, together with its subsidiaries and affiliates (collectively, "Wreal" or &#8220;Publisher&#8221;) provides You access to Wreal service-related Web sites containing information and data available via Your computer, monitor, television set and/or other compatible device ("the Sites"), subject to the terms and conditions set forth below, including all documents, policies, and guidelines incorporated therein (the "Agreement"). When first-person pronouns are used in this Agreement, (Us, We, Our, Ours, etc.) these provisions are referring to Wreal, the Sites, or any other site that We may choose to publish in the future.  Additionally, when the terms &#8220;The Site&#8221; or &#8220;Site&#8221; are used, these terms refer to any website published by Us, unless a site is specifically exempt from this policy. Our Site(s) and the Services provided by Us via the Site(s), including, but not limited to the operation of the Site and the transmission of media to You (the &#8220;Services&#8221;) may contain images and content, including but not limited to text, software, images, graphics, data, messages, or any other information, and any other website or media content owned, operated, licensed, or controlled by the Publisher (collectively, &#8220;Materials&#8221;).
1.1.2. You, the User and/or Subscriber - As the User of this Site and/or Services, this Agreement will refer to the User as &#8220;You&#8221; or through any second-person pronouns, such as &#8220;Yours,&#8221; etc. Hereinafter, the User of the Site and/or Services shall be referred to in applicable second-person pronouns. This Agreement also governs subscribers and customers of Our FyreTV&#174; service (&#8220;Subscribers&#8221;). Our Subscribers may also be referred to as customers and in second-person pronouns in this Agreement. For purposes of this Agreement, all Subscribers are Users, but not all Users are Subscribers.
1.2. What this Agreement is - This Agreement is a legal contract between You and Us. You should treat it as any other legal contract by reading its provisions carefully, as they will affect Your legal rights. By accessing the Site or Services in any manner, You are affirmatively agreeing to be bound by all of the terms contained in this Agreement. You may not pick and choose which terms apply to You. If You do not agree with all of the terms in this Agreement, You must cease all access and use of the Site and any other Services provided by Us.
1.1. Party Definitions and Introductory Terms - The operative parties referred to in this user Agreement are defined as follows:
1.1.1. Wreal, LLC, together with its subsidiaries and affiliates (collectively, "Wreal" or &#8220;Publisher&#8221;) provides You access to Wreal service-related Web sites containing information and data available via Your computer, monitor, television set and/or other compatible device ("the Sites"), subject to the terms and conditions set forth below, including all documents, policies, and guidelines incorporated therein (the "Agreement"). When first-person pronouns are used in this Agreement, (Us, We, Our, Ours, etc.) these provisions are referring to Wreal, the Sites, or any other site that We may choose to publish in the future.  Additionally, when the terms &#8220;The Site&#8221; or &#8220;Site&#8221; are used, these terms refer to any website published by Us, unless a site is specifically exempt from this policy. Our Site(s) and the Services provided by Us via the Site(s), including, but not limited to the operation of the Site and the transmission of media to You (the &#8220;Services&#8221;) may contain images and content, including but not limited to text, software, images, graphics, data, messages, or any other information, and any other website or media content owned, operated, licensed, or controlled by the Publisher (collectively, &#8220;Materials&#8221;).
1.1.2. You, the User and/or Subscriber - As the User of this Site and/or Services, this Agreement will refer to the User as &#8220;You&#8221; or through any second-person pronouns, such as &#8220;Yours,&#8221; etc. Hereinafter, the User of the Site and/or Services shall be referred to in applicable second-person pronouns. This Agreement also governs subscribers and customers of Our FyreTV&#174; service (&#8220;Subscribers&#8221;). Our Subscribers may also be referred to as customers and in second-person pronouns in this Agreement. For purposes of this Agreement, all Subscribers are Users, but not all Users are Subscribers.
1.2. What this Agreement is - This Agreement is a legal contract between You and Us. You should treat it as any other legal contract by reading its provisions carefully, as they will affect Your legal rights. By accessing the Site or Services in any manner, You are affirmatively agreeing to be bound by all of the terms contained in this Agreement. You may not pick and choose which terms apply to You. If You do not agree with all of the terms in this Agreement, You must cease all access and use of the Site and any other Services provided by Us.
</label>
          <onright>-</onright>
        </control>
        <control type="scrollbar" id="12">
          <onup>-</onup>
          <width>16</width>
          <texturesliderbarfocus>black.png</texturesliderbarfocus>
          <ondown>-</ondown>
          <height>540</height>
          <textureslidernib>black.png</textureslidernib>
          <onleft>-</onleft>
          <textureslidernibfocus>black.png</textureslidernibfocus>
          <onright>-</onright>
          <posx>990</posx>
          <texturesliderbackground>white.png</texturesliderbackground>
        </control>
      </control>
    </control>
  </controls>
</window>
