<?xml version="1.0"?>
<window type="window" id="14001">
		<defaultcontrol always="true">120</defaultcontrol>
		<allowoverlay>no</allowoverlay>
		<onload lang="python">
				<![CDATA[
awin = mc.GetWindow(14000)
awin.GetList(120).SetFocusedItem(0)
]]>
</onload>
		<controls>
				<control type="image">
						<width>1280</width>
						<height>720</height>
						<texture>black.png</texture>
				</control>
				<control type="image">
						<width>1280</width>
						<height>720</height>
						<texture>bc_background.png</texture>
				</control>
				<control type="group">
						<control type="image">
								<visible>false</visible>
								<width>1280</width>
								<height>50</height>
								<texture>black.png</texture>
								<animation effect="fade" end="50" time="0" condition="true">Conditional</animation>
						</control>
						<control type="label" id="100">
								<posx>24</posx>
								<posy>10</posy>
								<width>400</width>
								<height>50</height>
								<align>left</align>
								<font>sans23b</font>
								<label>$INFO[App.param(title)]</label>
								<animation effect="fade" end="30" time="0" condition="true">Conditional</animation>
						</control>
						<control type="image">
								<posy>5</posy>
								<posx>1220</posx>
								<width>42</width>
								<height>40</height>
								<texture>bc_logo.png</texture>
						</control>
						<control type="image">
								<!--<visible>false</visible>-->
								<posy>50</posy>
								<width>1280</width>
								<height>2</height>
								<texture>white.png</texture>
						</control>
				</control>
				<control type="group">
						<control type="image">
								<posy>270</posy>
								<width>1280</width>
								<height>450</height>
								<texture>black.png</texture>
								<animation effect="fade" end="70" time="0" condition="true">Conditional</animation>
						</control>
						<control type="image">
								<posy>268</posy>
								<width>1280</width>
								<height>2</height>
								<texture>white.png</texture>
						</control>
				</control>
				<control type="group">
						<visible>!Container(120).IsLoading + !Container(120).IsEmpty</visible>
						<posx>40</posx>
						<posy>305</posy>
						<control type="fixedlist" id="120">
								<width>670</width>
								<height>400</height>
								<onup>-</onup>
								<ondown>-</ondown>
								<onleft>-</onleft>
								<onright>-</onright>
								<scrolltime>200</scrolltime>
								<pagecontrol>60</pagecontrol>
								<focusposition>2</focusposition>
								<orientation>vertical</orientation>
								<itemlayout width="630" height="50">
										<control type="label">
												<posx>40</posx>
												<width>670</width>
												<height>30</height>
												<align>left</align>
												<aligny>center</aligny>
												<font>font28</font>
												<info>Listitem.Label</info>
												<textcolor>30ffffff</textcolor>
												<!--<animation effect="fade" start="0" end="100" time="200">UnFocus</animation>-->
												<!--<animation effect="fade" start="100" end="0" time="200">Focus</animation>-->
										</control>
								</itemlayout>
								<focusedlayout width="630" height="50">
										<control type="label" id="5656">
												<posx>40</posx>
												<width>670</width>
												<height>30</height>
												<align>left</align>
												<aligny>center</aligny>
												<font>font28</font>
												<label>[B]$INFO[Listitem.Label][/B]</label>
												<textcolor>ffffffff</textcolor>
												<scroll>true</scroll>
												<!--<animation effect="fade" start="0" end="100" time="200">Focus</animation>-->
												<!--<animation effect="fade" start="100" end="0" time="200">UnFocus</animation>-->
										</control>
								</focusedlayout>
								<content type="url" url="$INFO[App.param(path)]">
<!--										<onclick lang="python">-->
<!--												<![CDATA[-->
<!--awin = mc.GetWindow(14001)-->
<!--item = awin.GetList(120).GetItem(awin.GetList(120).GetFocusedItem())-->
<!--item.SetPath('http://dir.boxee.tv/apps/brightcove/play/speedtv/59505290001');-->
<!--mc.GetPlayer().PlayWithActionMenu(item)-->
<!--]]>-->
<!--</onclick>-->
								</content>
						</control>
				</control>
				<control type="group">
						<visible>!Container(120).IsLoading + !Container(120).IsEmpty</visible>
						<posx>1000</posx>
						<posy>280</posy>
						<control type="image">
								<posy>10</posy>
								<posx>-30</posx>
								<width>250</width>
								<height>200</height>
								<bordersize>4</bordersize>
								<bordertexture>black.png</bordertexture>
								<aspectratio align="center">keep</aspectratio>
								<info>Container(120).Listitem.thumb</info>
						</control>
						<control type="grouplist">
								<posy>224</posy>
								<posx>120</posx>
								<itemgap>8</itemgap>
								<orientation>vertical</orientation>
								<animation effect="fade" end="50" time="0" condition="true">Conditional</animation>
								<control type="label">
										<width>250</width>
										<height>25</height>
										<font>sans21</font>
										<label>[B]Date[/B]</label>
										<visible>!IsEmpty(Container(120).Listitem.property(releasedate)) + !IsEmpty(Container(120).Listitem.property(duration))</visible>
								</control>
								<control type="label">
										<width>250</width>
										<height>25</height>
										<font>sans21</font>
										<label>[B]Runtime[/B]</label>
										<visible>!IsEmpty(Container(120).Listitem.property(releasedate)) + !IsEmpty(Container(120).Listitem.property(duration))</visible>
								</control>
								<control type="label">
										<width>250</width>
										<height>25</height>
										<font>sans21</font>
										<label>[B]Description[/B]</label>
										<visible>!IsEmpty(Container(120).Listitem.property(description)) + !IsEmpty(Container(120).Listitem.property(releasedate)) + !IsEmpty(Container(120).Listitem.property(duration))</visible>
								</control>
						</control>
				</control>
				<control type="group">
						<posy>504</posy>
						<posx>1110</posx>
						<visible>!Container(120).IsLoading + !Container(120).IsEmpty</visible>
						<control type="label">
								<width>400</width>
								<height>25</height>
								<font>sans21</font>
								<align>right</align>
								<aligny>center</aligny>
								<info>Container(120).Listitem.property(releasedate)</info>
								<visible>!IsEmpty(Container(120).Listitem.property(releasedate)) + !IsEmpty(Container(120).Listitem.property(duration))</visible>
						</control>
						<control type="label">
								<posy>35</posy>
								<width>400</width>
								<height>25</height>
								<font>sans21</font>
								<align>right</align>
								<aligny>center</aligny>
								<info>Container(120).Listitem.property(duration)</info>
								<visible>!IsEmpty(Container(120).Listitem.property(releasedate)) + !IsEmpty(Container(120).Listitem.property(duration))</visible>
						</control>
						<control type="label">
								<posy>65</posy>
								<width>370</width>
								<height>140</height>
								<font>sans21</font>
								<align>right</align>
								<aligny>top</aligny>
								<wrapmultiline>true</wrapmultiline>
								<info>Container(120).Listitem.property(description)</info>
								<visible>!IsEmpty(Container(120).Listitem.property(description)) + !IsEmpty(Container(120).Listitem.property(releasedate)) + !IsEmpty(Container(120).Listitem.property(duration))</visible>
						</control>
						<control type="label">
								<posx>-170</posx>
								<posy>0</posy>
								<width>320</width>
								<height>200</height>
								<font>sans21</font>
								<align>left</align>
								<aligny>top</aligny>
								<wrapmultiline>true</wrapmultiline>
								<info>Container(120).Listitem.property(description)</info>
								<visible>!IsEmpty(Container(120).Listitem.property(description)) + [IsEmpty(Container(120).Listitem.property(releasedate)) | IsEmpty(Container(120).Listitem.property(duration))]</visible>
						</control>
				</control>
				<!--<control type="group">-->
				<!--		<animation effect="fade" start="0" end="70" time="200" condition="Container(120).IsLoading | Container(120).IsEmpty">Conditional</animation>-->
				<!--		<animation effect="fade" start="70" end="0" time="200" condition="!Container(120).IsLoading + !Container(120).IsEmpty">Conditional</animation>-->
				<!--		<control type="image">-->
				<!--				<visible></visible>-->
				<!--				<width>1280</width>-->
				<!--				<height>720</height>-->
				<!--				<texture>black.png</texture>-->
				<!--		</control>-->
				<!--</control>-->
		</controls>
</window>
