﻿<?xml version="1.0"?>
<window type="window" id="14000">
		<defaultcontrol always="true">53</defaultcontrol>
		<allowoverlay>yes</allowoverlay>
		<controls>
				<!-- Background Color -->
				<control type="image" id="1">
					<description>background</description>
					<posx>0</posx>
					<posy>0</posy>
					<width>1280</width>
					<height>720</height>
					<fadetime>200</fadetime>
					<texture border="5" flipY="true" flipX="false">black.png</texture>
					<aspectratio>stretch</aspectratio>
				</control>
				<control type="image" id="2">
					<description>header</description>
					<posx>0</posx>
					<posy>0</posy>
					<width>1280</width>
					<height>161</height>
					<fadetime>200</fadetime>
					<texture border="5" flipY="true" flipX="false">header.jpg</texture>
					<aspectratio>stretch</aspectratio>
				</control>
				<control type="image" id="3">
					<description>footer</description>
					<posx>0</posx>
					<posy>160</posy>
					<width>1280</width>
					<height>488</height>
					<fadetime>200</fadetime>
					<texture border="5" flipY="true" flipX="false">content_background.png</texture>
					<aspectratio>stretch</aspectratio>
				</control>
				<control type="image" id="4">
					<description>footer</description>
					<posx>0</posx>
					<posy>640</posy>
					<width>1280</width>
					<height>100</height>
					<fadetime>200</fadetime>
					<texture border="5" flipY="true" flipX="false">footer.jpg</texture>
					<aspectratio>stretch</aspectratio>
				</control>
				<!-- Top Navigation Group -->
				<control type="group" id="9001">
						<control type="list" id="52">
								<posx>255</posx>
								<posy>111</posy>
								<width>1078</width>
								<height>65</height>
						<onleft lang="python">
<![CDATA[
mach.FocusControl(101,55)
]]>
						</onleft>
						<onright lang="python">
<![CDATA[
mach.FocusControl(102,False)
]]>
						</onright>
								<onup>6001</onup>
								<ondown>9002</ondown>
								<scrolltime>200</scrolltime>
								<orientation>horizontal</orientation>
								<visible>!Container(52).IsLoading</visible>
								<itemlayout width="154" height="65">
										<control type="image">
												<posx>0</posx>
												<posy>0</posy>
												<width>154</width>
												<height>59</height>
												<visible>ListItem.Property(custom:isSelected)</visible>
												<texture border="0" flipY="true" flipX="false">tab.png</texture>
												<aspectratio>keep</aspectratio>
										</control>
										<control type="image">
												<posx>22</posx>
												<posy>19</posy>
												<width>109</width>
												<height>12</height>
												<texture border="0" flipY="true" flipX="false">$INFO[ListItem.Thumb]</texture>
												<aspectratio>stretch</aspectratio>
										</control>
								</itemlayout>
								<focusedlayout width="154" height="65">
										<control type="image">
												<posx>0</posx>
												<posy>0</posy>
												<width>154</width>
												<height>59</height>
												<visible>ListItem.Property(custom:isSelected)</visible>
												<texture border="0" flipY="true" flipX="false">tab.png</texture>
												<aspectratio>keep</aspectratio>
												
										</control>
										<control type="image">
												<posx>22</posx>
												<posy>19</posy>
												<width>109</width>
												<height>12</height>
												<texture border="0" flipY="true" flipX="false">$INFO[ListItem.Thumb]</texture>
												<aspectratio>stretch</aspectratio>
										</control>
										<control type="image">
												<posx>22</posx>
												<posy>8</posy>
												<width>109</width>
												<height>3</height>
												<visible>ControlGroup(9001).HasFocus()</visible>
												<texture border="0" flipY="true" flipX="false">machinima_red.png</texture>
												<aspectratio>stretch</aspectratio>
										</control>
								</focusedlayout>
								<content type="url">
									<onclick lang="python">
<![CDATA[
mach.DisplayContentItems(52)
mach.ClearBackButton()
]]>
									</onclick>
								</content>
						</control>
						<include>BrowseEmptyList</include>
				</control>
				<!-- Sub Menu Group -->
				<control type="group" id="56">
					<control type="list" id="55" allowhiddenfocus="true">
						<posx>10</posx>
						<posy>657</posy>
						<width>300</width>
						<height>53</height>
						<onleft>-</onleft>
						<onright>53</onright>
						<onup lang="python"><![CDATA[mach.FocusControl(101,53)]]></onup>
						<ondown>-</ondown>
						<scrolltime>200</scrolltime>
						<orientation>vertical</orientation>
						<visible>0</visible>
						<itemlayout width="300" height="53">
							<control type="image">
									<posx>0</posx>
									<posy>0</posy>
									<width>300</width>
									<height>53</height>
									<visible>ListItem.Property(custom:isSelected)</visible>
									<texture border="0" flipY="true" flipX="false">sub_menu.png</texture>
									<aspectratio>stretch</aspectratio>
							</control>
							<control type="image">
									<posx>0</posx>
									<posy>0</posy>
									<width>300</width>
									<height>53</height>
									<visible>!ListItem.Property(custom:isSelected)</visible>
									<texture border="0" flipY="true" flipX="false">sub_menu_off.png</texture>
									<aspectratio>stretch</aspectratio>
							</control>
							<control type="label">
								<posx>13</posx>
								<posy>10</posy>
								<width>300</width>
								<height>50</height>
								<visible>ListItem.Property(custom:showlabel)</visible>
								<label>$INFO[ListItem.Label]</label>
							</control>
							<control type="label">
								<posx>13</posx>
								<posy>10</posy>
								<width>300</width>
								<height>50</height>
								<visible>ListItem.Property(custom:showbackbutton)</visible>
								<label>$INFO[ListItem.Property(custom:backtext)]</label>
							</control>
						</itemlayout>
						<focusedlayout width="300" height="53">
							<control type="image">
									<posx>0</posx>
									<posy>0</posy>
									<width>300</width>
									<height>53</height>
									<visible>ListItem.Property(custom:isSelected)</visible>
									<texture border="0" flipY="true" flipX="false">sub_menu.png</texture>
									<aspectratio>stretch</aspectratio>
							</control>
							<control type="image">
									<posx>0</posx>
									<posy>0</posy>
									<width>300</width>
									<height>53</height>
									<visible>!ListItem.Property(custom:isSelected)</visible>
									<texture border="0" flipY="true" flipX="false">sub_menu_off.png</texture>
									<aspectratio>stretch</aspectratio>
							</control>
							<control type="label">
								<posx>13</posx>
								<posy>10</posy>
								<width>300</width>
								<height>50</height>
								<visible>ListItem.Property(custom:showlabel)</visible>
								<label>$INFO[ListItem.Label]</label>
							</control>
							<control type="label">
								<posx>13</posx>
								<posy>10</posy>
								<width>300</width>
								<height>50</height>
								<visible>ListItem.Property(custom:showbackbutton)</visible>
								<label>$INFO[ListItem.Property(custom:backtext)]</label>
							</control>
							<control type="image">
									<posx>0</posx>
									<posy>0</posy>
									<width>300</width>
									<height>3</height>
									<visible>ControlGroup(56).HasFocus()</visible>
									<texture border="0" flipY="true" flipX="false">machinima_red.png</texture>
									<aspectratio>stretch</aspectratio>
							</control>
						</focusedlayout>
						<content type="url">
							<onclick lang="python">
<![CDATA[
curmenu = 52
testitem = mach.submenu.GetItem(mach.submenu.GetFocusedItem())
if testitem.GetProperty("hasgroups"):
	curmenu = 55
mach.DisplayContentItems(curmenu,True)
mach.ClearBackButton()
mach.contentlist.SetFocus()
]]>
							</onclick>
						</content>
					</control>
				</control>
				<!-- Video List -->	
				<control type="group" id="9002">
					<visible>!Container(53).IsLoading</visible>
					<!-- Video List -->
					<control type="panel" id="53">
						<posx>181</posx>
						<posy>184</posy>
						<width>918</width>
						<height>500</height>
						<onleft lang="python">
<![CDATA[
mach.FocusControl(101,55)
]]>
						</onleft>
						<onright>102</onright>
						<onup>9001</onup>
						<ondown>55</ondown>
						<scrolltime>200</scrolltime>
						<orientation>vertical</orientation>
						<itemlayout width="228" height="230">
							<control type="image" id="6">
								<description>background</description>
								<posx>18</posx>
								<posy>10</posy>
								<width>192</width>
								<height>146</height>
								<visible>$INFO[ListItem.Property(custom:showdate)]</visible>
								<texture border="0" flipY="false" flipX="false">black.png</texture>
								<aspectratio>stretch</aspectratio>
							</control>
							<!-- thumbnail -->
							<control type="image" id="5">
								<description>thumbnail</description>
								<posx>23</posx>
								<posy>15</posy>
								<width>182</width>
								<height>136</height>
								<texture blend="false">$INFO[ListItem.Thumb]</texture>
								<aspectratio align="center">keep</aspectratio>
							</control>
							<!-- view count -->
							<control type="image">
								<width>182</width>
								<height>25</height>
								<posx>23</posx>
								<posy>126</posy>
								<visible>$INFO[ListItem.Property(custom:showdate)]</visible>
								<texture border="0" flipY="false" flipX="false">black_60.png</texture>
								<aspectratio>stretch</aspectratio>
							</control>
							<control type="label">
								<width>182</width>
								<height>25</height>
								<posx>25r</posx>
								<posy>126</posy>
								<font>sans15</font>
								<align>right</align>
								<label>$INFO[ListItem.Property(custom:ytcount)]</label>
								<wrapmultiline>false</wrapmultiline>
								<textcolor>white</textcolor>
								<selectedcolor>white</selectedcolor>
							</control>
							<!-- Label -->
							<control type="label">
								<width>182</width>
								<height>70</height>
								<posx>114</posx>
								<posy>160</posy>
								<font>font20b</font>
								<align>center</align>
								<label>$INFO[ListItem.Label]</label>
								<wrapmultiline>true</wrapmultiline>
								<textcolor>white</textcolor>
								<selectedcolor>white</selectedcolor>
							</control>
						</itemlayout>
						<focusedlayout width="228" height="230">
							<control type="image" id="6">
								<description>background</description>
								<posx>23</posx>
								<posy>0</posy>
								<width>182</width>
								<height>3</height>
								<texture border="0" flipY="false" flipX="false">machinima_red.png</texture>
								<aspectratio>stretch</aspectratio>
							</control>
							<!-- thumbnail -->
							<control type="image" id="6">
								<description>background</description>
								<posx>18</posx>
								<posy>10</posy>
								<width>192</width>
								<height>146</height>
								<visible>$INFO[ListItem.Property(custom:showdate)]</visible>
								<texture border="0" flipY="false" flipX="false">black.png</texture>
								<aspectratio>stretch</aspectratio>
							</control>
							<control type="image" id="5">
								<description>thumbnail</description>
								<posx>23</posx>
								<posy>15</posy>
								<width>182</width>
								<height>136</height>
								<texture blend="false">$INFO[ListItem.Thumb]</texture>
								<aspectratio align="center">keep</aspectratio>
							</control>
							<!-- view count -->
							<control type="image">
								<width>182</width>
								<height>25</height>
								<posx>23</posx>
								<posy>126</posy>
								<visible>$INFO[ListItem.Property(custom:showdate)]</visible>
								<texture border="0" flipY="false" flipX="false">black_60.png</texture>
								<aspectratio>stretch</aspectratio>
							</control>
							<control type="label">
								<width>182</width>
								<height>25</height>
								<posx>25r</posx>
								<posy>126</posy>
								<font>sans15</font>
								<align>right</align>
								<label>$INFO[ListItem.Property(custom:ytcount)]</label>
								<wrapmultiline>false</wrapmultiline>
								<textcolor>white</textcolor>
								<selectedcolor>white</selectedcolor>
							</control>
							<!-- Label -->
							<control type="label">
								<width>182</width>
								<height>70</height>
								<posx>114</posx>
								<posy>160</posy>
								<font>font20b</font>
								<align>center</align>
								<label>$INFO[ListItem.Label]</label>
								<wrapmultiline>true</wrapmultiline>
								<textcolor>white</textcolor>
								<selectedcolor>white</selectedcolor>
							</control>
						</focusedlayout>
						<!--url="rss://machinima.airsoftfiendclub.com/index.php?type=playlist&id=55D36CE446A98912&index=1">-->
						<content type="url">
							<onclick lang="python"><![CDATA[mach.DisplayContentItem()]]></onclick>
						</content>
					</control>
				</control>
				<control type="group" id="6001">
						<include>Common_Now_Playing</include>
				</control>
				<!-- Previous Button -->
				<control type="button" id="101">
					<description>Previous Page Button</description>
					<posx>50</posx>
					<posy>335</posy>
					<width>30</width>
					<height>50</height>
					<visible>$INFO[Container(53).ListItem(0).Property(custom:showprev)]</visible>
					<texturefocus flipY="false" flipX="true">arrow_hover.png</texturefocus>
					<texturenofocus flipY="false" flipX="true">arrow.png</texturenofocus>
					<disabledcolor>88FFFFFF</disabledcolor>
					<onfocus>-</onfocus>
					<onup>52</onup>
					<ondown lang="python"><![CDATA[mach.FocusControl(55,False)]]></ondown>
					<onleft>-</onleft>
					<onright>53</onright>
					<onclick lang="python"><![CDATA[mach.DisplayPage("previous")]]></onclick>
				</control>
				<!-- Next Button -->
				<control type="button" id="102">
					<description>Next Page button</description>
					<posx>100r</posx>
					<posy>335</posy>
					<width>30</width>
					<height>50</height>
					<visible>$INFO[Container(53).ListItem(0).Property(custom:shownext)]</visible>
					<texturefocus flipY="false" flipX="true">arrow_hover_r.png</texturefocus>
					<texturenofocus flipY="false" flipX="true">arrow_r.png</texturenofocus>
					<onfocus>-</onfocus>
					<onup>52</onup>
					<ondown>-</ondown>
					<onleft>53</onleft>
					<onright>-</onright>
					<onclick lang="python"><![CDATA[mach.DisplayPage("next")]]></onclick>
				</control>
				<!-- page count and postion -->
				<control type="label" id="51">
					<posx>0</posx>
					<posy>660</posy>
					<width>1280</width>
					<height>40</height>
					<align>center</align>
					<aligny>center</aligny>
					<colordiffuse>none</colordiffuse>
					<label></label>
				</control>
				<!-- version label -->
				<control type="label" id="57">
					<posx>1080</posx>
					<posy>660</posy>
					<width>200</width>
					<height>40</height>
					<align>center</align>
					<aligny>center</aligny>
					<visible>true</visible>
					<label>version 1.1</label>
				</control>
				<!-- Loading screen -->
				<control type="group" id="9003">
					<control type="image" id="8">
						<posx>0</posx>
						<posy>0</posy>
						<width>1280</width>
						<height>720</height>
						<texture border="5" flipY="true" flipX="false">black_40.png</texture>
						<visible>true</visible>
					</control>
					<control type="image" id="9">
						<posx>577</posx>
						<posy>349</posy>
						<width>126</width>
						<height>22</height>
						<texture border="5" flipY="true" flipX="false">ajax-loader.gif</texture>
						<visible>true</visible>
					</control>
					<visible>1</visible>
				</control>
		</controls>
</window>



