<?xml version="1.0"?>
<window type="window" id="14000">
  <onload lang="python"><![CDATA[ 
import yourmp	
reload(yourmp)
import mc

yourmp.Init()
]]></onload>
  <defaultcontrol always="true">230</defaultcontrol>
  <controls>
    <!-- bring in boxee background and widgets -->
    <include>Common_Background</include>
    <include>Common_Status</include>
    <include>Window_Fade_Animation</include>
	
    <control type="group" id="9000">
      <include>BrowseListsAnimation</include>
      <!-- title and constituency -->
      <control type="label" id="300">
        <posx>54</posx>
	<posy>40</posy>
	<width>1000</width>
	<height>56</height>
	<align>left</align>
	<aligny>center</aligny>
	<haspath>false</haspath>
	<font>title56b</font>
	<textcolor>white</textcolor>
        <label>Your MP</label>
      </control>
      <control type="label" id="301">
        <posx>54</posx>
	<posy>100</posy>
	<width>1000</width>
	<height>56</height>
	<align>left</align>
	<aligny>top</aligny>
	<haspath>false</haspath>
	<font>title22b</font>
	<textcolor>white</textcolor>
        <label>[Please Wait]</label>
      </control>
      <control type="image" id="110">
        <description>Picture of MP</description>
        <visible>False</visible>
        <posx>1000</posx>
        <posy>100</posy>
        <width>200</width>
        <height>166</height>
        <fadetime>200</fadetime>
        <texture>defaultperson.png</texture>
        <aspectratio>scale</aspectratio>
      </control>
      <control type="image" id="240">
        <description>QR Code for MP</description>
        <visible>False</visible>
        <posx>1000</posx>
        <posy>100</posy>
        <width>200</width>
        <height>166</height>
        <fadetime>200</fadetime>
        <texture>defaultperson.png</texture>
        <aspectratio>scale</aspectratio>
      </control>
      <control type="group" id="600">
        <posx>50</posx>
        <posy>120</posy>
        <width>800</width>
        <height>500</height>
        <control type="label" id="120">
          <posx>0</posx>
          <posy>15</posy>
          <width>250</width>
          <height>45</height>
          <align>left</align>
          <aligny>center</aligny>
          <scroll>true</scroll>
          <label>Represented by: </label>
          <number></number>
          <haspath>false</haspath>
          <font>font26b</font>
          <textcolor>yellow</textcolor>
          <wrapmultiline>false</wrapmultiline>
        </control>
        <control type="label" id="125">
          <description>Name of MP</description>
          <posx>240</posx>
          <posy>15</posy>
          <width>730</width>
          <height>45</height>
          <align>left</align>
          <aligny>center</aligny>
          <scroll>true</scroll>
          <label>[Please wait]</label>
          <number></number>
          <haspath>false</haspath>
          <font>font26b</font>
          <textcolor>white</textcolor>
          <wrapmultiline>false</wrapmultiline>
        </control>
	<control type="button" id="210">
          <description>Switch back to MP picture</description>
          <posx>740</posx>
          <posy>10</posy>
          <width>200</width>
          <height>55</height>
          <visible>false</visible>
          <label>Show picture</label>
          <font>font18b</font>
          <textcolor>white</textcolor>
          <texturefocus>line_view_click.png</texturefocus>
          <texturenofocus>line_view_on.png</texturenofocus>
          <align>center</align>
          <aligny>center</aligny>
          <textoffsetx>0</textoffsetx>
          <textoffsety>0</textoffsety>
          <onright>510</onright>
          <onup>-</onup>
          <ondown>220</ondown>
          <onclick lang="python"><![CDATA[
yourmp.ShowMPImage()
]]>
          </onclick>
        </control>
        <control type="label" id="131">
          <posx>0</posx>
          <posy>55</posy>
          <width>250</width>
          <height>45</height>
          <align>left</align>
          <aligny>center</aligny>
          <scroll>true</scroll>
          <label>Website: </label>
          <number></number>
          <haspath>false</haspath>
          <font>font26b</font>
          <textcolor>yellow</textcolor>
          <wrapmultiline>false</wrapmultiline>
        </control>
        <control type="label" id="132">
          <posx>240</posx>
          <posy>55</posy>
          <width>730</width>
          <height>45</height>
          <align>left</align>
          <aligny>center</aligny>
          <scroll>true</scroll>
          <label>[Please wait]</label>
          <number></number>
          <haspath>false</haspath>
          <font>font26b</font>
          <textcolor>white</textcolor>
          <wrapmultiline>false</wrapmultiline>
        </control>
	<control type="button" id="220">
          <description>Show QR Code</description>
          <posx>740</posx>
          <posy>50</posy>
          <width>200</width>
          <height>55</height>
          <visible>false</visible>
          <label>Show QR Code</label>
          <font>font18b</font>
          <textcolor>white</textcolor>
          <texturefocus>line_view_click.png</texturefocus>
          <texturenofocus>line_view_on.png</texturenofocus>
          <align>center</align>
          <aligny>center</aligny>
          <textoffsetx>0</textoffsetx>
          <textoffsety>0</textoffsety>
          <onleft>8000</onleft>
          <onright>510</onright>
          <onup>210</onup>
          <ondown>230</ondown>
          <onclick lang="python"><![CDATA[
yourmp.ShowQRCode()
]]>
          </onclick>
        </control>
        <control type="label" id="130">
          <posx>0</posx>
          <posy>95</posy>
          <width>250</width>
          <height>45</height>
          <align>left</align>
          <aligny>center</aligny>
          <scroll>true</scroll>
          <label>Your post code: </label>
          <number></number>
          <haspath>false</haspath>
          <font>font26b</font>
          <textcolor>yellow</textcolor>
          <wrapmultiline>false</wrapmultiline>
        </control>
        <control type="label" id="135">
          <posx>240</posx>
          <posy>95</posy>
          <width>730</width>
          <height>45</height>
          <align>left</align>
          <aligny>center</aligny>
          <scroll>true</scroll>
          <label>[Please wait]</label>
          <number></number>
          <haspath>false</haspath>
          <font>font26b</font>
          <textcolor>white</textcolor>
          <wrapmultiline>false</wrapmultiline>
        </control>
	<control type="button" id="230">
          <description>Change post code</description>
          <posx>740</posx>
          <posy>90</posy>
          <width>200</width>
          <height>55</height>
          <visible>true</visible>
          <label>Change</label>
          <font>font18b</font>
          <textcolor>white</textcolor>
          <texturefocus>line_view_click.png</texturefocus>
          <texturenofocus>line_view_on.png</texturenofocus>
          <align>center</align>
          <aligny>center</aligny>
          <textoffsetx>0</textoffsetx>
          <textoffsety>0</textoffsety>
          <onleft>8000</onleft>
          <onright>510</onright>
          <onup>220</onup>
          <ondown>450</ondown>
          <onclick lang="python"><![CDATA[
yourmp.ChangePostCode()
]]>
          </onclick>
        </control>
        <control type="label" id="140">
          <posx>0</posx>
          <posy>140</posy>
          <width>1140</width>
          <height>50</height>
          <align>left</align>
          <aligny>center</aligny>
          <scroll>true</scroll>
          <label>Recent votes: </label>
          <number></number>
          <haspath>false</haspath>
          <font>font28b</font>
          <textcolor>yellow</textcolor>
          <wrapmultiline>false</wrapmultiline>
        </control>
        <control type="label" id="141">
          <posx>0</posx>
          <posy>110</posy>
          <width>400</width>
          <height>50</height>
          <align>left</align>
          <aligny>center</aligny>
          <scroll>true</scroll>
          <visible>!Control.IsVisible(140)</visible>
          <label>This MP has not voted yet.</label>
          <number></number>
          <haspath>false</haspath>
          <font>font28b</font>
          <textcolor>white</textcolor>
          <wrapmultiline>false</wrapmultiline>
        </control>
        <!-- vote name (shown on vote details page) -->
        <control type="label" id="142">
          <visible>False</visible>
          <posx>0</posx>
          <posy>140</posy>
          <width>1140</width>
          <height>50</height>
          <align>left</align>
          <aligny>center</aligny>
          <scroll>true</scroll>
          <label>[Please wait]</label>
          <number></number>
          <haspath>false</haspath>
          <font>font28b</font>
          <textcolor>yellow</textcolor>
          <wrapmultiline>false</wrapmultiline>
        </control>
      </control>
      <!--end of details group -->
      <!-- votes list -->
      <control type="group" id="400">
        <posx>50</posx>
        <posy>300</posy>
        <width>1200</width>
        <height>405</height>  
        <control type="image">
          <description>faded panel</description>
          <posx>0</posx>
          <posy>10</posy>
          <width>1140</width>
          <height>375</height>
          <colordiffuse>22222222</colordiffuse>
          <texture>black.png</texture>
        </control> 
      
        <!-- headings -->
        <control type="label" id="401">
          <visible>Control.IsVisible(140)</visible>
          <posx>0</posx>
          <posy>10</posy>
          <width>100</width>
          <height>30</height>
          <align>left</align>
          <aligny>top</aligny>
          <scroll>false</scroll>
          <label>Date</label>
          <number></number>
          <haspath>false</haspath>
          <font>font18b</font>
          <textcolor>white</textcolor>
          <wrapmultiline>false</wrapmultiline>
        </control>
        <control type="label" id="402">
          <visible>Control.IsVisible(140)</visible>
          <posx>140</posx>
          <posy>10</posy>
          <width>600</width>
          <height>30</height>
          <align>left</align>
          <aligny>top</aligny>
          <scroll>false</scroll>
          <label>Subject</label>
          <number></number>
          <haspath>false</haspath>
          <font>font18b</font>
          <textcolor>white</textcolor>
          <wrapmultiline>false</wrapmultiline>
        </control>
        <control type="label">
          <visible>Control.IsVisible(140)</visible>
          <posx>820</posx>
          <posy>10</posy>
          <width>100</width>
          <height>30</height>
          <align>left</align>
          <aligny>top</aligny>
          <scroll>false</scroll>
          <label>Was..</label>
          <number></number>
          <haspath>false</haspath>
          <font>font18b</font>
          <textcolor>white</textcolor>
          <wrapmultiline>false</wrapmultiline>
        </control>
        <control type="label">
          <visible>Control.IsVisible(140)</visible>
          <posx>920</posx>
          <posy>10</posy>
          <width>130</width>
          <height>30</height>
          <align>left</align>
          <aligny>top</aligny>
          <scroll>false</scroll>
          <label>Party vote</label>
          <number></number>
          <haspath>false</haspath>
          <font>font18b</font>
          <textcolor>white</textcolor>
          <wrapmultiline>false</wrapmultiline>
        </control>
        <control type="label">
          <visible>Control.IsVisible(140)</visible>
          <posx>1050</posx>
          <posy>10</posy>
          <width>100</width>
          <height>30</height>
          <align>left</align>
          <aligny>top</aligny>
          <scroll>false</scroll>
          <label>Rôle</label>
          <number></number>
          <haspath>false</haspath>
          <font>font18b</font>
          <textcolor>white</textcolor>
          <shadowcolor>grey</shadowcolor>
          <wrapmultiline>false</wrapmultiline>
        </control>
        <!-- list -->
        <control type="list" id="450">
		  <posx>0</posx>
		  <posy>10</posy>
		  <width>1130</width>
		  <height>375</height>
          <visible>true</visible>
          <onleft>SetFocus(8000)</onleft>
          <onup>230</onup>
          <onright>460</onright>
          <pagecontrol>460</pagecontrol> 
          <viewtype>list</viewtype>
          <orientation>vertical</orientation>
          <scrolltime>200</scrolltime>
          <itemlayout width="250" height="27">
            <control type="label">
              <posx>0</posx>
              <posy>25</posy>
              <width>430</width>
              <height>25</height>
              <font>font23</font>
              <aligny>center</aligny>
              <selectedcolor>green</selectedcolor>
              <align>left</align>
              <info>ListItem.Date</info>
              <textcolor>white</textcolor>
            </control>
            <control type="label">
              <posx>140</posx>
              <posy>25</posy>
              <width>650</width>
              <height>25</height>
              <font>font23</font>
              <aligny>center</aligny>
              <textcolor>white</textcolor>
              <selectedcolor>green</selectedcolor>
              <align>left</align>
              <info>ListItem.Label</info>
            </control>
            <control type="label">
              <posx>820</posx>
              <posy>25</posy>
              <width>100</width>
              <height>25</height>
              <font>font23</font>
              <aligny>center</aligny>
              <textcolor>white</textcolor>
              <selectedcolor>green</selectedcolor>
              <align>left</align>
              <label>$INFO[ListItem.Property(custom:majmin)]</label>
            </control>
            <control type="label">
              <posx>920</posx>
              <posy>25</posy>
              <width>130</width>
              <height>25</height>
              <font>font23</font>
              <aligny>center</aligny>
              <textcolor>white</textcolor>
              <selectedcolor>green</selectedcolor>
              <align>left</align>
              <label>$INFO[ListItem.Property(custom:party_vote)]</label>
            </control>
            <control type="label">
              <posx>1050</posx>
              <posy>25</posy>
              <width>100</width>
              <height>25</height>
              <font>font23</font>
              <aligny>center</aligny>
              <textcolor>white</textcolor>
              <selectedcolor>green</selectedcolor>
              <align>left</align>
              <label>$INFO[ListItem.Property(custom:role)]</label>
            </control>
          </itemlayout>
          <focusedlayout height="27" width="250">
            <control type="label">
              <posx>0</posx>
              <posy>25</posy>
              <width>430</width>
              <height>25</height>
              <font>font23</font>
              <aligny>center</aligny>
              <textcolor>yellow</textcolor>
              <selectedcolor>green</selectedcolor>
              <align>left</align>
              <info>ListItem.Date</info>
            </control>
            <control type="label">
              <posx>140</posx>
              <posy>25</posy>
              <width>650</width>
              <height>25</height>
              <font>font23</font>
              <aligny>center</aligny>
              <textcolor>yellow</textcolor>
              <selectedcolor>green</selectedcolor>
              <align>left</align>
              <info>ListItem.Label</info>
            </control>
            <control type="label">
              <posx>820</posx>
              <posy>25</posy>
              <width>100</width>
              <height>25</height>
              <font>font23</font>
              <aligny>center</aligny>
              <textcolor>yellow</textcolor>
              <selectedcolor>green</selectedcolor>
              <align>left</align>
              <label>$INFO[ListItem.Property(custom:majmin)]</label>
            </control>
            <control type="label">
              <posx>920</posx>
              <posy>25</posy>
              <width>130</width>
              <height>25</height>
              <font>font23</font>
              <aligny>center</aligny>
              <textcolor>yellow</textcolor>
              <selectedcolor>green</selectedcolor>
              <align>left</align>
              <label>$INFO[ListItem.Property(custom:party_vote)]</label>
            </control>
            <control type="label">
              <posx>1050</posx>
              <posy>25</posy>
              <width>100</width>
              <height>22</height>
              <font>font23</font>
              <aligny>center</aligny>
              <textcolor>yellow</textcolor>
              <selectedcolor>green</selectedcolor>
              <align>left</align>
              <label>$INFO[ListItem.Property(custom:role)]</label>
            </control>
          </focusedlayout>
          <content type="action">
	    <onclick lang="python"><![CDATA[
itemNo =  mc.GetWindow(14000).GetList(450).GetFocusedItem()
selItem = mc.GetWindow(14000).GetList(450).GetItem(itemNo)
yourmp.ShowVoteDetails(selItem.GetPath())
]]>
            </onclick>
	      </content>
        </control>
	    <!-- SCROLLBAR -->
	  	<control type="scrollbar" id="460">
		  <visible>Control.IsVisible(450)</visible>
		  <onleft>450</onleft>
          <onright>8000</onright>
		  <posx>1140</posx>
		  <posy>20</posy>
		  <width>28</width>
		  <height>350</height>
		  <texturesliderbackground border="14">scrollbar_bg.png</texturesliderbackground>
		  <textureslidernib>-</textureslidernib>
		  <textureslidernibfocus>-</textureslidernibfocus>
		  <texturesliderbar diffuse="nofocus.png" border="14">scrollbar_slider.png</texturesliderbar>
		  <texturesliderbarfocus diffuse="nofocus.png" border="14">scrollbar_slider.png</texturesliderbarfocus>
		  <orientation>vertical</orientation>
		  <showonepage>false</showonepage>
		</control>
      </control>
      <!-- end of votes list -->
      <!-- Vote Details -->
      <control type="group" id="500">
        <visible>False</visible>
        <posx>50</posx>
        <posy>300</posy>
        <width>1200</width>
        <height>400</height>  
        <control type="image">
          <description>faded panel</description>
          <posx>0</posx>
          <posy>10</posy>
          <width>1140</width>
          <height>325</height>
          <colordiffuse>88888888</colordiffuse>
          <texture>black.png</texture>
        </control>
        <control type="textbox" id="510">
          <posx>10</posx>
          <posy>15</posy>
          <width>1100</width>
          <height>320</height>
          <font>font28</font>
          <textcolor>white</textcolor>
          <pagecontrol>570</pagecontrol>
          <onleft>8000</onleft>
          <onright>570</onright>
          <onup></onup>
          <ondown>580</ondown>
        </control>
	    <!-- Vote Detail SCROLLBAR -->
	  	<control type="scrollbar" id="570">
		  <onleft>510</onleft>
          <onright>580</onright>
          <ondown>580</ondown>
          <onup>-</onup>
		  <posx>1140</posx>
		  <posy>20</posy>
		  <width>28</width>
		  <height>305</height>
		  <texturesliderbackground border="14">scrollbar_bg.png</texturesliderbackground>
		  <textureslidernib>-</textureslidernib>
		  <textureslidernibfocus>-</textureslidernibfocus>
		  <texturesliderbar diffuse="nofocus.png" border="14">scrollbar_slider.png</texturesliderbar>
		  <texturesliderbarfocus border="14">scrollbar_slider.png</texturesliderbarfocus>
		  <orientation>vertical</orientation>
		  <showonepage>True</showonepage>
		</control>
		<control type="button" id="580">
          <description>back to list button</description>
          <posx>1000</posx>
          <posy>330</posy>
          <width>150</width>
          <height>70</height>
          <visible>true</visible>
          <label>Back</label>
          <font>font23</font>
          <textcolor>white</textcolor>
          <texturefocus>line_view_click.png</texturefocus>
          <texturenofocus>line_view_on.png</texturenofocus>
          <align>center</align>
          <aligny>center</aligny>
          <textoffsetx>20</textoffsetx>
          <textoffsety>20</textoffsety>
          <onleft>8000</onleft>
          <onright>510</onright>
          <onup>SetFocus(570)</onup>
          <ondown>SetFocus(570)</ondown>
          <onclick lang="python"><![CDATA[
yourmp.CloseVoteDetails()
]]>
          </onclick>
        </control>
      </control>
      <!--end of vote details -->           
      <!-- info line -->
      <control type="label" id="330">
        <posx>50</posx>
        <posy>675</posy>
        <width>1300</width>
        <height>50</height>
        <align>left</align>
        <aligny>center</aligny>
        <scroll>true</scroll>
        <label>Please wait a few moments...</label>
        <number></number>
        <haspath>false</haspath>
        <font>font21</font>
        <textcolor>white</textcolor>
        <shadowcolor>grey</shadowcolor>
        <wrapmultiline>false</wrapmultiline>
      </control>
    </control>
   </controls>
</window>
