<app>
  <id>sarahrdtv</id>
  <name>SarahRD.tv</name>
  <version>1.2</version>
  <description>SarahRD.tv is a fast paced internet TV show filled with healthy eating tips, childhood obesity tips, family meal planning tips, cooking demonstrations, and the latest food news and fads. The show is hosted by Sarah Krieger, a licensed and registered dietitian in Saint Petersburg Florida.</description>
  <thumb>http://sarahrd.tv/images/boxee-thumb.png</thumb>
  <media>video</media>
  <copyright>sarahrd.tv</copyright>
  <email>sales@businessxposure.com</email>
	<type>skin</type>
	<startWindow>14000</startWindow>
	<platform>all</platform>
	<minversion>0.9.20</minversion>
	<repository>http://dir.boxee.tv/apps</repository>
</app>
