<?xml version="1.0" encoding="utf-8" ?>
<app>
  <id>cinetrailer</id>
  <name>Cinetrailer.tv</name>
  <version>1.9</version>
  <description>CineTrailer.tv is the service which shows the latest updates about movies you can find in theatres and on DVD. Available in 9 languages (EN, DE, FR, IT, ES, DK, FI, NL, SE)</description>
  <thumb>http://boxee.cinetrailer.tv/img/logo.png</thumb>
  <repository>http://dir.boxee.tv/apps</repository>
	<media>video</media>
  <copyright>Cinetrailer.it</copyright>
  <email>boxee@ddm.it</email>
  <type>skin</type>
  <platform>all</platform>
  <minversion>0.9.11</minversion>
  <startWindow>launch</startWindow>
</app>
