<?xml version="1.0"?>
<window type="window" id="14000">
	<defaultcontrol always="true">200</defaultcontrol>
	<allowoverlay>no</allowoverlay>
	<onload lang="Python"><![CDATA[from windows import MainWindow]]></onload>
	<controls>
		<!-- grey background to load on top of -->
		<control type="image">
			<posx>-5</posx>
			<posy>-5</posy>
			<width>1290</width>
			<height>730</height>
			<colordiffuse>FF333333</colordiffuse>
			<texture border="8">com.mediafly-square.png</texture>
		</control>

		<!--
		====================================================================================
		BACKGROUND/TITLE - Hackish List :)
		Boxee does not save the state of labels or images that are set with SetTexture
		or SetLabel.  So we create a list with 1 item so these settings are saved.
		====================================================================================
		-->
		<!-- Background -->
		<control type="largeimage">
			<width>1280</width>
			<height>720</height>
			<aspectratio>stretch</aspectratio>
			<info>App.String(contentsource_asset_background)</info>
		</control>
		
		<!-- Background fade out -->
		<control type="image">
			<posx>-5</posx>
			<posy>-5</posy>
			<width>1290</width>
			<height>730</height>
			<colordiffuse>99000000</colordiffuse>
			<texture border="8">com.mediafly-square.png</texture>
		</control>

		<!-- Banner -->
		<control type="largeimage">
			<width>1280</width>
			<height>122</height>
			<aspectratio>stretch</aspectratio>
			<info>App.String(contentsource_asset_banner)</info>
		</control>

		<control type="list" id="100">
			<posx>0</posx>
			<posy>0</posy>
			<width>1280</width>
			<height>720</height>

			<hitrect x="0" y="0" w="0" h="0" />
			<orientation>vertical</orientation>

			<itemlayout width="1280" height="720">
				<!-- Background -->
				<control type="image">
					<width>1280</width>
					<height>720</height>
				</control>
			</itemlayout>
			
			<focusedlayout width="1280" height="720">
				<!-- Title -->
				<control type="label">
					<posx>1240</posx>
					<posy>0</posy>
					<width>500</width>
					<height>122</height>
					<align>right</align>
					<aligny>center</aligny>
					<haspath>true</haspath>
					<font>font34b</font>
					<textcolor>$INFO[App.String(page_title_text_color)]</textcolor>
					<info>ListItem.Label</info>
				</control>
			</focusedlayout>

			<content type="action"></content>
		</control>

		<!--
		====================================================================================
		TOP MENU
		====================================================================================
		-->

		<control type="grouplist" id="110">
			<width>1280</width>
			<height>50</height>
			<align>right</align>
			<orientation>horizontal</orientation>
			<itemgap>5</itemgap>
			<usecontrolcoords>true</usecontrolcoords>
			<ondown>200</ondown>

			<!-- Log in/out Button -->
			<control type="group" id="111">
				<posy>10</posy>
				<width>110</width>
				<height>30</height>

				<visible>App.HasSetting(contentsource_supportsuserbindings)</visible>

				<control type="image">
					<width>110</width>
					<height>30</height>
					<colordiffuse>$INFO[App.String(item_selection_border_color)]</colordiffuse>
					<texture border="8">com.mediafly-roundedFill.png</texture>
					<animation effect="fade" start="100" end="0" time="200" condition="!Control.HasFocus(112)">Conditional</animation>
				</control>

				<control type="image">
					<posx>5</posx>
					<width>30</width>
					<height>30</height>
					<texture>icons/com.mediafly-user.png</texture>
				</control>

				<control type="togglebutton" id="112">
					<posx>20</posx>
					<width>80</width>
					<height>30</height>
					<font>font18</font>
					<textcolor>FFFFFFFF</textcolor>
					<focusedcolor>FFFFFFFF</focusedcolor>
					<aligny>center</aligny>
					
					<label>Log in</label>
					<altlabel>Log out</altlabel>
					<usealttexture>App.HasSetting(isloggedin)</usealttexture>

					<texturenofocus>-</texturenofocus>
					<texturefocus>-</texturefocus>
					<alttexturefocus>-</alttexturefocus>
					<alttexturenofocus>-</alttexturenofocus>

					<ondown>200</ondown>
					<onright>113</onright>

					<onclick lang="Python">MainWindow.login_onClick()</onclick>
					<altclick lang="Python">MainWindow.logout_onClick()</altclick>
				</control>

				<animation effect="zoom" end="120" center="auto" time="100">Focus</animation>
				<animation effect="fade" start="100" end="65" time="200" condition="!Control.HasFocus(112)">Conditional</animation>
			</control>

			<!-- Search -->
			<control type="group" id="113">
				<posy>10</posy>
				<width>100</width>
				<height>30</height>

				<visible>App.HasSetting(contentsource_issearchable)</visible>

				<control type="image">
					<width>100</width>
					<height>30</height>
					<colordiffuse>$INFO[App.String(item_selection_border_color)]</colordiffuse>
					<texture border="8">com.mediafly-roundedFill.png</texture>
					<animation effect="fade" start="100" end="0" time="200" condition="!Control.HasFocus(114)">Conditional</animation>
				</control>

				<control type="image">
					<posx>5</posx>
					<width>30</width>
					<height>30</height>
					<texture>icons/com.mediafly-search.png</texture>
				</control>

				<control type="button" id="114">
					<posx>35</posx>
					<width>80</width>
					<height>30</height>
					<font>font18</font>
					<textcolor>FFFFFFFF</textcolor>
					<focusedcolor>FFFFFFFF</focusedcolor>
					<aligny>center</aligny>

					<label>Search</label>
					<texturenofocus>-</texturenofocus>
					<texturefocus>-</texturefocus>

					<ondown>200</ondown>
					<onleft>111</onleft>
					<onright>115</onright>
					<onclick lang="Python">MainWindow.search_onClick()</onclick>
				</control>

				<animation effect="zoom" end="120" center="auto" time="100">Focus</animation>
				<animation effect="fade" start="100" end="65" time="200" condition="!Control.HasFocus(114)">Conditional</animation>
			</control>

			<!-- Now Playing -->
			<control type="group" id="115">
				<posy>10</posy>
				<width>150</width>
				<height>30</height>

				<visible>Player.HasMedia</visible>

				<control type="image">
					<width>150</width>
					<height>30</height>
					<colordiffuse>$INFO[App.String(item_selection_border_color)]</colordiffuse>
					<texture border="8">com.mediafly-roundedFill.png</texture>
					<animation effect="fade" start="100" end="0" time="200" condition="!Control.HasFocus(116)">Conditional</animation>
				</control>

				<control type="image">
					<posx>5</posx>
					<width>30</width>
					<height>30</height>
					<texture>icons/com.mediafly-nowplaying.png</texture>
				</control>

				<control type="button" id="116">
					<posx>35</posx>
					<width>120</width>
					<height>30</height>
					<font>font18</font>
					<textcolor>FFFFFFFF</textcolor>
					<focusedcolor>FFFFFFFF</focusedcolor>
					<aligny>center</aligny>

					<label>Now Playing</label>
					<texturenofocus>-</texturenofocus>
					<texturefocus>-</texturefocus>

					<ondown>200</ondown>
					<onleft>113</onleft>
					<onclick lang="Python">MainWindow.nowPlaying_onClick()</onclick>
				</control>

				<animation effect="zoom" end="120" center="auto" time="100">Focus</animation>
				<animation effect="fade" start="100" end="65" time="200" condition="!Control.HasFocus(116)">Conditional</animation>
			</control>

			<control type="group">
				<width>25</width>
			</control>
		</control>

		<!--
		====================================================================================
		ITEMS
		====================================================================================
		-->

		<control type="panel" id="200">
			<posy>120</posy>
			<posx>5</posx>
			<width>890</width>
			<height>590</height>

			<scrolltime>200</scrolltime>
			<orientation>vertical</orientation>
			<pagecontrol>201</pagecontrol>

			<onup>110</onup>
			<onleft>-</onleft>
			<ondown>-</ondown>

			<itemlayout height="250" width="175">
				<control type="group">
					<posx>10</posx>
					<posy>10</posy>
					
					<!-- Channel Background -->
					<control type="image">
						<height>240</height>
						<width>170</width>
						<colordiffuse>EE000000</colordiffuse>
						<visible>!IsEmpty(ListItem.Property(custom:isChannel))</visible>
						<texture border="8">com.mediafly-roundedFill.png</texture>
					</control>
					<!-- Non-Channel Background -->
					<control type="image">
						<height>240</height>
						<width>170</width>
						<colordiffuse>AA000000</colordiffuse>
						<visible>IsEmpty(ListItem.Property(custom:isChannel))</visible>
						<texture border="8">com.mediafly-roundedFill.png</texture>
					</control>

					<!-- Thumbnail -->
					<control type="image">
						<posx>5</posx>
						<posy>5</posy>
						<width>160</width>
						<height>160</height>
						<info>ListItem.Thumb</info>
						<aspectratio>keep</aspectratio>
					</control>

					<!-- Duration -->
					<control type="label">
						<posx>10</posx>
						<posy>165</posy>
						<width>140</width>
						<height>15</height>
						<align>left</align>
						<font>font12</font>
						<info>ListItem.Property(custom:formattedDuration)</info>
					</control>
					<!-- Media Type Icon -->
					<control type="image">
						<posx>150</posx>
						<posy>165</posy>
						<width>15</width>
						<height>15</height>
						<texture>$INFO[ListItem.Property(custom:icon),com.mediafly-icon-,.png]</texture>
						<aspectratio>keep</aspectratio>
					</control>

					<!-- Splitter -->
					<control type="image">
						<posx>5</posx>
						<posy>185</posy>
						<height>1</height>
						<width>160</width>
						<colordiffuse>33FFFFFF</colordiffuse>
						<texture>com.mediafly-square.png</texture>
					</control>

					<!-- Title -->
					<control type="label">
						<posx>85</posx>
						<posy>190</posy>
						<width>160</width>
						<height>50</height>
						<font>font16</font>
						<align>center</align>
						<textcolor>FFFFFFFF</textcolor>
						<wrapmultiline>true</wrapmultiline>
						<info>ListItem.Label</info>
					</control>

					<!-- Channel Episode Number -->
					<control type="group">
						<posx>130</posx>
						<posy>5</posy>
						<width>35</width>
						<height>35</height>
						<visible>!IsEmpty(ListItem.Property(custom:isChannel))</visible>

						<control type="image">
							<width>35</width>
							<height>35</height>

							<texture>com.mediafly-circle.png</texture>
						</control>
						<control type="label">
							<posx>18</posx>
							<posy>0</posy>
							<width>35</width>
							<height>35</height>
							<align>center</align>
							<aligny>center</aligny>
							<textcolor>darkgrey</textcolor>
							<font>font16</font>
							<info>ListItem.Property(custom:episodeCount)</info>
						</control>
					</control>

				</control>
				
			</itemlayout>
			<focusedlayout height="250" width="175">
				<control type="group">
					<posx>10</posx>
					<posy>12</posy>

					<animation effect="zoom" end="110" center="auto" time="100">Focus</animation>

					<!-- Channel Background -->
					<control type="image">
						<height>240</height>
						<width>170</width>
						<colordiffuse>EE000000</colordiffuse>
						<visible>!IsEmpty(ListItem.Property(custom:isChannel))</visible>
						<texture border="8">com.mediafly-roundedFill.png</texture>
					</control>
					<!-- Non-Channel Background -->
					<control type="image">
						<height>240</height>
						<width>170</width>
						<colordiffuse>AA000000</colordiffuse>
						<visible>IsEmpty(ListItem.Property(custom:isChannel))</visible>
						<texture border="8">com.mediafly-roundedFill.png</texture>
					</control>>

					<!-- Thumbnail -->
					<control type="image">
						<posx>5</posx>
						<posy>5</posy>
						<width>160</width>
						<height>160</height>
						<info>ListItem.Thumb</info>
						<aspectratio>keep</aspectratio>
					</control>

					<!-- Duration -->
					<control type="label">
						<posx>10</posx>
						<posy>165</posy>
						<width>140</width>
						<height>15</height>
						<align>left</align>
						<font>font12</font>
						<info>ListItem.Property(custom:formattedDuration)</info>
					</control>
					<!-- Media Type Icon -->
					<control type="image">
						<posx>150</posx>
						<posy>165</posy>
						<width>15</width>
						<height>15</height>
						<texture>$INFO[ListItem.Property(custom:icon),com.mediafly-icon-,.png]</texture>
						<aspectratio>keep</aspectratio>
					</control>

					<!-- Focus border -->
					<control type="group">
						
						<control type="image">
							<height>240</height>
							<width>170</width>
							<colordiffuse>$INFO[App.String(item_selection_border_color)]</colordiffuse>
							<texture border="8">com.mediafly-roundedBorderThick.png</texture>
						</control>
						<control type="image">
							<posy>185</posy>
							<height>55</height>
							<width>170</width>
							<colordiffuse>$INFO[App.String(item_selection_border_color)]</colordiffuse>
							<texture border="8">com.mediafly-roundedFill.png</texture>
						</control>
					</control>
					
					<!-- Title -->
					<control type="label">
						<posx>85</posx>
						<posy>190</posy>
						<width>160</width>
						<height>50</height>
						<font>font16</font>
						<align>center</align>
						<textcolor>$INFO[App.String(item_selection_text_color)]</textcolor>
						<wrapmultiline>true</wrapmultiline>
						<info>ListItem.Label</info>
					</control>

					<!-- Channel Episode Number -->
					<control type="group">
						<posx>130</posx>
						<posy>5</posy>
						<width>35</width>
						<height>35</height>
						<visible>!IsEmpty(ListItem.Property(custom:isChannel))</visible>

						<control type="image">
							<width>35</width>
							<height>35</height>

							<texture>com.mediafly-circle.png</texture>
						</control>
						<control type="label">
							<posx>18</posx>
							<posy>0</posy>
							<width>35</width>
							<height>35</height>
							<align>center</align>
							<aligny>center</aligny>
							<textcolor>darkgrey</textcolor>
							<font>font16</font>
							<info>ListItem.Property(custom:episodeCount)</info>
						</control>
					</control>
				</control>
			</focusedlayout>

			<content type="action">
				<onclick lang="Python"><![CDATA[MainWindow.items_onClick()]]>
				</onclick>
			</content>
		</control>
		<!--
		====================================================================================
		SCROLLBAR
		====================================================================================
		-->
		<control type="group">
			<posy>130</posy>
			<posx>893</posx>
			<width>20</width>
			<height>580</height>

			<visible>!Container(200).IsEmpty</visible>

			<control type="image">
				<width>20</width>
				<height>580</height>
				<colordiffuse>EE000000</colordiffuse>
				<texture border="8">com.mediafly-roundedFill.png</texture>
			</control>

			<control type="scrollbar" id="201">
				<posy>3</posy>
				<posx>3</posx>
				<width>14</width>
				<height>574</height>

				<colordiffuse>66FFFFFF</colordiffuse>
				<texturesliderbar border="7">com.mediafly-roundedFill.png</texturesliderbar>
				<texturesliderbarfocus border="7">com.mediafly-roundedFill.png</texturesliderbarfocus>
				
				<orientation>vertical</orientation>
				<showonepage>true</showonepage>
			</control>
		</control>

		<!--
		====================================================================================
		RIGHT PANEL SIDE
		====================================================================================
		-->
		<!-- Background fade out -->
		<control type="group">
			<visible>ControlGroup(300).HasFocus</visible>

			<!-- fade bg -->
			<control type="image">
				<posx>-5</posx>
				<posy>-5</posy>
				<width>1290</width>
				<height>730</height>
				<colordiffuse>AA000000</colordiffuse>
				<texture border="8">com.mediafly-square.png</texture>
				<animation effect="fade" start="0" end="100" center="auto" time="200">VisibleChange</animation>
			</control>

			<!-- glow -->
			<control type="image">
				<posx>905</posx>
				<posy>115</posy>
				<width>380</width>
				<height>610</height>
				<texture border="23">com.mediafly-glow.png</texture>
				<animation effect="fade" start="0" end="80" center="auto" time="100">VisibleChange</animation>
			</control>
			
		</control>

		<control type="group" id="300">
			<posx>920</posx>
			<posy>130</posy>
			<width>350</width>
			<height>580</height>

			<visible>!Window.IsVisible(14001)</visible>
			
			<control type="image">
				<width>350</width>
				<height>580</height>
				<colordiffuse>99000000</colordiffuse>
				<texture border="8">com.mediafly-roundedFill.png</texture>
			</control>

			<!-- episode info -->
			<control type="group">
				<posx>10</posx>
				<posy>10</posy>
				<width>330</width>

				<!-- title -->
				<control type="label">
					<width>330</width>
					<height>25</height>
					<textcolor>$INFO[App.String(info_title_text_color)]</textcolor>
					<font>font22b</font>
					<info>Container(200).ListItem.Label</info>
					<scroll>true</scroll>
				</control>

				<!-- icon -->
				<control type="image">
					<posy>40</posy>
					<width>100</width>
					<height>100</height>
					<info>Container(200).ListItem.Thumb</info>
					<aspectratio>keep</aspectratio>
				</control>
				<control type="image">
					<posy>142</posy>
					<width>100</width>
					<height>100</height>
					<texture flipy="true" diffuse="com.mediafly-mirrordiffuse.png">$INFO[Container(200).ListItem.Thumb]</texture>
					<aspectratio>keep</aspectratio>
				</control>

				<!-- rating group -->
				<control type="group">
					<posx>110</posx>
					<posy>38</posy>
					<width>220</width>

					<visible>App.HasSetting(contentsource_supportsratings)</visible>

					<control type="label">
						<label>Episode</label>
						<font>font18b</font>
						<textcolor>FFEEEEEE</textcolor>
					</control>
					<control type="label">
						<posy>20</posy>
						<label>My Rating</label>
						<font>font16</font>
						<textcolor>FFAAAAAA</textcolor>
					</control>
					<control type="label">
						<posy>20</posy>
						<posx>220</posx>
						<align>right</align>
						<label>Community</label>
						<font>font16</font>
						<textcolor>FFAAAAAA</textcolor>
					</control>

					<!-- user episode rating -->
					<control type="image">
						<posy>40</posy>
						<width>100</width>
						<height>20</height>
						<texture>$INFO[Container(200).ListItem.Property(custom:roundedUserRating),ratings/com.mediafly-rating-,.png]</texture>
						<aspectratio>keep</aspectratio>
					</control>
					<control type="image">
						<posy>40</posy>
						<width>100</width>
						<height>20</height>
						<colordiffuse>FFAAAAAA</colordiffuse>
						<texture>ratings/com.mediafly-rating-border.png</texture>
						<aspectratio>keep</aspectratio>
					</control>
					<!-- average episode rating -->
					<control type="image">
						<posy>40</posy>
						<posx>120</posx>
						<width>100</width>
						<height>20</height>
						<texture>$INFO[Container(200).ListItem.Property(custom:roundedAverageRating),ratings/com.mediafly-rating-,.png]</texture>
						<aspectratio>keep</aspectratio>
					</control>
					<control type="image">
						<posy>40</posy>
						<posx>120</posx>
						<width>100</width>
						<height>20</height>
						<colordiffuse>FFAAAAAA</colordiffuse>
						<texture>ratings/com.mediafly-rating-border.png</texture>
						<aspectratio>keep</aspectratio>
					</control>
					
					<control type="label">
						<posy>60</posy>
						<label>Show</label>
						<font>font18b</font>
						<textcolor>FFEEEEEE</textcolor>
					</control>
					<control type="label">
						<posy>80</posy>
						<label>My Rating</label>
						<font>font16</font>
						<textcolor>FFAAAAAA</textcolor>
					</control>
					<control type="label">
						<posy>80</posy>
						<posx>220</posx>
						<align>right</align>
						<label>Community</label>
						<font>font16</font>
						<textcolor>FFAAAAAA</textcolor>
					</control>

					<!-- user show rating -->
					<control type="image">
						<posy>100</posy>
						<width>100</width>
						<height>20</height>
						<texture>$INFO[Container(200).ListItem.Property(custom:roundedShowUserRating),ratings/com.mediafly-rating-,.png]</texture>
						<aspectratio>keep</aspectratio>
					</control>
					<control type="image">
						<posy>100</posy>
						<width>100</width>
						<height>20</height>
						<colordiffuse>FFAAAAAA</colordiffuse>
						<texture>ratings/com.mediafly-rating-border.png</texture>
						<aspectratio>keep</aspectratio>
					</control>
					<!-- average show rating -->
					<control type="image">
						<posy>100</posy>
						<posx>120</posx>
						<width>100</width>
						<height>20</height>
						<texture>$INFO[Container(200).ListItem.Property(custom:roundedShowAverageRating),ratings/com.mediafly-rating-,.png]</texture>
						<aspectratio>keep</aspectratio>
					</control>
					<control type="image">
						<posy>100</posy>
						<posx>120</posx>
						<width>100</width>
						<height>20</height>
						<colordiffuse>FFAAAAAA</colordiffuse>
						<texture>ratings/com.mediafly-rating-border.png</texture>
						<aspectratio>keep</aspectratio>
					</control>

					<!-- user episode rating interface -->
					<control type="group">
						<posy>40</posy>
						<visible>Control.HasFocus(301)</visible>
						
						<control type="button" id="301">
							<height>20</height>
							<width>100</width>
							<colordiffuse>$INFO[App.String(item_selection_border_color)]</colordiffuse>
							<texturenofocus>com.mediafly-blank.png</texturenofocus>
							<texturefocus border="8">com.mediafly-roundedFill.png</texturefocus>

							<animation effect="zoom" end="115,150" center="auto" time="100">Focus</animation>
							
							<onup>111</onup>
							<ondown lang="python">MainWindow.tryFocusShowRating()</ondown>
							<onleft lang="Python">MainWindow.rateEpisode_onLeft()</onleft>
							<onright lang="Python">MainWindow.rateEpisode_onRight()</onright>
							<onfocus lang="Python">MainWindow.rateEpisode_onFocus()</onfocus>
							<onclick lang="Python">MainWindow.rateEpisode_onClick()</onclick>
						</control>

						<control type="image" id="302">
							<width>100</width>
							<height>20</height>
							<colordiffuse>FFFFD700</colordiffuse>
							<fadetime>0</fadetime>
							<texture>ratings/com.mediafly-rating-0.0.png</texture>
						</control>

						<control type="image">
							<width>100</width>
							<height>20</height>
							<texture>ratings/com.mediafly-rating-border.png</texture>
							<aspectratio>keep</aspectratio>
						</control>
						
					</control>

					<!-- user show rating interface -->
					<control type="group">
						<posy>100</posy>
						<visible>Control.HasFocus(303)</visible>
						
						<control type="button" id="303">
							<height>20</height>
							<width>100</width>
							<colordiffuse>$INFO[App.String(item_selection_border_color)]</colordiffuse>
							<texturenofocus>com.mediafly-blank.png</texturenofocus>
							<texturefocus border="8">com.mediafly-roundedFill.png</texturefocus>

							<animation effect="zoom" end="110,150" center="auto" time="100">Focus</animation>

							<onup>SetFocus(301)</onup>
							<ondown>310</ondown>
							<onleft lang="Python">MainWindow.rateShow_onLeft()</onleft>
							<onright lang="Python">MainWindow.rateShow_onRight()</onright>
							<onfocus lang="Python">MainWindow.rateShow_onFocus()</onfocus>
							<onclick lang="Python">MainWindow.rateShow_onClick()</onclick>
						</control>

						<control type="image" id="304">
							<width>100</width>
							<height>20</height>
							<colordiffuse>FFFFD700</colordiffuse>
							<fadetime>0</fadetime>
							<texture>ratings/com.mediafly-rating-0.0.png</texture>
						</control>

						<control type="image">
							<width>100</width>
							<height>20</height>
							<texture>ratings/com.mediafly-rating-border.png</texture>
							<aspectratio>keep</aspectratio>
						</control>

					</control>
				</control>

				<!-- Description -->
				<control type="group">
					<posy>215</posy>
					<posx>5</posx>

					<animation effect="fade" start="100" end="65" time="200" condition="!Control.HasFocus(331)">Conditional</animation>
					<animation type="Conditional" condition="Control.IsVisible(350)">
						<effect type="slide" start="0,0" end="0,40" time="100"/>
						<effect type="zoom" end="100,90" time="100"/>
					</animation>

					<control type="textbox" id="330">
						<height>340</height>
						<width>310</width>
						<font>font18b</font>
						<textcolor>FFEEEEEE</textcolor>
						<pagecontrol>331</pagecontrol>
						<info>Container(200).ListItem.Property(Description)</info>
					</control>

					<control type="scrollbar" id="331">
						<posx>315</posx>
						<width>7</width>
						<height>340</height>

						<onup>310</onup>
						<onleft lang="python">MainWindow.rightpanel_onLeft()</onleft>>
						<ondown>-</ondown>

						<colordiffuse>FFEEEEEE</colordiffuse>
						<texturesliderbar border="3">com.mediafly-smallRoundedFill.png</texturesliderbar>
						<texturesliderbarfocus border="3">com.mediafly-smallRoundedFill.png</texturesliderbarfocus>
						<animation effect="fade" start="100" end="0" time="200" condition="!Control.HasFocus(331) + !ControlGroup(310).HasFocus()">Conditional</animation>

						<orientation>vertical</orientation>
						<showonepage>true</showonepage>
					</control>
				</control>
			</control>
			
			<control type="group">
				<posy>160</posy>
				
				<!-- button row -->
				<control type="grouplist" id="310">
					<posy>10</posy>
					<posx>5</posx>
					<width>340</width>
					<height>70</height>
					<orientation>horizontal</orientation>
					<usecontrolcoords>true</usecontrolcoords>
					<itemgap>6</itemgap>

					<ondown>331</ondown>

					<!-- Play Button -->
					<control type="button" id="311">
						<posx>8</posx>
						<posy>5</posy>
						<width>41</width>
						<height>50</height>
						<texturenofocus>buttons/com.mediafly-play.png</texturenofocus>
						<texturefocus>buttons/com.mediafly-play_over.png</texturefocus>

						<visible>!IsEmpty(Container(200).ListItem.Property(custom:isEpisode))</visible>

						<animation effect="zoom" end="120" center="auto" time="100">Focus</animation>
						<onfocus>Control.SetLabel(320, "Play")</onfocus>
						<onleft lang="python">MainWindow.rightpanel_onLeft()</onleft>>
						<onup lang="python">MainWindow.tryFocusShowRating()</onup>
						<onclick lang="Python">MainWindow.play_onClick()</onclick>
					</control>

					<!-- Launch Button -->
					<!-- TODO renumber list.  This item is out of order -->
					<control type="button" id="318">
						<posx>8</posx>
						<posy>5</posy>
						<width>41</width>
						<height>50</height>
						<texturenofocus>buttons/com.mediafly-launch.png</texturenofocus>
						<texturefocus>buttons/com.mediafly-launch_over.png</texturefocus>

						<visible>!IsEmpty(Container(200).ListItem.Property(custom:isDocument))</visible>

						<animation effect="zoom" end="120" center="auto" time="100">Focus</animation>
						<onfocus>Control.SetLabel(320, "Launch")</onfocus>
						<onleft lang="python">MainWindow.rightpanel_onLeft()</onleft>>
						<onup lang="python">MainWindow.tryFocusShowRating()</onup>
						<onclick lang="Python">MainWindow.launch_onClick()</onclick>
					</control>

					<!-- Info Button -->
					<control type="button" id="312">
						<posy>5</posy>
						<width>41</width>
						<height>50</height>
						<texturenofocus>buttons/com.mediafly-info.png</texturenofocus>
						<texturefocus>buttons/com.mediafly-info_over.png</texturefocus>

						<animation effect="zoom" end="120" center="auto" time="100">Focus</animation>
						<onfocus>Control.SetLabel(320, "Info...")</onfocus>
						<onup lang="python">MainWindow.tryFocusShowRating()</onup>
						<onclick lang="Python">MainWindow.info_onClick()</onclick>
					</control>

					<!-- More Episodes Button -->
					<control type="button" id="313">
						<posy>5</posy>
						<width>41</width>
						<height>50</height>
						<texturenofocus>buttons/com.mediafly-show.png</texturenofocus>
						<texturefocus>buttons/com.mediafly-show_over.png</texturefocus>

						<animation effect="zoom" end="120" center="auto" time="100">Focus</animation>
						<onfocus>Control.SetLabel(320, "More Episodes")</onfocus>
						<onup lang="python">MainWindow.tryFocusShowRating()</onup>
						<onclick lang="Python">MainWindow.moreEpisodes_onClick()</onclick>
					</control>

					<!-- Favorite Button -->
					<control type="togglebutton" id="314">
						<posy>5</posy>
						<width>41</width>
						<height>50</height>
						<texturenofocus>buttons/com.mediafly-favorite.png</texturenofocus>
						<texturefocus>buttons/com.mediafly-favorite_over.png</texturefocus>
						<alttexturenofocus>buttons/com.mediafly-removefavorite.png</alttexturenofocus>
						<alttexturefocus>buttons/com.mediafly-removefavorite_over.png</alttexturefocus>

						<visible>App.HasSetting(contentsource_supportsfavorites)</visible>

						<usealttexture>!IsEmpty(Container(200).ListItem.Property(custom:isEpisodeFavorite))</usealttexture>
						<animation effect="zoom" end="120" center="auto" time="100">Focus</animation>
						<onup lang="python">MainWindow.tryFocusShowRating()</onup>
						<onfocus lang="Python">MainWindow.favoriteEpisode_onFocus()</onfocus>
						<onclick lang="Python">MainWindow.favoriteEpisode_onClick()</onclick>
						<altclick lang="Python">MainWindow.favoriteEpisode_altClick()</altclick>
					</control>

					<!-- Favorite Show Button -->
					<control type="togglebutton" id="315">
						<posy>5</posy>
						<width>41</width>
						<height>50</height>
						<texturenofocus>buttons/com.mediafly-favoriteshow.png</texturenofocus>
						<texturefocus>buttons/com.mediafly-favoriteshow_over.png</texturefocus>
						<alttexturenofocus>buttons/com.mediafly-removeshow.png</alttexturenofocus>
						<alttexturefocus>buttons/com.mediafly-removeshow_over.png</alttexturefocus>

						<visible>App.HasSetting(contentsource_supportsfavorites)</visible>

						<usealttexture>!IsEmpty(Container(200).ListItem.Property(custom:isShowFavorite))</usealttexture>
						<animation effect="zoom" end="120" center="auto" time="100">Focus</animation>
						<onup lang="python">MainWindow.tryFocusShowRating()</onup>
						<onfocus lang="Python">MainWindow.favoriteShow_onFocus()</onfocus>
						<onclick lang="Python">MainWindow.favoriteShow_onClick()</onclick>
						<altclick lang="Python">MainWindow.favoriteShow_altClick()</altclick>
					</control>

					<!-- Subscribe Button -->
					<control type="togglebutton" id="316">
						<posy>5</posy>
						<width>41</width>
						<height>50</height>
						<texturenofocus>buttons/com.mediafly-subscribeEpisode.png</texturenofocus>
						<texturefocus>buttons/com.mediafly-subscribeEpisode_over.png</texturefocus>
						<alttexturenofocus>buttons/com.mediafly-unSubscribeEpisode.png</alttexturenofocus>
						<alttexturefocus>buttons/com.mediafly-unSubscribeEpisode_over.png</alttexturefocus>

						<visible>App.HasSetting(contentsource_supportssubscriptions)</visible>

						<usealttexture>!IsEmpty(Container(200).ListItem.Property(custom:isEpisodeSubscription))</usealttexture>
						<animation effect="zoom" end="120" center="auto" time="100">Focus</animation>
						<onup lang="python">MainWindow.tryFocusShowRating()</onup>
						<onfocus lang="Python">MainWindow.subscribeEpisode_onFocus()</onfocus>
						<onclick lang="Python">MainWindow.subscribeEpisode_onClick()</onclick>
						<altclick lang="Python">MainWindow.subscribeEpisode_altClick()</altclick>
					</control>

					<!-- Subscribe Show Button -->
					<control type="togglebutton" id="317">
						<posy>5</posy>
						<width>41</width>
						<height>50</height>
						<texturenofocus>buttons/com.mediafly-subscribeshow.png</texturenofocus>
						<texturefocus>buttons/com.mediafly-subscribeshow_over.png</texturefocus>
						<alttexturenofocus>buttons/com.mediafly-removeshow.png</alttexturenofocus>
						<alttexturefocus>buttons/com.mediafly-removeshow_over.png</alttexturefocus>

						<visible>App.HasSetting(contentsource_supportssubscriptions)</visible>

						<usealttexture>!IsEmpty(Container(200).ListItem.Property(custom:isShowSubscription))</usealttexture>
						<animation effect="zoom" end="120" center="auto" time="100">Focus</animation>
						<onup lang="python">MainWindow.tryFocusShowRating()</onup>
						<onfocus lang="Python">MainWindow.subscribeShow_onFocus()</onfocus>
						<onclick lang="Python">MainWindow.subscribeShow_onClick()</onclick>
						<altclick lang="Python">MainWindow.subscribeShow_altClick()</altclick>
					</control>

				</control>

				<!-- button caption -->
				<control type="group" id="350">
					<posy>63</posy>
					<posx>10</posx>
					<visible>ControlGroup(310).HasFocus</visible>
					<animation effect="slide" start="0,-20" end="0,0" center="auto" time="50">Visible</animation>

					<control type="image">
						<width>330</width>
						<height>40</height>
						<colordiffuse>FF3399FF</colordiffuse>
						<texture border="8">com.mediafly-roundedFill.png</texture>
					</control>
					<control type="label" id="320">
						<width>330</width>
						<height>40</height>
						<align>center</align>
						<aligny>center</aligny>
						<textcolor>FFFFFFFF</textcolor>
						<font>font21</font>
						<label></label>
					</control>
				</control>
			</control>
		</control>
		
		<!--
		====================================================================================
		BRANDING - Hackish List :)
		Boxee does not save the state of labels or images that are set with SetTexture
		or SetLabel.  So we create a list with 1 item so these settings are saved.
		====================================================================================
		-->
		<control type="group" id="400">
			
			<posx>925</posx>
			<posy>135</posy>
			<width>340</width>
			<height>570</height>

			<!-- lower -->
			<control type="group">
				<posy>297</posy>
				<width>340</width>
				<height>273</height>

				<visible>!ControlGroup(300).HasFocus</visible>
				<animation type="VisibleChange">
					<effect type="fade" start="0" end="100" time="100"/>
					<effect type="zoom" end="100" start="110" center="auto" time="100" />
				</animation>

				<control type="image">
					<width>340</width>
					<height>273</height>
					<texture>com.mediafly-brandingRightLowerFade.png</texture>
				</control>

				<control type="largeimage">
					<posy>40</posy>
					<width>340</width>
					<height>233</height>
					<aspectratio>stretch</aspectratio>
					<info>App.String(contentsource_asset_branding_lower)</info>
				</control>
			</control>


			<!-- home -->
			<control type="largeimage">
				<width>340</width>
				<height>570</height>
				<aspectratio>stretch</aspectratio>
				<info>App.String(contentsource_asset_branding_home)</info>

				<visible>IsEmpty(Container(200).ListItem.Property(custom:isEpisode)) + IsEmpty(Container(200).ListItem.Property(custom:isDocument))</visible>
				<animation type="VisibleChange">
					<effect type="fade" start="0" end="100" time="100"/>
					<effect type="zoom" end="100" start="110" center="auto" time="100" />
				</animation>
			</control>
		</control>
	</controls>
</window>