<?xml version="1.0"?>
<window type="dialog" id="14001">
	<animation effect="fade" time="200">WindowOpen</animation>
	<animation effect="fade" time="200">WindowClose</animation>
    <defaultcontrol always="true">200</defaultcontrol>
    <allowoverlay>no</allowoverlay>
    <controls>
	    <control type="group">
			<control type="image">
				<width>1280</width>
				<height>720</height>
				<texture>white.png</texture>
				<colordiffuse>550A6578</colordiffuse>
			</control>
			<control type="image">
				<posx>50</posx>
				<posy>186</posy>
				<width>400</width>
				<height>348</height>
				<texture>about.jpg</texture>
			</control>
			<control type="image">
				<posx>450</posx>
				<posy>186</posy>
				<width>780</width>
				<height>348</height>
				<texture>black.png</texture>
			</control>
			<control type="label">
				<posx>455</posx>
				<posy>196</posy>
				<width>760</width>
				<height>328</height>
				<label>Sean Plott (born June 27, 1986 in Leawood, Kansas), commonly known as Day[9], is a professional Starcraft: Brood War and Starcraft 2 player as well as a famous caster known for his Day[9] Daily Netcasts, as well as his victories in the United States qualifiers to the World Cyber Games. He has been recognized as PC Gamer UK's gamer of the year. [CR][CR] Day[9] Daily provides high level commentary on competitive Starcraft matches. Day[9] has been rated A+/A on ICCUP/PGT on multiple accounts over multiple seasons, has qualified for the WCG USA finals 7 times, has qualified for the WCG Grand Finals 3 times, and won the Pan American Championship in 2007. In Starcraft 2 Day[9] is a top rated diamond player as random. [CR][CR] Website: http://day9.tv [CR] Twitter: http://twitter.com/day9tv [CR] YouTube: http://youtube.com/day9tv [CR] Team Liquid: http://bit.ly/day9tv</label>
				<textcolor>white</textcolor>
				<font>font16</font>
				<wrapmultiline>true</wrapmultiline>
			</control>
			<control type="button" id="200">
				<posx>455</posx>
				<posy>490</posy>
				<width>145</width>
				<height>145</height>
				<label>Close</label>
				<font>font26b</font>
				<textcolor>white</textcolor>
				<focusedcolor>blue</focusedcolor>
				<texturefocus>-</texturefocus>
				<texturenofocus>-</texturenofocus>
				<onright>210</onright>
				<onleft>210</onleft>
				<onclick lang="python">
<![CDATA[
xbmc.executebuiltin("Dialog.Close(14001)")
]]>
				</onclick>
			</control>
			<control type="button" id="210">
				<posx>560</posx>
				<posy>490</posy>
				<width>145</width>
				<height>145</height>
				<label>Play Daily #100 - My Life of Starcraft</label>
				<font>font26b</font>
				<textcolor>white</textcolor>
				<focusedcolor>blue</focusedcolor>
				<texturefocus>-</texturefocus>
				<texturenofocus>-</texturenofocus>
				<onright>200</onright>
				<onleft>200</onleft>
				<onclick lang="python">
<![CDATA[
item = mc.ListItem(mc.ListItem.MEDIA_VIDEO_CLIP)
item.SetLabel("My Life of Starcraft - Day[9] Daily #100")
item.SetDescription("Hear about my life of Starcraft, its downs and ups and everything in between.")
item.SetPath("http://blip.tv/day9tv/day-9-daily-100-my-life-of-starcraft-3505715")
item.SetContentType("application/x-shockwave-flash")
mc.GetPlayer().Play(item)
]]>
				</onclick>
			</control>
		</control>
	</controls>
</window>