<?xml version="1.0"?>
<window type="window" id="14000">
	<defaultcontrol always="true">201</defaultcontrol>
	<allowoverlay>no</allowoverlay>
	<onload lang="python"><![CDATA[
import day9util
import mc
import re
import tracker
from xml.sax.saxutils import unescape

mc.ShowDialogWait()

# Google Analytics tracking
myTracker = tracker.Tracker("UA-23657163-1")
myTracker.trackView()

# Import Twitter (I'm too noob to make a good integration with Twitter API, so I just scrape the info as I did with other items ;))
http = mc.Http()
i = 0
twitter_feed = http.Get("http://twitter.com/statuses/user_timeline/96848570.rss")
twitter_tweets = re.compile('<description>day9tv: (.+?)</description>').findall(twitter_feed)
twitter_times = re.compile('<pubDate>(.+?) \+0000</pubDate>').findall(twitter_feed)
twitterlabel = mc.GetWindow(14000).GetLabel(110)
twitterlabel.SetLabel('[I]' + unescape(twitter_tweets[i], {"&apos;": "'", "&quot;": '"', "&amp;lt;": "<"}) + '[/I]')
twittertime = mc.GetWindow(14000).GetLabel(111)
twittertime.SetLabel('twitter.com/day9tv: ' + twitter_times[i] + " " + str(i + 1) + "/10")
print "###############################################TWITTER FEED IMPORTED"

# Check if the live channel is online
day9util.GET_LIVESTREAM()

# Import the day9 archive and build THE list!
day9util.GET_ARCHIVE()

mc.HideDialogWait()

]]></onload>
    <controls>
		<!--#############HEADER & BACKGROUND#############-->
	     <control type="group" id="100">
            <control type="image">
                <posx>0</posx>
                <posy>0</posy>
                <width>1280</width>
                <height>720</height>
                <texture>day9bg.jpg</texture>
			</control>
			<!--Twitter Feed-->
			<control type="label" id="110">
                <description>Display latest Twitter message</description>
				<posx>35</posx>
				<posy>40</posy>
				<width>300</width>
				<height>100</height>
				<align>left</align>
				<aligny>up</aligny>
				<font>font14</font>
				<label>...loading Twitter awesomeness...</label>
				<textcolor>white</textcolor>
				<wrapmultiline>true</wrapmultiline>
			</control>
			<control type="label" id="111">
                <description>Display latest Twitter time</description>
				<posx>35</posx>
				<posy>115</posy>
				<width>310</width>
				<height>100</height>
				<align>left</align>
				<aligny>up</aligny>
				<font>font12</font>
				<label></label>
				<textcolor>lightgrey</textcolor>
				<wrapmultiline>true</wrapmultiline>
			</control>
			<control type="button" id="101">
                <description>Button to skip to next twitter entry</description>
				<posx>200</posx>
				<posy>150</posy>
				<width>140</width>
				<height>25</height>
				<onright>102</onright>
				<ondown>201</ondown>
				<texturefocus>blue.png</texturefocus>
				<texturenofocus>-</texturenofocus>
				<label>Click for next Tweet</label>
				<textcolor>white</textcolor>
				<font>font14</font>
				<textoffsetx>5</textoffsetx>
				<textoffsety>3</textoffsety>
				<onclick lang="python">
<![CDATA[
if i < 9:
	i += 1
else:
	i = 0

twitterlabel.SetLabel('[I]' + unescape(twitter_tweets[i], {"&apos;": "'", "&quot;": '"', "&amp;lt;": "<"}) + '[/I]')
twittertime.SetLabel('twitter.com/day9tv: ' + twitter_times[i] + " " + str(i + 1) + "/10")
]]>
				</onclick>
			</control>
			<!--About day9-->
			<control type="button" id="102">
				<description>Button to open overlay to tell more about Day[9]</description>
				<posx>810</posx>
				<posy>175</posy>
				<width>100</width>
				<height>25</height>
				<label>About Day[9]</label>
				<textcolor>white</textcolor>
				<font>font14</font>
				<textoffsetx>5</textoffsetx>
				<textoffsety>3</textoffsety>
				<texturefocus>blue.png</texturefocus>
				<texturenofocus>-</texturenofocus>
				<onright>103</onright>
				<onleft>101</onleft>
				<ondown>201</ondown>
				<onclick lang="python">
<![CDATA[
mc.ActivateWindow(14001)
]]>
				</onclick>	
			</control>
			<!--Live Show Button-->
			<control type="image" id="104">
				<description>Image to display offline status</description>
				<posx>948</posx>
				<posy>25</posy>
				<width>262</width>
				<height>117</height>
				<visible>true</visible>
				<texture>onair_off.png</texture>	
			</control>
			<control type="image" id="105">
				<description>Image to display online status</description>
				<visible>false</visible>
				<posx>948</posx>
				<posy>25</posy>
				<width>262</width>
				<height>117</height>
				<texture>onair_on.png</texture>	
			</control>
			<control type="button" id="103">
				<description>Button to watch the live show</description>
				<posx>954</posx>
				<posy>150</posy>
				<width>250</width>
				<height>45</height>
				<texturefocus>blue.png</texturefocus>
				<texturenofocus>-</texturenofocus>	
				<label>...checking channel online status...</label>
				<textcolor>white</textcolor>
				<font>font14</font>
				<textoffsetx>5</textoffsetx>
				<textoffsety>3</textoffsety>
				<wrapmultiline>true</wrapmultiline>
				<aligny>center</aligny>
				<ondown>201</ondown>
				<onleft>102</onleft>
				<onclick lang="python">
<![CDATA[
item = mc.ListItem(mc.ListItem.MEDIA_VIDEO_CLIP)
item.SetLabel("Day[9]'s Netcast live on Justin.tv")
item.SetDescription("High level Starcraft / Starcraft 2 commentary from an 11 year top player and veteran.")
item.SetPath("flash://justin.tv/width=1280&height=720&src=http%3A%2F%2Fwww.justin.tv%2Fday9tv?%2Fpopout")
item.SetContentType("application/x-shockwave-flash")
mc.GetPlayer().Play(item)
]]>
				</onclick>
				<onfocus lang="python">
<![CDATA[
day9util.GET_LIVESTREAM()
]]>
				</onfocus>
			</control>
		</control>
		<!--#############THE EPISODE LISTING#############-->
		<control type="group" id="200">
			<description>Episode listing</description>
				<control type="panel" id="201">
					<posx>50</posx>
					<posy>290</posy>
					<width>1220</width>
					<height>430</height>
					<onup>101</onup>
					<ondown>300</ondown>
					<onleft>101</onleft>
					<onright>300</onright>
					<scrolltime>200</scrolltime>
					<orientation>vertical</orientation>
					<itemlayout width="1220" height="135">
						<control type="image">
							<posx>3</posx>
							<posy>3</posy>
							<width>222</width>
							<height>125</height>
							<aspectratio>scale</aspectratio>
							<info>ListItem.Thumb</info>
						</control>
						<control type="image">
							<posx>228</posx>
							<posy>3</posy>
							<width>953</width>
							<height>125</height>
							<texture>white.png</texture>
							<colordiffuse>DD171717</colordiffuse>
						</control>
						<control type="label">
							<visible>Control.HasFocus(201)</visible>
							<posx>250</posx>
							<posy>8</posy>
							<width>925</width>
							<height>40</height>
							<font>font36b</font>
							<align>left</align>
							<aligny>top</aligny>
							<label>$INFO[ListItem.Label]</label>
							<textcolor>DD999999</textcolor>
						</control>
						<control type="label">
							<visible>!Control.HasFocus(201)</visible>
							<posx>250</posx>
							<posy>8</posy>
							<width>925</width>
							<height>40</height>
							<font>font36b</font>
							<align>left</align>
							<aligny>top</aligny>
							<label>$INFO[ListItem.Label]</label>
							<textcolor>DD777777</textcolor>
						</control>
						<control type="label">
							<visible>Control.HasFocus(201)</visible>
							<posx>250</posx>
							<posy>50</posy>
							<width>925</width>
							<height>65</height>
							<font>font18</font>
							<align>left</align>
							<aligny>top</aligny>
							<label>$INFO[ListItem.property(description)]</label>
							<textcolor>DD999999</textcolor>
							<wrapmultiline>true</wrapmultiline>
						</control>
							<control type="label">
							<visible>!Control.HasFocus(201)</visible>
							<posx>250</posx>
							<posy>50</posy>
							<width>925</width>
							<height>65</height>
							<font>font18</font>
							<align>left</align>
							<aligny>top</aligny>
							<label>$INFO[ListItem.property(description)]</label>
							<textcolor>DD777777</textcolor>
							<wrapmultiline>true</wrapmultiline>
						</control>
					</itemlayout>
					<focusedlayout width="1220" height="135">
						<control type="image">
							<posx>0</posx>
							<posy>0</posy>
							<width>228</width>
							<height>131</height>
							<texture>blue.png</texture>
						</control>
						<control type="image">
							<posx>3</posx>
							<posy>3</posy>
							<width>222</width>
							<height>125</height>
							<aspectratio>scale</aspectratio>
							<info>ListItem.Thumb</info>
						</control>
						<control type="image">
							<posx>228</posx>
							<posy>3</posy>
							<width>953</width>
							<height>125</height>
							<texture>white.png</texture>
							<colordiffuse>DD171717</colordiffuse>
						</control>
						<control type="label">
							<visible>Control.HasFocus(201)</visible>
							<posx>250</posx>
							<posy>8</posy>
							<width>925</width>
							<height>40</height>
							<font>font36b</font>
							<align>left</align>
							<aligny>top</aligny>
							<label>$INFO[ListItem.Label]</label>
							<textcolor>white</textcolor>
							<scroll>true</scroll>
							<scrolltime>200</scrolltime>
						</control>
						<control type="label">
							<posx>250</posx>
							<posy>50</posy>
							<width>925</width>
							<height>65</height>
							<font>font18</font>
							<align>left</align>
							<aligny>top</aligny>
							<label>$INFO[ListItem.property(description)]</label>
							<textcolor>white</textcolor>
							<wrapmultiline>true</wrapmultiline>
						</control>
					</focusedlayout>
				</control>
				<control type="image">
					<posx>0</posx>
					<posy>620</posy>
					<height>100</height>
					<width>1280</width>
					<texture>bottom.png</texture>
				</control>
				<control type="button" id="300">
					<description>Button to get MOAR episodes</description>
					<visible>false</visible>
					<onup>201</onup>
					<posx>570</posx>
					<posy>690</posy>
					<width>140</width>
					<height>25</height>
					<onleft>201</onleft>
					<texturefocus>blue.png</texturefocus>
					<texturenofocus>-</texturenofocus>
					<label>Load more episodes</label>
					<textcolor>white</textcolor>
					<font>font14</font>
					<textoffsetx>5</textoffsetx>
					<textoffsety>3</textoffsety>
					<onclick lang="python">
<![CDATA[
day9util.GET_MOREEPISODES()
]]>
					</onclick>
				</control>
		</control>
    </controls>
</window>