<app>
  <id>yes-walla</id>
  <name>Yes-Walla Israel</name>
  <version>1.04</version>
  <description>אתר הוידאו המוביל בישראל, המאפשר צפייה בפרקים מלאים מתוך מגוון התכנים המשודרים בערוצי yes, כמו גם בקטעי פרומו, ההתרחשות מאחורי הקלעים, ועוד.</description>
  <thumb>http://dir.boxee.tv/apps/yes-walla/thumb.png</thumb>
  <repository>http://dir.boxee.tv/apps</repository>
  <media>video</media>
  <copyright>Leo</copyright>
  <email>leo212@gmail.com</email>
  <type>skin</type>
  <startWindow>14000</startWindow>
  <platform>all</platform>
  <minversion>0.9.14</minversion>
  <country-allow>il</country-allow>
</app>
