<?xml version="1.0" encoding="utf-8" ?>
<app>
    <id>vice</id>
    <name>VICE</name>
    <version>1.1</version>
    <description>VICE Guide To Boxee</description>
    <thumb>http://dir.boxee.tv/apps/vice/thumb.png</thumb>
    <repository>http://dir.boxee.tv/apps</repository>
    <media>video</media>
    <copyright>Boxee</copyright>
    <email>jmckinney@vbs.tv</email>
    <type>skin</type>
    <platform>mac,linux,dlink.dsm380,intel.ce4100,iomega.zt,iomega.z1</platform>
    <minversion>1.2</minversion>
    <startWindow>14000</startWindow>
</app>
