<app>
  <id>koldcast</id>
  <name>Koldcast</name>
  <version>1.04</version>
  <description>A New Era in Entertainment. KoldCast TV delivers only the best episodic programming from today’s brightest creative talents producing independent television in this new era of entertainment. New Shows premiere weekly and new episodes are released daily.</description>
  <thumb>http://www.koldcast.tv/images/boxeethumb.png</thumb>
  <media>video</media>
  <copyright>KoldCast EMV, LLC</copyright>
  <email>adamm@ydekproductions.com</email>
  <type>skin</type>
  <platform>all</platform>
  <minversion>0.9.14</minversion>
  <startWindow>14000</startWindow>
</app>
