<?xml version="1.0"?>
<window type="window" id="14099">
    <defaultcontrol always="true"></defaultcontrol>
    <onload lang="python">
<![CDATA[
import mc

#Begin
mc.ShowDialogWait()
activewindow = mc.GetActiveWindow()
retryControl = activewindow.GetButton(105)
exitControl  = activewindow.GetControl(110)
retryControl.SetFocus()

params = mc.GetApp().GetLaunchedWindowParameters()
errorMessage = str(params['message'])

if (errorMessage == ''):
	errorMessage = 'The system is currently down.  Please try again shortly!'

activewindow.GetLabel(100).SetLabel(errorMessage)
mc.HideDialogWait()
]]>
    </onload>
    <controls>
        <control type="group">
        	<control type="image">
                <width>1280</width>
                <height>720</height>
                <texture>maintenance-background.png</texture>
            </control>
            <control type="image">
            	<posx>50</posx>
                <posy>50</posy>
                <width>400</width>
                <height>559</height>
                <texture>veedios.png</texture>
            </control>
        </control>
        <control type="group">
            <control type="label" id="100">
            	<animation type="Conditional" condition="Window.IsVisible(DialogProgress.xml)">
                    <effect type="fade" start="100" end="20" time="200"/>
                </animation>
                <posx>500</posx>
                <posy>120</posy>
                <width>650</width>
                <height>400</height>
                <font>font30b</font>
                <align>left</align>
                <aligny>center</aligny>
                <textcolor>black</textcolor>
                <label></label>
                <wrapmultiline>true</wrapmultiline>
            </control>
			<control type="button" id="105">
               <description>retry button control</description>
               <posx>500</posx>
               <posy>545</posy>
               <width>175</width>
               <height>65</height>
               <visible>true</visible>
			   <colordiffuse></colordiffuse>
               <texturefocus>black-background.png</texturefocus>
               <texturenofocus>black-background.png</texturenofocus>
               <label>Retry</label>
               <font>font30</font>
               <textcolor>white</textcolor>
			   <focusedcolor>F3ECDB12</focusedcolor>
               <align>center</align>
               <aligny>center</aligny>
			   <onright>110</onright>
               <onclick lang="python">
<![CDATA[
mc.ActivateWindow(14000) #Retry to reactivate the main window
]]>
               </onclick>
            </control>
			<control type="button" id="110">
               <description>exit button control</description>
               <posx>700</posx>
               <posy>545</posy>
               <width>175</width>
               <height>65</height>
               <visible>true</visible>
			   <colordiffuse></colordiffuse>
               <texturefocus>black-background.png</texturefocus>
               <texturenofocus>black-background.png</texturenofocus>
               <label>Exit</label>
               <font>font30</font>
               <textcolor>white</textcolor>
			   <focusedcolor>F3ECDB12</focusedcolor>
               <align>center</align>
               <aligny>center</aligny>
               <onleft>105</onleft>
               <onclick lang="python">
<![CDATA[
mc.ActivateWindow(10482) #Exit the app
]]>
               </onclick>
            </control>
        </control>
    </controls>
</window>
