<?xml version="1.0"?>
<window type="dialog" id="14024">
<onload lang="python"><![CDATA[
import mc
mc.GetActiveWindow().PopState(False)

from page import dialog, ui
from gs import user
import util

window = mc.GetWindow(14024)
items = dialog.getDialog().getItems()

numSongs = len(items)
s = ''
if numSongs > 1:
    s = 's'

page = ui.getPage()
if 'Library' in page.name and numSongs > 1:
    window.GetControl(9).SetVisible(False)
if 'MyPlaylistSongs' in page.name and numSongs == 1:
    window.GetControl(605).SetVisible(True)

isLibrary = False
isFavorite = False

if numSongs == 1: # dealing with adding only one song
    item = items[0]
    songID = item['SongID']

    mc.GetWindow(14024).GetControl(10).SetVisible(True)
    
    isLibrary = user.getUser().isLibrary(songID)
    isFavorite = user.getUser().isFavorite(songID)
    
    if not isLibrary and not isFavorite:
        window.GetControl(1).SetVisible(True)
    else:
        window.GetControl(2).SetVisible(True)
        window.GetToggleButton(602).SetSelected(True)
    
    if not isFavorite:
        window.GetControl(3).SetVisible(True)
    else:
        window.GetControl(4).SetVisible(True)
        window.GetToggleButton(603).SetSelected(True)
else:
    isLibrary = False
    isFavorite = False # always assuming adding
    window.GetControl(1).SetVisible(True)
    
def clickAddToMyMusic():
    global isLibrary
    mc.ShowDialogWait()
    if isLibrary:
        if user.getUser().removeFromLibrary(items):
            if isFavorite:
                mc.GetWindow(14024).GetControl(3).SetVisible(True)
                mc.GetWindow(14024).GetControl(4).SetVisible(False)
                mc.GetWindow(14024).GetToggleButton(603).SetSelected(False)
                #isFavorite = False
            util.notify("Removed %s song%s from Library!" % (numSongs, s), "icon_x.png")
            mc.GetWindow(14024).GetControl(1).SetVisible(True)
            mc.GetWindow(14024).GetControl(2).SetVisible(False)
            if numSongs == 1:
                isLibrary = False
    else:
        if user.getUser().addToLibrary(items):
            util.notify("Added %s song%s to Library!" % (numSongs, s), "icon_add.png")
            mc.GetWindow(14024).GetControl(2).SetVisible(True)
            mc.GetWindow(14024).GetControl(1).SetVisible(False)
            if numSongs == 1:
                isLibrary = True
    mc.HideDialogWait()
    
    if 'Library' in page.name:
        page.prepare()
        page.render()
    elif 'NowPlaying' in page.name:
        page.render()
    else:
        page.getList().render(True)
                
def clickAddToFavorites():
    global isFavorite
    if isFavorite:
        if user.getUser().removeFromFavorites(item):
            util.notify("Removed from Favorites!", "icon_x.png")
            mc.GetWindow(14024).GetControl(3).SetVisible(True)
            mc.GetWindow(14024).GetControl(4).SetVisible(False)
            isFavorite = False
    else:
        if user.getUser().addToFavorites(item):
            util.notify("Added to Favorites!", "icon_fav.png")
            mc.GetWindow(14024).GetControl(4).SetVisible(True)
            mc.GetWindow(14024).GetControl(3).SetVisible(False)
            isFavorite = True
    
    if 'Library' in page.name:
        page.prepare()
        page.render()
    elif 'NowPlaying' in page.name:
        page.render()
    else:
        page.getList().render(True)

]]>
</onload>
 <defaultcontrol always="true">602</defaultcontrol>
 <allowoverlay>no</allowoverlay>
 
	 <controls>
		<control type="group">
		<visible>!Window.IsActive(14023) + !Window.IsActive(14060) + !Window.IsActive(14030) + !Window.IsActive(14031)</visible>
         <!-- !LIGHTBOX -->
        
         <control type="image">
         	<width>380</width>
         	<height>208</height>
         	<posx>450</posx>
         	<posy>186</posy>
         	<texture>lightbox_container_2.png</texture>
	     </control>
         <control type="image">
         	<visible>Control.IsVisible(9) | Control.IsVisible(10)</visible>
         	<width>380</width>
         	<height>278</height>
         	<posx>450</posx>
         	<posy>186</posy>
         	<texture>lightbox_container_3.png</texture>
	     </control>
         <control type="image">
         	<visible>Control.IsVisible(9) + Control.IsVisible(10)</visible>
         	<width>380</width>
         	<height>348</height>
         	<posx>450</posx>
         	<posy>186</posy>
         	<texture>lightbox_container_4.png</texture>
	     </control>
	     <control type="image">
         	<visible>Control.IsVisible(9) + Control.IsVisible(10) + Control.IsVisible(605)</visible>
         	<width>380</width>
         	<height>418</height>
         	<posx>450</posx>
         	<posy>186</posy>
         	<texture>lightbox_container_5.png</texture>
	     </control>
	     <control type="label">
	     	<posx>470</posx>
	        <posy>196</posy>
	     	<font>font20</font>
	     	<textcolor>FF666666</textcolor>
	     	<label>Add Options:</label>
	     </control>
         <control type="grouplist" id="601">
           	 <visible>True</visible>
	         <width>380</width>
	         <height>370</height>
	         <posx>467</posx>
	         <posy>230</posy>
	         <itemgap>3</itemgap>
			 <control type="group" id="9">
				<width>346</width>
				<height>70</height>
				<posx>467</posx>
				<posy>444</posy>
				<ondown>606</ondown>
				<control type="togglebutton" id="602">
					<onup>605</onup>
					<width>346</width>
					<height>70</height>
					<texturefocus>lightbox_item_over.png</texturefocus>
					<texturenofocus>lightbox_item_up.png</texturenofocus>
					<alttexturefocus>lightbox_item_selected_over.png</alttexturefocus>
					<alttexturenofocus>lightbox_item_selected_up.png</alttexturenofocus>
					<!-- <usealttexture>Control.IsVisible(2)</usealttexture> -->
					<onclick lang="python">
<![CDATA[
clickAddToMyMusic()
]]>
					</onclick>
					<altclick lang="python">
<![CDATA[
clickAddToMyMusic()
]]>
					</altclick>
				</control>
				<control type="label" id="1">
					<visible>False</visible>
					<width>346</width>
					<height>70</height>
					<posx>20</posx>
					<align>left</align>
					<aligny>center</aligny>
					<textcolor>FFFFFFFF</textcolor>
					<focusedcolor>FFFFFFFF</focusedcolor>
					<textoffsetx>20</textoffsetx>
					<font>font24b</font>
					<label>Add to My Music</label>
				</control>
				<control type="label" id="2">
					<visible>False</visible>
					<width>346</width>
					<height>70</height>
					<posx>20</posx>
					<align>left</align>
					<aligny>center</aligny>
					<textcolor>FFFFFFFF</textcolor>
					<focusedcolor>FFFFFFFF</focusedcolor>
					<font>font24b</font>
					<label>Remove from My Music</label>
				</control>
			</control>
			<control type="group" id="10">
				<visible>False</visible>
				<width>346</width>
				<height>70</height>
				<posy>517</posy>
				<posx>467</posx>
				<control type="togglebutton"  id="603">
					<ondown>604</ondown>
					<onup>602</onup>
					<width>346</width>
					<height>70</height>
					<texturefocus>lightbox_item_over.png</texturefocus>
					<texturenofocus>lightbox_item_up.png</texturenofocus>
					<alttexturefocus>lightbox_item_selected_over.png</alttexturefocus>
					<alttexturenofocus>lightbox_item_selected_up.png</alttexturenofocus>
					<!-- <usealttexture>Control.IsVisible(4)</usealttexture> -->
					<align>left</align>
					<aligny>center</aligny>
					<textcolor>FFFFFFFF</textcolor>
					<focusedcolor>FFFFFFFF</focusedcolor>
					<font>font24b</font>
					<wrapmultiline>false</wrapmultiline>
					<onclick lang="python">
<![CDATA[
clickAddToFavorites()
]]>					</onclick>
					<altclick lang="python">
<![CDATA[
clickAddToFavorites()
]]>					</altclick>
				</control>
			    <control type="label" id="3">
					<visible>False</visible>
					<width>346</width>
					<height>70</height>
					<posx>20</posx>
					<align>left</align>
					<aligny>center</aligny>
					<textcolor>FFFFFFFF</textcolor>
					<focusedcolor>FFFFFFFF</focusedcolor>
					<font>font24b</font>
					<label>Add to Favorites</label>
				</control>
				<control type="label" id="4">
					<visible>False</visible>
					<width>346</width>
					<height>70</height>
					<posx>20</posx>
					<align>left</align>
					<aligny>center</aligny>
					<textcolor>FFFFFFFF</textcolor>
					<focusedcolor>FFFFFFFF</focusedcolor>
					<font>font24b</font>
					<label>Remove from Favorites</label>
				</control> 
			</control>
			
			<control type="button"  id="604">
				<width>346</width>
				<height>70</height>
				<texturefocus>lightbox_item_over.png</texturefocus>
				<texturenofocus>lightbox_item_up.png</texturenofocus>
				<align>left</align>
				<aligny>center</aligny>
				<label>  Add to Playlist</label>
				<font>font24b</font>
				<textcolor>FFFFFFFF</textcolor>
				<focusedcolor>FFFFFFFF</focusedcolor>
				<textoffsetx>10</textoffsetx>
				<wrapmultiline>false</wrapmultiline>
				<onclick lang="python"><![CDATA[
from page import dialog
dialog.addToPlaylist()
]]>				</onclick>
			</control>
			<control type="button"  id="605">
				<visible>False</visible>
				<ondown lang="python">
<![CDATA[
import mc
window = mc.GetWindow(14024)
window.GetControl(602).SetFocus()
]]>
				</ondown>
				<width>346</width>
				<height>70</height>
				<texturefocus>lightbox_item_over.png</texturefocus>
				<texturenofocus>lightbox_item_up.png</texturenofocus>
				<align>left</align>
				<aligny>center</aligny>
				<label>  Remove Song</label>
				<font>font24b</font>
				<textcolor>FFFFFFFF</textcolor>
				<focusedcolor>FFFFFFFF</focusedcolor>
				<textoffsetx>10</textoffsetx>
				<wrapmultiline>false</wrapmultiline>
				<onclick lang="python">
<![CDATA[
ui.openDialog(dialog.RemoveFromPlaylistConfirm())
]]>				</onclick>
			</control>
			<control type="button"  id="606">
				<ondown lang="python">
<![CDATA[
mc.GetWindow(14024).GetControl(602).SetFocus()
]]>
				</ondown>
				<width>346</width>
				<height>70</height>
				<texturefocus>lightbox_item_over.png</texturefocus>
				<texturenofocus>lightbox_item_up.png</texturenofocus>
				<align>left</align>
				<aligny>center</aligny>
				<label>  Cancel</label>
				<font>font24b</font>
				<textcolor>FFFFFFFF</textcolor>
				<focusedcolor>FFFFFFFF</focusedcolor>
				<textoffsetx>10</textoffsetx>
				<wrapmultiline>false</wrapmultiline>
				<onclick lang="python"><![CDATA[
import xbmc
xbmc.executebuiltin("Dialog.Close(14024)")
mc.GetActiveWindow().PopState(False)
]]>				</onclick>
			</control>
			
	     </control>
	   </control>
	 </controls>
</window>
