<?xml version="1.0"?>
<window type="dialog" id="14026">
<onload lang="python">
<![CDATA[
import mc, util
from page import ui, dialog
mc.GetActiveWindow().PopState(False)

window = mc.GetWindow(14026)

item_list = dialog.getDialog().getItems()
item = item_list[0]

position = mc.GetWindow(14002).GetList(8430).GetFocusedItem()
listitem = mc.GetWindow(14002).GetList(8430).GetItem(position)
    
window.GetLabel(50).SetLabel('"%s"' % util.safe_str(item['SongName']))

queue = grooveshark.getPlayer().getQueue()

if queue.isRadio():
    window.GetControl(605).SetVisible(True)
    window.GetControl(606).SetVisible(True)

    songID = item['SongID']

    if listitem.GetProperty('IsVoteUp'):
        window.GetToggleButton(605).SetSelected(True)
    elif listitem.GetProperty('IsVoteDown'):
        window.GetToggleButton(606).SetSelected(True)

def clickVoteUp():
    from gs import grooveshark

    mc.ShowDialogWait()

    position = dialog.getDialog().getIndex()
    item = ui.getList().getItems()[position]

    songID = item['SongID']
    if position != queue.size()-1:
    	queue.voteUp(songID)
    else:
    	queue.voteUp(songID, resetRec=False)

    #window.GetToggleButton(606).SetSelected(False)

    ui.refresh()
    mc.HideDialogWait()

    import xbmc
    xbmc.executebuiltin("Dialog.Close(14026)")
    mc.GetActiveWindow().PopState(False)

def clickVoteDown():
    from gs import grooveshark

    mc.ShowDialogWait()

    position = dialog.getDialog().getIndex()
    item = ui.getList().getItems()[position]

    songID = item['SongID']
    queue.voteDown(songID)

    if position == queue.getQueuePosition():
        mc.GetPlayer().PlayNext()
    # elif position == len(ui.getList().getAll()) - 1:
    #    queue.removeByIndex(position)

    window.GetToggleButton(605).SetSelected(False)

    ui.getPage().render()

    mc.HideDialogWait()

    import xbmc
    xbmc.executebuiltin("Dialog.Close(14026)")
    mc.GetActiveWindow().PopState(False)
]]>
</onload>
 <defaultcontrol always="true">602</defaultcontrol>
 <allowoverlay>no</allowoverlay>
	 <controls>
	  <control type="group">
	  	<visible>!Window.IsActive(14023) + !Window.IsActive(14024)</visible>
         <!-- !LIGHTBOX -->
	     
	 	 <!-- <control type="group"> -->
	 		
		 	<control type="image">
		 		<visible>Control.IsVisible(605)</visible>
	         	<width>380</width>
	         	<height>418</height>
	         	<posx>450</posx>
	         	<posy>151</posy>
	         	<texture>lightbox_container_5.png</texture>
		     </control>
		     <control type="image">
	         	<width>380</width>
	         	<height>278</height>
	         	<posx>450</posx>
	         	<posy>151</posy>
	         	<texture>lightbox_container_3.png</texture>
		     </control>
		     <control type="label" id="50">
		     	<posx>470</posx>
		        <posy>161</posy>
		        <width>340</width>
		     	<font>font20</font>
		     	<textcolor>FF666666</textcolor>
		     	<label></label>
		     </control>
	         <control type="grouplist" id="601">
	           	 <visible>True</visible>
		         <width>380</width>
		         <height>420</height>
		         <posx>467</posx>
	             <posy>195</posy>
		         <itemgap>3</itemgap>
				 <control type="button"  id="602">
					<width>346</width>
					<height>70</height>
					<texturefocus>lightbox_item_over.png</texturefocus>
					<texturenofocus>lightbox_item_up.png</texturenofocus>
					<align>left</align>
					<aligny>center</aligny>
					<label>Play Now</label>
					<textcolor>FFFFFFFF</textcolor>
					<focusedcolor>FFFFFFFF</focusedcolor>
					<textoffsetx>20</textoffsetx>
					<font>font24b</font>
					<wrapmultiline>false</wrapmultiline>
				 	<onup lang="python">
<![CDATA[
mc.GetWindow(14026).GetControl(604).SetFocus()
]]>
				 	</onup>
				 	<ondown>603</ondown>
					<onclick lang="python">
<![CDATA[
from page import dialog
from gs import player as plyr

player = plyr.getPlayer()
queuePos = dialog.getDialog().getIndex()
playlistPos = player.getQueue().getPlaylistPosition(queuePos)
player.play(playlistPos)

import xbmc
xbmc.executebuiltin("Dialog.Close(14026)")
mc.GetActiveWindow().PopState(False)
]]>					</onclick>
				</control>
				<control type="button"  id="603">
					<width>345</width>
					<height>70</height>
					<texturefocus>lightbox_item_over.png</texturefocus>
					<texturenofocus>lightbox_item_up.png</texturenofocus>
					<align>left</align>
					<aligny>center</aligny>
					<label>Remove Song</label>
					<font>font26b</font>
					<textcolor>FFFFFFFF</textcolor>
					<focusedcolor>FFFFFFFF</focusedcolor>
					<textoffsetx>20</textoffsetx>
					<wrapmultiline>false</wrapmultiline>
					<onup>605</onup>
					<ondown>601</ondown>
					<onclick lang="python"><![CDATA[
from page import dialog, ui
from gs import grooveshark

mc.ShowDialogWait()
index = dialog.getDialog().getIndex()
queuePos = grooveshark.getPlayer().getQueue().getQueuePosition()
if index == queuePos:
	mc.GetPlayer().PlayNext()
queue.removeByIndex(index)

ui.refresh()
mc.HideDialogWait()

import xbmc
xbmc.executebuiltin("Dialog.Close(14026)")
mc.GetActiveWindow().PopState(False)
]]>				
					</onclick>
				</control>
				<control type="button"  id="604">
					<width>345</width>
					<height>70</height>
					<texturefocus>lightbox_item_over.png</texturefocus>
					<texturenofocus>lightbox_item_up.png</texturenofocus>
					<align>left</align>
					<aligny>center</aligny>
					<label>Add to...</label>
					<font>font26b</font>
					<textcolor>FFFFFFFF</textcolor>
					<focusedcolor>FFFFFFFF</focusedcolor>
					<textoffsetx>20</textoffsetx>
					<wrapmultiline>false</wrapmultiline>
					<onup>603</onup>
					<ondown>602</ondown>
					<onclick lang="python">
<![CDATA[
from page import dialog
dialog.addSong()
]]>				
					</onclick>
				</control>
				<control type="togglebutton"  id="605">
					<visible>False</visible>
					<width>345</width>
					<height>70</height>
					<texturefocus>lightbox_item_over.png</texturefocus>
					<texturenofocus>lightbox_item_up.png</texturenofocus>
					<alttexturefocus>lightbox_item_selected_over.png</alttexturefocus>
					<alttexturenofocus>lightbox_item_selected_up.png</alttexturenofocus>
					<align>left</align>
					<aligny>center</aligny>
					<label>More Songs Like This</label>
					<font>font26b</font>
					<textcolor>FFFFFFFF</textcolor>
					<focusedcolor>FFFFFFFF</focusedcolor>
					<textoffsetx>20</textoffsetx>
					<wrapmultiline>false</wrapmultiline>
					<onup>603</onup>
					<ondown>602</ondown>
					<onclick lang="python">
<![CDATA[
clickVoteUp()
]]>				
					</onclick>
					<altclick lang="python">
<![CDATA[
clickVoteUp()
]]>				
					</altclick>
				</control>
				<control type="togglebutton"  id="606">
					<visible>False</visible>
					<width>345</width>
					<height>70</height>
					<texturefocus>lightbox_item_over.png</texturefocus>
					<texturenofocus>lightbox_item_up.png</texturenofocus>
					<alttexturefocus>lightbox_item_selected_over.png</alttexturefocus>
					<alttexturenofocus>lightbox_item_selected_up.png</alttexturenofocus>
					<align>left</align>
					<aligny>center</aligny>
					<label>Fewer Songs Like This</label>
					<font>font26b</font>
					<textcolor>FFFFFFFF</textcolor>
					<focusedcolor>FFFFFFFF</focusedcolor>
					<textoffsetx>20</textoffsetx>
					<wrapmultiline>false</wrapmultiline>
					<onup>603</onup>
					<ondown>602</ondown>
					<onclick lang="python">
<![CDATA[
clickVoteDown()
]]>				
					</onclick>
					<altclick lang="python">
<![CDATA[
clickVoteDown()
]]>				
					</altclick>
				</control>
		 </control>
	   </control> 
	 </controls>
</window>
