<?xml version="1.0"?>
<window type="dialog" id="14070">
<onload lang="python"><![CDATA[
import mc

window = mc.GetWindow(14070)

playlistID = ui.getPage().getPageItem()['PlaylistID']

]]></onload>
 <defaultcontrol always="true">602</defaultcontrol>
 <allowoverlay>no</allowoverlay>
	 <controls>
	 	<control type="group">
	 		<visible>!Window.IsActive(14030) + !Window.IsActive(14031) + !Window.IsActive(14060)</visible>
	 	
         <!-- !LIGHTBOX -->
        
         <control type="image">
         	<width>380</width>
         	<height>278</height>
         	<posx>450</posx>
         	<posy>231</posy>
         	<texture>lightbox_container_3.png</texture>
	     </control>
	     <control type="label">
	     	<posx>470</posx>
	        <posy>241</posy>
	     	<font>font20</font>
	     	<textcolor>FF666666</textcolor>
	     	<label>Playlist Options:</label>
	     </control>
         <control type="grouplist"   id="601">
           	 <visible>True</visible>
	         <width>380</width>
	         <height>418</height>
	         <posx>467</posx>
	         <posy>281</posy>
	         <itemgap>3</itemgap>
			 <control type="button"  id="602">
			 	<onup lang="python">
<![CDATA[
mc.GetWindow(14021).GetControl(607).SetFocus()
]]>
			 	</onup>
			 	<width>346</width>
				<height>70</height>
				<texturefocus>lightbox_item_over.png</texturefocus>
				<texturenofocus>lightbox_item_up.png</texturenofocus>
				<align>left</align>
				<aligny>center</aligny>
				<label>  Rename Playlist</label>
				<font>font24b</font>
				<textcolor>FFFFFFFF</textcolor>
				<focusedcolor>FFFFFFFF</focusedcolor>
				<textoffsetx>10</textoffsetx>
				<wrapmultiline>false</wrapmultiline>
				<onclick lang="python"><![CDATA[
from page import ui, dialog
ui.openDialog(dialog.RenamePlaylist())
]]>				</onclick>
			</control>
			<control type="button"  id="603">
				<ondown>604</ondown>
				<width>346</width>
				<height>70</height>
				<texturefocus>lightbox_item_over.png</texturefocus>
				<texturenofocus>lightbox_item_up.png</texturenofocus>
				<align>left</align>
				<aligny>center</aligny>
				<label>  Delete Playlist</label>
				<font>font24b</font>
				<textcolor>FFFFFFFF</textcolor>
				<focusedcolor>FFFFFFFF</focusedcolor>
				<textoffsetx>10</textoffsetx>
				<wrapmultiline>false</wrapmultiline>
				<onclick lang="python"><![CDATA[
from page import ui, dialog
ui.openDialog(dialog.DeletePlaylistConfirm())
]]>				</onclick>
			</control>
			<control type="button"  id="604">
				<ondown>604</ondown>
				<width>346</width>
				<height>70</height>
				<texturefocus>lightbox_item_over.png</texturefocus>
				<texturenofocus>lightbox_item_up.png</texturenofocus>
				<align>left</align>
				<aligny>center</aligny>
				<label>  Cancel</label>
				<font>font24b</font>
				<textcolor>FFFFFFFF</textcolor>
				<focusedcolor>FFFFFFFF</focusedcolor>
				<textoffsetx>10</textoffsetx>
				<wrapmultiline>false</wrapmultiline>
				<onclick lang="python"><![CDATA[
import xbmc
xbmc.executebuiltin("Dialog.Close(14070)")
]]>				</onclick>
			</control>
			
			
			
							
	     </control>
	  </control>   	

	 </controls>
</window>
