<?xml version="1.0"?>
<window type="dialog" id="14030">
 <defaultcontrol always="true">602</defaultcontrol>
 <allowoverlay>no</allowoverlay>
	 <controls>

         <!-- !LIGHTBOX -->
	     
        <control type="group">
        	<posx>450</posx>
        	<posy>256</posy>
        
	       	 <control type="image">
	         	<width>380</width>
	         	<height>205</height>
	         	<texture>lightbox_container_2.png</texture>
	       	 </control>
	       	 <control type="label" id="10">
	       	 	<posx>20</posx>
	       	 	<posy>15</posy>
	       	 	<textcolor>FF666666</textcolor>
	       	 	<label></label>
	       	 </control>
	         <control type="grouplist">
	           	 <visible>True</visible>
		         <posx>17</posx>
		         <posy>55</posy>
		         <font>font30b</font>
		         <itemgap>0</itemgap>
				 <control type="button"  id="602">
				 	<ondown>603</ondown>
					<width>345</width>
					<height>70</height>
					<texturefocus>lightbox_item_over.png</texturefocus>
					<texturenofocus>lightbox_item_up.png</texturenofocus>
					<align>left</align>
					<aligny>center</aligny>
					<label>  Yes</label>
					<textcolor>FFFFFFFF</textcolor>
					<focusedcolor>FFFFFFFF</focusedcolor>
					<font>font26b</font>
					<wrapmultiline>false</wrapmultiline>
					<onclick lang="python">
<![CDATA[
from page import dialog
dialog.getDialog().getCurrentDialog().click()
]]>				
					</onclick>
				</control>
				<control type="button"  id="603">
					<ondown>604</ondown>
					<width>346</width>
					<height>70</height>
					<texturefocus>lightbox_item_over.png</texturefocus>
					<texturenofocus>lightbox_item_up.png</texturenofocus>
					<align>left</align>
					<aligny>center</aligny>
					<label>  Cancel</label>
					<textcolor>FFFFFFFF</textcolor>
					<focusedcolor>FFFFFFFF</focusedcolor>
					<font>font26b</font>
					<wrapmultiline>false</wrapmultiline>
	                <onclick lang="python">
<![CDATA[
import xbmc
xbmc.executebuiltin("Dialog.Close(14030)")
]]>					</onclick>
				</control>
		     </control>
		     
		 </control>
	 </controls>
</window>
