<?xml version="1.0"?>
<window type="dialog" id="14040">
 <defaultcontrol always="true">2</defaultcontrol>
 <allowoverlay>no</allowoverlay>
 <onload lang="python"><![CDATA[
import mc
from gs import service
trial = service.getTrial()
text = "You are on day %s of your trial with %s songs left to play." % (trial.getDaysLeft(), trial.getSongsLeft())
label = mc.GetWindow(14040).GetLabel(1).SetLabel(text)
]]></onload>
	 <controls>

         <!-- !LIGHTBOX -->
	     
        <control type="group">
        	<posx>390</posx>
        	<posy>256</posy>
        
	       	 <control type="image">
	         	<width>500</width>
	         	<height>213</height>
	         	<texture>lightbox_container_createplaylist.png</texture>
	       	 </control>
	       	 <control type="label" id="1">
	       	 	<posx>20</posx>
	       	 	<posy>20</posy>
	       	 	<width>460</width>
	       	 	<textcolor>FF666666</textcolor>
	       	 	<font>font26b</font>
	       	 	<label></label>
	       	 	<wrapmultiline>True</wrapmultiline>
	       	 </control>
	       	 <control type="button" id="2">
	       	 	<width>466</width>
	       	 	<height>69</height>
	       	 	<posx>17</posx>
	       	 	<posy>127</posy>
	       	 	<texturenofocus>lightbox_item_wide_up.png</texturenofocus>
	       	 	<texturefocus>lightbox_item_wide_over.png</texturefocus>
	       	 	<label>Ok</label>
	       	 	<font>font24b</font>
	       	 	<textcolor>FFFFFFFF</textcolor>
	       	 	<align>center</align>
	       	 	<aligny>center</aligny>
	       	 	<onclick lang="python">
<![CDATA[
import xbmc
xbmc.executebuiltin("Dialog.Close(14040)")
]]>
	       	 	</onclick>
	       	 </control>
		     
		 </control>
	 </controls>
</window>

