<?xml version="1.0"?>
<window type="dialog" id="14032">
 <defaultcontrol always="true">602</defaultcontrol>
 <allowoverlay>no</allowoverlay>
	 <controls>

         <!-- !LIGHTBOX -->
	     
        <control type="group">
        	<posx>450</posx>
        	<posy>256</posy>
        
	       	 <control type="image">
	         	<width>380</width>
         		<height>278</height>
	         	<texture>lightbox_container_3.png</texture>
	       	 </control>
	       	 <control type="label">
	       	 	<posx>20</posx>
	       	 	<posy>30</posy>
	       	 	<width>340</width>
	       	 	<textcolor>FF666666</textcolor>
	       	 	<label>Are you sure you want to replace your currently playing songs?</label>
	       	 	<wrapmultiline>True</wrapmultiline>
	       	 </control>
	         <control type="grouplist">
	           	 <visible>True</visible>
		         <posx>17</posx>
		         <posy>109</posy>
		         <font>font30b</font>
		         <itemgap>0</itemgap>
				 <control type="button"  id="602">
				 	<onup lang="python">
<![CDATA[
import mc
mc.GetWindow(14032).GetControl(603).SetFocus()				 	
]]>				 	
				 	</onup>
				 	<width>345</width>
					<height>70</height>
					<texturefocus>lightbox_item_over.png</texturefocus>
					<texturenofocus>lightbox_item_up.png</texturenofocus>
					<align>left</align>
					<aligny>center</aligny>
					<label>  Yes</label>
					<textcolor>FFFFFFFF</textcolor>
					<focusedcolor>FFFFFFFF</focusedcolor>
					<font>font26b</font>
					<wrapmultiline>false</wrapmultiline>
					<onclick lang="python">
<![CDATA[
from mc import GetPlayer
from gs import player as plyr
from page import ui
from page import nowplaying

player = plyr.getPlayer()
player.getQueue().clear()
GetPlayer().Stop()
player.getQueue().insertNext(items)
player.play()

import xbmc
xbmc.executebuiltin("Dialog.Close(14032)")
xbmc.executebuiltin("Dialog.Close(14021)")

ui.open(nowplaying.NowPlaying())
]]>				
					</onclick>
				</control>
				<control type="button"  id="603">
					<ondown lang="python">
<![CDATA[
import mc
mc.GetWindow(14032).GetControl(602).SetFocus()			 	
]]>				 	
				 	</ondown>
					<width>346</width>
					<height>70</height>
					<texturefocus>lightbox_item_over.png</texturefocus>
					<texturenofocus>lightbox_item_up.png</texturenofocus>
					<align>left</align>
					<aligny>center</aligny>
					<label>  Cancel</label>
					<textcolor>FFFFFFFF</textcolor>
					<focusedcolor>FFFFFFFF</focusedcolor>
					<font>font26b</font>
					<wrapmultiline>false</wrapmultiline>
	                <onclick lang="python">
<![CDATA[
import xbmc
xbmc.executebuiltin("Dialog.Close(14032)")
]]>					</onclick>
				</control>
		     </control>
		     
		 </control>
	 </controls>
</window>
