<?xml version="1.0"?>
<window type="dialog" id="14060">
 <defaultcontrol always="true">1</defaultcontrol>
 <allowoverlay>no</allowoverlay>
	 <controls>

         <!-- !LIGHTBOX -->
	     
        <control type="group">
        	<posx>390</posx>
        	<posy>254</posy>
        
	       	 <control type="image">
	         	<width>500</width>
	         	<height>213</height>
	         	<texture>lightbox_container_createplaylist.png</texture>
	       	 </control>
	       	 <control type="label" id="10">
	       	 	<posx>20</posx>
	       	 	<posy>20</posy>
	       	 	<width>350</width>
	       	 	<textcolor>FF666666</textcolor>
	       	 	<font>font20b</font>
	       	 	<label></label>
	       	 </control>
	       	 <control type="edit" id="1">
	       	 	<posx>17</posx>
	       	 	<posy>52</posy>
	       	 	<width>466</width>
	       	 	<height>70</height>
	       	 	<texturenofocus>createplaylist_input_up.png</texturenofocus>
	       	 	<texturefocus>createplaylist_input_over.png</texturefocus>
	       	 	<font>font22</font>
	       	 	<textcolor>FF444444</textcolor>
	       	 	<focusedcolor>FF444444</focusedcolor>
	       	 	<onup>3</onup>
	       	 	<ondown>3</ondown>
	       	 </control>
	       	  <control type="button" id="2">
		     	<posx>17</posx>
		     	<posy>126</posy>
		     	<width>231</width>
		     	<height>70</height>
		     	<texturenofocus>createplaylist_button_up.png</texturenofocus>
		     	<texturefocus>createplaylist_button_over.png</texturefocus>
		     	<label>Cancel</label>
		     	<textcolor>FFFFFFFF</textcolor>
		     	<focusedcolor>FFFFFFFF</focusedcolor>
		     	<font>font22b</font>
		     	<aligny>center</aligny>
		     	<align>center</align>
		     	<onright>3</onright>
		     	<onup>1</onup>
		     	<ondown>1</ondown>
		     	<onleft>3</onleft>
		     	<onclick lang="python">
<![CDATA[
import xbmc
xbmc.executebuiltin("Dialog.Close(14060)") 
]]>
		     	</onclick>
		     </control>
		     <control type="button" id="3">
		     	<posx>252</posx>
		     	<posy>126</posy>
		     	<width>231</width>
		     	<height>70</height>
		     	<texturenofocus>createplaylist_button_up.png</texturenofocus>
		     	<texturefocus>createplaylist_button_over.png</texturefocus>
		     	<label></label>
		     	<textcolor>FFFFFFFF</textcolor>
		     	<focusedcolor>FFFFFFFF</focusedcolor>
		     	<font>font22b</font>
		     	<aligny>center</aligny>
		     	<align>center</align>
		     	<onright>2</onright>
		     	<onup>1</onup>
		     	<ondown>1</ondown>
		     	<onleft>2</onleft>
		     	<onclick lang="python">
<![CDATA[
from page import dialog
dialog.getDialog().getCurrentDialog().click()
]]>
		     	</onclick>
		     </control>
		    
		 </control>
	 </controls>
</window>
