<?xml version="1.0"?>
<window type="dialog" id="14021">
<onload lang="python"><![CDATA[
import mc

window = mc.GetWindow(14021)

mc.GetActiveWindow().PopState(False)
from page import dialog

items = dialog.getDialog().getItems()

singleItem = len(items) == 1

if not singleItem:
    window.GetControl(605).SetVisible(True)
elif singleItem:
    window.GetControl(606).SetVisible(True)
]]></onload>
 <defaultcontrol always="true">602</defaultcontrol>
 <allowoverlay>no</allowoverlay>
	 <controls>
	 	<control type="group">
	 		<visible>!Window.IsActive(14023) + !Window.IsActive(14024) + !Window.IsActive(14031)</visible>
	 	
	 	
         <!-- !LIGHTBOX -->
        
         <control type="image">
         	<width>380</width>
         	<height>418</height>
         	<posx>450</posx>
         	<posy>151</posy>
         	<texture>lightbox_container_5.png</texture>
	     </control>
	     <control type="label">
	     	<posx>470</posx>
	        <posy>161</posy>
	     	<font>font20</font>
	     	<textcolor>FF666666</textcolor>
	     	<label>Play Options:</label>
	     </control>
         <control type="grouplist"   id="601">
           	 <visible>True</visible>
	         <width>380</width>
	         <height>418</height>
	         <posx>467</posx>
	         <posy>195</posy>
	         <itemgap>3</itemgap>
			 <control type="button"  id="602">
			 	<onup lang="python">
<![CDATA[
mc.GetWindow(14021).GetControl(607).SetFocus()
]]>
			 	</onup>
			 	<width>346</width>
				<height>70</height>
				<texturefocus>lightbox_item_over.png</texturefocus>
				<texturenofocus>lightbox_item_up.png</texturenofocus>
				<align>left</align>
				<aligny>center</aligny>
				<label>  Play Now</label>
				<font>font24b</font>
				<textcolor>FFFFFFFF</textcolor>
				<focusedcolor>FFFFFFFF</focusedcolor>
				<textoffsetx>10</textoffsetx>
				<wrapmultiline>false</wrapmultiline>
				<onclick lang="python"><![CDATA[
from gs import player as plyr

player = plyr.getPlayer()
queue = player.getQueue()

queue = player.getQueue() 
pos = queue.insertNext(items)
if player.player.IsPlaying():
    pos += 1
pos = queue.getPlaylistPosition(pos)
player.play(pos)

import xbmc
xbmc.executebuiltin("Dialog.Close(14021)")
mc.GetActiveWindow().PopState(False)
]]>				</onclick>
			</control>
			<control type="button"  id="603">
				<ondown>604</ondown>
				<width>346</width>
				<height>70</height>
				<texturefocus>lightbox_item_over.png</texturefocus>
				<texturenofocus>lightbox_item_up.png</texturenofocus>
				<align>left</align>
				<aligny>center</aligny>
				<label>  Play Next</label>
				<font>font24b</font>
				<textcolor>FFFFFFFF</textcolor>
				<focusedcolor>FFFFFFFF</focusedcolor>
				<textoffsetx>10</textoffsetx>
				<wrapmultiline>false</wrapmultiline>
				<onclick lang="python"><![CDATA[
from page import dialog

from gs import player as plyr
player = plyr.getPlayer()
queue = player.getQueue()
player.getQueue().insertNext(items)

import xbmc
xbmc.executebuiltin("Dialog.Close(14021)")
mc.GetActiveWindow().PopState(False)
]]>				</onclick>
			</control>
			<control type="button"  id="604">
				<width>346</width>
				<height>70</height>
				<texturefocus>lightbox_item_over.png</texturefocus>
				<texturenofocus>lightbox_item_up.png</texturenofocus>
				<align>left</align>
				<aligny>center</aligny>
				<label>  Play Last</label>
				<font>font24b</font>
				<textcolor>FFFFFFFF</textcolor>
				<focusedcolor>FFFFFFFF</focusedcolor>
				<textoffsetx>10</textoffsetx>
				<wrapmultiline>false</wrapmultiline>
				<onclick lang="python"><![CDATA[

from gs import player as plyr
player = plyr.getPlayer()
queue = player.getQueue()
player.getQueue().insertLast(items)

import xbmc
xbmc.executebuiltin("Dialog.Close(14021)")
mc.GetActiveWindow().PopState(False)
]]>				</onclick>
			</control>
			
			
			<control type="button"  id="605">
	     		<visible>False</visible>
	     		<onup>604</onup>
	     		<posy>222</posy>
				<width>346</width>
				<height>70</height>
				<texturefocus>lightbox_item_over.png</texturefocus>
				<texturenofocus>lightbox_item_up.png</texturenofocus>
				<align>left</align>
				<aligny>center</aligny>
				<label>  Replace Current Songs</label>
				<font>font24b</font>
				<textcolor>FFFFFFFF</textcolor>
				<focusedcolor>FFFFFFFF</focusedcolor>
				<textoffsetx>10</textoffsetx>
				<wrapmultiline>false</wrapmultiline>
				<onclick lang="python">
<![CDATA[
from page import ui, dialog
ui.openDialog(dialog.ReplaceQueueConfirm())
]]>				
				</onclick>
			</control>
			<control type="button"  id="606">
				<visible>False</visible>
				<onup>604</onup>
				<posy>222</posy>
				<width>346</width>
				<height>70</height>
				<texturefocus>lightbox_item_over.png</texturefocus>
				<texturenofocus>lightbox_item_up.png</texturenofocus>
				<align>left</align>
				<aligny>center</aligny>
				<label>  Add To...</label>
				<font>font24b</font>
				<textcolor>FFFFFFFF</textcolor>
				<focusedcolor>FFFFFFFF</focusedcolor>
				<textoffsetx>10</textoffsetx>
				<wrapmultiline>false</wrapmultiline>
				<onclick lang="python">
<![CDATA[
from page import dialog
dialog.addSong()
]]>				
				</onclick>
			</control>
			<control type="button"  id="607">
				<visible>True</visible>
				<onup>604</onup>
				<posy>222</posy>
				<width>346</width>
				<height>70</height>
				<texturefocus>lightbox_item_over.png</texturefocus>
				<texturenofocus>lightbox_item_up.png</texturenofocus>
				<align>left</align>
				<aligny>center</aligny>
				<label>Cancel</label>
				<font>font24b</font>
				<textcolor>FFFFFFFF</textcolor>
				<focusedcolor>FFFFFFFF</focusedcolor>
				<textoffsetx>20</textoffsetx>
				<wrapmultiline>false</wrapmultiline>
				<onclick lang="python">
<![CDATA[
import xbmc
xbmc.executebuiltin("Dialog.Close(14021)")
]]>				
				</onclick>
			</control>
			
							
	     </control>
	  </control>   	

	 </controls>
</window>
