<?xml version="1.0"?>
<window type="dialog" id="14023">
 <defaultcontrol always="true">601</defaultcontrol>
 <onload lang="python">
<![CDATA[
import mc
from gs import service, grooveshark
from model import list
import xbmc
import util

mc.ShowDialogWait()

listitems = mc.ListItems()

new = mc.ListItem(mc.ListItem.MEDIA_UNKNOWN)
new.SetLabel("Create New Playlist")
new.SetPath("")
new.SetProperty("NewPlaylist", "True")

listitems.append(new)

playlists = grooveshark.getUser().getMyPlaylists()

playlistList = list.PlaylistList()
playlistList.setWindowID(14023)
playlistList.setListID(601)
playlistList.setItems(playlists)

playlistListItems = playlistList.getListItems()

if len(playlistListItems) > 0:
    for listitem in playlistListItems:
        listitems.append(listitem)

cancel = mc.ListItem(mc.ListItem.MEDIA_UNKNOWN)
cancel.SetLabel("Cancel")
cancel.SetPath("")
cancel.SetProperty("PlaylistID", "")

listitems.append(cancel)

if len(listitems) > 5:
    mc.GetWindow(14023).GetControl(6).SetVisible(True)
    mc.GetWindow(14023).GetControl(8900).SetVisible(True)
if len(listitems) == 5:
    mc.GetWindow(14023).GetControl(5).SetVisible(True)
elif len(listitems) == 4:
    mc.GetWindow(14023).GetControl(4).SetVisible(True)
elif len(listitems) == 3:
    mc.GetWindow(14023).GetControl(3).SetVisible(True)
else:
    mc.GetWindow(14023).GetControl(2).SetVisible(True)

w = mc.GetWindow(14023)
    
l = w.GetList(601)
l.SetItems(listitems, len(listitems) - 1) 
l.SetVisible(True)
l.SetFocusedItem(0)

mc.HideDialogWait()
]]>
 </onload>
 <allowoverlay>no</allowoverlay>
	 <controls>
	 
         <!-- !LIGHTBOX -->
        <control type="group"> 
        <visible>!Window.IsActive(14060)</visible>       
         <control type="image" id="6">
         	<visible>False</visible>
         	<width>400</width>
         	<height>426</height>
         	<posx>450</posx>
         	<posy>186</posy>
         	<texture>lightbox_container_playlist.png</texture>
	     </control>
	     <control type="image" id="5">
	     	<visible>False</visible>
	     	<posx>450</posx>
	     	<posy>186</posy>
         	<width>380</width>
         	<height>426</height>
         	<texture>lightbox_container_5.png</texture>
       	 </control>
	     <control type="image" id="4">
	     	<visible>False</visible>
	     	<posx>450</posx>
	     	<posy>186</posy>
         	<width>380</width>
         	<height>348</height>
         	<texture>lightbox_container_4.png</texture>
       	 </control>
       	 <control type="image" id="3">
	     	<visible>False</visible>
	     	<posx>450</posx>
	     	<posy>186</posy>
         	<width>380</width>
         	<height>278</height>
         	<texture>lightbox_container_3.png</texture>
       	 </control>
       	 <control type="image" id="2">
	     	<visible>False</visible>
	     	<posx>450</posx>
	     	<posy>186</posy>
         	<width>380</width>
         	<height>208</height>1
         	<texture>lightbox_container_2.png</texture>
       	 </control>
	     <control type="label">
	     	<visible>True</visible>
	     	<posx>470</posx>
		    <posy>199</posy>
	     	<font>font20</font>
	     	<textcolor>FF666666</textcolor>
	     	<label>Add to Playlist:</label>
	     </control>
	     <control type="scrollbar" id="8900">
			<visible>False</visible>
       		<posx>826</posx>
       		<posy>228</posy>
       		<width>10</width>
       		<height>363</height>
       		<orientation>vertical</orientation>
       		<texturesliderbar border="10">lightbox_scroll_slider.png</texturesliderbar>
       		<texturesliderbarfocus border="10">lightbox_scroll_slider.png</texturesliderbarfocus>
		   	<texturesliderbackground>lightbox_scroll_bg.png</texturesliderbackground>
		   	<showonepage>False</showonepage>
       	</control>
         <control type="list" id="601">
           	 <visible>True</visible>
	         <width>380</width>
	         <height>366</height>
	         <posx>467</posx>
	         <posy>231</posy>
	         <pagecontrol>8900</pagecontrol>
	         <itemgap>3</itemgap>
	         <onup lang="python">
<![CDATA[
lastItem = len(listitems) -1
w.GetList(601).SetFocusedItem(lastItem)
]]>
	         </onup>
	         <ondown lang="python">
<![CDATA[
w.GetList(601).SetFocusedItem(0)
]]>
	         </ondown>
	         <itemlayout width="346" height="74">
				 <control type="image">
				 	<texture>lightbox_item_up.png</texture>
				 	<width>346</width>
					<height>70</height>
				 </control>
				 <control type="label">
				 	<width>316</width>
					<height>70</height>
					<posx>20</posx>
				 	<label>$INFO[ListItem.Label]</label>
				 	<textcolor>FFFFFFFF</textcolor>
				 	<align>left</align>
					<aligny>center</aligny>
					<textcolor>FFFFFFFF</textcolor>
					<focusedcolor>FFFFFFFF</focusedcolor>
					<font>font24b</font>
				 </control>
			</itemlayout>
			<focusedlayout width="346" height="74">
				 <control type="image">
				 	<texture>lightbox_item_over.png</texture>
				 	<width>346</width>
					<height>70</height>
				 </control>
				 <control type="label">
				 	<width>316</width>
					<height>70</height>
					<posx>20</posx>
				 	<label>$INFO[ListItem.Label]</label>
				 	<textcolor>FFFFFFFF</textcolor>
				 	<align>left</align>
					<aligny>center</aligny>
					<textcolor>FFFFFFFF</textcolor>
					<focusedcolor>FFFFFFFF</focusedcolor>
					<font>font24b</font>
				 </control>
			</focusedlayout>
			<content type="action">
				<onclick lang="python"><![CDATA[
import mc, page
from gs import user
from page import dialog, ui

itemNumber = mc.GetWindow(14023).GetList(601).GetFocusedItem()
playlist =  mc.GetWindow(14023).GetList(601).GetItem(itemNumber)
playlistID = playlist.GetProperty("PlaylistID")
playlistName = playlist.GetLabel()
newPlaylist = playlist.GetProperty("NewPlaylist")

items = dialog.getDialog().getItems()

if playlistID:
    if user.getUser().updatePlaylist(playlistID, items):
         util.notify("Added songs to %s!" % util.safe_str(playlistName), "icon_plus.png")
         import xbmc
         xbmc.executebuiltin("Dialog.Close(14023)")
         mc.GetActiveWindow().PopState(False)
    else:
        util.notify("Uh-oh, something went wrong.")
        
if newPlaylist:
    ui.openDialog(dialog.CreatePlaylist())

]]>
				</onclick>
		    </content>
	     </control>
	    </control>
	 </controls>
</window>
