<?xml version="1.0"?>
<window type="window" id="14000">
 <onload lang="python">
<![CDATA[
import mc
]]></onload>
 <defaultcontrol always="true">1</defaultcontrol>
 <allowoverlay>no</allowoverlay>
	 <controls>
	 	<control type="image">
	 		<width>1280</width>
	 		<height>720</height>
	 		<texture>cloudworld.png</texture>
	 	</control>
	 	<control type="image">
	 		<texture>gs_logo_large_light.png</texture>
	 		<posx>408</posx>
	 		<posy>160</posy>
	 	</control>
	 	<control type="label">
		 	<posx>287</posx>
		 	<posy>270</posy>
		 	<font>font28b</font>
		 	<textcolor>FFFFFFFF</textcolor>
		 	<label>Email or Username:</label>
	 	</control>
		<control type="edit" id="1">
			<posx>287</posx>
			<posy>310</posy>
			<width>341</width>
			<height>76</height>
			<font>font28b</font>
			<textcolor>FFFFFFFF</textcolor>
			<focusedcolor>FFFFFFFF</focusedcolor>
			<texturenofocus>login_input_up.png</texturenofocus>
		 	<texturefocus>login_input_over.png</texturefocus>
		 	<onright>2</onright>
		 	<ondown>3</ondown>
		</control>
		<control type="label">
		 	<posx>652</posx>
		 	<posy>270</posy>
		 	<font>font28b</font>
		 	<textcolor>FFFFFFFF</textcolor>
		 	<label>Password:</label>
	 	</control>
		<control type="edit" id="2">
			<posx>652</posx>
			<posy>310</posy>
			<width>341</width>
			<height>76</height>
			<font>font28b</font>
			<textcolor>FFFFFFFF</textcolor>
			<focusedcolor>FFFFFFFF</focusedcolor>
			<password>True</password>
			<texturenofocus>login_input_up.png</texturenofocus>
			<texturefocus>login_input_over.png</texturefocus>
			<onleft>1</onleft>
			<ondown>3</ondown>
		</control>
		<control type="button" id="3">
			<width>706</width>
			<height>76</height>
			<posx>287</posx>
			<posy>410</posy>
			<label>Login</label>
			<textcolor>FFFFFFFF</textcolor>a
			<focusedcolor>FFFFFFFF</focusedcolor>
			<font>font34b</font>
			<align>center</align>
			<aligny>center</aligny>
			<texturenofocus>login_up.png</texturenofocus>
			<texturefocus>login_over.png</texturefocus>
            <onclick lang="python"><![CDATA[
mc.ShowDialogWait()
username = mc.GetActiveWindow().GetEdit(1).GetText()
password = mc.GetActiveWindow().GetEdit(2).GetText()
import gs.user
user = gs.user.getUser()
user.setUsername(username)
user.setPassword(password)
user.authenticate()
mc.HideDialogWait()
if not user.isLoggedIn():
    mc.ShowDialogOk("Can't login", "Your username and password combination are incorrect.")
else:
    mc.GetApp().RunScript('app', mc.Parameters())
]]></onclick>          
		</control>
		<control type="label">
			<width>1280</width>
			<posy>530</posy>
			<font>font20</font>
			<textcolor>FFFFFFFF</textcolor>
			<align>center</align>
			<label>To use Grooveshark on Boxee, please login. Don't have an account? Get one for free at Grooveshark.com</label>
		</control>
	 </controls>
</window>
