<?xml version="1.0"?>
<window type="window" id="14004">
 <defaultcontrol always="true">1</defaultcontrol>
 <allowoverlay>no</allowoverlay>
	 <controls>
	 	<control type="image">
	 		<texture>login_bg.png</texture>
	 	</control>
	 	<control type="image">
	 		<texture>gs_logo_large_light.png</texture>
	 		<posx>408</posx>
	 		<posy>230</posy>
	 	</control>
	 	<control type="label">
	 		<posx>238</posx>
			<width>800</width>
			<height>100</height>
			<posy>330</posy>
			<font>font20b</font>
			<textcolor>FFFFFFFF</textcolor>
			<align>center</align>
			<label>To access Grooveshark on Boxee, you must have a Grooveshark Anywhere enabled account. You may also try the app for free. Click Start Your Trial to begin.</label>
			<wrapmultiline>True</wrapmultiline>
		</control>
		<control type="button" id="1">
			<posx>287</posx>
			<posy>410</posy>
			<width>341</width>
			<height>76</height>
			<font>font34b</font>
			<textcolor>FFFFFFFF</textcolor>
			<texturenofocus>login_input_up.png</texturenofocus>
		 	<texturefocus>login_input_over.png</texturefocus>
		 	<onright>2</onright>
		 	<ondown>3</ondown>
		 	<label>Start Free Trial</label>
		 	<align>center</align>
			<aligny>center</aligny>
            <onclick lang="python">
<![CDATA[ 
from gs import service
trial = service.getTrial()
trial.start()
mc.GetApp().RunScript('app', mc.Parameters())
]]>
			</onclick>
		</control>
		<control type="button" id="2">
			<posx>652</posx>
			<posy>410</posy>
			<width>341</width>
			<height>76</height>
			<font>font34b</font>
			<textcolor>FFFFFFFF</textcolor>
			<texturenofocus>login_input_up.png</texturenofocus>
			<texturefocus>login_input_over.png</texturefocus>
			<onleft>1</onleft>
			<ondown>3</ondown>
			<label>No Thanks</label>
			<align>center</align>
			<aligny>center</aligny>
			<onclick lang="python">
<![CDATA[
import mc
from gs import grooveshark
grooveshark.getGrooveshark().logout()
]]>
			</onclick>
		</control>

                <!-- invisible controls to close this window -->
                <control type="button" id="10">
                    <visible>false</visible>
                    <onfocus></onfocus>
                </control>
  
	 </controls>
</window>
