<?xml version="1.0"?>
<window type="window" id="14005">
 <defaultcontrol always="true">1</defaultcontrol>
 <allowoverlay>no</allowoverlay>
	 <controls>
	 	<control type="image">
	 		<texture>login_bg.png</texture>
	 	</control>
	 	<control type="image">
	 		<texture>gs_logo_large_light.png</texture>
	 		<posx>408</posx>
	 		<posy>207</posy>
	 	</control>
	 	<control type="label">
	 		<width>1280</width>
	 		<posy>314</posy>
	 		<textcolor>FFFFFFFF</textcolor>
	 		<font>font34b</font>
	 		<label>Oh no!  Looks like your trial is over!</label>
	 		<align>center</align>
	 	</control>
	 	<control type="label">
	 		<posx>238</posx>
			<width>800</width>
			<height>100</height>
			<posy>359</posy>
			<font>font20b</font>
			<textcolor>FFFFFFFF</textcolor>
			<align>center</align>
			<label>If you want to keep using Grooveshark on Boxee, you must become a Grooveshasrk Anywhere member.  Learn more at Grooveshark.com </label>
			<wrapmultiline>True</wrapmultiline>
		</control>
		<control type="button" id="1">
			<width>706</width>
			<height>76</height>
			<posx>287</posx>
			<posy>440</posy>
			<label>Logout</label>
			<textcolor>FFFFFFFF</textcolor>a
			<focusedcolor>FFFFFFFF</focusedcolor>
			<font>font34b</font>
			<align>center</align>
			<aligny>center</aligny>
			<texturenofocus>login_up.png</texturenofocus>
			<texturefocus>login_over.png</texturefocus>
            <onclick lang="python">
<![CDATA[
from gs import grooveshark
grooveshark.getGrooveshark().logout()
]]>
			</onclick>          
		</control>
	 </controls>
</window>
