<?xml version="1.0"?>
<window type="window" id="14007">
 <defaultcontrol always="true">1</defaultcontrol>
 <allowoverlay>no</allowoverlay>
	 <controls>
	 	<control type="image">
	 		<texture>welcome_bg.png</texture>
	 	</control>
	 	<control type="label">
	 		<width>884</width>
	 		<posx>203</posx>
	 		<posy>203</posy>
	 		<font>font20b</font>
	 		<label>Grooveshark is the world's largest on-demand streaming music site. Millions of users flock to Grooveshark to listen to their favorite music, create playlists, and share it all with their friends.</label>
	 		<wrapmultiline>True</wrapmultiline>
	 		<align>center</align>
	 	</control>
	 	<control type="label">
	 		<width>200</width>
	 		<font>font16b</font>
	 		<posx>259</posx>
	 		<posy>433</posy>
	 		<textcolor>FFFFFFFF</textcolor>
	 		<label>Go to grooveshark.com on your computer.</label>
	 		<wrapmultiline>True</wrapmultiline>
	 		<align>left</align>
	 	</control>
	 	<control type="label">
	 		<width>200</width>
	 		<font>font16b</font>
	 		<posx>579</posx>
	 		<posy>433</posy>
	 		<textcolor>FFFFFFFF</textcolor>
	 		<label>Create your free Grooveshark account.</label>
	 		<wrapmultiline>True</wrapmultiline>
	 		<align>left</align>
	 	</control>
	 	<control type="label">
	 		<width>200</width>
	 		<font>font16b</font>
	 		<posx>886</posx>
	 		<posy>433</posy>
	 		<textcolor>FFFFFFFF</textcolor>
	 		<label>Come back and login with your new account.</label>
	 		<wrapmultiline>True</wrapmultiline>
	 		<align>left</align>
	 	</control>
	 	<control type="label">
	 		<width>1280</width>
	 		<posy>541</posy>
	 		<font>font20b</font>
	 		<label>Already in love with Grooveshark? Login with your existing account:</label>
	 		<wrapmultiline>True</wrapmultiline>
	 		<align>center</align>
	 	</control>
	 	<control type="button" id="1">
	 		<width>326</width>
	 		<height>66</height>
	 		<posx>477</posx>
	 		<posy>583</posy>
	 		<label>Login</label>
	 		<texturenofocus>welcome_login_up.png</texturenofocus>
	 		<texturefocus>welcome_login_over.png</texturefocus>
	 		<font>font34b</font>
	 		<align>center</align>
	 		<aligny>center</aligny>
	 		<textcolor>FFFFFFFF</textcolor>
	 		<focusedcolor>FFFFFFFF</focusedcolor>
                        <onclick>ReplaceWindow(14000)</onclick>
	 	</control>
	 </controls>
</window>
