<?xml version="1.0" encoding="UTF-8"?>
<window type="window" id="14000">
	<defaultcontrol always="true">200</defaultcontrol>
	<allowoverlay>yes</allowoverlay>
	<controls>
	
		<control type="group" id="9000">
			<description>Dummy grouping for navigation from the 'Now Playing' control</description>
			<posx>0</posx>
			<posy>0</posy>
			<width>1280</width>
			<height>720</height>

			<control type="image">
				<description>Background</description>
				<posx>0</posx>
				<posy>0</posy>
				<width>1280</width>
				<height>720</height>
				<texture>background.png</texture>
			</control>
				
			<control type="image" id="100">
				<description>Channel Logo</description>
				<posx>40</posx>
				<posy>25</posy>
				<width>200</width>
				<height>100</height>				
				<texture>channel-logo.png</texture>
				<aspectratio align="left" valign="top">keep</aspectratio>
			</control>
				
			<control type="wraplist" id="200">
				<description>Video List</description>
				<posx>50</posx>
				<posy>200</posy>
				<width>1180</width>
				<height>610</height>
				<animation type="Conditional" condition="Window.IsVisible(DialogProgress.xml)">
					<effect type="fade" start="100" end="40" time="200"/>
				</animation>
				<onup>6000</onup>
				<ondown>-</ondown>
				<onleft>-</onleft>
				<onright>-</onright>
				<scrolltime>200</scrolltime>
				<orientation>horizontal</orientation>
				<focusposition>2</focusposition>
   				<preloaditems>5</preloaditems>

				<itemlayout height="350" width="250">
				
					<control type="image">
						<description>Video artwork</description>
						<visible>!IsEmpty(ListItem.Thumb)</visible>
						<posx>-170</posx>
						<posy>80</posy>
						<width>240</width>
                        <height>180</height>
						<texture>$INFO[ListItem.Thumb]</texture>
						<aspectratio scalediffuse="false">scale</aspectratio>
					</control>
		
					<control type="image">
						<description>Video mirrored</description>
						<visible>!IsEmpty(ListItem.Thumb)</visible>
						<posx>-170</posx>
						<posy>261</posy>
						<width>240</width>
                        <height>180</height>
						<texture aligny="top" flipy="true" diffuse="fade.png">$INFO[ListItem.Thumb]</texture>
						<animation effect="fade" end="40" time="0" condition="true">Conditional</animation>
						<aspectratio scalediffuse="false">scale</aspectratio>
					</control>
		
					<control type="label">
						<description>Video title</description>
						<posx>-170</posx>
						<posy>260</posy>
						<width>240</width>
						<animation effect="fade" end="80" time="0" condition="true">Conditional</animation>
						<label>$INFO[ListItem.label]</label>
						<font>font16</font>
						<align>left</align>
						<textcolor>white</textcolor>
						<wrapmultiline>false</wrapmultiline>
					</control>
				
				</itemlayout>
				
				<focusedlayout height="350" width="520">
				
					<control type="image">
						<description>Video artwork selected</description>
						<posx>-170</posx>
						<posy>0</posy>
						<width>510</width>
                        <height>383</height>			
						<visible>!IsEmpty(ListItem.Thumb)</visible>
						<texture>$INFO[ListItem.Thumb]</texture>
						<aspectratio scalediffuse="false">scale</aspectratio>
						<bordertexture>highlight.png</bordertexture>
						<bordersize>8</bordersize>
					</control>

					<control type="image">
						<description>Video mirrored</description>
						<visible>!IsEmpty(ListItem.Thumb)</visible>
						<posx>-162</posx>
						<posy>383</posy>
						<width>494</width>
                        <height>370</height>	
						<texture aligny="top" flipy="true" diffuse="fade.png">$INFO[ListItem.Thumb]</texture>
						<animation effect="fade" end="40" time="0" condition="true">Conditional</animation>
						<aspectratio scalediffuse="false">scale</aspectratio>
					</control>

					<control type="label">
						<description>Video title selected</description>
						<posx>-162</posx>
						<posy>385</posy>
						<width>494</width>
						<height>18</height>
						<label>$INFO[ListItem.label]</label>
						<font>font18</font>
						<align>left</align>
						<textcolor>white</textcolor>
						<wrapmultiline>false</wrapmultiline>
						<scroll>true</scroll>
					</control>
	
				</focusedlayout>
				<content type="url" url="http://worldtv.com/blackpooltv/rss/boxee"></content>
			</control>
			
		</control>
		
	</controls>
</window>