<?xml version="1.0"?>
<window type="window" id="14001">
	<defaultcontrol>101</defaultcontrol>
	<allowoverlay>no</allowoverlay>
	<controls>
		<control type="group">

			<!-- background -->
			<control type="image">
				<posx>0</posx>
				<posy>0</posy>
				<width>1280</width>
				<height>720</height>
				<texture>black.png</texture>
			</control>

			<!-- loading label -->
			<control type="label">
				<visible>Container(101).IsLoading</visible>
				<posx>10</posx>
				<posy>0</posy>
				<width>1280</width>
				<height>30</height>
				<font>font28b</font>
				<align>left</align>
				<aligny>top</aligny>
				<label>Loading entries from the $INFO[app.Param(criteria)] challenge...</label>
				<textcolor>FFAAAAAA</textcolor>
			</control>

			<!-- slideshow -->
			<control type="list" id="101">
				<posx>0</posx>
				<posy>0</posy>
				<width>1280</width>
				<height>720</height>
				<onleft>-</onleft>
				<onright>-</onright>
				<onup>-</onup>
				<ondown>-</ondown>
				<scrolltime>200</scrolltime>
				<pagecontrol>-</pagecontrol>
				<orientation>horizontal</orientation>
				<itemlayout width="1280" height="720" />
				<focusedlayout width="1280" height="720">

					<!-- image title -->
					<control type="label">
						<animation type="Focus">
							<effect type="fade" start="100" end="0" time="100" delay="4000"/>
						</animation>
						<posx>640</posx>
						<width>1280</width>
						<height>30</height>
						<font>font28b</font>
						<align>center</align>
						<label>$INFO[ListItem.Label]</label>
						<textcolor>FFDDDDDD</textcolor>
					</control>

					<!-- placement -->
					<control type="label">
						<animation type="Focus">
							<effect type="fade" start="100" end="0" time="100" delay="4000"/>
						</animation>
						<font>font16b</font>
						<posx>1270</posx>
						<width>200</width>
						<align>right</align>
						<label>$INFO[ListItem.Property(place0)] Place</label>
						<textcolor>FFDDDDDD</textcolor>
					</control>

					<!-- image -->
					<control type="image">
						<posx>0</posx>
						<posy>50</posy>
						<width>1280</width>
						<height>620</height>
						<texture>$INFO[ListItem.Property(image0)]</texture>
						<aspectratio align='center'>keep</aspectratio>
					</control>

					<!-- photographer -->
					<control type="label">
						<animation type="Focus">
							<effect type="fade" start="100" end="0" time="100" delay="4000"/>
						</animation>
						<posx>640</posx>
						<posy>680</posy>
						<width>1280</width>
						<height>30</height>
						<font>font18b</font>
						<align>center</align>
						<label>by $INFO[ListItem.Property(photographer0)]</label>
						<textcolor>FFDDDDDD</textcolor>
					</control>

					<!-- controls: left -->
					<control type="image">
						<animation type="Focus">
							<effect type="fade" start="100" end="0" time="100" delay="2000"/>
						</animation>
						<posx>10</posx>
						<posy>320</posy>
						<width>80</width>
						<height>80</height>
						<texture>left.png</texture>
						<visible>Container(101).HasPrevious</visible>
					</control>

					<!-- controls: right -->
					<control type="image">
						<animation type="Focus">
							<effect type="fade" start="100" end="0" time="100" delay="2000"/>
						</animation>
						<posx>1190</posx>
						<posy>320</posy>
						<width>80</width>
						<height>80</height>
						<texture>right.png</texture>
						<visible>Container(101).HasNext</visible>
					</control>

					<!-- slideshow -->
					<control type="multiimage">
						<description>loading control</description>
						<visible>!ListItem.property(isloaded)</visible>
						<animation effect="fade" time="200">VisibleChange</animation>
						<posx>538</posx>
						<posy>306</posy>
						<width>200</width>
						<height>200</height>
						<imagepath>loading</imagepath>
						<timeperimage>80</timeperimage>
						<fadetime>10</fadetime>
						<pauseatend>0</pauseatend>
						<randomize>false</randomize>
						<loop>yes</loop>
						<aspectratio>keep</aspectratio>
					</control>

				</focusedlayout>

				<content type="url" url="$INFO[app.Param(link)]">
				</content>
			</control>
		</control>
	</controls>
</window>
