<app>
    <id>zions-direct</id>
    <name>Zions Direct TV</name>
    <version>1.01</version>
    <description>Expand your investment knowledge with Zions Direct TV. Our video library covers a range of finance topics including investing, retirement, and estate planning. Discover the power of investment education - with Zions Direct.</description>
    <thumb>http://dir.boxee.tv/apps/zions-direct/thumb.png</thumb>
    <repository>http://dir.boxee.tv/apps/</repository>
    <media>video</media>
    <copyright>2012 Zions Direct</copyright>
    <email>jfeinauer@gmail.com</email>
    <type>skin</type>
    <startWindow>14000</startWindow>
    <platform>all</platform>
    <minversion>0.9.20</minversion>
    </app>