<app>
  <id>cassetteproject</id>
  <name>Cassette Project</name>
  <version>1.2</version>
  <description>A collaborative art strategy directed by Danny Ford</description>
  <thumb>http://dir.eccsbenedigt.net/appresources/cassetteproject/images/thumb.png</thumb>
  <repositoryid>net.eccsbenedigt</repositoryid>
  <repository>http://dir.boxee.tv/apps</repository>
  <media>video</media>
  <copyright>Cassette Project</copyright>
  <email>admin@cassetteproject.net</email>
  <type>skin</type>
  <startWindow>14000</startWindow>
  <platform>all</platform>
  <minversion>0.9.20</minversion>
</app>