<?xml version="1.0"?>
<window type="window" id="14000">
	<defaultcontrol always="true">100</defaultcontrol>
	<allowoverlay>no</allowoverlay>
	<controls>
		<include>Common_Background</include>
		<control type="image">
			<width>1280</width>
			<height>110</height>
			<texture>topbar.png</texture>
		</control>
		<control type="image">
			<posx>0</posx>
			<posy>110</posy>
			<width>1280</width>
			<height>610</height>
			<texture>bg.png</texture>
		</control>
		<control type="image">
			<posx>0</posx>
			<posy>110</posy>
			<width>1280</width>
			<height>20</height>
			<texture>t.png</texture>
		</control>
		<control type="group">
			<include>Main_Menu_Slide_Animation</include>

			<!--TOP HEADER-->

			<control type="group">
				<include>Main_Fade_Fade_Animation</include>
				<description>First Page Video/Music/Photos/Applications</description>
				<animation type="Conditional" condition="Window.IsVisible(DialogProgress.xml)">
					<effect type="fade" start="100" end="20" time="200"/>
				</animation>
				<posx>0</posx>
				<posy>0</posy>
				<width>1280</width>
				<height>115</height>
				<control type="label" id="110">
					<description>header label</description>
					<posx>350</posx>
					<posy>0</posy>
					<width>1280</width>
					<height>115</height>
					<align>left</align>
					<aligny>center</aligny>
					<haspath>true</haspath>
					<font>light34</font>
					<textcolor>silver</textcolor>
					<label></label>
				</control>
				<control type="image">
					<description>page header tab icon</description>
					<posx>0</posx>
					<posy>0</posy>
					<width>1280</width>
					<height>175</height>
					<texture>logo2.png</texture>
				</control>

			</control>

			<!--NAVIGATION MENU-->

			<control type="group">
				<include>Main_Menu_Fade_Animation</include>
				<include>Window_Fade_Animation</include>
				<animation type="Conditional" condition="Window.IsVisible(DialogProgress.xml)">
					<effect type="fade" start="100" end="20" time="200"/>
				</animation>
<!---->
		<control type="image">
             		<posx>830</posx>
             		<posy>185</posy>
             		<width>374</width>
             		<height>255</height>
             		<texture>ttbshot.png</texture>
         			 </control>
					 <control type="grouplist" id="9000">
					<posx>870</posx>
					<posy>145</posy>
					<width>358</width>
					<height>160</height>
					<itemgap>10</itemgap>
					<orientation>vertical</orientation>
					<usecontrolcoords>false</usecontrolcoords>
					<onup>-</onup>
					<onleft>100</onleft>
					<onright>-</onright>					
					<control type="group">
						<width>1000</width>
						<height>3000</height>
						<visible>Control.IsVisible(9001)</visible>						
						<control type="button" id="9001">
							<posx>0</posx>
							<posy>0</posy>
							<width>200</width>
							<height>20</height>
							<onleft>100</onleft>
							<onup>-</onup>
							<ondown>8000</ondown>
							<label>Click Here For Live Video</label>
							<wrapmultiline>true</wrapmultiline>
							<textcolor>blue</textcolor>
							<focusedcolor>white.png</focusedcolor>
							<texturenofocus>m.png</texturenofocus>
							<texturefocus>white.png</texturefocus>
							<font>light30b</font>
							<textoffsetx>5</textoffsetx>   
							<onclick>Control.SetLabel(110,Live)</onclick>
							<onclick lang="python"><![CDATA[
item = mc.ListItem(mc.ListItem.MEDIA_VIDEO_OTHER)
item.SetLabel('The Tech Buzz')
item.SetPath('http://live.thetechbuzz.net')
item.SetContentType('text/html')
item.SetDescription('The Tech Buzz: 24/7')
mc.Player().Play(item)
mc.ActivateWindow(14001)
]]></onclick>
						</control>
					</control>
				</control>
           	<!--CHANGE TO 10000-->
				<control type="list" id="8000">
					<posx>870</posx>
					<posy>320</posy>
					<width>358</width>
					<height>340</height>
					<onleft>100</onleft>
					<onup>9001</onup>
					<pagecontrol>61</pagecontrol>
					<orientation>vertical</orientation>
					<itemlayout width="358" height="33">
						<control type="label">
							<posx>10</posx>
							<width>358</width>
							<height>33</height>
							<aligny>center</aligny>
							<textcolor>silver</textcolor>
							<font>font21</font>
							<info>ListItem.Label</info>
						</control>
					</itemlayout>
					<focusedlayout width="358" height="33">
						<control type="label">
							<visible>Control.HasFocus(8000)</visible>
							<posx>10</posx>
							<width>358</width>
							<height>33</height>
							<aligny>center</aligny>
							<textcolor>silver</textcolor>
							<font>font21</font>
							<label>[B]$INFO[ListItem.Label][/B]</label>
						</control>
						<control type="label">
							<visible>!Control.HasFocus(8000)</visible>
							<posx>10</posx>
							<width>358</width>
							<height>33</height>
							<aligny>center</aligny>
							<textcolor>silver</textcolor>
							<font>font21</font>
							<info>ListItem.Label</info>
						</control>
					</focusedlayout>
					<content type="url" url="">
						<onclick>Control.SetLabel(110,$INFO[Container(8000).ListItem.Label])</onclick>
						<onclick lang="python"><![CDATA[
import urllib, urllib2

pagenumber=mc.GetApp().GetLocalConfig().GetValue("pagecounter")
pagenumber=str(int(pagenumber)-1)
mc.GetApp().GetLocalConfig().SetValue("pagecounter",pagenumber)
section=mc.GetApp().GetLocalConfig().GetValue("currentsection")
mc.ShowDialogWait()
request = urllib2.Request(section+pagenumber, urllib.urlencode({ "user_choice": "Enter"}))
response = urllib2.urlopen(request)
res = response.read()
response.close()

videos = res.split("</li>")
items = mc.ListItems()

for video in videos:
        if video.find("<a href=\"/watch") > 0:
                video = video[video.find("<a href=\"/watch")+len("<a href=\"/watch"):len(video)]
                link = video[0:video.find("\"")]
                video = video[video.find("video-thumb\" src=\"")+len("video-thumb\" src=\""):len(video)]
                thumb = video[0:video.find("\"")]
                video = video[video.find("/\">")+len("/\">"):len(video)]
                title = video[0:video.find("<")].replace("&#39;","'").replace("&amp;","&")
                video = video[video.find("h2>")+len("h2>"):len(video)]
                minutes = video[0:video.find("<")]
                video = video[video.find("</span>")+len("</span>"):len(video)]
                seconds = video[0:video.find("<")]
                duration = int(minutes)*60+int(seconds)
                video = video[video.find("<p>")+len("<p>"):len(video)]
                views = video[0:video.find("<span>")].lstrip()
                video = video[video.find("<p>")+len("<p>"):len(video)]
		try:
                	rating = str(int((float(video[0:video.find("<span>")].lstrip())-0.3)*2))
		except Exception, e:
			rating = "0"

                
                item = mc.ListItem(mc.ListItem.MEDIA_VIDEO_CLIP)
                item.SetLabel(title)
                item.SetProperty("runtime",minutes+":"+seconds)
                item.SetThumbnail(thumb)
                item.SetPath(link)
                item.SetProperty("views",views)
                item.SetProperty("rating",rating)
                items.append(item)

                
mc.GetWindow(14000).GetList(240).SetItems(items)
mc.HideDialogWait()
mc.GetWindow(14000).GetControl(240).SetFocus()
if int(pagenumber)<2:
	mc.GetWindow(14000).GetControl(250).SetVisible(False)

]]></onclick>
					</content>
				</control>
				<control type="image">
					<posx>870</posx>
					<posy>670</posy>
					<width>358</width>
					<height>2</height>
					<texture></texture>
				</control>
				<control type="label">
					<posx>50</posx>
					<posy>250</posy>
					<width>754</width>
					<height>50</height>
					<font>font41</font>
					<align>left</align>
					<aligny>top</aligny>
					<wrapmultiline>true</wrapmultiline>
					<label>No results found.</label>
					<textcolor>silver</textcolor>
					<selectedcolor>silver</selectedcolor>
					<visible>Container(100).IsEmpty + !Container(100).IsLoading</visible>
				</control>
				<control type="label">
					<posx>50</posx>
					<posy>170</posy>
					<width>754</width>
					<height>50</height>
					<font>font21</font>
					<align>left</align>
					<aligny>top</aligny>
					<wrapmultiline>true</wrapmultiline>
					<label>No results found.</label>
					<textcolor>silver</textcolor>
					<selectedcolor>silver</selectedcolor>
					<visible>Container(100).IsEmpty + !Container(100).IsLoading</visible>
				</control>
				<control type="list" id="100">
					<posx>50</posx>
					<posy>140</posy>
					<width>754</width>
					<height>564</height>
					<onleft>ActivateWindow(467)</onleft>
					<onup>8501</onup>
					<onright>9000</onright>
					<ondown>101</ondown>
					<scrolltime>200</scrolltime>
					<pagecontrol>60</pagecontrol>
					<orientation>vertical</orientation>
					<itemlayout width="754" height="141">
						<control type="image">
							<posx>2</posx>
							<posy>2</posy>
							<width>750</width>
							<height>135</height>
							<texture>list_frame_device.png</texture>
						</control>
						<control type="image">
							<posx>13</posx>
							<posy>10</posy>
							<width>110</width>
							<height>110</height>
							<info>ListItem.Icon</info>
							<bordersize>4</bordersize>
							<bordertexture>info_cover_border.png</bordertexture>
							<visible>!IsEmpty(ListItem.Thumb)</visible>
						</control>
						<control type="image">
							<posx>13</posx>
							<posy>10</posy>
							<width>110</width>
							<height>110</height>
							<info>ListItem.Icon</info>
							<visible>IsEmpty(ListItem.Thumb)</visible>
						</control>
						<control type="image">
							<posx>590</posx>
							<posy>100</posy>
							<width>150</width>
							<height>22</height>
							<aspectratio>keep</aspectratio>
							<texture>info_window_icon_rating_star_$INFO[ListItem.Property(videorating)].png</texture>
						</control>
						<control type="label">
							<posx>140</posx>
							<posy>10</posy>
							<width>590</width>
							<height>20</height>
							<font>font21sq</font>
							<align>left</align>
							<info>ListItem.Label</info>
							<textcolor>silver</textcolor>
							<selectedcolor>silver</selectedcolor>
						</control>
						<control type="label">
							<posx>140</posx>
							<posy>44</posy>
							<width>590</width>
							<height>50</height>
							<font>font18</font>
							<align>left</align>
							<aligny>top</aligny>
							<wrapmultiline>true</wrapmultiline>
							<label>$INFO[ListItem.PlotOutline]</label>
							<textcolor>silver</textcolor>
							<selectedcolor>silver</selectedcolor>
							<visible>!IsEmpty(ListItem.PlotOutline)</visible>
						</control>
						<control type="label">
							<posx>140</posx>
							<posy>44</posy>
							<width>590</width>
							<height>50</height>
							<font>font18</font>
							<align>left</align>
							<aligny>top</aligny>
							<wrapmultiline>true</wrapmultiline>
							<label>$INFO[ListItem.Plot]</label>
							<textcolor>silver</textcolor>
							<selectedcolor>silver</selectedcolor>
							<visible>!IsEmpty(ListItem.Plot) + IsEmpty(ListItem.PlotOutline)</visible>
						</control>
						<control type="label">
							<posx>140</posx>
							<posy>96</posy>
							<width>180</width>
							<height>30</height>
							<font>font18</font>
							<align>left</align>
							<aligny>center</aligny>
							<wrapmultiline>true</wrapmultiline>
							<label>$INFO[ListItem.Property(releasedate)]</label>
							<textcolor>silver</textcolor>
							<selectedcolor>silver</selectedcolor>
							<visible>!IsEmpty(ListItem.Property(releasedate))</visible>
						</control>
						<control type="label">
							<posx>400</posx>
							<posy>96</posy>
							<width>250</width>
							<height>30</height>
							<font>font18</font>
							<align>center</align>
							<aligny>center</aligny>
							<wrapmultiline>true</wrapmultiline>
							<label>$INFO[ListItem.property(viewcount)] views</label>
							<textcolor>silver</textcolor>
							<selectedcolor>silver</selectedcolor>
							<visible>!IsEmpty(ListItem.property(viewcount))</visible>
						</control>
					</itemlayout>
					<focusedlayout width="754" height="141">
						<control type="image">
							<posx>2</posx>
							<posy>2</posy>
							<width>750</width>
							<height>135</height>
							<texture>list_frame_device.png</texture>
						</control>
						<control type="image">
							<visible>Control.HasFocus(100)</visible>
							<posx>0</posx>
							<posy>0</posy>
							<width>754</width>
							<height>135</height>
							<texture>list_frame_device_white.png</texture>
							<animation type="Focus">
								<effect type="fade" start="60" time="120"/>
								<effect type="zoom" start="99,97" center="auto" time="120" delay="60"/>
							</animation>
						</control>
						<control type="image">
							<posx>13</posx>
							<posy>10</posy>
							<width>110</width>
							<height>110</height>
							<info>ListItem.Icon</info>
							<bordersize>4</bordersize>
							<bordertexture>info_cover_border.png</bordertexture>
							<visible>!IsEmpty(ListItem.Thumb)</visible>
						</control>
						<control type="image">
							<posx>13</posx>
							<posy>10</posy>
							<width>110</width>
							<height>110</height>
							<info>ListItem.Icon</info>
							<visible>IsEmpty(ListItem.Thumb)</visible>
						</control>
						<control type="image">
							<visible>Control.HasFocus(100)</visible>
							<posx>590</posx>
							<posy>100</posy>
							<width>150</width>
							<height>22</height>
							<aspectratio>keep</aspectratio>
							<texture>info_window_icon_rating_star_$INFO[ListItem.Property(videorating)].png</texture>
							<colordiffuse>darkgrey</colordiffuse>
						</control>
						<control type="image">
							<visible>!Control.HasFocus(100)</visible>
							<posx>590</posx>
							<posy>100</posy>
							<width>150</width>
							<height>22</height>
							<aspectratio>keep</aspectratio>
							<texture>info_window_icon_rating_star_$INFO[ListItem.Property(videorating)].png</texture>
						</control>
						<control type="label">
							<visible>Control.HasFocus(100)</visible>
							<posx>140</posx>
							<posy>10</posy>
							<width>590</width>
							<height>20</height>
							<font>font21sq</font>
							<align>silver</align>
							<info>ListItem.Label</info>
							<textcolor>black</textcolor>
							<selectedcolor>black</selectedcolor>
						</control>						
						<control type="label">
							<visible>!Control.HasFocus(100)</visible>
							<posx>140</posx>
							<posy>10</posy>
							<width>590</width>
							<height>20</height>
							<font>font21sq</font>
							<align>left</align>
							<info>ListItem.Label</info>
							<textcolor>black</textcolor>
							<selectedcolor>black</selectedcolor>
						</control>
						<control type="label">
							<visible>Control.HasFocus(100)</visible>
							<posx>140</posx>
							<posy>44</posy>
							<width>590</width>
							<height>50</height>
							<font>font18</font>
							<align>left</align>
							<aligny>top</aligny>
							<wrapmultiline>true</wrapmultiline>
							<label>$INFO[ListItem.PlotOutline]</label>
							<textcolor>black</textcolor>
							<selectedcolor>black</selectedcolor>
							<visible>!IsEmpty(ListItem.PlotOutline)</visible>
						</control>
						<control type="label">
							<visible>!Control.HasFocus(100)</visible>
							<posx>140</posx>
							<posy>44</posy>
							<width>590</width>
							<height>50</height>
							<font>font18</font>
							<align>left</align>
							<aligny>top</aligny>
							<wrapmultiline>true</wrapmultiline>
							<label>$INFO[ListItem.PlotOutline]</label>
							<textcolor>silver</textcolor>
							<selectedcolor>silver</selectedcolor>
							<visible>!IsEmpty(ListItem.PlotOutline)</visible>
						</control>
						<control type="label">
							<visible>Control.HasFocus(100)</visible>
							<posx>140</posx>
							<posy>44</posy>
							<width>590</width>
							<height>50</height>
							<font>font18</font>
							<align>left</align>
							<aligny>top</aligny>
							<wrapmultiline>true</wrapmultiline>
							<label>$INFO[ListItem.Plot]</label>
							<textcolor>silver</textcolor>
							<selectedcolor>silver</selectedcolor>
							<visible>!IsEmpty(ListItem.Plot) + IsEmpty(ListItem.PlotOutline)</visible>
						</control>
						<control type="label">
							<visible>!Control.HasFocus(100)</visible>
							<posx>140</posx>
							<posy>44</posy>
							<width>590</width>
							<height>50</height>
							<font>font18</font>
							<align>left</align>
							<aligny>top</aligny>
							<wrapmultiline>true</wrapmultiline>
							<label>$INFO[ListItem.Plot]</label>
							<textcolor>silver</textcolor>
							<selectedcolor>silver</selectedcolor>
							<visible>!IsEmpty(ListItem.Plot) + IsEmpty(ListItem.PlotOutline)</visible>
						</control>
						<control type="label">
							<visible>Control.HasFocus(100)</visible>
							<posx>140</posx>
							<posy>96</posy>
							<width>180</width>
							<height>30</height>
							<font>font18</font>
							<align>left</align>
							<aligny>center</aligny>
							<wrapmultiline>true</wrapmultiline>
							<label>$INFO[ListItem.Property(releasedate)]</label>
							<textcolor>black</textcolor>
							<selectedcolor>black</selectedcolor>
							<visible>!IsEmpty(ListItem.Property(releasedate))</visible>
						</control>
						<control type="label">
							<visible>!Control.HasFocus(100)</visible>
							<posx>140</posx>
							<posy>96</posy>
							<width>150</width>
							<height>30</height>
							<font>font18</font>
							<align>left</align>
							<aligny>center</aligny>
							<wrapmultiline>true</wrapmultiline>
							<label>$INFO[ListItem.Duration]</label>
							<textcolor>silver</textcolor>
							<selectedcolor>silver</selectedcolor>
							<visible>!IsEmpty(ListItem.Duration)</visible>
						</control>
						<control type="label">
							<visible>Control.HasFocus(100)</visible>
							<posx>400</posx>
							<posy>96</posy>
							<width>250</width>
							<height>30</height>
							<font>font18</font>
							<align>center</align>
							<aligny>center</aligny>
							<wrapmultiline>true</wrapmultiline>
							<label>$INFO[ListItem.property(viewcount)] views</label>
							<textcolor>silver</textcolor>
							<selectedcolor>silver</selectedcolor>
							<visible>!IsEmpty(ListItem.property(viewcount))</visible>
						</control>
						<control type="label">
							<visible>!Control.HasFocus(100)</visible>
							<posx>400</posx>
							<posy>96</posy>
							<width>250</width>
							<height>30</height>
							<font>font18</font>
							<align>center</align>
							<aligny>center</aligny>
							<wrapmultiline>true</wrapmultiline>
							<label>$INFO[ListItem.property(viewcount)] views</label>
							<textcolor>silver</textcolor>
							<selectedcolor>silver</selectedcolor>
							<visible>!IsEmpty(ListItem.property(viewcount))</visible>
						</control>
					</focusedlayout>
					<!--INITAL LOCATION-->
					<content type="directory">rss://www.thetechbuzz.net/category/video/feed/</content>
				</control>
				<control type="scrollbar" id="60">
					<description>scroll bar indicator for lists</description>
					<visible>Control.IsVisible(100)</visible>
					<posx>806</posx>
					<posy>140</posy>
					<width>8</width>
					<height>560</height>
					<texturesliderbackground border="4">scrollbar_vertical_bg.png</texturesliderbackground>
					<texturesliderbar border="4">scrollbar_vertical_nib.png</texturesliderbar>
					<texturesliderbarfocus border="4">scrollbar_vertical_nib.png</texturesliderbarfocus>
					<orientation>vertical</orientation>
					<showonepage>false</showonepage>
				</control>
				<control type="group">
					<visible>Container(100).Scrolling + Container(100).IsSortABC</visible>
					<animation effect="fade" time="100" delay="400">Visible</animation>
					<animation effect="fade" time="300">Hidden</animation>
					<posx>563</posx>
					<posy>360</posy>
					<width>150</width>
					<height>100</height>
					<control type="image">
						<posx>0</posx>
						<posy>0</posy>
						<width>150</width>
						<height>100</height>
						<texture>rate_background.png</texture>
					</control>
					<control type="label">
						<posx>0</posx>
						<posy>0</posy>
						<width>150</width>
						<height>100</height>
						<align>center</align>
						<aligny>center</aligny>
						<label>$INFO[Container(100).ListItem.SortLetter]</label>
						<textcolor>silver</textcolor>
						<font>font48b</font>
					</control>
				</control>
			</control>
			<control type="group">
				<posx>500</posx>
				<posy>300</posy>
				<control type="label">
					<posx>0</posx>
					<posy>0</posy>
					<width>280</width>
					<height>20</height>
					<font>light23</font>
					<align>center</align>
					<aligny>center</aligny>
					<label>No results found.</label>
					<textcolor>silver</textcolor>
					<visible>Container(100).IsEmpty + !Container(100).IsLoading</visible>
				</control>
				<control type="label">
					<posx>0</posx>
					<posy>0</posy>
					<width>280</width>
					<height>20</height>
					<font>light23</font>
					<align>center</align>
					<aligny>center</aligny>
					<label>Loading...</label>
					<textcolor>silver</textcolor>
					<visible>Container(100).IsLoading</visible>
				</control>
				<control type="multiimage">
					<description>loading control</description>
					<visible>Container(100).IsLoading + !Window.IsVisible(DialogProgress.xml)</visible>
					<animation effect="fade" time="200">VisibleChange</animation>
					<posx>38</posx>
					<posy>6</posy>
					<width>200</width>
					<height>200</height>
					<imagepath>loading</imagepath>
					<timeperimage>80</timeperimage>
					<fadetime>10</fadetime>
					<pauseatend>0</pauseatend>
					<randomize>false</randomize>
					<loop>yes</loop>
					<aspectratio>keep</aspectratio>
				</control>
			</control>
			<include>Common_Main_Menu_Button</include>
		</control>
	</controls>
</window>
<xml> <js script="1"> <!-- Start of Woopra Code -->

<script type="text/javascript">

var woo_settings = {idle_timeout:'300000', domain:'thetechbuzz.net'};

(function(){

var wsc = document.createElement('script');

wsc.src = document.location.protocol+'//static.woopra.com/js/woopra.js';

wsc.type = 'text/javascript';

wsc.async = true;

var ssc = document.getElementsByTagName('script')[0];

ssc.parentNode.insertBefore(wsc, ssc);

})();

</script>

<!-- End of Woopra Code -->
</js> </xml>