<app>
<id>spacevidcast</id>
	<name>Spacevidcast</name>
	<version>1.00</version>
	<description>View videos from Spacevidcast.com</description>
	<thumb>http://www.spacevidcast.com/genitem/boxee.png</thumb>
	<repository>http://dir.boxee.tv/apps</repository>
	<media>video</media>
	<author>Pete Riesett</author>
	<copyright>Spacevidcast LLC</copyright>
	<email>pete.riesett@gmail.com</email>
	<type>skin</type>
	<startWindow>14000</startWindow>
	<platform>all</platform>
	<minversion>0.9.11</minversion>
</app>
