<?xml version="1.0"?>
<window type="window" id="14002">
   <defaultcontrol always="true">120</defaultcontrol>
   <allowoverlay>no</allowoverlay>
   <onload lang="python">
      <![CDATA[
import flickr
win = mc.GetActiveWindow()
reg = mc.GetApp().GetLocalConfig()
params = mc.GetApp().GetLaunchedWindowParameters()
reg.Reset('playing')
try: focus = int(params['item'])
except: focus = 0
win.GetControl(120).SetFocus()
win.GetList(120).SetFocusedItem(focus)
photoID = win.GetList(120).GetItem(focus).GetProperty("photoID")
flickr.setPhotoInfo(photoID, True)
reg.SetValue("active", str(focus))
]]>
</onload>
   <controls>
      <control type="image">
         <width>1280</width>
         <height>720</height>
         <texture>black.png</texture>
      </control>
      <control type="label">
         <width>1280</width>
         <height>720</height>
         <label>Loading...</label>
         <font>font23</font>
         <align>center</align>
         <aligny>center</aligny>
         <textcolor>50ffffff</textcolor>
      </control>
      <control type="list" id="100">
         <enable>App.HasSetting(playing)</enable>
         <width>1280</width>
         <height>720</height>
         <ondown>1010</ondown>
         <orientation>horizontal</orientation>
         <onup lang="python">
            <![CDATA[
reg = mc.GetApp().GetLocalConfig()
if not reg.GetValue("playing"): mc.GetActiveWindow().GetControl(1010).SetFocus()
]]>
</onup>
         <onright lang="python">
            <![CDATA[
reg = mc.GetApp().GetLocalConfig()
if reg.GetValue("playing"):
   list = mc.GetActiveWindow().GetList(120)
   focused = int(reg.GetValue("active"))
   num = len(list.GetItems()) - 1
   if focused < num:
      focused += 1
      if focused == num: mc.GetActiveWindow().GetControl(103).SetVisible(False)
      else: mc.GetActiveWindow().GetControl(103).SetVisible(True)
      mc.GetActiveWindow().GetControl(102).SetVisible(True)
      list.SetFocusedItem(focused)
      photoID = list.GetItem(focused).GetProperty("photoID")
      flickr.setPhotoInfo(photoID, True)
      reg.SetValue("active", str(focused))
]]>
</onright>
         <onleft lang="python">
            <![CDATA[
reg = mc.GetApp().GetLocalConfig()
if reg.GetValue("playing"):
   list = mc.GetActiveWindow().GetList(120)
   focused = int(reg.GetValue("active"))
   if focused > 0:
      focused -= 1
      if focused == 0: mc.GetActiveWindow().GetControl(102).SetVisible(False)
      else: mc.GetActiveWindow().GetControl(102).SetVisible(True)
      mc.GetActiveWindow().GetControl(103).SetVisible(True)
      list.SetFocusedItem(focused)
      photoID = list.GetItem(focused).GetProperty("photoID")
      flickr.setPhotoInfo(photoID, True)
      reg.SetValue("active", str(focused))
]]>
</onleft>
         <itemlayout width="1280" height="720"></itemlayout>
         <focusedlayout width="1280" height="720">
            <control type="largeimage">
               <width>1280</width>
               <height>720</height>
               <texture>$INFO[Listitem.property(Image0)]</texture>
               <aspectratio align="center" aligny="center">keep</aspectratio>
               <visible>ListItem.property(isloaded)</visible>
            </control>
         </focusedlayout>
         <content type="url" url="$INFO[App.param(url)]"></content>
      </control>
      <control type="group" id="102">
         <posy>347</posy>
         <posx>10</posx>
         <control type="image">
            <width>25</width>
            <height>25</height>
            <texture>flickr_osd_arrow_on.png</texture>
            <visible>Control.HasFocus(100)</visible>
         </control>
         <control type="image">
            <width>25</width>
            <height>25</height>
            <texture>flickr_osd_arrow_off.png</texture>
            <visible>!Control.HasFocus(100)</visible>
         </control>
      </control>
      <control type="group" id="103">
         <posy>347</posy>
         <posx>10</posx>
         <control type="image">
            <posx>1235</posx>
            <width>25</width>
            <height>25</height>
            <texture flipx="true">flickr_osd_arrow_on.png</texture>
            <visible>Control.HasFocus(100)</visible>
         </control>
         <control type="image">
            <posx>1235</posx>
            <width>25</width>
            <height>25</height>
            <texture flipx="true">flickr_osd_arrow_off.png</texture>
            <visible>!Control.HasFocus(100)</visible>
         </control>
      </control>
      <control type="group" id="1000">
         <posx>32</posx>
         <animation effect="slide" start="0,0" end="0,-100" time="400" condition="App.HasSetting(playing)">Conditional</animation>
         <animation effect="slide" start="0,-100" end="0,0" time="400" condition="!App.HasSetting(playing)">Conditional</animation>
         <control type="image">
            <posx>-32</posx>
            <width>1280</width>
            <height>60</height>
            <texture>flickr_osd_top_background.png</texture>
         </control>
         <control type="label" id="101">
            <posy>7</posy>
            <posx>160</posx>
            <height>22</height>
            <font>font16</font>
            <textcolor>EEffffff</textcolor>
            <visible>Container(100).ListItem.property(isloaded)</visible>
         </control>
      </control>
      <control type="group">
         <posx>32</posx>
         <control type="image">
            <posy>15</posy>
            <width>104</width>
            <height>30</height>
            <texture>flickr_logo_white.png</texture>
            <animation effect="fade" start="100" end="40" time="300" delay="400" condition="App.HasSetting(playing)">Conditional</animation>
            <animation effect="fade" start="40" end="100" time="300" delay="400" condition="!App.HasSetting(playing)">Conditional</animation>
         </control>
         <control type="image">
            <posy>18</posy>
            <posx>115</posx>
            <height>24</height>
            <width>24</width>
            <texture>flickr_icon_favorite.png</texture>
            <visible>Container(100).ListItem.property(isloaded) + App.HasSetting(isfavorite)</visible>
            <animation effect="fade" start="100" end="90" time="300" delay="400" condition="App.HasSetting(playing)">Conditional</animation>
            <animation effect="fade" start="90" end="100" time="300" delay="400" condition="!App.HasSetting(playing)">Conditional</animation>
         </control>
      </control>
      <control type="group" id="2000">
         <posy>570</posy>
         <animation effect="slide" start="0,0" end="0,48" time="400" condition="App.HasSetting(playing)">Conditional</animation>
         <animation effect="slide" start="0,48" end="0,0" time="400" condition="!App.HasSetting(playing)">Conditional</animation>
         <animation effect="fade" start="100" end="50" time="100" reversible="true" condition="Control.HasFocus(100)">Conditional</animation>
         <control type="image">
            <width>1280</width>
            <height>150</height>
            <texture>flickr_osd_bottom_background.png</texture>
         </control>
         <control type="grouplist" id="1010">
            <posx>70</posx>
            <posy>16</posy>
            <ondown>120</ondown>
            <itemgap>10</itemgap>
            <orientation>horizontal</orientation>
            <control type="button" id="1011">
               <width>120</width>
               <height>24</height>
               <align>center</align>
               <aligny>top</aligny>
               <font>font17</font>
               <label>add favorite</label>
               <textcolor>ff777777</textcolor>
               <focusedcolor>ff333333</focusedcolor>
               <texturefocus border="5">flickr_button_on.png</texturefocus>
               <texturenofocus border="5">flickr_button.png</texturenofocus>
               <visible>!App.HasSetting(isfavorite)</visible>
               <onclick lang="python">
                  <![CDATA[
import flickr
list = mc.GetActiveWindow().GetList(120)
photoID = list.GetItem(list.GetFocusedItem()).GetProperty("photoID")
status = flickr.setFavorite(photoID)
flickr.setPhotoInfo(photoID, True)
]]>
</onclick>
               <onup lang="python">
                  <![CDATA[
reg = mc.GetApp().GetLocalConfig()
reg.SetValue("playing", "true")
mc.GetActiveWindow().GetControl(100).SetFocus()
mc.GetActiveWindow().GetControl(100).SetFocus()
]]>
</onup>
               <ondown lang="python">
                  <![CDATA[
reg = mc.GetApp().GetLocalConfig()
if reg.GetValue("playing"):
   reg.Reset("playing")
   focused = int(reg.GetValue("active"))
mc.GetActiveWindow().GetControl(120).SetFocus()
mc.GetActiveWindow().GetList(120).SetFocusedItem(focused)
]]>
</ondown>
            </control>
            <control type="button" id="1012">
               <width>140</width>
               <height>24</height>
               <align>center</align>
               <aligny>center</aligny>
               <aligny>top</aligny>
               <font>font17</font>
               <label>remove favorite</label>
               <textcolor>ff777777</textcolor>
               <focusedcolor>ff333333</focusedcolor>
               <texturefocus border="5">flickr_button_on.png</texturefocus>
               <texturenofocus border="5">flickr_button.png</texturenofocus>
               <visible>App.HasSetting(isfavorite)</visible>
               <onclick lang="python">
                  <![CDATA[
import flickr
list = mc.GetActiveWindow().GetList(120)
photoID = list.GetItem(list.GetFocusedItem()).GetProperty("photoID")
status = flickr.unsetFavorite(photoID)
flickr.setPhotoInfo(photoID, True)
]]>
</onclick>
               <onup lang="python">
                  <![CDATA[
reg = mc.GetApp().GetLocalConfig()
reg.SetValue("playing", "true")
mc.GetActiveWindow().GetControl(100).SetFocus()
mc.GetActiveWindow().GetControl(100).SetFocus()
]]>
</onup>
               <ondown lang="python">
                  <![CDATA[
reg = mc.GetApp().GetLocalConfig()
if reg.GetValue("playing"):
   reg.Reset("playing")
   focused = int(reg.GetValue("active"))
mc.GetActiveWindow().GetControl(120).SetFocus()
mc.GetActiveWindow().GetList(120).SetFocusedItem(focused)
]]>
</ondown>
            </control>
            <control type="button" id="1013">
               <width>170</width>
               <height>24</height>
               <align>center</align>
               <aligny>top</aligny>
               <font>font17</font>
               <label>user's photostream</label>
               <textcolor>ff777777</textcolor>
               <focusedcolor>ff333333</focusedcolor>
               <texturefocus border="5">flickr_button_on.png</texturefocus>
               <texturenofocus border="5">flickr_button.png</texturenofocus>
               <onclick lang="python">
                  <![CDATA[
import flickr
list = mc.GetActiveWindow().GetList(120)
focused = int(reg.GetValue("active"))
item = list.GetItem( focused )
nsid = item.GetProperty("nsid")
user = item.GetProperty("dispname")
reg = mc.GetApp().GetLocalConfig()
reg.SetValue("nsid", nsid)
reg.SetValue("name", user)
flickr.quickLaunch(14000)
]]>
</onclick>
               <onup lang="python">
                  <![CDATA[
reg = mc.GetApp().GetLocalConfig()
reg.SetValue("playing", "true")
mc.GetActiveWindow().GetControl(100).SetFocus()
mc.GetActiveWindow().GetControl(100).SetFocus()
]]>
</onup>
               <ondown lang="python">
                  <![CDATA[
reg = mc.GetApp().GetLocalConfig()
if reg.GetValue("playing"):
   reg.Reset("playing")
   focused = int(reg.GetValue("active"))
mc.GetActiveWindow().GetControl(120).SetFocus()
mc.GetActiveWindow().GetList(120).SetFocusedItem(focused)
]]>
</ondown>
            </control>
            <control type="button" id="1014">
               <width>130</width>
               <height>24</height>
               <align>center</align>
               <aligny>top</aligny>
               <font>font17</font>
               <label>play slideshow</label>
               <textcolor>ff777777</textcolor>
               <focusedcolor>ff333333</focusedcolor>
               <texturefocus border="5">flickr_button_on.png</texturefocus>
               <texturenofocus border="5">flickr_button.png</texturenofocus>
               <onclick lang="python">
                  <![CDATA[
list = mc.GetActiveWindow().GetList(120)
focus = list.GetFocusedItem()
items = list.GetItems()
mc.GetPlayer().PlaySlideshow(items, False, False, str(focus), False)
]]>
</onclick>
               <onup lang="python">
                  <![CDATA[
reg = mc.GetApp().GetLocalConfig()
reg.SetValue("playing", "true")
mc.GetActiveWindow().GetControl(100).SetFocus()
mc.GetActiveWindow().GetControl(100).SetFocus()
]]>
</onup>
               <ondown lang="python">
                  <![CDATA[
reg = mc.GetApp().GetLocalConfig()
if reg.GetValue("playing"):
   reg.Reset("playing")
   focused = int(reg.GetValue("active"))
mc.GetActiveWindow().GetControl(120).SetFocus()
mc.GetActiveWindow().GetList(120).SetFocusedItem(focused)
]]>
</ondown>
            </control>
            <control type="image">
               <width>24</width>
               <height>24</height>
               <texture flipy="true">flickr_arrow_up_fade.png</texture>
               <visible>App.HasSetting(playing) + Control.HasFocus(100)</visible>
            </control>
            <control type="image">
               <width>24</width>
               <height>24</height>
               <texture flipy="true">flickr_arrow_up.png</texture>
               <visible>App.HasSetting(playing) + !Control.HasFocus(100)</visible>
            </control>
            <control type="image">
               <width>24</width>
               <height>24</height>
               <texture>flickr_arrow_up.png</texture>
               <visible>!App.HasSetting(playing)</visible>
            </control>
         </control>
         <control type="group">
            <posx>38</posx>
            <posy>83</posy>
            <control type="image">
               <width>24</width>
               <height>24</height>
               <texture>flickr_arrow_left.png</texture>
               <visible>Container(120).HasPrevious</visible>
            </control>
            <control type="image">
               <posx>1179</posx>
               <width>24</width>
               <height>24</height>
               <texture flipx="true">flickr_arrow_left.png</texture>
               <visible>Container(120).HasNext</visible>
            </control>
         </control>
         <control type="fixedlist" id="120">
            <posy>55</posy>
            <posx>70</posx>
            <width>1144</width>
            <height>80</height>
            <onup>1010</onup>
            <onleft>-</onleft>
            <onright>-</onright>
            <ondown>-</ondown>
            <preloaditems>4</preloaditems>
            <orientation>horizontal</orientation>
            <itemlayout width="88" height="80">
               <control type="image">
                  <posy>2</posy>
                  <posx>2</posx>
                  <width>76</width>
                  <height>76</height>
                  <info>ListItem.Thumb</info>
                  <aspectratio>scale</aspectratio>
                  <bordertexture>flickr_border_small_off.png</bordertexture>
               </control>
            </itemlayout>
            <focusedlayout width="88" height="80">
               <control type="image">
                  <posy>2</posy>
                  <posx>2</posx>
                  <width>76</width>
                  <height>76</height>
                  <info>ListItem.Thumb</info>
                  <aspectratio>scale</aspectratio>
                  <visible>!Control.HasFocus(120)</visible>
               </control>
               <control type="image">
                  <width>80</width>
                  <height>80</height>
                  <texture>flickr_item_on.png</texture>
                  <aspectratio>scale</aspectratio>
                  <visible>Control.HasFocus(120)</visible>
               </control>
               <control type="image">
                  <posy>2</posy>
                  <posx>2</posx>
                  <width>76</width>
                  <height>76</height>
                  <info>ListItem.Thumb</info>
                  <aspectratio>scale</aspectratio>
                  <visible>Control.HasFocus(120)</visible>
               </control>
            </focusedlayout>
            <content type="url" url="$INFO[App.param(url)]">
               <onclick lang="python">
                  <![CDATA[
import flickr
list = mc.GetActiveWindow().GetList(120)
mc.GetActiveWindow().GetList(100).SetFocusedItem(list.GetFocusedItem())
photoID = list.GetItem(list.GetFocusedItem()).GetProperty("photoID")
flickr.setPhotoInfo(photoID, True)
reg.SetValue("active", str(list.GetFocusedItem()))
]]>
</onclick>
            </content>
         </control>
      </control>
   </controls>
</window>
