<app>
  <id>hardstyleteam</id>
  <name>Hardstyle Team Podcast</name>
  <version>1.0</version>
  <description>Monthly hardstyle podcast representing the harder styles of dance music.  Featuring hardstyle acts from all over the world.  Such as, Headhunterz, Showtek, Technoboy, and many more!</description>
  <thumb>http://hardstyleteam.us/podcast/hardstyleteam-boxee-icon.png</thumb>
  <repository>http://dir.boxee.tv/apps</repository>
  <media>audio</media>
  <copyright>Hardstyle Team Podcast</copyright>
  <email>podcast@hardstyleteam.us</email>
  <type>skin</type>
  <startWindow>14000</startWindow>
  <platform>all</platform>
  <minversion>0.9.9</minversion>
  <url>http://hardstyleteam.us/feed/</url>
</app>