<?xml version="1.0"?>
<window type="window" id="15000">
	<defaultcontrol always="true">9001</defaultcontrol>
	<allowoverlay>no</allowoverlay>
	<onload lang="python">
<![CDATA[
import mc, drivecast

mc.ShowDialogWait()
win= mc.GetActiveWindow()
conf= mc.GetApp().GetLocalConfig()
ref= conf.GetValue("refresh")
pl= conf.GetValue("pl")
lab= win.GetLabel(1205)
us= conf.GetValue("username")
if us:
	lab.SetLabel(us)
else:
	lab.SetLabel("Guest")
if ref == "start":
	win.GetList(1202).SetItems(mc.ListItems())
	win.GetList(9001).SetItems(mc.ListItems())
	win.ClearStateStack(False)
	if us:
		drivecast.manage_RSS()
	else:
		drivecast.guest()
	conf.SetValue("refresh","false")
	win.GetControl(9001).SetFocus()
elif pl:
	win.GetList(9001).SetFocusedItem(int(pl))
	it= conf.GetValue("it")
	if it:
		win.GetList(1202).SetFocusedItem(int(it))
	else:
		win.GetList(1202).SetFocusedItem(0)
	win.GetControl(6000).SetFocus()
	conf.Reset("pl")
	conf.Reset("it")
else:
	win.GetControl(9001).SetFocus()
mc.HideDialogWait()
]]>
	</onload>
	<previouswindow>10482</previouswindow>
	<controls>
		<control type="list" id="1200"><!-- LISTA INVISIBILE -->
			<itemlayout></itemlayout>
			<focusedlayout></focusedlayout>
		</control>
		<control type="group"><!-- BACKGROUND -->
			<control type="image">
                <width>1280</width>
                <height>720</height>
                <texture>background.png</texture>
            </control>
            <include>Common_Status</include>
			<control type="group"><!-- BODY CENTRALE-->
				<posx>20</posx>
				<posy>154</posy>
				<width>1240</width>
				<height>500</height>
				<control type="group" id="9000">
<!--////////////////////////////////////////////////////////////////////
						PRIMA COLONNA: MAIN MENU
////////////////////////////////////////////////////////////////////-->
					<control type="group">
						<width>400</width>
						<height>480</height>
						<control type="image">
							<width>400</width>
							<height>480</height>
							<texture>list_background.png</texture>
						</control>
						<control type="fixedlist" id="9001">
							<width>400</width>
							<height>480</height>
							<visible>true</visible>
							<orientation>vertical</orientation>
							<onup>6000</onup>
							<onright>1202</onright>
							<onleft>-</onleft>
							<ondown>1204</ondown>
							<focusposition>0</focusposition>
							<itemlayout height="96">
								<control type="image">
									<height>96</height>
									<width>400</width>
									<texture>item_background.png</texture>
								</control>
								<control type="label">
									<posx>67</posx>
									<width>318</width>
									<height>96</height>
									<aligny>center</aligny>
									<label>$INFO[ListItem.Label]</label>
								</control>
								<control type="image">
									<posy>28</posy>
									<posx>15</posx>
									<width>42</width>
									<height>42</height>
									<texture>$INFO[ListItem.Thumb]</texture>
								</control>
							</itemlayout>
							<focusedlayout height="96">
								<control type="image">
									<height>96</height>
									<width>400</width>
									<texture>item_background.png</texture>
								</control>
								<control type="image">
									<width>400</width>
									<height>96</height>
									<texture>item_selected.png</texture>
								</control>
								<control type="image">
									<visible>Control.HasFocus(9001)</visible>
									<width>400</width>
									<height>96</height>
									<texture>box_focused.png</texture>
								</control>
								<control type="button">
									<width>400</width>
									<height>96</height>
									<texturefocus>box_focused.png</texturefocus>
									<onfocus lang="python">
<![CDATA[
mc.ShowDialogWait()
wind = mc.GetActiveWindow()
elenco = wind.GetList(1200).GetItems()
listaIN = wind.GetList(9001)
sel = listaIN.GetItem(listaIN.GetFocusedItem())
playlist = sel.GetProperty("pl")
lista = mc.ListItems()
for item in elenco:
	item_playlist = item.GetProperty("pl")
	pl=str(item_playlist)
	if(pl==playlist or pl.endswith(","+playlist) or pl.startswith(playlist+",") or pl.find(","+playlist+",")!=-1 or playlist==""):
		lista.append(item)
listaOUT = wind.GetList(1202)
listaOUT.SetItems(lista)
listaOUT.SetVisible(True)
mc.HideDialogWait()
]]>
									</onfocus>
								</control>
								<control type="image">
									<width>63</width>
									<height>63</height>
									<posy>17</posy>
									<posx>15</posx>
									<texture>$INFO[ListItem.Thumb]</texture>
								</control>
								<control type="label">
									<width>297</width>
									<height>96</height>
									<posx>88</posx>
									<aligny>center</aligny>
									<scroll>true</scroll>
									<font>font24b</font>
									<label>$INFO[ListItem.Label]</label>
								</control>
							</focusedlayout>
							<content type="action">
								<onclick lang="python">
<![CDATA[
if mc.ShowDialogConfirm('Playlist', 'Play whole playlist?', 'No', 'Yes'):
	listaIN = mc.GetActiveWindow().GetList(1202).GetItems()
	if mc.GetPlayer().IsPlaying():
		mc.GetPlayer().Stop()
	playlist = mc.PlayList(mc.PlayList.PLAYLIST_VIDEO)
	playlist.Clear()
	for sel in listaIN:
		playlist.Add(sel)
	conf= mc.GetApp().GetLocalConfig()
	conf.SetValue("pl",str(mc.GetActiveWindow().GetList(9001).GetFocusedItem()))
	playlist.Play(0)
]]>
								</onclick>
							</content>
						</control>
					</control>

<!--////////////////////////////////////////////////////////////////////
						SECONDA COLONNA: PLAYLISTS
////////////////////////////////////////////////////////////////////-->
					<control type="group">
						<posx>420</posx>
						<width>400</width>
						<height>480</height>
						<control type="image">
							<width>400</width>
							<height>480</height>
							<texture>list_background.png</texture>
						</control>
						<control type="fixedlist" id="1202"><!-- ELENCO PODCAST -->
							<width>400</width>
							<height>480</height>
							<visible>true</visible>
							<orientation>vertical</orientation>
							<ondown>1204</ondown>
							<onup>6000</onup>
							<onleft>9001</onleft>
							<onright>6000</onright>
							<focusposition>2</focusposition>
							<itemlayout height="96">
								<control type="image">
									<height>96</height>
									<width>400</width>
									<texture>item_background.png</texture>
								</control>
								<control type="label">
									<posx>67</posx>
									<width>318</width>
									<height>96</height>
									<aligny>center</aligny>
									<label>$INFO[ListItem.Label]</label>
								</control>
								<control type="image">
									<posy>28</posy>
									<posx>15</posx>
									<width>42</width>
									<height>42</height>
									<texture>$INFO[ListItem.Genre]</texture>
								</control>
							</itemlayout>
							<focusedlayout height="96">
								<control type="image">
									<height>96</height>
									<width>400</width>
									<texture>item_background.png</texture>
								</control>
								<control type="image">
									<width>400</width>
									<height>96</height>
									<texture>item_selected.png</texture>
								</control>
								<control type="image">
									<visible>Control.HasFocus(1202)</visible>
									<width>400</width>
									<height>96</height>
									<texture>box_focused.png</texture>
								</control>
								<control type="button">
									<width>400</width>
									<height>96</height>
									<texturefocus>box_focused.png</texturefocus>
								</control>
								<control type="image">
									<width>63</width>
									<height>63</height>
									<posy>17</posy>
									<posx>15</posx>
									<texture>$INFO[ListItem.Genre]</texture>
								</control>
								<control type="label">
									<width>297</width>
									<height>96</height>
									<posx>88</posx>
									<aligny>center</aligny>
									<scroll>true</scroll>
									<font>font24b</font>
									<label>$INFO[ListItem.Label]</label>
								</control>
							</focusedlayout>
							<content type="action">
								<onclick lang="python">
<![CDATA[
listaIN = mc.GetActiveWindow().GetList(1202)
sel = listaIN.GetItem(listaIN.GetFocusedItem())
conf= mc.GetApp().GetLocalConfig()
conf.SetValue("pl",str(mc.GetActiveWindow().GetList(9001).GetFocusedItem()))
conf.SetValue("it",str(listaIN.GetFocusedItem()))
mc.GetPlayer().PlayWithActionMenu(sel)
]]>
								</onclick>
							</content>
						</control>
					</control>
				</control>
<!--////////////////////////////////////////////////////////////////////
						TERZA COLONNA: DESCRIPTION
////////////////////////////////////////////////////////////////////-->
				<control type="group">
					<posx>840</posx>
					<width>400</width>
					<height>480</height>
					<control type="image">
						<width>400</width>
						<height>480</height>
						<texture>list_background.png</texture>
					</control>
					<control type="label"><!-- PODCAST TITLE-->
						<visible>true</visible>
						<posx>15</posx>
						<posy>20</posy>
						<width>365</width>
						<height>100</height>
						<align>center</align>
						<font>light28b</font>
						<scroll>true</scroll>
						<info>Container(1202).ListItem.label</info>
					</control>
					<control type="label"><!-- PODCAST AUTHOR-->
						<visible>true</visible>
						<posx>15</posx>
						<posy>70</posy>
						<width>365</width>
						<height>100</height>
						<align>center</align>
						<scroll>true</scroll>
						<info>Container(1202).ListItem.artist</info>
						<scroll>true</scroll>
					</control>
					<control type="image"><!-- THUMBNAIL BACKGROUND -->
						<posx>67</posx>
						<posy>150</posy>
						<height>276</height>
						<width>276</width>
						<texture>thumbnail_bg.png</texture>
					</control>
					<control type="image"><!-- THUMBNAIL -->
						<posx>77</posx>
						<posy>160</posy>
						<height>256</height>
						<width>255</width>
						<info>Container(1202).ListItem.thumb</info>
					</control>
				</control>
			</control>
			<include>BrowseEmptyList</include>

<!--////////////////////////////////////////////////////////////////////
						TOOLBAR
////////////////////////////////////////////////////////////////////-->
			<control type="image">
				<posy>674</posy>
				<height>46</height>
				<width>1280</width>
				<texture>toolbar_background.png</texture>
			</control>
			<control type="button" id="1203"><!-- LOGOUT -->
				<posx>1150</posx>
				<posy>677</posy>
				<width>100</width>
				<height>42</height>
				<onup>9000</onup>
				<ondown>-</ondown>
				<onright>-</onright>
				<onleft>1204</onleft>
				<align>center</align>
				<aligny>top</aligny>
				<font>font22</font>
				<textoffsety>5</textoffsety>
				<texturenofocus>toolbar_button.png</texturenofocus>
				<texturefocus>toolbar_focus.png</texturefocus>
				<label>Logout</label>
				<textcolor>white</textcolor>
				<onclick lang="python">
<![CDATA[
if mc.ShowDialogConfirm('Logout', 'Vuoi effettuare il logout?', 'No', 'Yes'):
	mc.GetApp().GetLocalConfig().ResetAll()
	mc.GetActiveWindow().ClearStateStack(True)
	if mc.GetPlayer().IsPlaying():
		mc.GetPlayer().Stop()
	mc.GetApp().GetLocalConfig().SetValue("refresh","start")
	mc.ActivateWindow(14000)
]]>
				</onclick>
			</control>
			<control type="button" id="1204"><!-- REFRESH -->
				<posx>30</posx>
				<posy>677</posy>
				<width>100</width>
				<height>42</height>
				<onup>9000</onup>
				<ondown>-</ondown>
				<onright>1203</onright>
				<onleft>9001</onleft>
				<align>center</align>
				<aligny>top</aligny>
				<textoffsety>5</textoffsety>
				<label>Refresh</label>
				<font>font22</font>
				<textcolor>white</textcolor>
				<texturenofocus>toolbar_button.png</texturenofocus>
				<texturefocus>toolbar_focus.png</texturefocus>
				<onclick lang="python">
<![CDATA[
if mc.GetPlayer().IsPlaying():
	mc.GetPlayer().Stop()
mc.GetApp().GetLocalConfig().SetValue("refresh","start")
mc.ActivateWindow(15000)
]]>
				</onclick>
			</control>
			<control type="image">
				<posx>1090</posx>
				<posy>677</posy>
				<width>60</width>
				<height>42</height>
				<texture>user_icon.png</texture>
			</control>
			<control type="label" id="1205"><!-- USERNAME -->
				<posx>1090</posx>
				<posy>677</posy>
				<height>38</height>
				<font>font22b</font>
				<aligny>center</aligny>
				<align>right</align>
				<textcolor>white</textcolor>
			</control>
		</control>
		<include>Common_Now_Playing</include>
	</controls>
</window>
