<?xml version="1.0"?>
<window type="dialog" id="14009">
   <allowoverlay>no</allowoverlay>
   <controls>
      <control type="group">
         <animation type="WindowOpen">
            <effect type="fade" start="0" end="100" time="200" />
         </animation>
         <control type="image">
            <width>1280</width>
            <height>720</height>
            <texture>blue_bg.png</texture>
         </control>
         <control type="image">
					 <posx>20</posx>
					 <posy>10</posy>
					 <width>171</width>
					 <height>81</height>
					 <texture>sdvd_logo.png</texture>
			   </control>
         <control type="group">
            <posy>101</posy>
            <control type="image">
               <width>1280</width>
               <height>3</height>
               <texture>black.png</texture>
            </control>
            <control type="image">
               <width>1280</width>
               <height>619</height>
               <texture>ba_overlay3.png</texture>
            </control>
         </control>
         <control type="label" id="189">
            <posx>390</posx>
            <posy>350</posy>
            <height>200</height>
            <width>600</width>
            <font>font40b</font>
            <textcolor>ffff6600</textcolor>
            <label>Performing Registration</label>
         </control>
      </control>
      <control type="label">
         <posy>692</posy>
         <posx>01000</posx>
         <width>600</width>
         <align>right</align>
         <font>font21</font>
         <textcolor>ffffffff</textcolor>
         <label>SugarDVD App Version 1.21, Reg</label>
      </control>
   </controls>
</window>
