<?xml version="1.0"?>
<window type="window" id="14005">
   <allowoverlay>no</allowoverlay>
   <onload lang="python"><![CDATA[
mc.ShowDialogWait()
import sugar
params = mc.GetApp().GetLaunchedWindowParameters()
window = mc.GetActiveWindow()
items = mc.GetDirectory(dir)
window.GetList(420).SetItems(items)
window.GetList(420).SetFocusedItem(int(mynum))
window.GetControl(400).SetVisible(True)
window.GetControl(420).SetFocus()
window.GetImage(199).SetTexture(header) 
params = mc.Parameters()
mc.HideDialogWait()
]]></onload>
   <controls>
      <control type="group">
         <animation type="WindowOpen">
            <effect type="fade" start="0" end="100" time="200" />
         </animation>
         <control type="image">
            <width>1280</width>
            <height>720</height>
            <texture>blue_bg.png</texture>
         </control>
         <control type="image">
					 <posx>20</posx>
					 <posy>10</posy>
					 <width>171</width>
					 <height>81</height>
					 <texture>sdvd_logo.png</texture>
			   </control>
         <control type="image" id="199">
           <posx>1000</posx>
           <posy>10</posy>
           <width>250</width>
           <height>75</height>
         </control>
         <control type="group" id="300">
            <posy>101</posy>
            <control type="image">
               <width>1280</width>
               <height>620</height>
               <texture>ba_overlay3.png</texture>
            </control>
         </control>
      </control>
      <control type="group" id="400">
         <posx>0</posx>
         <posy>110</posy>
         <width>1280</width>
         <height>600</height>
         <visible>false</visible>
         <control type="wraplist" id="420">
            <focusposition>1</focusposition>
            <control type="image">
              <texture>blue_bg.png</texture>
            </control>
            <posx>0</posx>
            <posy>0</posy>
            <width>1280</width>
            <height>600</height>
            <onup lang="python"><![CDATA[
mc.ShowDialogWait()            
list = mc.GetActiveWindow().GetList(420)
mynumber = list.GetFocusedItem()
mynum = str(mynumber)
params['mynum'] = mynum
mc.GetApp().ActivateWindow(14000, params)
mc.HideDialogWait()
]]></onup>
            <ondown lang="python"><![CDATA[
mc.ShowDialogWait()            
list = mc.GetActiveWindow().GetList(420)
mynumber = list.GetFocusedItem()
mynum = str(mynumber)
params['mynum'] = mynum
mc.GetApp().ActivateWindow(14000, params)
mc.HideDialogWait()
]]></ondown>
            <orientation>horizontal</orientation>
            <itemlayout width="85" height="600">
               <control type="image">
                  <posx>25</posx>
                  <posy>230</posy>
                  <width>1</width>
                  <height>1</height>
                  <info>ListItem.Icon</info>
               </control>
            </itemlayout>
            <focusedlayout width="1020" height="600">
               <control type="image">
                  <posx>30</posx>
                  <posy>5</posy>
                  <width>300</width>
                  <height>450</height>
                  <info>ListItem.Icon</info>
               </control>
               <control type="image">
                  <posx>30</posx>
                  <posy>490</posy>
                  <width>300</width>
                  <height>60</height>
                  <texture>ENTERbtn.png</texture>
               </control>
               <control type="label">
                  <posx>410</posx>
                  <posy>5</posy>
                  <width>650</width>
                  <height>205</height>
                  <font>font36b</font>
                  <textcolor>ff000000</textcolor>
                  <selectedcolor>ff000000</selectedcolor>
                  <wrapmultiline>True</wrapmultiline>
                  <info>ListItem.Title</info>
               </control>
               <control type="label">
                  <posx>410</posx>
                  <posy>92</posy>
                  <width>260</width>
                  <height>105</height>
                  <font>font20b</font>
                  <textcolor>ff000000</textcolor>
                  <selectedcolor>ff000000</selectedcolor>
                  <label>Release Year: $INFO[Listitem.property(releasedate)]</label>
               </control>
               <control type="label">
                  <posx>410</posx>
                  <posy>122</posy>
                  <width>500</width>
                  <height>105</height>
                  <font>font20b</font>
                  <textcolor>ff000000</textcolor>
                  <selectedcolor>ff000000</selectedcolor>
                  <label>Running Time: $INFO[ListItem.property(duration)]</label>
               </control>
               <control type="label">
                  <posx>410</posx>
                  <posy>152</posy>
                  <width>500</width>
                  <height>105</height>
                  <font>font20b</font>
                  <textcolor>ff000000</textcolor>
                  <selectedcolor>ff000000</selectedcolor>
                  <info>ListItem.Director</info>
               </control>
                <control type="label">
                  <posx>410</posx>
                  <posy>182</posy>
                  <width>700</width>
                  <height>305</height>
                  <font>font20b</font>
                  <textcolor>ff000000</textcolor>
                  <selectedcolor>ff000000</selectedcolor>
                  <wrapmultiline>True</wrapmultiline>
                  <info>Listitem.property(description)</info>
               </control>
               <control type="label">
                  <posx>410</posx>
                  <posy>470</posy>
                  <width>700</width>
                  <height>105</height>
                  <wrapmultiline>True</wrapmultiline>
                  <font>font20b</font>
                  <textcolor>ff000000</textcolor>
                  <label>$INFO[ListItem.Cast]</label>
               </control>
            </focusedlayout>
            <content type="action">
               <onclick lang="python"><![CDATA[
mc.ShowDialogWait()
list = mc.GetActiveWindow().GetList(420)
mynumber = list.GetFocusedItem()
item = list.GetItem(mynumber)
title = item.GetLabel()
mynum = str(mynumber)
guid = item.GetProperty("content")
confirm = mc.ShowDialogConfirm('SugarDVD Boxee Application ', 'Play "'+title+'"?', 'Cancel', 'Play')
mc.HideDialogWait()
if confirm:
  '''
  mc.GetPlayer().Play(item)
  '''
  sugar.play(guid, regtoken, boxeeID, cspeed)
]]></onclick>
            </content>
         </control>
      </control>
      <control type="image">
         <width>34</width>
         <height>69</height>
         <posx>10</posx>
         <posy>350</posy>
         <texture>arrow_left.png</texture>
      </control>
      <control type="image">
         <width>34</width>
         <height>69</height>
         <posx>1235</posx>
         <posy>350</posy>
         <texture>arrow_right.png</texture>
      </control>
   </controls>
</window>