<app>
  <id>tsg-show</id>
  <name>Too Smart Guys</name>
  <version>1.0</version>
  <description>What the Manuals don't tell you!</description>
  <thumb>http://www.toosmartguys.com/system/files/TSGBoxee200p.png</thumb>
  <repository>http://dir.boxee.tv/apps</repository>
  <media>video</media>
  <author>Patrick Lawson</author>
  <copyright>Patrick Lawson</copyright>
  <email>pox@toosmartguys.com</email>
  <type>skin</type>
  <startWindow>14000</startWindow>
  <platform>all</platform>
  <minversion>0.9.10</minversion>
</app>
