<?xml version="1.0" encoding="UTF-8"?>
<app>
    <id>tv.boxee.gomtv</id>
    <name>GOMTV.net App</name>
    <version>1.1</version>
    <description>GOMTV.net Application</description>
    <thumb>http://img.gomtv.net/img/boxee/thumb.png</thumb>
    <repository>http://dir.boxee.tv/apps</repository>
    <media>video</media>
    <copyright>gomtv</copyright>
    <email>support@gomtv.net</email>
    <type>skin</type>
    <startWindow>14000</startWindow>
    <platform>dlink.dsm380, intel.ce4100</platform>
    <minversion>0.9.30</minversion>
</app>