<?xml version="1.0"?>
<window type="dialog" id="14001">
	<defaultcontrol always="true">100</defaultcontrol>
	<allowoverlay>no</allowoverlay>
	<onload lang="python"></onload>
	<controls>
		<!-- loading splash image -->
		<control type="image">
			<posx>0</posx>
			<posy>0</posy>
			<width>1280</width>
			<height>720</height>
			<texture>com.mediafly-splash.png</texture>
			<animation effect="fade" time="250">WindowClose</animation>
		</control>
		
		<!-- splash -->
		<control type="largeimage" id="100">
			<posx>0</posx>
			<posy>0</posy>
			<width>1280</width>
			<height>720</height>
			<info>App.String(contentsource_asset_splash)</info>
			<animation effect="fade" time="250">WindowClose</animation>
		</control>
	</controls>
</window>