<app>
   <id>crunchtime</id>
   <name>Crunch Time</name>    
   <version>2.0</version>    
   <description>Hosted by Jack Bogdan and Alex Griendling, Crunch Time is a daily bite into the world of video games.</description>
   <thumb>http://www.crunchtimeshow.com/images/crunchtimealbumart.png</thumb>
   <repository>http://dir.boxee.tv/apps</repository>
   <media>video</media>    
   <copyright>Jack Bogdan</copyright>
   <email>fans@crunchtimeshow.com</email>
   <type>skin</type>
   <startWindow>14000</startWindow>
   <platform>all</platform>
   <minversion>0.9.11</minversion>
</app>