<app>
	<id>iwinetv</id>
  	<name>iwine.tv</name>
  	<version>1.0</version>
  	<description>iwine.tv educates you about wine, brings insightful reviews of wines, takes you on the world tour of wine regions and great wineries. Watch thousands of video reviews covering range of varietals, vintages and price points. iwine.tv is your own channel for everything wine.</description>
  	<thumb>http://thumbs.ifood.tv/files/images/iptv/wine/iwine_logo.png</thumb>
  	<platform>all</platform>
	<copyright>Future Today Inc</copyright>
	<type>skin</type>
	<media>video</media>
  	<email>Admin@ifood.tv</email>
  	<startWindow>14000</startWindow>
  	<minversion>0.9.11</minversion>
  	<repository>http://dir.boxee.tv/apps</repository>
</app>
