<app>
  <id>screened</id>
  <name>Screened</name>
  <version>1.0</version>
  <description>Screened is a site about movies that doesn't take itself too seriously. Watch reviews, trailers and original videos about movies.</description>
  <thumb>http://media.screened.com/media/devices/boxee.png</thumb>
  <repository>http://dir.boxee.tv/apps</repository>
  <media>video</media>
  <copyright>whiskey Media</copyright>
  <email>boxee@whiskeymedia.com</email>
  <type>skin</type>
  <startWindow>start</startWindow>
  <platform>all</platform>
  <minversion>0.9.21</minversion>
</app>