<app>
  <id>spotify</id>
  <name>Spotify</name>
  <version>5.0</version>
  <description>Spotify is a new way to listen to music. Any track you like, any time you like.</description>
  <thumb>http://dir.boxee.tv/apps/spotify/thumb.jpg</thumb>
  <repository>http://dir.boxee.tv/apps</repository>
  <platform>all</platform>
  <media>music</media>
  <copyright>Boxee</copyright>
  <email>support@boxee.tv</email>
  <type>skin-native</type>
  <startWindow>14000</startWindow>
  <minversion>1.5.1</minversion>
  <is-persistent>true</is-persistent>
  <repositoryid>tv.boxee</repositoryid>
  <sharedlib platform="linux,intel.ce4100,dlink.dsm380">libspotify.so.10</sharedlib>
  <signature-dlink.dsm380>doOyIvhTIvm0lWZgIitNMrhprOjQqvWGwQw9mc7HmIMXhBmd0KYn5CGsMUZg7H/oihyogJqjtUX2jXHlrw5qeRCqYSGBWHUu/1qCsnPMexHXpMV9t8TwpNmzkNxPRNvttuXODHuMIPnng02Su/yZeFynragYQ+uifviVqOakgdk=</signature-dlink.dsm380>
  <signature-intel.ce4100>doOyIvhTIvm0lWZgIitNMrhprOjQqvWGwQw9mc7HmIMXhBmd0KYn5CGsMUZg7H/oihyogJqjtUX2jXHlrw5qeRCqYSGBWHUu/1qCsnPMexHXpMV9t8TwpNmzkNxPRNvttuXODHuMIPnng02Su/yZeFynragYQ+uifviVqOakgdk=</signature-intel.ce4100>
  <signature-iomega.z1>doOyIvhTIvm0lWZgIitNMrhprOjQqvWGwQw9mc7HmIMXhBmd0KYn5CGsMUZg7H/oihyogJqjtUX2jXHlrw5qeRCqYSGBWHUu/1qCsnPMexHXpMV9t8TwpNmzkNxPRNvttuXODHuMIPnng02Su/yZeFynragYQ+uifviVqOakgdk=</signature-iomega.z1>
  <signature-linux>BfBtTpZ8Pvzj2C+gSKfBvL5C+BEETDgwTNL6O0l8aTADHt/ynvY/7XVH9gpzLs7mvhlnHNmBFtDcYN3r6If7FUrD0Xc2fD3bVNKwekDdJi5v39RU/KoTWnE4J9YvayWbANLlQZDUimG9u5cZ12qeR778oB2TgNWLvnIeoMC20aI=</signature-linux>
</app>
