<?xml version="1.0"?>
<window type="window" id="14001">
	<defaultcontrol>200</defaultcontrol>
	<allowoverlay>no</allowoverlay>
	<onload lang="Python"><![CDATA[from menuevents import *; from showevents import *; title_onload()]]></onload>
	<onload lang="Python"><![CDATA[
import mediafly as mf
import bxutils as bx

# Cache some calls. #
currentWindow = mc.GetWindow(14001)
contentList = currentWindow.GetList(200)

bx.log_message('Start: Show Window')

# Get page type. #
pageType = bx.get_pagetype()

# Empty episode list, used for sorting. #
#episodeList = mc.ListItems()

# Make this a setting. #
itemLimit = 100

if len(contentList.GetItems()) == 0:
	# list is empty, reload data
	params = mc.GetApp().GetLaunchedWindowParameters()

	mc.ShowDialogWait()
	bx.log_message('')

	channelList = mc.ListItems()
	episodeList = mc.ListItems()

	if pageType == 'mine':
		episodeList, channelList = mf.get_channels(mf.config.GetValue('user_context'))
		
	elif pageType == 'popular':
		episodeList, channelList = mf.get_channels()

	elif pageType == 'slug':
		# Temp hack, fix me. #
		episodeList, channelList = mf.get_channel(params['slug'], itemLimit, True, False, params['userContext'])

	elif pageType == 'source':
		# Temp hack, fix me. #
		sourceSlug = params['slug']
		episodeList, channelList, = mf.get_channel(mf.rootSlug, itemLimit, True, sourceSlug, mf.config.GetValue('user_context'))

	elif pageType == 'search':
		episodes, shows = mf.search(params['query'])
		episodeList = episodes
		#episodeList = shows

	elif pageType == 'show':
		episodeList = mf.get_show(item.GetProperty('showSlug'), 100)
		
	else:
		episodeList = mf.get_channel(mf.defaultSlug, 100)

	fillContent(channelList, episodeList)
	mc.HideDialogWait()

bx.log_message('')
bx.log_message('End: Show Window')

]]></onload>

	<controls>
		<!--#[COMMON BACKGROUND]#############################################-->
		<include>Common_Background</include>

		<control type="largeimage">
			<width>1280</width>
			<height>720</height>
			<texture>http://csassets.mediafly.com/$INFO[App.String(slug)]/background-1280x720.png</texture>
		</control>

		<!--
		TODO: Fix this if boxee fixes states holding labels text.
		Since boxee does not hold a labels text, but does save listitems
		we are using this list to store 1 item and it contains the title
		of the page.... really really silly.
		-->
		<control type="list" id="8900">
			<posx>25</posx>
			<posy>15</posy>
			<width>1200</width>
			<height>36</height>

			<orientation>horizontal</orientation>
			<hitrect x="0" y="0" w="0" h="0" />
			
			<itemlayout width="1100" height="36">
				<control type="label">
					<width>1000</width>
					<height>36</height>
					<align>left</align>
					<aligny>center</aligny>
					<haspath>true</haspath>
					<font>font34b</font>
					<textcolor>white</textcolor>
					<label>[UPPERCASE]$INFO[ListItem.Label][/UPPERCASE]</label>
				</control>
			</itemlayout>
			<focusedlayout width="1100" height="36">
				<control type="label">
					<width>1000</width>
					<height>36</height>
					<align>left</align>
					<aligny>center</aligny>
					<haspath>true</haspath>
					<font>font34b</font>
					<textcolor>white</textcolor>
					<label>[UPPERCASE]$INFO[ListItem.Label][/UPPERCASE]</label>
				</control>
			</focusedlayout>

			<content type="action"></content>
		</control>

		<!--#[COMMON MAIN MENU]##############################################-->
		<control type="image">
			<posy>63</posy>
			<posx>-10</posx>
			<width>1300</width>
			<height>40</height>
			<texture border="8">mf_selection_bkg.png</texture>
		</control>
		
		<control type="group" id="9000">
			<posx>15</posx>
			<posy>60</posy>

			<visible>!App.HasSetting(hidegearmenu)</visible>

			<control type="grouplist" id="9001">
				<width>1100</width>
				<height>76</height>
				<itemgap>10</itemgap>
				<orientation>horizontal</orientation>
				<visible>!App.HasSetting(isderivativeapp)</visible>
				<onleft>9002</onleft>
				<onright>9050</onright>
				<onup>6000</onup>
				<ondown>200</ondown>

				<!-- MY CHANNELS -->
				<control type="button" id="9002">
					<width>191</width>
					<height>45</height>
					<label>MY CHANNELS</label>
					<align>center</align>
					<aligny>center</aligny>
					<textcolor>grey</textcolor>
					<focusedcolor>white</focusedcolor>
					<font>font24b</font>
					<texturenofocus>mf_blank.png</texturenofocus>
					<texturefocus border="8">mf_button_focused.png</texturefocus>

					<onclick lang="Python"><![CDATA[mychannels_onClick(True)]]></onclick>
				</control>

				<!-- POPULAR CHANNELS -->
				<control type="button" id="9003">
					<width>276</width>
					<height>45</height>
					<label>POPULAR CHANNELS</label>
					<align>center</align>
					<aligny>center</aligny>
					<textcolor>grey</textcolor>
					<focusedcolor>white</focusedcolor>
					<font>font24b</font>
					<texturenofocus>mf_blank.png</texturenofocus>
					<texturefocus border="8">mf_button_focused.png</texturefocus>

					<onclick lang="Python"><![CDATA[popularchannels_onClick(True)]]></onclick>
				</control>

				<!-- MEDIA PLUGINS -->
				<control type="button" id="9004">
					<width>211</width>
					<height>45</height>
					<label>MEDIA PLUGINS</label>
					<align>center</align>
					<aligny>center</aligny>
					<textcolor>grey</textcolor>
					<focusedcolor>white</focusedcolor>
					<font>font24b</font>
					<texturenofocus>mf_blank.png</texturenofocus>
					<texturefocus border="8">mf_button_focused.png</texturefocus>
					<visible>App.HasSetting(hasmcode)</visible>

					<onclick lang="Python"><![CDATA[mediaplugins_onClick()]]></onclick>
				</control>
			</control>

			<control type="button" id="9050">
				<posx>1187</posx>
				<width>45</width>
				<height>45</height>
				<label></label>
				<texturenofocus>mf_blank.png</texturenofocus>
				<texturefocus border="8">mf_button_focused.png</texturefocus>

				<onleft>9001</onleft>
				<ondown>200</ondown>
				<onup>6000</onup>
				<onclick lang="Python"><![CDATA[settings_onClick()]]></onclick>
			</control>
			<control type="image">
				<posx>1190</posx>
				<posy>3</posy>
				<width>39</width>
				<height>39</height>
				<texture>mf_settings_gear.png</texture>
			</control>
			<control type="image">
				<posx>1190</posx>
				<posy>3</posy>
				<width>39</width>
				<height>39</height>
				<texture>mf_settings_gear_focused.png</texture>
				<visible>ControlGroup(8000).HasFocus()</visible>
			</control>

			<control type="button" id="9050">
				<posx>1187</posx>
				<width>45</width>
				<height>45</height>
				<label></label>
				<texturenofocus>mf_blank.png</texturenofocus>
				<texturefocus border="8">mf_button_focused.png</texturefocus>

				<onleft>9001</onleft>
				<ondown>200</ondown>
				<onclick lang="Python"><![CDATA[settings_onClick()]]></onclick>
			</control>
			<control type="image">
				<posx>1190</posx>
				<posy>3</posy>
				<width>39</width>
				<height>39</height>
				<texture>mf_settings_gear.png</texture>
			</control>
			<control type="image">
				<posx>1190</posx>
				<posy>3</posy>
				<width>39</width>
				<height>39</height>
				<texture>mf_settings_gear_focused.png</texture>
				<visible>ControlGroup(8000).HasFocus()</visible>
			</control>

		</control>

		<!--#[WINDOW CONTENT]################################################-->
		<!--ICON LAYOUT-->
		<control type="panel" id="200">
			
			<posx>29</posx>
			<posy>120</posy>
			<width>880</width>
			<height>580</height>

			<onup lang="Python"><![CDATA[items_onUp()()]]></onup>
			
			<scrolltime>200</scrolltime>
			<orientation>vertical</orientation>
			<preloaditems>1</preloaditems>

			<!--UNFOCUSED-->
			<itemlayout height="250" width="215">

				<!--SELECTION BACKGROUND-->
				<control type="image">
					<height>232</height>
					<width>170</width>
					<visible>!IsEmpty(ListItem.Property(custom:isEpisode)) | !IsEmpty(ListItem.Property(custom:isDocument))</visible>
					<texture border="8">mf_episode_bkg.png</texture>
				</control>
				
				<control type="image">
					<height>232</height>
					<width>170</width>
					<visible>!IsEmpty(ListItem.Property(custom:isChannel))</visible>
					<texture border="8">mf_channel_bkg.png</texture>
				</control>

				<!--THUMBNAIL-->
				<control type="image">
					<posx>16</posx>
					<posy>16</posy>
					<width>140</width>
					<height>140</height>
					<info>ListItem.Thumb</info>
					<aspectratio>keep</aspectratio>
				</control>

				<!--THUMBNAIL BORDER-->
				<!--control type="image">
					<posx>6</posx>
					<posy>6</posy>
					<width>160</width>
					<height>160</height>
					<texture>mf_selection.png</texture>
					<aspectratio>keep</aspectratio>
				</control-->

				<!--DURATION-->
				<control type="label">
					<posx>16</posx>
					<posy>168</posy>
					<width>100</width>
					<height>15</height>
					<align>left</align>
					<font>font12</font>
					<info>ListItem.Property(custom:formattedDuration)</info>
				</control>

				<!--CONTENT TYPE VIDEO-->
				<control type="image">
					<visible>ListItem.Property(custom:video)</visible>
					<posx>141</posx>
					<posy>168</posy>
					<width>15</width>
					<height>15</height>
					<texture>mf_video.png</texture>
					<aspectratio>keep</aspectratio>
				</control>

				<!--CONTENT TYPE AUDIO-->
				<control type="image">
					<visible>ListItem.Property(custom:audio)</visible>
					<posx>141</posx>
					<posy>168</posy>
					<width>15</width>
					<height>15</height>
					<texture>mf_audio.png</texture>
					<aspectratio>keep</aspectratio>
				</control>

				<!--CONTENT TYPE HTML-->
				<control type="image">
					<visible>ListItem.Property(custom:html)</visible>
					<posx>141</posx>
					<posy>168</posy>
					<width>15</width>
					<height>15</height>
					<texture>mf_html.png</texture>
					<aspectratio>keep</aspectratio>
				</control>

				<!--SPLITTER-->
				<control type="image">
					<posx>6</posx>
					<posy>186</posy>
					<width>160</width>
					<height>1</height>
					<align>center</align>
					<texture>mf_splitter.png</texture>
					<aspectratio>keep</aspectratio>
				</control>

				<!--TITLE-->
				<control type="label">
					<posx>86</posx>
					<posy>188</posy>
					<width>160</width>
					<height>40</height>
					<align>center</align>
					<font>font16</font>
					<wrapmultiline>true</wrapmultiline>
					<info>ListItem.Label</info>
				</control>

				<!-- Channel Episode Number -->
				<control type="group">
					<posx>130</posx>
					<posy>5</posy>
					<width>35</width>
					<height>35</height>
					<visible>!IsEmpty(ListItem.Property(custom:isChannel))</visible>

					<control type="image">
						<width>35</width>
						<height>35</height>

						<texture>mf_channel_circle.png</texture>
					</control>
					<control type="label">
						<posx>18</posx>
						<posy>0</posy>
						<width>35</width>
						<height>35</height>
						<align>center</align>
						<aligny>center</aligny>
						<textcolor>darkgrey</textcolor>
						<font>font16</font>
						<info>ListItem.Property(custom:episodeCount)</info>
					</control>
				</control>
			</itemlayout>

			<!--FOCUSED-->
			<focusedlayout height="250" width="215">

				<!--SELECTION BACKGROUND-->
				<control type="image">
					<height>232</height>
					<width>170</width>
					<visible>!IsEmpty(ListItem.Property(custom:isEpisode)) | !IsEmpty(ListItem.Property(custom:isDocument))</visible>
					<texture border="8">mf_episode_bkg.png</texture>
				</control>

				<control type="image">
					<height>232</height>
					<width>170</width>
					<visible>!IsEmpty(ListItem.Property(custom:isChannel))</visible>
					<texture border="8">mf_channel_bkg.png</texture>
				</control>

				<!--SELECTION BORDER-->
				<control type="image">
					<height>232</height>
					<width>170</width>
					<texture border="8">mf_button_focused.png</texture>
				</control>

				<!--THUMBNAIL-->
				<control type="image">
					<posx>16</posx>
					<posy>16</posy>
					<width>140</width>
					<height>140</height>
					<info>ListItem.Thumb</info>
					<aspectratio>keep</aspectratio>
				</control>

				<!--THUMBNAIL BORDER-->
				<!--control type="image">
					<posx>6</posx>
					<posy>6</posy>
					<width>160</width>
					<height>160</height>
					<texture>mf_selection.png</texture>
					<aspectratio>keep</aspectratio>
				</control-->

				<!--DURATION-->
				<control type="label">
					<posx>16</posx>
					<posy>168</posy>
					<width>100</width>
					<height>15</height>
					<align>left</align>
					<font>font12</font>
					<info>ListItem.Property(custom:formattedDuration)</info>
				</control>

				<!--CONTENT TYPE VIDEO-->
				<control type="image">
					<visible>ListItem.Property(custom:video)</visible>
					<posx>141</posx>
					<posy>168</posy>
					<width>15</width>
					<height>15</height>
					<texture>mf_video.png</texture>
					<aspectratio>keep</aspectratio>
				</control>

				<!--CONTENT TYPE AUDIO-->
				<control type="image">
					<visible>ListItem.Property(custom:audio)</visible>
					<posx>141</posx>
					<posy>168</posy>
					<width>15</width>
					<height>15</height>
					<texture>mf_audio.png</texture>
					<aspectratio>keep</aspectratio>
				</control>

				<!--CONTENT TYPE HTML-->
				<control type="image">
					<visible>ListItem.Property(custom:html)</visible>
					<posx>141</posx>
					<posy>168</posy>
					<width>15</width>
					<height>15</height>
					<texture>mf_html.png</texture>
					<aspectratio>keep</aspectratio>
				</control>

				<!--SPLITTER-->
				<control type="image">
					<posx>6</posx>
					<posy>186</posy>
					<width>160</width>
					<height>1</height>
					<align>center</align>
					<texture>mf_splitter.png</texture>
					<aspectratio>keep</aspectratio>
				</control>

				<!--TITLE-->
				<control type="label">
					<posx>86</posx>
					<posy>188</posy>
					<width>160</width>
					<height>40</height>
					<align>center</align>
					<font>font16</font>
					<wrapmultiline>true</wrapmultiline>
					<info>ListItem.Label</info>
				</control>

				<!-- Channel Episode Number -->
				<control type="group">
					<posx>130</posx>
					<posy>5</posy>
					<width>35</width>
					<height>35</height>
					<visible>!IsEmpty(ListItem.Property(custom:isChannel))</visible>

					<control type="image">
						<width>35</width>
						<height>35</height>

						<texture>mf_channel_circle.png</texture>
					</control>
					<control type="label">
						<posx>18</posx>
						<posy>0</posy>
						<width>35</width>
						<height>35</height>
						<align>center</align>
						<aligny>center</aligny>
						<textcolor>darkgrey</textcolor>
						<font>font16</font>
						<info>ListItem.Property(custom:episodeCount)</info>
					</control>
				</control>
			</focusedlayout>

			<!--content is loaded in python at 'onload'-->
			<content type="action">
				<onclick lang="python">
<![CDATA[
list = currentWindow.GetList(200)
item = list.GetItem(list.GetFocusedItem())
itemType = item.GetProperty('itemType')

if itemType == 'episode':
	currentWindow.GetControl(5101).SetFocus()
elif itemType == 'html':
	mc.GetPlayer().Play(item)
elif itemType == 'channel':
	# push, display channel
	mc.ShowDialogWait()
	currentWindow.PushState()
	if bx.get_pagetype() == 'source':
		sourceSlug = params['slug']
		setTitle(item.GetTitle())
		episodeList, channelList = mf.get_channel(item.GetProperty('slug'), itemLimit, True, sourceSlug, item.GetProperty('userContext'))
	else:
		setTitle(item.GetTitle())
		episodeList, channelList= mf.get_channel(item.GetProperty('slug'), itemLimit, True, False, item.GetProperty('userContext'))

	# Add items to content list. #
	fillContent(episodeList, channelList, False)

	mc.HideDialogWait()
else:
	bx.log_message("Invalid item type (%s), do nothing." % itemType, True)
]]></onclick>
			</content>
		</control>


		<!--INFO BACKGROUND-->
		<control type="image">
			<posx>890</posx>
			<posy>120</posy>
			<width>355</width>
			<height>580</height>
			<texture border="8">mf_selection_bkg.png</texture>
		</control>

		<control type="group" id="5000">
			<visible>!IsEmpty(Container(200).ListItem.Property(custom:isEpisode)) | !IsEmpty(Container(200).ListItem.Property(custom:isDocument))</visible>
			<posx>900</posx>
			<posy>120</posy>
			<width>345</width>
			<height>580</height>

			<!-- yellow title -->
			<control type="label">
				<posy>10</posy>
				<posx>10</posx>
				<width>320</width>
				<height>25</height>
				<info>Container(200).ListItem.Title</info>
				<textcolor>FFECB51D</textcolor>
				<font>font22b</font>
				<scroll>true</scroll>
			</control>

			<!-- icon -->
			<control type="image">
				<posy>50</posy>
				<posx>15</posx>
				<width>110</width>
				<height>110</height>
				<info>Container(200).ListItem.Thumb</info>
				<aspectratio>keep</aspectratio>
			</control>

			<!-- all rating controls -->
			<!-- TODO Fix this group x/y and update child
			controls -->
			<control type="group">
				<posx>0</posx>
				<posy>-40</posy>
				<width>1280</width>
				<height>720</height>
				<visible>!IsEmpty(Container(200).ListItem.Property(custom:isEpisode))</visible>

				<!-- community ratings -->
				<control type="label">
					<posy>90</posy>
					<posx>260</posx>
					<width>100</width>
					<height>20</height>
					<aligny>top</aligny>
					<font>font14</font>
					<label>Community</label>
				</control>

				<!-- user ratings -->
				<control type="label">
					<posy>90</posy>
					<posx>203</posx>
					<width>100</width>
					<height>20</height>
					<aligny>top</aligny>
					<font>font14</font>
					<label>User</label>
					<visible>App.HasSetting(user_context)</visible>
				</control>

				<!-- Series ratings -->
				<control type="label">
					<posy>125</posy>
					<posx>185</posx>
					<width>100</width>
					<height>20</height>
					<align>right</align>
					<font>font14</font>
					<label>Series</label>
				</control>

				<control type="label">
					<posy>125</posy>
					<posx>270</posx>
					<width>40</width>
					<height>20</height>
					<font>font16</font>
					<align>center</align>
					<info>Container(200).ListItem.Property(custom:showRating)</info>
					<visible>!Control.HasFocus(5002)</visible>
				</control>
				<control type="image">
					<posy>118</posy>
					<posx>303</posx>
					<width>28</width>
					<height>28</height>
					<texture>mf_star_grey.png</texture>
					<aspectratio>keep</aspectratio>
					<visible>!Control.HasFocus(5002)</visible>
				</control>
				<control type="image">
					<visible>!IsEmpty(Container(200).ListItem.Property(custom:showRating))</visible>
					<posy>118</posy>
					<posx>303</posx>
					<width>28</width>
					<height>28</height>
					<texture>mf_star_green.png</texture>
					<aspectratio>keep</aspectratio>
					<visible>!Control.HasFocus(5002)</visible>
				</control>

				<control type="label">
					<posy>125</posy>
					<posx>185</posx>
					<width>40</width>
					<height>20</height>
					<font>font16</font>
					<align>center</align>
					<info>Container(200).ListItem.Property(custom:userShowRating)</info>
					<visible>!Control.HasFocus(5002) + App.HasSetting(user_context)</visible>
				</control>
				<control type="image">
					<posy>118</posy>
					<posx>210</posx>
					<width>28</width>
					<height>28</height>
					<texture>mf_star_grey.png</texture>
					<aspectratio>keep</aspectratio>
					<visible>!Control.HasFocus(5002) + App.HasSetting(user_context)</visible>
				</control>
				<control type="image">
					<visible>!IsEmpty(Container(200).ListItem.Property(custom:userShowRating)) + App.HasSetting(user_context)</visible>
					<posy>118</posy>
					<posx>210</posx>
					<width>28</width>
					<height>28</height>
					<texture>mf_star_yellow.png</texture>
					<aspectratio>keep</aspectratio>
					<visible>!Control.HasFocus(5002)</visible>
				</control>


				<!-- Episode rating -->
				<control type="label">
					<posy>175</posy>
					<posx>185</posx>
					<width>100</width>
					<height>20</height>
					<align>right</align>
					<font>font14</font>
					<label>Episode</label>
				</control>

				<control type="label">
					<posy>175</posy>
					<posx>270</posx>
					<width>40</width>
					<height>20</height>
					<font>font16</font>
					<align>center</align>
					<info>Container(200).ListItem.Property(custom:averageRating)</info>
					<visible>!Control.HasFocus(5004)</visible>
				</control>
				<control type="image">
					<visible>!IsEmpty(Container(200).ListItem.Property(custom:averageRating))</visible>
					<posy>168</posy>
					<posx>303</posx>
					<width>28</width>
					<height>28</height>
					<texture>mf_star_green.png</texture>
					<aspectratio>keep</aspectratio>
					<visible>!Control.HasFocus(5004)</visible>
				</control>
				<control type="image">
					<visible>IsEmpty(Container(200).ListItem.Property(custom:averageRating))</visible>
					<posy>168</posy>
					<posx>303</posx>
					<width>28</width>
					<height>28</height>
					<texture>mf_star_grey.png</texture>
					<aspectratio>keep</aspectratio>
					<visible>!Control.HasFocus(5004)</visible>
				</control>

				<control type="label">
					<posy>175</posy>
					<posx>185</posx>
					<width>40</width>
					<height>20</height>
					<font>font16</font>
					<align>center</align>
					<info>Container(200).ListItem.Property(custom:userRating)</info>
					<visible>!Control.HasFocus(5004) + App.HasSetting(user_context)</visible>
				</control>
				<control type="image">
					<posy>168</posy>
					<posx>210</posx>
					<width>28</width>
					<height>28</height>
					<texture>mf_star_grey.png</texture>
					<aspectratio>keep</aspectratio>
					<visible>!Control.HasFocus(5004)+ App.HasSetting(user_context)</visible>
				</control>
				<control type="image">
					<visible>!IsEmpty(Container(200).ListItem.Property(custom:userRating)) + App.HasSetting(user_context)</visible>
					<posy>168</posy>
					<posx>210</posx>
					<width>28</width>
					<height>28</height>
					<texture>mf_star_yellow.png</texture>
					<aspectratio>keep</aspectratio>
					<visible>!Control.HasFocus(5004)</visible>
				</control>


				<!-- user rating buttons-->
				<control type="group">
					<posx>185</posx>
					<posy>108</posy>
					<width>165</width>
					<height>50</height>

					<control type="image" id="5001">
						<posx>15</posx>
						<posy>15</posy>
						<width>135</width>
						<height>20</height>
						<texture>rating_star_0.png</texture>
						<visible>Control.HasFocus(5002)</visible>
					</control>

					<control type="button" id="5002">
						<posx>7</posx>
						<posy>5</posy>
						<width>151</width>
						<height>40</height>
						<texturenofocus>mf_blank.png</texturenofocus>
						<texturefocus border="8">mf_button_focused.png</texturefocus>
						<enable>App.HasSetting(user_context)</enable>

						<onup>9000</onup>
						<ondown>5004</ondown>
						<onleft lang="Python">rateSeries_change(-1)</onleft>
						<onright lang="Python">rateSeries_change(1)</onright>
						<onclick lang="Python">rateSeries_onClick()</onclick>
						<onfocus lang="Python">rateSeries_onfocus()</onfocus>
					</control>
				</control>

				<control type="group">
					<posx>185</posx>
					<posy>158</posy>
					<width>165</width>
					<height>50</height>

					<control type="image" id="5003">
						<posx>15</posx>
						<posy>15</posy>
						<width>135</width>
						<height>20</height>
						<texture>rating_star_0.png</texture>

						<visible>Control.HasFocus(5004)</visible>
					</control>

					<control type="button" id="5004">
						<posx>7</posx>
						<posy>5</posy>
						<width>151</width>
						<height>40</height>
						<texturenofocus>mf_blank.png</texturenofocus>
						<texturefocus border="8">mf_button_focused.png</texturefocus>
						<enable>App.HasSetting(user_context)</enable>
						<onup>5002</onup>
						<ondown>5100</ondown>

						<onleft lang="Python">rateEpisode_change(-1)</onleft>
						<onright lang="Python">rateEpisode_change(1)</onright>
						<onclick lang="Python">rateEpisode_onClick()</onclick>
						<onfocus lang="Python">rateEpisode_onfocus()</onfocus>
					</control>
				</control>
			</control>

			<!-- text description -->
			<control type="label">
				<posy>170</posy>
				<posx>10</posx>
				<width>320</width>
				<height>145</height>
				<info>Container(200).ListItem.Property(Description)</info>
				<textcolor>white</textcolor>
				<font>font20multi</font>
				<wrapmultiline>true</wrapmultiline>
			</control>

			<control type="grouplist" id="5100">
				<posx>0</posx>
				<posy>315</posy>
				<width>345</width>
				<height>350</height>
				<itemgap>5</itemgap>
				<orientation>vertical</orientation>
				<usecontrolcoords>true</usecontrolcoords>

				<visible>!IsEmpty(Container(200).ListItem.Property(custom:isEpisode))</visible>

				<onright>6000</onright>
				<onleft>200</onleft>
				<onup>5004</onup>

				<!-- Play... -->
				<control type="button" id="5101">
					<width>335</width>
					<height>35</height>
					<label>Play...</label>
					<align>center</align>
					<aligny>center</aligny>
					<textcolor>grey</textcolor>
					<focusedcolor>white</focusedcolor>
					<font>font20b</font>
					<texturenofocus border="8">mf_button.png</texturenofocus>
					<texturefocus border="8">mf_button_focused.png</texturefocus>

					<onclick lang="Python"><![CDATA[playbutton_click()]]></onclick>
				</control>

				<!-- More Episodes from Series -->
				<control type="button" id="5102">
					<width>335</width>
					<height>35</height>
					<label>More Episodes from Series</label>
					<align>center</align>
					<aligny>center</aligny>
					<textcolor>grey</textcolor>
					<focusedcolor>white</focusedcolor>
					<font>font20b</font>
					<texturenofocus border="8">mf_button.png</texturenofocus>
					<texturefocus border="8">mf_button_focused.png</texturefocus>
					<visible>!IsEmpty(Container(200).ListItem.Property(custom:showSlug))</visible>
					
					<onclick lang="Python">moreEpisodes_click()</onclick>
				</control>

				<!-- Add/Remove Episode favorites -->
				<control type="togglebutton" id="5103">
					<posy>15</posy>
					<width>335</width>
					<height>35</height>
					<label>Add Episode to Favorites</label>
					<altlabel>Remove Episode from Favorites</altlabel>
					<align>center</align>
					<aligny>center</aligny>
					<textcolor>grey</textcolor>
					<focusedcolor>white</focusedcolor>
					<font>font20b</font>
					<texturenofocus border="8">mf_button.png</texturenofocus>
					<texturefocus border="8">mf_button_focused.png</texturefocus>
					<alttexturenofocus border="8">mf_button.png</alttexturenofocus>
					<alttexturefocus border="8">mf_button_focused.png</alttexturefocus>

					<visible>App.HasSetting(user_context)</visible>
					<usealttexture>!IsEmpty(Container(200).ListItem.Property(custom:isEpisodeFavorite))</usealttexture>

					<onclick lang="Python">episodeFavorite_click()</onclick>
					<altclick lang="Python">episodeFavorite_altclick()</altclick>
				</control>

				<!-- Add/Remove Show favorites -->

				<control type="togglebutton" id="5104">
					<width>335</width>
					<height>35</height>
					<label>Add Show to Favorites</label>
					<altlabel>Remove Show from Favorites</altlabel>
					<align>center</align>
					<aligny>center</aligny>
					<textcolor>grey</textcolor>
					<focusedcolor>white</focusedcolor>
					<font>font20b</font>
					<texturenofocus border="8">mf_button.png</texturenofocus>
					<texturefocus border="8">mf_button_focused.png</texturefocus>
					<alttexturenofocus border="8">mf_button.png</alttexturenofocus>
					<alttexturefocus border="8">mf_button_focused.png</alttexturefocus>

					<visible>App.HasSetting(user_context)  & !IsEmpty(Container(200).ListItem.Property(custom:showSlug))</visible>
					<usealttexture>!IsEmpty(Container(200).ListItem.Property(custom:isShowFavorite))</usealttexture>

					<onclick lang="Python">showFavorite_click()</onclick>
					<altclick lang="Python">showFavorite_altclick()</altclick>
				</control>

				<!-- Subscribe/Unsubscribe from Episode -->
				<control type="togglebutton" id="5105">
					<width>335</width>
					<height>35</height>
					<label>Subscribe to Episode</label>
					<altlabel>UnSubscribe from Episode</altlabel>
					<align>center</align>
					<aligny>center</aligny>
					<textcolor>grey</textcolor>
					<focusedcolor>white</focusedcolor>
					<font>font20b</font>
					<texturenofocus border="8">mf_button.png</texturenofocus>
					<texturefocus border="8">mf_button_focused.png</texturefocus>
					<alttexturenofocus border="8">mf_button.png</alttexturenofocus>
					<alttexturefocus border="8">mf_button_focused.png</alttexturefocus>

					<visible>App.HasSetting(user_context)</visible>
					<usealttexture>!IsEmpty(Container(200).ListItem.Property(custom:isEpisodeSubscription))</usealttexture>

					<onclick lang="Python">episodeSubscribe_click()</onclick>
					<altclick lang="Python">episodeSubscribe_altclick()</altclick>
				</control>

				<!-- Subscribe/Unsubscribe from Show -->
				<control type="togglebutton" id="5106">
					<width>335</width>
					<height>35</height>
					<label>Subscribe to Show</label>
					<altlabel>UnSubscribe from Show</altlabel>
					<align>center</align>
					<aligny>center</aligny>
					<textcolor>grey</textcolor>
					<focusedcolor>white</focusedcolor>
					<font>font20b</font>
					<texturenofocus border="8">mf_button.png</texturenofocus>
					<texturefocus border="8">mf_button_focused.png</texturefocus>
					<alttexturenofocus border="8">mf_button.png</alttexturenofocus>
					<alttexturefocus border="8">mf_button_focused.png</alttexturefocus>

					<visible>App.HasSetting(user_context)  & !IsEmpty(Container(200).ListItem.Property(custom:showSlug))</visible>
					<usealttexture>!IsEmpty(Container(200).ListItem.Property(custom:isShowSubscription))</usealttexture>

					<onclick lang="Python">showSubscribe_click()</onclick>
					<altclick lang="Python">showSubscribe_altclick()</altclick>
				</control>
			</control>
		</control>


		<!--PLUGIN INFO-->
		<control type="group">
			<visible>!Control.IsVisible(5000)</visible>
			<posx>900</posx>
			<posy>110</posy>
			<width>345</width>
			<height>610</height>

			<!--control type="image">
				<width>335</width>
				<height>610</height>
				<texture>mf_info.png</texture>
			</control-->

			<!--control type="image">
				<posy>10</posy>
				<posx>20</posx>
				<width>300</width>
				<height>60</height>
				<texture>mf_logo.png</texture>
				<aspectratio>keep</aspectratio>
			</control-->

			<control type="label">
				<posy>20</posy>
				<posx>10</posx>
				<width>320</width>
				<height>560</height>
				<label>$INFO[App.String(description)]</label>
				<textcolor>FFECB51D</textcolor>
				<font>font22</font>
				<wrapmultiline>true</wrapmultiline>
			</control>

			<!--control type="label">
				<posy>200</posy>
				<posx>10</posx>
				<width>320</width>
				<height>250</height>
				<label>You are currently viewing the shows page.</label>
				<textcolor>grey</textcolor>
				<font>font16</font>
				<wrapmultiline>true</wrapmultiline>
			</control-->
		</control>

		<!--#[NOW PLAYING]###################################################-->
		<control type="button" id="6000">
			<posx>1000</posx>
			<posy>2</posy>
			<width>260</width>
			<height>60</height>
			<font>font18b</font>
			<align>left</align>
			<aligny>top</aligny>
			<textcolor>grey</textcolor>
			<focusedcolor>white</focusedcolor>
			<texturenofocus>mf_nowplaying.png</texturenofocus>
			<texturefocus>mf_nowplaying_focused.png</texturefocus>

			<textoffsetx>58</textoffsetx>
			<textoffsety>8</textoffsety>
			<label>Now Playing</label>

			<visible>Player.HasVideo | Player.HasAudio</visible>

			<ondown>9000</ondown>
			<onleft>9000</onleft>
			<onclick lang="Python">nowPlaying_onClick()</onclick>
		</control>
		<control type="label">
			<posx>1060</posx>
			<posy>30</posy>
			<width>175</width>
			<height>20</height>
			<textcolor>grey</textcolor>
			<font>font18b</font>
			<label>$INFO[VideoPlayer.Title]</label>
			<visible>Player.HasVideo</visible>
		</control>
		<control type="label">
			<posx>1060</posx>
			<posy>30</posy>
			<width>175</width>
			<height>20</height>
			<textcolor>white</textcolor>
			<font>font18b</font>
			<label>$INFO[VideoPlayer.Title]</label>
			<visible>Player.HasVideo + Control.HasFocus(6000)</visible>
		</control>
		<control type="label">
			<posx>1060</posx>
			<posy>30</posy>
			<width>175</width>
			<height>20</height>
			<textcolor>grey</textcolor>
			<font>font18b</font>
			<label>$INFO[MusicPlayer.Title]</label>
			<visible>Player.HasAudio</visible>
		</control>
		<control type="label">
			<posx>1060</posx>
			<posy>30</posy>
			<width>175</width>
			<height>20</height>
			<textcolor>white</textcolor>
			<font>font18b</font>
			<label>$INFO[MusicPlayer.Title]</label>
			<visible>Player.HasAudio + Control.HasFocus(6000)</visible>
		</control>

		<!--#[SETTINGS POPUP]################################################-->
		<control type="image">
			<posx>950</posx>
			<posy>50</posy>
			<texture>mf_settings_popup_large.png</texture>
			<visible>Control.IsVisible(8000) + !App.HasSetting(isderivativeapp)</visible>
		</control>

		<control type="image">
			<posx>950</posx>
			<posy>50</posy>
			<texture>mf_settings_popup_small.png</texture>
			<visible>Control.IsVisible(8000) + App.HasSetting(isderivativeapp)</visible>
		</control>

		<control type="grouplist" id="8000">
			<posx>965</posx>
			<posy>60</posy>
			<width>270</width>
			<height>720</height>
			<itemgap>5</itemgap>
			<orientation>vertical</orientation>
			<usecontrolcoords>true</usecontrolcoords>
			<!-- focus the item list, then try the menu.  If this is a derivative
			app the 2nd call will fail and leave focus on the items -->
			<onleft>200</onleft>
			<ondown>200</ondown>
			<visible>ControlGroup(8000).HasFocus()</visible>

			<control type="label">
				<width>224</width>
				<height>20</height>
				<font>font20b</font>
				<textcolor>FFECB51D</textcolor>
				<label>Search</label>
				<visible>!App.HasSetting(isderivativeapp)</visible>
			</control>
			<control type="button" id="8001">
				<width>216</width>
				<height>30</height>
				<font>font18b</font>
				<label>Show / Episode</label>
				<align>center</align>
				<aligny>center</aligny>
				<textcolor>grey</textcolor>
				<focusedcolor>white</focusedcolor>
				<texturenofocus border="8">mf_search.png</texturenofocus>
				<texturefocus border="8">mf_search_focused.png</texturefocus>

				<visible>!App.HasSetting(isderivativeapp)</visible>

				<ondown>SetFocus(8002)</ondown>
				<onclick lang="python"><![CDATA[
response = mc.ShowDialogKeyboard("Enter Search", "", False)
handle_search(response, True)
]]>
				</onclick>
			</control>

			<!-- Show Me Filter -->
			<control type="label">
				<width>224</width>
				<height>20</height>
				<font>font20b</font>
				<textcolor>FFECB51D</textcolor>
				<label>Show Me</label>
				<posy>5</posy>
			</control>
			<!-- Video -->
			<control type="button" id="8002">
				<width>216</width>
				<height>30</height>
				<font>font18b</font>
				<label>Video</label>
				<align>center</align>
				<aligny>center</aligny>
				<textcolor>grey</textcolor>
				<focusedcolor>white</focusedcolor>
				<texturenofocus border="8">mf_button.png</texturenofocus>
				<texturefocus border="8">mf_button_focused.png</texturefocus>

				<onup>SetFocus(8001)</onup>
				<onclick lang="python"><![CDATA[
mc.ShowDialogWait()
itemList = mc.ListItems()

for channel in channelList:
	itemList.append(channel)

for episode in episodeList:
	if episode.GetProperty('video') == 'True':
		itemList.append(episode)

contentList.SetItems(itemList)
contentList.Refresh()
currentWindow.GetControl(200).SetFocus()
mc.HideDialogWait()
]]>
				</onclick>
			</control>
			<!-- Audio -->
			<control type="button" id="8003">
				<width>216</width>
				<height>30</height>
				<font>font18b</font>
				<label>Audio</label>
				<align>center</align>
				<aligny>center</aligny>
				<textcolor>grey</textcolor>
				<focusedcolor>white</focusedcolor>
				<texturenofocus border="8">mf_button.png</texturenofocus>
				<texturefocus border="8">mf_button_focused.png</texturefocus>

				<onclick lang="python"><![CDATA[
mc.ShowDialogWait()
itemList = mc.ListItems()

for channel in channelList:
	itemList.append(channel)

for episode in episodeList:
	if episode.GetProperty('Audio') == 'True':
		itemList.append(episode)

contentList.SetItems(itemList)
contentList.Refresh()
currentWindow.GetControl(200).SetFocus()
mc.HideDialogWait()
]]>
				</onclick>
			</control>
			<!-- Video and Audio -->
			<control type="button" id="8004">
				<width>216</width>
				<height>30</height>
				<font>font18b</font>
				<label>Audio and Video</label>
				<align>center</align>
				<aligny>center</aligny>
				<textcolor>grey</textcolor>
				<focusedcolor>white</focusedcolor>
				<texturenofocus border="8">mf_button.png</texturenofocus>
				<texturefocus border="8">mf_button_focused.png</texturefocus>

				<ondown lang="Python"><![CDATA[audioAndVideo_onDown()]]></ondown>
				<onclick lang="python"><![CDATA[
mc.ShowDialogWait()
fillContent(channelList, episodeList, docList)
mc.HideDialogWait()
]]>
				</onclick>
			</control>

			<!-- Logged in label -->
			<control type="label">
				<posy>5</posy>
				<width>224</width>
				<height>20</height>
				<font>font20b</font>
				<textcolor>FFECB51D</textcolor>
				<label>User: $INFO[App.String(user_context)]</label>
				<visible>App.HasSetting(user_context) + !App.HasSetting(isderivativeapp)</visible>
			</control>
			<!-- Logged out label -->
			<control type="label">
				<posy>5</posy>
				<width>224</width>
				<height>20</height>
				<font>font20b</font>
				<textcolor>FFECB51D</textcolor>
				<label>No user logged in</label>
				<visible>!App.HasSetting(user_context) + !App.HasSetting(isderivativeapp)</visible>
			</control>
			
			<!-- Log in/off button -->
			<control type="togglebutton" id="8005">
				<width>216</width>
				<height>30</height>
				<font>font18b</font>
				<label>Login</label>
				<altlabel>Log out</altlabel>
				<align>center</align>
				<aligny>center</aligny>
				<textcolor>grey</textcolor>
				<focusedcolor>white</focusedcolor>
				<font>font20b</font>
				<texturenofocus border="8">mf_button.png</texturenofocus>
				<texturefocus border="8">mf_button_focused.png</texturefocus>
				<alttexturenofocus border="8">mf_button.png</alttexturenofocus>
				<alttexturefocus border="8">mf_button_focused.png</alttexturefocus>

				<onup>SetFocus(8004)</onup>
				<ondown>200</ondown>

				<visible>!App.HasSetting(isderivativeapp)</visible>
				<usealttexture>App.HasSetting(user_context)</usealttexture>

				<onclick lang="Python">login_onClick()</onclick>
				<altclick lang="Python">login_onAltClick()</altclick>
			</control>

			<!-- App Version -->
			<control type="label">
				<posx>216</posx>
				<width>216</width>
				<height>20</height>
				<align>right</align>

				<font>font14</font>
				<textcolor>grey</textcolor>
				<label>version: $INFO[App.String(currentversion)]</label>
			</control>

		</control>
	</controls>
</window>