<?xml version="1.0"?>
<window type="window" id="14002">
	<defaultcontrol always="true">9004</defaultcontrol>
	<allowoverlay>no</allowoverlay>
	<onload lang="Python"><![CDATA[from menuevents import *; title_onload()]]></onload>
	<onload lang="Python"><![CDATA[
import bxutils as bx
import mediafly as mf

# Cache some calls. #
currentWindow = mc.GetWindow(14002)
contentList = currentWindow.GetList(200)

import mediafly as mf
import bxutils as bx

bx.log_message('Start: Content Sources Window')

mc.ShowDialogWait()

if len(contentList.GetItems()) == 0:
	# list is empty, reload data

	# Get all sources #
	bx.log_message('')

	bx.log_message('Channels:')

	sourcesList = mf.get_content_sources(mf.config.GetValue('user_context'))
	contentList.SetItems(sourcesList)
	mode = 'list'
	
	if len(sourcesList) == 0:
		currentWindow.GetControl(7000).SetVisible(True)

mc.HideDialogWait()

bx.log_message('')
bx.log_message('End: Content Sources')
]]></onload>

	<controls>
		<!--#[COMMON BACKGROUND]#############################################-->
		<include>Common_Background</include>

		<control type="largeimage">
			<width>1280</width>
			<height>720</height>
			<texture>http://csassets.mediafly.com/$INFO[App.String(slug)]/background-1280x720.png</texture>
		</control>

		<!--
		TODO: Fix this if boxee fixes states holding labels text.
		Since boxee does not hold a labels text, but does save listitems
		we are using this list to store 1 item and it contains the title
		of the page.... really really silly.
		-->
		<control type="list" id="8900">
			<posx>25</posx>
			<posy>15</posy>
			<width>1200</width>
			<height>36</height>

			<orientation>horizontal</orientation>
			<hitrect x="0" y="0" w="0" h="0" />

			<itemlayout width="1100" height="36">
				<control type="label">
					<width>1000</width>
					<height>36</height>
					<align>left</align>
					<aligny>center</aligny>
					<haspath>true</haspath>
					<font>font34b</font>
					<textcolor>white</textcolor>
					<label>[UPPERCASE]$INFO[ListItem.Label][/UPPERCASE]</label>
				</control>
			</itemlayout>
			<focusedlayout width="1100" height="36">
				<control type="label">
					<width>1000</width>
					<height>36</height>
					<align>left</align>
					<aligny>center</aligny>
					<haspath>true</haspath>
					<font>font34b</font>
					<textcolor>white</textcolor>
					<label>[UPPERCASE]$INFO[ListItem.Label][/UPPERCASE]</label>
				</control>
			</focusedlayout>

			<content type="action"></content>
		</control>

		<!--#[COMMON MAIN MENU]##############################################-->
		<control type="image">
			<posy>63</posy>
			<posx>-10</posx>
			<width>1300</width>
			<height>40</height>
			<texture border="8">mf_selection_bkg.png</texture>
		</control>

		<control type="group" id="9000">
			<posx>15</posx>
			<posy>60</posy>

			<control type="grouplist" id="9001">
				<width>1100</width>
				<height>76</height>
				<itemgap>10</itemgap>
				<orientation>horizontal</orientation>
				<visible>!App.HasSetting(isderivativeapp)</visible>
				<onleft>9002</onleft>
				<onright>9050</onright>
				<onup>6000</onup>
				<ondown>200</ondown>

				<!-- MY CHANNELS -->
				<control type="button" id="9002">
					<width>191</width>
					<height>45</height>
					<label>MY CHANNELS</label>
					<align>center</align>
					<aligny>center</aligny>
					<textcolor>grey</textcolor>
					<focusedcolor>white</focusedcolor>
					<font>font24b</font>
					<texturenofocus>mf_blank.png</texturenofocus>
					<texturefocus border="8">mf_button_focused.png</texturefocus>

					<onclick lang="Python"><![CDATA[mychannels_onClick()]]></onclick>
				</control>

				<!-- POPULAR CHANNELS -->
				<control type="button" id="9003">
					<width>276</width>
					<height>45</height>
					<label>POPULAR CHANNELS</label>
					<align>center</align>
					<aligny>center</aligny>
					<textcolor>grey</textcolor>
					<focusedcolor>white</focusedcolor>
					<font>font24b</font>
					<texturenofocus>mf_blank.png</texturenofocus>
					<texturefocus border="8">mf_button_focused.png</texturefocus>

					<onclick lang="Python"><![CDATA[popularchannels_onClick()]]></onclick>
				</control>

				<!-- MEDIA PLUGINS -->
				<control type="button" id="9004">
					<width>211</width>
					<height>45</height>
					<label>MEDIA PLUGINS</label>
					<align>center</align>
					<aligny>center</aligny>
					<textcolor>grey</textcolor>
					<focusedcolor>white</focusedcolor>
					<font>font24b</font>
					<texturenofocus>mf_blank.png</texturenofocus>
					<texturefocus border="8">mf_button_focused.png</texturefocus>
					<visible>App.HasSetting(hasmcode)</visible>

					<onclick lang="Python"><![CDATA[mediaplugins_onClick()]]></onclick>
				</control>
			</control>

			<control type="button" id="9050">
				<posx>1187</posx>
				<width>45</width>
				<height>45</height>
				<label></label>
				<texturenofocus>mf_blank.png</texturenofocus>
				<texturefocus border="8">mf_button_focused.png</texturefocus>

				<onleft>9001</onleft>
				<ondown>200</ondown>
				<onup>6000</onup>
				<onclick lang="Python"><![CDATA[settings_onClick()]]></onclick>
			</control>
				<control type="image">
				<posx>1190</posx>
				<posy>3</posy>
				<width>39</width>
				<height>39</height>
				<texture>mf_settings_gear.png</texture>
			</control>
			<control type="image">
				<posx>1190</posx>
				<posy>3</posy>
				<width>39</width>
				<height>39</height>
				<texture>mf_settings_gear_focused.png</texture>
				<visible>ControlGroup(8000).HasFocus()</visible>
			</control>
		</control>

		<!--#[WINDOW CONTENT]################################################-->
		<control type="list" id="200">
			<posx>50</posx>
			<posy>140</posy>
			<width>754</width>
			<height>564</height>
			<onup>9000</onup>
			<onleft>8001</onleft>
			<onright>100</onright>
			<ondown>-</ondown>
			<scrolltime>200</scrolltime>
			<pagecontrol>60</pagecontrol>
			<orientation>vertical</orientation>
			<itemlayout width="754" height="141">

				<control type="image">
					<posx>2</posx>
					<posy>2</posy>
					<width>750</width>
					<height>135</height>
					<texture border="8">mf_selection_bkg.png</texture>
				</control>

				<control type="image">
					<posx>13</posx>
					<posy>10</posy>
					<width>110</width>
					<height>110</height>
					<info>ListItem.Icon</info>
					<bordersize>4</bordersize>
					<bordertexture>info_cover_border.png</bordertexture>
					<visible>!IsEmpty(ListItem.Thumb)</visible>
				</control>

				<control type="image">
					<posx>13</posx>
					<posy>10</posy>
					<width>110</width>
					<height>110</height>
					<info>ListItem.Icon</info>
					<visible>IsEmpty(ListItem.Thumb)</visible>
				</control>

				<control type="label">
					<posx>140</posx>
					<posy>10</posy>
					<width>590</width>
					<height>20</height>
					<font>font22b</font>
					<align>left</align>
					<info>ListItem.Label</info>
					<textcolor>title</textcolor>
					<selectedcolor>green</selectedcolor>
				</control>

				<control type="label">
					<posx>140</posx>
					<posy>44</posy>
					<width>590</width>
					<height>50</height>
					<font>font18</font>
					<align>left</align>
					<aligny>top</aligny>
					<wrapmultiline>true</wrapmultiline>
					<info>ListItem.Property(Description)</info>
					<textcolor>white</textcolor>
					<selectedcolor>green</selectedcolor>
				</control>

			</itemlayout>
			<focusedlayout width="754" height="141">

				<control type="image">
					<posx>2</posx>
					<posy>2</posy>
					<width>750</width>
					<height>135</height>
					<texture border="8">mf_selection_bkg.png</texture>
				</control>

				<control type="image">
					<visible>Control.HasFocus(200)</visible>
					<posx>2</posx>
					<posy>2</posy>
					<width>750</width>
					<height>135</height>
					<texture border="8">mf_button_focused.png</texture>
				</control>

				<control type="image">
					<posx>13</posx>
					<posy>10</posy>
					<width>110</width>
					<height>110</height>
					<info>ListItem.Icon</info>
					<bordersize>4</bordersize>
					<bordertexture>info_cover_border.png</bordertexture>
					<visible>!IsEmpty(ListItem.Thumb)</visible>
				</control>

				<control type="image">
					<posx>13</posx>
					<posy>10</posy>
					<width>110</width>
					<height>110</height>
					<info>ListItem.Icon</info>
					<visible>IsEmpty(ListItem.Thumb)</visible>
				</control>

				<control type="label">
					<visible>Control.HasFocus(200)</visible>
					<posx>140</posx>
					<posy>10</posy>
					<width>590</width>
					<height>20</height>
					<font>font22b</font>
					<align>left</align>
					<info>ListItem.Label</info>
					<textcolor>title</textcolor>
					<selectedcolor>green</selectedcolor>
				</control>

				<control type="label">
					<visible>!Control.HasFocus(200)</visible>
					<posx>140</posx>
					<posy>10</posy>
					<width>590</width>
					<height>20</height>
					<font>font22b</font>
					<align>left</align>
					<info>ListItem.Label</info>
					<textcolor>title</textcolor>
					<selectedcolor>green</selectedcolor>
				</control>

				<control type="label">
					<posx>140</posx>
					<posy>44</posy>
					<width>590</width>
					<height>50</height>
					<font>font18</font>
					<align>left</align>
					<aligny>top</aligny>
					<wrapmultiline>true</wrapmultiline>
					<info>ListItem.Property(Description)</info>
					<textcolor>white</textcolor>
					<selectedcolor>green</selectedcolor>
				</control>

			</focusedlayout>
			<content type="action">
				<onclick lang="python"><![CDATA[

list = currentWindow.GetList(200)
item = list.GetItem(list.GetFocusedItem())

if mode == 'list':
	bx.launch_window(14001, 'source', {'slug': item.GetProperty('slug'), 'source': item.GetProperty('source'), 'userContext': item.GetProperty('userContext'), 'title':item.GetTitle()})

elif mode == 'remove':
	response = mc.ShowDialogConfirm("Remove Media Plugin", "Would you like to remove the %s plugin from Mediafly for Boxee?" % item.GetTitle(), "No", "Yes")
	if response:
		mc.ShowDialogWait()

		if mf.remove_source(item.GetProperty('slug'), item.GetProperty('userContext')):
			mc.ShowDialogNotification("%s plugin has been removed." % item.GetTitle())
		else:
			mc.ShowDialogNotification("%s plugin could not be removed." % item.GetTitle())

		sourcesList = mf.get_content_sources()

		if len(sourcesList) == 0:
			currentWindow.GetControl(7000).SetVisible(True)
		
		contentList.SetItems(sourcesList)
		contentList.Refresh()

		mc.HideDialogWait()

elif mode == 'add':
	response = mc.ShowDialogConfirm("Add Media Plugin", "Would you like to add the %s plugin to Mediafly for Boxee?" % item.GetTitle(), "No", "Yes")
	if response:
		mc.ShowDialogWait()

		if mf.add_source(item.GetProperty('mcode'), item.GetProperty('userContext')):
			mc.ShowDialogNotification("%s plugin has been added." % item.GetTitle())
		else:
			mc.ShowDialogNotification("%s plugin could not be added." % item.GetTitle())

		mc.HideDialogWait()
else:
	bx.log_message("Invalid list mode (%s) in content sources, do nothing." % mode, True)

]]></onclick>
			</content>
		</control>

		<!--ICON LAYOUT-->
		<control type="panel" id="999">
			<enable>!Control.IsVisible(7000)</enable>
			<visible>!Control.IsVisible(7000)</visible>
			<posx>100</posx>
			<posy>74</posy>
			<width>1100</width>
			<height>625</height>
			<onup>9000</onup>
			<onleft>8001</onleft>
			<onright>100</onright>
			<ondown>-</ondown>
			<scrolltime>200</scrolltime>
			<orientation>vertical</orientation>
			<preloaditems>1</preloaditems>


			<!--UNFOCUSED-->
			<itemlayout height="290" width="275">

				<!--THUMBNAIL-->
				<control type="image">
					<posx>16</posx>
					<posy>16</posy>
					<width>200</width>
					<height>200</height>
					<info>ListItem.Thumb</info>
					<aspectratio>keep</aspectratio>
				</control>

				<!--THUMBNAIL BORDER-->
				<control type="image">
					<posx>6</posx>
					<posy>6</posy>
					<width>220</width>
					<height>220</height>
					<texture border="8">mf_selection.png</texture>
					<aspectratio>keep</aspectratio>
				</control>

				<!--TITLE-->
				<control type="label">
					<posx>110</posx>
					<posy>230</posy>
					<width>160</width>
					<height>40</height>
					<align>center</align>
					<font>font18b</font>
					<wrapmultiline>true</wrapmultiline>
					<info>ListItem.Label</info>
				</control>

			</itemlayout>

			<!--FOCUSED-->
			<focusedlayout height="290" width="275">

				<!--THUMBNAIL-->
				<control type="image">
					<posx>16</posx>
					<posy>16</posy>
					<width>200</width>
					<height>200</height>
					<info>ListItem.Thumb</info>
					<aspectratio>keep</aspectratio>
				</control>

				<!--TITLE-->
				<control type="label">
					<posx>110</posx>
					<posy>230</posy>
					<width>160</width>
					<height>40</height>
					<align>center</align>
					<font>font18b</font>
					<wrapmultiline>true</wrapmultiline>
					<info>ListItem.Label</info>
				</control>

				<!--THUMBNAIL BORDER-->
				<control type="image">
					<posx>6</posx>
					<posy>6</posy>
					<width>220</width>
					<height>220</height>
					<texture border="8">mf_selection.png</texture>
					<aspectratio>keep</aspectratio>
				</control>

				<!--SELECTION BORDER-->
				<control type="image">
					<posx>-18</posx>
					<posy>-17</posy>
					<height>296</height>
					<width>267</width>
					<texture border="8">mf_selection_on.png</texture>
				</control>

			</focusedlayout>

			<!--content is loaded in python at 'onload'-->
			<content type="url">
				<onclick lang="python">
				<![CDATA[

list = currentWindow.GetList(200)
item = list.GetItem(list.GetFocusedItem())

if mode == 'list':
	bx.launch_window(14000, 'source', {'slug': item.GetProperty('slug'), 'userContext': item.GetProperty('userContext')})

elif mode == 'remove':
	response = mc.ShowDialogConfirm("Remove Media Plugin", "Would you like to remove the %s plugin from Mediafly for Boxee?" % item.GetTitle(), "No", "Yes")
	if response:
		mc.ShowDialogWait()

		if mf.remove_source(item.GetProperty('slug'), item.GetProperty('userContext')):
			mc.ShowDialogNotification("%s plugin has been removed." % item.GetTitle())
		else:
			mc.ShowDialogNotification("%s plugin could not be removed." % item.GetTitle())

		sourcesList = mf.get_content_sources()

		if len(sourcesList) == 0:
			currentWindow.GetControl(7000).SetVisible(True)

		contentList.SetItems(sourcesList)
		contentList.Refresh()

		mc.HideDialogWait()

elif mode == 'add':
	response = mc.ShowDialogConfirm("Add Media Plugin", "Would you like to add the %s plugin to Mediafly for Boxee?" % item.GetTitle(), "No", "Yes")
	if response:
		mc.ShowDialogWait()

		if mf.add_source(item.GetProperty('mcode'), item.GetProperty('userContext')):
			mc.ShowDialogNotification("%s plugin has been added." % item.GetTitle())
		else:
			mc.ShowDialogNotification("%s plugin could not be added." % item.GetTitle())

		mc.HideDialogWait()
else:
	bx.log_message("Invalid list mode (%s) in content sources, do nothing." % mode, True)

]]>
				</onclick>
			</content>
		</control>


		<!--NO MEDIA DISPALY-->
		<control type="group" id="7000">
			<visible>false</visible>
			<posx>175</posx>
			<posy>150</posy>
			<control type="image">
				<posx>0</posx>
				<posy>0</posy>
				<width>900</width>
				<height>440</height>
				<texture border="8">mf_selection_bkg.png</texture>
			</control>
			<control type="image">
				<posx>40</posx>
				<posy>40</posy>
				<width>240</width>
				<height>240</height>
				<!--texture>icons/icon_nomedia_movies.png</texture-->
			</control>
			<control type="label">
				<posx>40</posx>
				<posy>30</posy>
				<width>820</width>
				<height>220</height>
				<align>left</align>
				<aligny>top</aligny>
				<font>font28b</font>
				<label>Media Plugins allow you to view content from various Mediafly partners.  Some plugins require an account with the content provider.  If prompted for a password when adding a plugin, please use your username and password from the content provider's site.</label>
				<wrapmultiline>true</wrapmultiline>
				<textcolor>title</textcolor>
			</control>
			<control type="grouplist" id="7001">
				<posx>40</posx>
				<posy>240</posy>
				<width>800</width>
				<height>300</height>
				<itemgap>10</itemgap>
				<orientation>vertical</orientation>
				<usecontrolcoords>false</usecontrolcoords>
				<onup>9000</onup>
				<ondown>-</ondown>
				<onleft>8001</onleft>
				<onright>6000</onright>
				<control type="label" id="7002">
					<posx>40</posx>
					<posy>230</posy>
					<width>800</width>
					<height>60</height>
					<align>left</align>
					<aligny>top</aligny>
					<font>font24b</font>
					<label>You do not have any plugins added.</label>
					<wrapmultiline>true</wrapmultiline>
					<textcolor>white</textcolor>
				</control>
				<control type="button" id="7003">
					<posx>80</posx>
					<posy>350</posy>
					<width>216</width>
					<height>40</height>
					<font>font22b</font>
					<align>left</align>
					<aligny>center</aligny>
					<textcolor>white</textcolor>
					<focusedcolor>white</focusedcolor>
					<textoffsetx>14</textoffsetx>
					<texturenofocus border="15">button_option_menu.png</texturenofocus>
					<texturefocus border="15">button_option_menu_on.png</texturefocus>
					<textureclick border="15">button_option_menu_click.png</textureclick>
					<label>Add Plugins</label>
					<onclick lang="python"><![CDATA[
mc.ShowDialogWait()

sourcesList = mf.browse_content_sources()
contentList.SetItems(sourcesList)
contentList.Refresh()

currentWindow.GetControl(200).SetVisible(True)
currentWindow.GetControl(7000).SetVisible(False)
currentWindow.GetControl(200).SetFocus()

mode = 'add'

mc.HideDialogWait()
]]>
					</onclick>
				</control>
			</control>
		</control>

		<!--#[NOW PLAYING]###################################################-->
		<control type="button" id="6000">
			<posx>1000</posx>
			<posy>2</posy>
			<width>260</width>
			<height>60</height>
			<font>font18b</font>
			<align>left</align>
			<aligny>top</aligny>
			<textcolor>grey</textcolor>
			<focusedcolor>white</focusedcolor>
			<texturenofocus>mf_nowplaying.png</texturenofocus>
			<texturefocus>mf_nowplaying_focused.png</texturefocus>

			<textoffsetx>58</textoffsetx>
			<textoffsety>8</textoffsety>
			<label>Now Playing</label>

			<visible>Player.HasVideo | Player.HasAudio</visible>

			<ondown>9000</ondown>
			<onleft>9000</onleft>
			<onclick lang="Python">nowPlaying_onClick()</onclick>
		</control>
		<control type="label">
			<posx>1060</posx>
			<posy>30</posy>
			<width>175</width>
			<height>20</height>
			<textcolor>grey</textcolor>
			<font>font18b</font>
			<label>$INFO[VideoPlayer.Title]</label>
			<visible>Player.HasVideo</visible>
		</control>
		<control type="label">
			<posx>1060</posx>
			<posy>30</posy>
			<width>175</width>
			<height>20</height>
			<textcolor>white</textcolor>
			<font>font18b</font>
			<label>$INFO[VideoPlayer.Title]</label>
			<visible>Player.HasVideo + Control.HasFocus(6000)</visible>
		</control>
		<control type="label">
			<posx>1060</posx>
			<posy>30</posy>
			<width>175</width>
			<height>20</height>
			<textcolor>grey</textcolor>
			<font>font18b</font>
			<label>$INFO[MusicPlayer.Title]</label>
			<visible>Player.HasAudio</visible>
		</control>
		<control type="label">
			<posx>1060</posx>
			<posy>30</posy>
			<width>175</width>
			<height>20</height>
			<textcolor>white</textcolor>
			<font>font18b</font>
			<label>$INFO[MusicPlayer.Title]</label>
			<visible>Player.HasAudio + Control.HasFocus(6000)</visible>
		</control>

<!--#[SETTINGS POPUP]################################################-->
		<control type="image">
			<posx>950</posx>
			<posy>50</posy>
			<texture>mf_settings_popup_large.png</texture>
			<visible>Control.IsVisible(8000) + !App.HasSetting(isderivativeapp)</visible>
		</control>

		<control type="image">
			<posx>950</posx>
			<posy>50</posy>
			<texture>mf_settings_popup_small.png</texture>
			<visible>Control.IsVisible(8000) + App.HasSetting(isderivativeapp)</visible>
		</control>

		<control type="grouplist" id="8000">
			<posx>965</posx>
			<posy>60</posy>
			<width>270</width>
			<height>720</height>
			<itemgap>5</itemgap>
			<orientation>vertical</orientation>
			<usecontrolcoords>true</usecontrolcoords>
			<!-- focus the item list, then try the menu.  If this is a derivative
			app the 2nd call will fail and leave focus on the items -->
			<onleft>200</onleft>
			<ondown>200</ondown>
			<visible>ControlGroup(8000).HasFocus()</visible>

			<control type="label">
				<width>224</width>
				<height>20</height>
				<font>font20b</font>
				<textcolor>FFECB51D</textcolor>
				<label>Search</label>
				<visible>!App.HasSetting(isderivativeapp)</visible>
			</control>
			<control type="button" id="8001">
				<width>216</width>
				<height>30</height>
				<font>font18b</font>
				<label>Show / Episode</label>
				<align>center</align>
				<aligny>center</aligny>
				<textcolor>grey</textcolor>
				<focusedcolor>white</focusedcolor>
				<texturenofocus border="8">mf_search.png</texturenofocus>
				<texturefocus border="8">mf_search_focused.png</texturefocus>

				<visible>!App.HasSetting(isderivativeapp)</visible>

				<ondown>SetFocus(8002)</ondown>
				<onclick lang="python"><![CDATA[
response = mc.ShowDialogKeyboard("Enter Search", "", False)
handle_search(response)
]]>
				</onclick>
			</control>

			<!-- Manage Plugins -->
			<control type="label">
				<width>224</width>
				<height>20</height>
				<font>font20b</font>
				<textcolor>FFECB51D</textcolor>
				<label>Manage Plugins</label>
				<posy>5</posy>
			</control>
			<!-- Add Plugin -->
			<control type="button" id="8002">
				<width>216</width>
				<height>30</height>
				<font>font18b</font>
				<label>Add Plugins</label>
				<align>center</align>
				<aligny>center</aligny>
				<textcolor>grey</textcolor>
				<focusedcolor>white</focusedcolor>
				<texturenofocus border="8">mf_button.png</texturenofocus>
				<texturefocus border="8">mf_button_focused.png</texturefocus>

				<onup>SetFocus(8001)</onup>
				<onclick lang="python"><![CDATA[
mc.ShowDialogWait()

sourcesList = mf.browse_content_sources()
contentList.SetItems(sourcesList)
contentList.Refresh()

currentWindow.GetControl(200).SetVisible(True)
currentWindow.GetControl(7000).SetVisible(False)
currentWindow.GetControl(200).SetFocus()

mode = 'add'

mc.HideDialogWait()
]]>
				</onclick>
			</control>
			<!-- Remove Plugins -->
			<control type="button" id="8003">
				<width>216</width>
				<height>30</height>
				<font>font18b</font>
				<label>Remove Plugins</label>
				<align>center</align>
				<aligny>center</aligny>
				<textcolor>grey</textcolor>
				<focusedcolor>white</focusedcolor>
				<texturenofocus border="8">mf_button.png</texturenofocus>
				<texturefocus border="8">mf_button_focused.png</texturefocus>

				<onclick lang="python"><![CDATA[
mc.ShowDialogWait()

sourcesList = mf.get_content_sources()
contentList.SetItems(sourcesList)
contentList.Refresh()
currentWindow.GetControl(200).SetFocus()

if len(sourcesList) == 0:
	currentWindow.GetControl(7000).SetVisible(True)

mode = 'remove'

mc.HideDialogWait()
]]>
				</onclick>
			</control>
			<!-- My Plugins -->
			<control type="button" id="8004">
				<width>216</width>
				<height>30</height>
				<font>font18b</font>
				<label>My Plugins</label>
				<align>center</align>
				<aligny>center</aligny>
				<textcolor>grey</textcolor>
				<focusedcolor>white</focusedcolor>
				<texturenofocus border="8">mf_button.png</texturenofocus>
				<texturefocus border="8">mf_button_focused.png</texturefocus>

				<ondown>SetFocus(8005)</ondown>
				<onclick lang="python"><![CDATA[
mc.ShowDialogWait()

sourcesList = mf.get_content_sources()
contentList.SetItems(sourcesList)
contentList.Refresh()
currentWindow.GetControl(200).SetFocus()

if len(sourcesList) == 0:
	currentWindow.GetControl(7000).SetVisible(True)

mode = 'list'

mc.HideDialogWait()
]]>
				</onclick>
			</control>

			<!-- Logged in label -->
			<control type="label">
				<posy>5</posy>
				<width>224</width>
				<height>20</height>
				<font>font20b</font>
				<textcolor>FFECB51D</textcolor>
				<label>User: $INFO[App.String(user_context)]</label>
				<visible>App.HasSetting(user_context) + !App.HasSetting(isderivativeapp)</visible>
			</control>
			<!-- Logged out label -->
			<control type="label">
				<posy>5</posy>
				<width>224</width>
				<height>20</height>
				<font>font20b</font>
				<textcolor>FFECB51D</textcolor>
				<label>No user logged in</label>
				<visible>!App.HasSetting(user_context) + !App.HasSetting(isderivativeapp)</visible>
			</control>

			<!-- Log in/off button -->
			<control type="togglebutton" id="8005">
				<width>216</width>
				<height>30</height>
				<font>font18b</font>
				<label>Login</label>
				<altlabel>Log out</altlabel>
				<align>center</align>
				<aligny>center</aligny>
				<textcolor>grey</textcolor>
				<focusedcolor>white</focusedcolor>
				<font>font20b</font>
				<texturenofocus border="8">mf_button.png</texturenofocus>
				<texturefocus border="8">mf_button_focused.png</texturefocus>
				<alttexturenofocus border="8">mf_button.png</alttexturenofocus>
				<alttexturefocus border="8">mf_button_focused.png</alttexturefocus>

				<onup>SetFocus(8004)</onup>
				<ondown>200</ondown>

				<visible>!App.HasSetting(isderivativeapp)</visible>
				<usealttexture>App.HasSetting(user_context)</usealttexture>

				<onclick lang="Python">login_onClick()</onclick>
				<altclick lang="Python">login_onAltClick()</altclick>
			</control>

			<!-- App Version -->
			<control type="label">
				<posx>216</posx>
				<width>216</width>
				<height>20</height>
				<align>right</align>

				<font>font14</font>
				<textcolor>grey</textcolor>
				<label>version: $INFO[App.String(currentversion)]</label>
			</control>

		</control>
	</controls>
</window>
