<app>
  <id>baratsandbereta</id>
  <name>Barats and Bereta</name>
  <version>1.2</version>
  <description>The demented comedy of Luke Barats and Joe Bereta.</description>
  <thumb>http://apps.gonzee.tv/baratsandbereta/images/thumb.png</thumb>
  <repository>http://dir.boxee.tv/apps</repository>
  <media>video</media>
  <copyright>Rob Spectre</copyright>
  <email>rob.spectre@gmail.com</email>
  <type>skin</type>
  <startWindow>14000</startWindow>
  <platform>all</platform>
  <minversion>0.9.11</minversion>
</app>
