<app>
  <id>infowars</id>
  <name>Infowars</name>
  <version>1.2</version>
  <description>Alex Jones' Live Shows, Nightly News, Movies and More. An account on prisonplanet.tv is needed to enter. If you do not have an account, you can sign up on prisonplanet.tv for 15-day free trial.</description>
  <thumb>http://prisonplanet.tv/news/images/infowars_boxee.png</thumb>
  <repository>http://dir.boxee.tv/apps</repository>
  <media>video</media>
  <copyright>infowars.com</copyright>
  <email>developers@infowars.com</email>
  <type>skin</type>
  <startWindow>14000</startWindow>
  <platform>dlink.dsm380,iomega.zt,iomega.z1,intel.ce4100</platform>
  <minversion>0.9.21</minversion>
</app>
