<?xml version="1.0"?>
<window type="window" id="14000">
    <defaultcontrol always="true">100</defaultcontrol>
    <allowoverlay>no</allowoverlay>
	<onload>SetFocus(102)</onload>
	<onload lang="python"><![CDATA[
import mc
import urllib

mc.GetWindow(14000).PopState()

f = urllib.urlopen("http://apps.koldcast.tv/boxee/version")
data = f.read()

# MAKE SURE THIS IS CHANGE COMPLETELY ON EVERY VERSION RELEASE!!!!!!!!!!!!!!!!!!!!!
if data != '1.0.0' :
	version = data.split('.')
	if version[0] > 1 or version[1] > 0 or version[2] > 0 :
		mc.ShowDialogNotification("A new version of KoldCast TV for Boxee is available for download!", "small_kc_logo.png")

]]> </onload>
    <controls>
    	<control type="group">
			<control type="image">
				<posx>0</posx>
				<posy>0</posy>
				<width>1280</width>
				<height>116</height>
				<texture>header.png</texture>
			</control>


			<!--AD SPACE PANEL-->
			<control type="group" id="1000">
				<animation type="Conditional" condition="Window.IsVisible(DialogProgress.xml)">
					<effect type="fade" start="100" end="0" time="200"/>
				</animation>
				<control type="panel" id="1001">
					<posx>488</posx>
					<posy>12</posy>
					<width>674</width>
					<height>89</height>
					<orientation>horizontal</orientation>
					<itemlayout width="674" height="89">
						<control type="image">
							<posx>0</posx>
							<posy>0</posy>
							<width>674</width>
							<height>89</height>
							<info>ListItem.Thumb</info>
						</control>
					</itemlayout>
					<focusedlayout width="674" height="89">
						<control type="image">
							<posx>0</posx>
							<posy>0</posy>
							<width>674</width>
							<height>89</height>
							<info>ListItem.Thumb</info>
						</control>
					</focusedlayout>
					<content type="url" url="http://apps.koldcast.tv/boxee/1.0/imagead">
						<onclick lang="python"><![CDATA[

]]> 					</onclick>
					</content>
				</control>
			</control>


			<!--SHOW LIST-->
			<control type="group" id="200">
				<visible>false</visible>
				<animation type="Conditional" condition="Control.IsVisible(200)">
					<effect type="fade" start="10" end="100" time="200"/>
				</animation>
				<control type="image">
					<posx>0</posx>
					<posy>116</posy>
					<width>1280</width>
					<height>604</height>
					<texture>maroon_back.png</texture>
				</control>
				<control type="image">
					<posx>30</posx>
					<posy>167</posy>
					<width>351</width>
					<height>63</height>
					<texture>nav_header.png</texture>
				</control>
				<control type="label">
					<posx>46</posx>
					<posy>174</posy>
					<width>340</width>
					<height>43</height>
					<align>left</align>
					<aligny>center</aligny>
					<textcolor>white</textcolor>
					<selectedcolor>white</selectedcolor>
					<label>Shows</label>
				</control>
				<control type="grouplist" id="201">
					<posx>30</posx>
					<posy>230</posy>
					<itemgap>0</itemgap>
					<orientation>vertical</orientation>
					<control type="togglebutton" id="202">
						<width>351</width>
						<height>56</height>

						<ondown>SetFocus(203)</ondown>
						<onleft lang="python"><![CDATA[
import mc

mc.GetWindow(14000).PopState()
]]> 					</onleft>

						<align>left</align>
						<aligny>center</aligny>
						<label>Back</label>
						<textoffsetx>16</textoffsetx>
						<focusedcolor>DDFFFFFF</focusedcolor>

						<texturenofocus>pulldown.png</texturenofocus>
						<texturefocus>pulldown_selected.png</texturefocus>
						<alttexturefocus>pulldown_selected.png</alttexturefocus>
						<alttexturenofocus>pulldown.png</alttexturenofocus>

						<onclick lang="python"><![CDATA[
import mc

mc.GetWindow(14000).PopState()
]]> 					</onclick>
					</control>
				</control>
				<control type="panel" id="203">
					<posx>30</posx>
					<posy>286</posy>
					<width>351</width>
					<height>280</height>
					<itemgap>0</itemgap>
					<scrolltime>175</scrolltime>
					<pagecontrol>174</pagecontrol>
					<orientation>vertical</orientation>
					<onup>SetFocus(201)</onup>
					<itemlayout width="351" height="56">
						<control type="image">
							<posx>0</posx>
							<posy>0</posy>
							<width>351</width>
							<height>56</height>
							<texture>subnav.png</texture>
						</control>
						<control type="label">
							<posx>40</posx>
							<posy>0</posy>
							<width>285</width>
							<height>56</height>
							<align>left</align>
							<aligny>center</aligny>
							<textcolor>white</textcolor>
							<selectedcolor>white</selectedcolor>
							<label>$INFO[ListItem.Label]</label>
						</control>
					</itemlayout>
					<focusedlayout width="351" height="56">
						<control type="image">
							<posx>0</posx>
							<posy>0</posy>
							<width>351</width>
							<height>56</height>
							<texture>nav_selected.png</texture>
						</control>
						<control type="label">
							<posx>40</posx>
							<posy>0</posy>
							<width>285</width>
							<height>56</height>
							<align>left</align>
							<aligny>center</aligny>
							<textcolor>white</textcolor>
							<selectedcolor>white</selectedcolor>
							<label>$INFO[ListItem.Label]</label>
						</control>
					</focusedlayout>
					<content type="url" url="http://apps.koldcast.tv/boxee/1.0/shows">
						<onclick lang="python"><![CDATA[
import mc

mc.GetWindow(14000).PushState()

n = mc.GetWindow(14000).GetList(203).GetFocusedItem()
items = mc.GetWindow(14000).GetList(203).GetItems()
item = items[n]

path = item.GetProperty("url")

mc.GetWindow(14000).GetList(253).SetContentURL(path)
mc.GetWindow(14000).GetControl(201).SetVisible(False)
mc.GetWindow(14000).GetControl(203).SetVisible(False)
mc.GetWindow(14000).GetControl(600).SetVisible(False)
mc.GetWindow(14000).GetControl(250).SetVisible(True)
mc.GetWindow(14000).GetControl(250).SetFocus()
]]> 					</onclick>
					</content>
				</control>

				<!-- SHOWS EPISODE LIST -->
				<control type="group" id="250">
					<visible>false</visible>
					<control type="image">
						<posx>0</posx>
						<posy>116</posy>
						<width>1280</width>
						<height>604</height>
						<texture>maroon_back.png</texture>
					</control>
					<control type="image">
						<posx>30</posx>
						<posy>167</posy>
						<width>351</width>
						<height>63</height>
						<texture>nav_header.png</texture>
					</control>
					<control type="label">
						<posx>46</posx>
						<posy>174</posy>
						<width>340</width>
						<height>43</height>
						<align>left</align>
						<aligny>center</aligny>
						<textcolor>white</textcolor>
						<selectedcolor>white</selectedcolor>
						<label>Episodes</label>
					</control>
					<control type="grouplist" id="251">
						<posx>30</posx>
						<posy>230</posy>
						<itemgap>0</itemgap>
						<orientation>vertical</orientation>
						<control type="togglebutton" id="252">
							<width>351</width>
							<height>56</height>

							<ondown>SetFocus(253)</ondown>
							<onleft lang="python"><![CDATA[
import mc

mc.GetWindow(14000).PopState()
]]> 						</onleft>

							<align>left</align>
							<aligny>center</aligny>
							<label>Back</label>
							<textoffsetx>16</textoffsetx>
							<focusedcolor>DDFFFFFF</focusedcolor>

							<texturenofocus>pulldown.png</texturenofocus>
							<texturefocus>pulldown_selected.png</texturefocus>
							<alttexturefocus>pulldown_selected.png</alttexturefocus>
							<alttexturenofocus>pulldown.png</alttexturenofocus>

							<onclick lang="python"><![CDATA[
import mc

mc.GetWindow(14000).PopState()
]]> 						</onclick>
						</control>
					</control>
					<control type="panel" id="253">
						<posx>30</posx>
						<posy>286</posy>
						<width>351</width>
						<height>280</height>
						<itemgap>0</itemgap>
						<scrolltime>175</scrolltime>
						<pagecontrol>174</pagecontrol>
						<orientation>vertical</orientation>
						<onup>SetFocus(251)</onup>
						<itemlayout width="351" height="56">
							<control type="image">
								<posx>0</posx>
								<posy>0</posy>
								<width>351</width>
								<height>56</height>
								<texture>subnav.png</texture>
							</control>
							<control type="label">
								<posx>40</posx>
								<posy>0</posy>
								<width>285</width>
								<height>56</height>
								<align>left</align>
								<aligny>center</aligny>
								<textcolor>white</textcolor>
								<selectedcolor>white</selectedcolor>
								<label>$INFO[ListItem.Label]</label>
							</control>
						</itemlayout>
						<focusedlayout width="351" height="56">
							<control type="image">
								<posx>0</posx>
								<posy>0</posy>
								<width>351</width>
								<height>56</height>
								<texture>nav_selected.png</texture>
							</control>
							<control type="label">
								<posx>40</posx>
								<posy>0</posy>
								<width>285</width>
								<height>56</height>
								<align>left</align>
								<aligny>center</aligny>
								<textcolor>white</textcolor>
								<selectedcolor>white</selectedcolor>
								<label>$INFO[ListItem.Label]</label>
							</control>
						</focusedlayout>
						<content type="url" url="">
							<onclick lang="python"><![CDATA[
import mc
from preroll_pull import grabpreroll,playvid
import urllib

mc.GetWindow(14000).PushState()

# Retrieve the list of items and the selected item
n = mc.GetWindow(14000).GetList(253).GetFocusedItem()
items = mc.GetWindow(14000).GetList(253).GetItems()
item = items[n]
playvid(item)
]]> 						</onclick>
						</content>
					</control>
				</control>
			</control>


			<!--GENRE LIST-->
			<control type="group" id="300">
				<visible>false</visible>
				<animation type="Conditional" condition="Control.IsVisible(300)">
					<effect type="fade" start="10" end="100" time="200"/>
				</animation>
				<control type="image">
					<posx>0</posx>
					<posy>116</posy>
					<width>1280</width>
					<height>604</height>
					<texture>blue_back.png</texture>
				</control>
				<control type="image">
					<posx>30</posx>
					<posy>167</posy>
					<width>351</width>
					<height>63</height>
					<texture>nav_header.png</texture>
				</control>
				<control type="label">
					<posx>46</posx>
					<posy>174</posy>
					<width>340</width>
					<height>43</height>
					<align>left</align>
					<aligny>center</aligny>
					<textcolor>white</textcolor>
					<selectedcolor>white</selectedcolor>
					<label>Genres</label>
				</control>
				<control type="grouplist" id="301">
					<posx>30</posx>
					<posy>230</posy>
					<itemgap>0</itemgap>
					<orientation>vertical</orientation>
					<control type="togglebutton" id="302">
						<width>351</width>
						<height>56</height>

						<ondown>SetFocus(303)</ondown>
						<onleft lang="python"><![CDATA[
import mc

mc.GetWindow(14000).PopState()
]]> 					</onleft>

						<align>left</align>
						<aligny>center</aligny>
						<label>Back</label>
						<textoffsetx>16</textoffsetx>
						<focusedcolor>DDFFFFFF</focusedcolor>

						<texturenofocus>pulldown.png</texturenofocus>
						<texturefocus>pulldown_selected.png</texturefocus>
						<alttexturefocus>pulldown_selected.png</alttexturefocus>
						<alttexturenofocus>pulldown.png</alttexturenofocus>

						<onclick lang="python"><![CDATA[
import mc

mc.GetWindow(14000).PopState()
]]> 					</onclick>
					</control>
				</control>
				<control type="panel" id="303">
					<posx>30</posx>
					<posy>286</posy>
					<width>351</width>
					<height>280</height>
					<itemgap>0</itemgap>
					<scrolltime>175</scrolltime>
					<pagecontrol>174</pagecontrol>
					<orientation>vertical</orientation>
					<onup>SetFocus(301)</onup>
					<itemlayout width="351" height="56">
						<control type="image">
							<posx>0</posx>
							<posy>0</posy>
							<width>351</width>
							<height>56</height>
							<texture>subnav.png</texture>
						</control>
						<control type="label">
							<posx>40</posx>
							<posy>0</posy>
							<width>285</width>
							<height>56</height>
							<align>left</align>
							<aligny>center</aligny>
							<textcolor>white</textcolor>
							<selectedcolor>white</selectedcolor>
							<label>$INFO[ListItem.Label]</label>
						</control>
					</itemlayout>
					<focusedlayout width="351" height="56">
						<control type="image">
							<posx>0</posx>
							<posy>0</posy>
							<width>351</width>
							<height>56</height>
							<texture>nav_selected.png</texture>
						</control>
						<control type="label">
							<posx>40</posx>
							<posy>0</posy>
							<width>285</width>
							<height>56</height>
							<align>left</align>
							<aligny>center</aligny>
							<textcolor>white</textcolor>
							<selectedcolor>white</selectedcolor>
							<label>$INFO[ListItem.Label]</label>
						</control>
					</focusedlayout>
					<content type="url" url="http://apps.koldcast.tv/boxee/1.0/genre_list">
						<onclick lang="python"><![CDATA[
import mc

mc.GetWindow(14000).PushState()

n = mc.GetWindow(14000).GetList(303).GetFocusedItem()
items = mc.GetWindow(14000).GetList(303).GetItems()
item = items[n]

path = item.GetProperty("url")

mc.GetWindow(14000).GetList(353).SetContentURL(path)
mc.GetWindow(14000).GetControl(700).SetVisible(False)
mc.GetWindow(14000).GetControl(350).SetVisible(True)
mc.GetWindow(14000).GetControl(800).SetVisible(True)
mc.GetWindow(14000).GetControl(350).SetFocus()
]]> 					</onclick>
					</content>
				</control>

				<!-- GENRE SHOW LIST -->
				<control type="group" id="350">
					<visible>false</visible>
					<control type="image">
						<posx>0</posx>
						<posy>116</posy>
						<width>1280</width>
						<height>604</height>
						<texture>blue_back.png</texture>
					</control>
					<control type="image">
						<posx>30</posx>
						<posy>167</posy>
						<width>351</width>
						<height>63</height>
						<texture>nav_header.png</texture>
					</control>
					<control type="label">
						<posx>46</posx>
						<posy>174</posy>
						<width>340</width>
						<height>43</height>
						<align>left</align>
						<aligny>center</aligny>
						<textcolor>white</textcolor>
						<selectedcolor>white</selectedcolor>
						<label>Shows</label>
					</control>
					<control type="grouplist" id="351">
						<posx>30</posx>
						<posy>230</posy>
						<itemgap>0</itemgap>
						<orientation>vertical</orientation>
						<control type="togglebutton" id="352">
							<width>351</width>
							<height>56</height>

							<ondown>SetFocus(353)</ondown>
							<onleft lang="python"><![CDATA[
import mc

mc.GetWindow(14000).PopState()
]]> 						</onleft>

							<align>left</align>
							<aligny>center</aligny>
							<label>Back</label>
							<textoffsetx>16</textoffsetx>
							<focusedcolor>DDFFFFFF</focusedcolor>

							<texturenofocus>pulldown.png</texturenofocus>
							<texturefocus>pulldown_selected.png</texturefocus>
							<alttexturefocus>pulldown_selected.png</alttexturefocus>
							<alttexturenofocus>pulldown.png</alttexturenofocus>

							<onclick lang="python"><![CDATA[
import mc

mc.GetWindow(14000).PopState()
]]> 						</onclick>
						</control>
					</control>
					<control type="panel" id="353">
						<posx>30</posx>
						<posy>286</posy>
						<width>351</width>
						<height>280</height>
						<itemgap>0</itemgap>
						<scrolltime>175</scrolltime>
						<pagecontrol>174</pagecontrol>
						<orientation>vertical</orientation>
						<onup>SetFocus(351)</onup>
						<itemlayout width="351" height="56">
							<control type="image">
								<posx>0</posx>
								<posy>0</posy>
								<width>351</width>
								<height>56</height>
								<texture>subnav.png</texture>
							</control>
							<control type="label">
								<posx>40</posx>
								<posy>0</posy>
								<width>285</width>
								<height>56</height>
								<align>left</align>
								<aligny>center</aligny>
								<textcolor>white</textcolor>
								<selectedcolor>white</selectedcolor>
								<label>$INFO[ListItem.Label]</label>
							</control>
						</itemlayout>
						<focusedlayout width="351" height="56">
							<control type="image">
								<posx>0</posx>
								<posy>0</posy>
								<width>351</width>
								<height>56</height>
								<texture>nav_selected.png</texture>
							</control>
							<control type="label">
								<posx>40</posx>
								<posy>0</posy>
								<width>285</width>
								<height>56</height>
								<align>left</align>
								<aligny>center</aligny>
								<textcolor>white</textcolor>
								<selectedcolor>white</selectedcolor>
								<label>$INFO[ListItem.Label]</label>
							</control>
						</focusedlayout>
						<content type="url" url="">
							<onclick lang="python"><![CDATA[
import mc

mc.GetWindow(14000).PushState()

n = mc.GetWindow(14000).GetList(353).GetFocusedItem()
items = mc.GetWindow(14000).GetList(353).GetItems()
item = items[n]

path = item.GetProperty("url")

mc.GetWindow(14000).GetList(363).SetContentURL(path)
mc.GetWindow(14000).GetControl(360).SetVisible(True)
mc.GetWindow(14000).GetControl(810).SetVisible(True)
mc.GetWindow(14000).GetControl(360).SetFocus()
]]> 						</onclick>
						</content>
					</control>
				</control>

				<!-- GENRE EPISODE LIST -->
				<control type="group" id="360">
					<visible>false</visible>
					<control type="image">
						<posx>0</posx>
						<posy>116</posy>
						<width>1280</width>
						<height>604</height>
						<texture>blue_back.png</texture>
					</control>
					<control type="image">
						<posx>30</posx>
						<posy>167</posy>
						<width>351</width>
						<height>63</height>
						<texture>nav_header.png</texture>
					</control>
					<control type="label">
						<posx>46</posx>
						<posy>174</posy>
						<width>340</width>
						<height>43</height>
						<align>left</align>
						<aligny>center</aligny>
						<textcolor>white</textcolor>
						<selectedcolor>white</selectedcolor>
						<label>Episodes</label>
					</control>
					<control type="grouplist" id="361">
						<posx>30</posx>
						<posy>230</posy>
						<itemgap>0</itemgap>
						<orientation>vertical</orientation>
						<control type="togglebutton" id="362">
							<width>351</width>
							<height>56</height>

							<ondown>SetFocus(363)</ondown>
							<onleft lang="python"><![CDATA[
import mc

mc.GetWindow(14000).PopState()
]]> 						</onleft>

							<align>left</align>
							<aligny>center</aligny>
							<label>Back</label>
						<textoffsetx>16</textoffsetx>
							<focusedcolor>DDFFFFFF</focusedcolor>

							<texturenofocus>pulldown.png</texturenofocus>
							<texturefocus>pulldown_selected.png</texturefocus>
							<alttexturefocus>pulldown_selected.png</alttexturefocus>
							<alttexturenofocus>pulldown.png</alttexturenofocus>

							<onclick lang="python"><![CDATA[
import mc

mc.GetWindow(14000).PopState()
]]> 						</onclick>
						</control>
					</control>
					<control type="panel" id="363">
						<posx>30</posx>
						<posy>286</posy>
						<width>351</width>
						<height>280</height>
						<itemgap>0</itemgap>
						<scrolltime>175</scrolltime>
						<pagecontrol>174</pagecontrol>
						<orientation>vertical</orientation>
						<onup>SetFocus(361)</onup>
						<itemlayout width="351" height="56">
							<control type="image">
								<posx>0</posx>
								<posy>0</posy>
								<width>351</width>
								<height>56</height>
								<texture>subnav.png</texture>
							</control>
							<control type="label">
								<posx>40</posx>
								<posy>0</posy>
								<width>285</width>
								<height>56</height>
								<align>left</align>
								<aligny>center</aligny>
								<textcolor>white</textcolor>
								<selectedcolor>white</selectedcolor>
								<label>$INFO[ListItem.Label]</label>
							</control>
						</itemlayout>
						<focusedlayout width="351" height="56">
							<control type="image">
								<posx>0</posx>
								<posy>0</posy>
								<width>351</width>
								<height>56</height>
								<texture>nav_selected.png</texture>
							</control>
							<control type="label">
								<posx>40</posx>
								<posy>0</posy>
								<width>285</width>
								<height>56</height>
								<align>left</align>
								<aligny>center</aligny>
								<textcolor>white</textcolor>
								<selectedcolor>white</selectedcolor>
								<label>$INFO[ListItem.Label]</label>
							</control>
						</focusedlayout>
						<content type="url" url="">
							<onclick lang="python"><![CDATA[
import mc
from preroll_pull import grabpreroll,playvid
import urllib

mc.GetWindow(14000).PushState()

# Retrieve the list of items and the selected item
n = mc.GetWindow(14000).GetList(363).GetFocusedItem()
items = mc.GetWindow(14000).GetList(363).GetItems()
item = items[n]
playvid(item)
]]> 						</onclick>
						</content>
					</control>
				</control>
			</control>


			<!--FEATURED CATEGORIES-->
			<control type="group" id="400">
				<visible>false</visible>
				<animation type="Conditional" condition="Control.IsVisible(400)">
					<effect type="fade" start="10" end="100" time="200"/>
				</animation>
				<control type="image">
					<posx>0</posx>
					<posy>116</posy>
					<width>1280</width>
					<height>604</height>
					<texture>fiber_back.png</texture>
				</control>
				<control type="image">
					<posx>30</posx>
					<posy>167</posy>
					<width>351</width>
					<height>63</height>
					<texture>nav_header.png</texture>
				</control>
				<control type="label">
					<posx>46</posx>
					<posy>174</posy>
					<width>340</width>
					<height>43</height>
					<align>left</align>
					<aligny>center</aligny>
					<textcolor>white</textcolor>
					<selectedcolor>white</selectedcolor>
					<label>Featured</label>
				</control>
				<control type="grouplist" id="401">
					<posx>30</posx>
					<posy>230</posy>
					<itemgap>0</itemgap>
					<orientation>vertical</orientation>
					<control type="togglebutton" id="402">
						<width>351</width>
						<height>56</height>

						<ondown>SetFocus(403)</ondown>
						<onleft>SetHidden(400)</onleft>
						<onleft>SetHidden(620)</onleft>
						<onleft>SetVisible(100)</onleft>
						<onleft>SetVisible(700)</onleft>
						<onleft>SetFocus(101)</onleft>

						<align>left</align>
						<aligny>center</aligny>
						<label>Back</label>
						<textoffsetx>16</textoffsetx>
						<focusedcolor>DDFFFFFF</focusedcolor>

						<texturenofocus>pulldown.png</texturenofocus>
						<texturefocus>pulldown_selected.png</texturefocus>
						<alttexturefocus>pulldown_selected.png</alttexturefocus>
						<alttexturenofocus>pulldown.png</alttexturenofocus>

						<onclick>SetHidden(400)</onclick>
						<onclick>SetHidden(620)</onclick>
						<onclick>SetVisible(100)</onclick>
						<onclick>SetVisible(700)</onclick>
						<onclick>SetFocus(101)</onclick>
					</control>
				</control>
				<control type="panel" id="403">
					<posx>30</posx>
					<posy>286</posy>
					<width>351</width>
					<height>280</height>
					<itemgap>0</itemgap>
					<scrolltime>175</scrolltime>
					<pagecontrol>174</pagecontrol>
					<orientation>vertical</orientation>
					<onup>SetFocus(402)</onup>
					<itemlayout width="351" height="56">
						<control type="image">
							<posx>0</posx>
							<posy>0</posy>
							<width>351</width>
							<height>56</height>
							<texture>subnav.png</texture>
						</control>
						<control type="label">
							<posx>40</posx>
							<posy>0</posy>
							<width>285</width>
							<height>56</height>
							<align>left</align>
							<aligny>center</aligny>
							<textcolor>white</textcolor>
							<selectedcolor>white</selectedcolor>
							<label>$INFO[ListItem.Label]</label>
						</control>
					</itemlayout>
					<focusedlayout width="351" height="56">
						<control type="image">
							<posx>0</posx>
							<posy>0</posy>
							<width>351</width>
							<height>56</height>
							<texture>nav_selected.png</texture>
						</control>
						<control type="label">
							<posx>40</posx>
							<posy>0</posy>
							<width>285</width>
							<height>56</height>
							<align>left</align>
							<aligny>center</aligny>
							<textcolor>white</textcolor>
							<selectedcolor>white</selectedcolor>
							<label>$INFO[ListItem.Label]</label>
						</control>
					</focusedlayout>
					<content type="url" url="http://apps.koldcast.tv/boxee/1.0/featured_list">
						<onclick lang="python"><![CDATA[
import mc

n = mc.GetWindow(14000).GetList(403).GetFocusedItem()
items = mc.GetWindow(14000).GetList(403).GetItems()
item = items[n]

path = item.GetProperty("url")

mc.GetWindow(14000).GetList(621).SetContentURL(path)
mc.GetWindow(14000).GetControl(700).SetVisible(False)
mc.GetWindow(14000).GetControl(620).SetVisible(True)
mc.GetWindow(14000).GetControl(621).SetFocus()
]]> 					</onclick>
					</content>
				</control>
			</control>


			<!--MAIN NAVIGATION BUTTONS-->
			<control type="group" id ="100">
				<animation type="Conditional" condition="Control.IsVisible(100)">
					<effect type="fade" start="10" end="100" time="200"/>
				</animation>
				<animation type="Conditional" condition="Window.IsVisible(DialogProgress.xml)">
					<effect type="fade" start="100" end="20" time="200"/>
				</animation>
				<control type="image">
					<posx>0</posx>
					<posy>116</posy>
					<width>1280</width>
					<height>604</height>
					<texture>hive_back.png</texture>
				</control>
				<control type="image">
					<posx>30</posx>
					<posy>167</posy>
					<width>351</width>
					<height>63</height>
					<texture>nav_header.png</texture>
				</control>
				<control type="label">
					<posx>46</posx>
					<posy>174</posy>
					<width>340</width>
					<height>43</height>
					<align>left</align>
					<aligny>center</aligny>
					<textcolor>white</textcolor>
					<selectedcolor>white</selectedcolor>
					<label>Main</label>
					<font>font20</font>
				</control>
				<control type="grouplist" id="101">
					<posx>30</posx>
					<posy>230</posy>
					<width>351</width>
					<height>224</height>
					<itemgap>0</itemgap>
					<orientation>vertical</orientation>
					<usecontrolcoords>false</usecontrolcoords>
					<control type="togglebutton" id="102">
						<width>351</width>
						<height>56</height>

						<onright lang="python"><![CDATA[
import mc

mc.GetWindow(14000).PushState()

mc.GetWindow(14000).GetControl(100).SetVisible(False)
mc.GetWindow(14000).GetControl(630).SetVisible(False)
mc.GetWindow(14000).GetControl(700).SetVisible(False)
mc.GetWindow(14000).GetControl(600).SetVisible(True)
mc.GetWindow(14000).GetControl(200).SetVisible(True)
mc.GetWindow(14000).GetControl(200).SetFocus()
]]> 					</onright>
						<ondown>103</ondown>

						<align>left</align>
						<aligny>center</aligny>
						<label>Shows</label>
						<textoffsetx>16</textoffsetx>
						<font>font20</font>
						<focusedcolor>DDFFFFFF</focusedcolor>

						<texturenofocus>nav.png</texturenofocus>
						<texturefocus>nav_selected.png</texturefocus>
						<alttexturefocus>nav_selected.png</alttexturefocus>
						<alttexturenofocus>nav.png</alttexturenofocus>

						<onclick lang="python"><![CDATA[
import mc

mc.GetWindow(14000).PushState()

mc.GetWindow(14000).GetControl(100).SetVisible(False)
mc.GetWindow(14000).GetControl(630).SetVisible(False)
mc.GetWindow(14000).GetControl(700).SetVisible(False)
mc.GetWindow(14000).GetControl(600).SetVisible(True)
mc.GetWindow(14000).GetControl(200).SetVisible(True)
mc.GetWindow(14000).GetControl(200).SetFocus()
]]> 					</onclick>
					</control>
					<control type="togglebutton" id="103">
						<width>351</width>
						<height>56</height>

						<onup>102</onup>
						<onright lang="python"><![CDATA[
import mc

mc.GetWindow(14000).PushState()

mc.GetWindow(14000).GetControl(100).SetVisible(False)
mc.GetWindow(14000).GetControl(630).SetVisible(False)
mc.GetWindow(14000).GetControl(300).SetVisible(True)
mc.GetWindow(14000).GetControl(300).SetFocus()
]]> 					</onright>
						<ondown>104</ondown>

						<align>left</align>
						<aligny>center</aligny>
						<label>Genres</label>
						<font>font20</font>
						<textoffsetx>16</textoffsetx>
						<focusedcolor>DDFFFFFF</focusedcolor>

						<texturenofocus>nav.png</texturenofocus>
						<texturefocus>nav_selected.png</texturefocus>
						<alttexturefocus>nav_selected.png</alttexturefocus>
						<alttexturenofocus>nav.png</alttexturenofocus>

						<onclick lang="python"><![CDATA[
import mc

mc.GetWindow(14000).PushState()

mc.GetWindow(14000).GetControl(100).SetVisible(False)
mc.GetWindow(14000).GetControl(630).SetVisible(False)
mc.GetWindow(14000).GetControl(300).SetVisible(True)
mc.GetWindow(14000).GetControl(700).SetVisible(True)
mc.GetWindow(14000).GetControl(300).SetFocus()
]]> 					</onclick>
					</control>
					<control type="togglebutton" id="104">
						<width>351</width>
						<height>56</height>

						<onup>103</onup>
						<onright>SetHidden(630)</onright>
						<onright>SetFocus(700)</onright>
						<ondown>SetHidden(700)</ondown>
						<ondown>SetVisible(630)</ondown>
						<ondown>SetFocus(105)</ondown>

						<align>left</align>
						<aligny>center</aligny>
						<font>font20</font>
						<textoffsetx>16</textoffsetx>
						<label>Featured Episodes</label>
						<focusedcolor>DDFFFFFF</focusedcolor>

						<texturenofocus>nav.png</texturenofocus>
						<texturefocus>nav_selected.png</texturefocus>
						<alttexturefocus>nav_selected.png</alttexturefocus>
						<alttexturenofocus>nav.png</alttexturenofocus>

						<onclick lang="python"><![CDATA[
import mc

mc.GetWindow(14000).PushState()

mc.GetWindow(14000).GetControl(100).SetVisible(False)
mc.GetWindow(14000).GetControl(630).SetVisible(False)
mc.GetWindow(14000).GetControl(400).SetVisible(True)
mc.GetWindow(14000).GetControl(700).SetVisible(True)
mc.GetWindow(14000).GetControl(400).SetFocus()
]]> 					</onclick>
					</control>
					<control type="togglebutton" id="105">
						<width>351</width>
						<height>56</height>

						<onup>SetHidden(630)</onup>
						<onup>SetVisible(700)</onup>
						<onup>SetFocus(104)</onup>
						<onright>SetHidden(700)</onright>
						<onright>SetVisible(630)</onright>
						<onright>SetFocus(631)</onright>
						<ondown>SetHidden(630)</ondown>
						<ondown>SetVisible(700)</ondown>
						<ondown>SetFocus(120)</ondown>

						<align>left</align>
						<aligny>center</aligny>
						<font>font20</font>
						<textoffsetx>16</textoffsetx>
						<label>Newest Episodes</label>
						<focusedcolor>DDFFFFFF</focusedcolor>

						<texturenofocus>nav.png</texturenofocus>
						<texturefocus>nav_selected.png</texturefocus>
						<alttexturefocus>nav_selected.png</alttexturefocus>
						<alttexturenofocus>nav.png</alttexturenofocus>

						<onclick>SetHidden(700)</onclick>
						<onclick>SetVisible(630)</onclick>
						<onclick>SetFocus(631)</onclick>
					</control>
				</control>
				<control type="panel" id="120">
					<visible>true</visible>
					<posx>30</posx>
					<posy>454</posy>
					<width>351</width>
					<height>112</height>
					<scrolltime>500</scrolltime>
					<orientation>vertical</orientation>
					<onup>SetHidden(700)</onup>
					<onup>SetVisible(630)</onup>
					<onup>SetFocus(105)</onup>
					<onclick lang="python"><![CDATA[
import mc
mc.ShowDialogOk('My Library and Subscriptions', 'Coming Soon')
]]> 				</onclick>
					<itemlayout width="351" height="56">
						<control type="image">
							<posx>0</posx>
							<posy>0</posy>
							<width>351</width>
							<height>56</height>
							<texture>nav.png</texture>
						</control>
						<control type="label">
							<posx>17</posx>
							<posy>28</posy>
							<align>center</align>
							<aligny>center</aligny>
							<label>$INFO[ListItem.Label]</label>
							<textcolor>lightgrey</textcolor>
						</control>
					</itemlayout>
					<focusedlayout width="351" height="56">
						<control type="image">
							<posx>0</posx>
							<posy>0</posy>
							<width>351</width>
							<height>56</height>
							<texture>nav_selected.png</texture>
						</control>
						<control type="label">
							<animation effect="fade" time="500">Focus</animation>
							<posx>17</posx>
							<posy>28</posy>
							<align>center</align>
							<aligny>center</aligny>
							<label>Coming soon...</label>
							<textcolor>white</textcolor>
						</control>
					</focusedlayout>
					<content type="action">
						<onclick lang="python"><![CDATA[
import mc

mc.ShowDialogOk("Coming Soon!", "Soon you will be able to access your Personal KoldCast Library and Subscribed Shows here on Boxee.  Also, the search feature will be available soon!")
]]> 					</onclick>
						<item>
							<label>My Library and Subscriptions</label>
							<onclick>-</onclick>
						</item>
						<item>
							<label>Search</label>
							<onclick>-</onclick>
						</item>
					</content>
				</control>
			</control>


			<!--ALL SHOWS INFO PANE-->
			<control type="group" id="600">
				<visible>false</visible>
				<control type="image">
					<posx>490</posx>
					<posy>167</posy>
					<width>671</width>
					<height>61</height>
					<texture>content_header.png</texture>
				</control>
				<control type="image">
					<posx>490</posx>
					<posy>228</posy>
					<width>671</width>
					<height>380</height>
					<texture>grid_overlay.png</texture>
				</control>
				<control type="image">
					<posx>490</posx>
					<posy>228</posy>
					<width>671</width>
					<height>380</height>
					<aspectratio>stretch</aspectratio>
					<texture>$INFO[Container(203).ListItem.Thumb]</texture>
				</control>
				<control type="image">
					<posx>891</posx>
					<posy>228</posy>
					<width>270</width>
					<height>380</height>
					<texture>sidebar.png</texture>
				</control>
				<control type="label">
					<posx>506</posx>
					<posy>183</posy>
					<width>651</width>
					<height>20</height>
					<align>left</align>
					<aligny>top</aligny>
					<textcolor>DD1AB7EA</textcolor>
					<label>$INFO[Container(203).ListItem.Label]</label>
				</control>
				<control type="label">
					<posx>911</posx>
					<posy>278</posy>
					<width>217</width>
					<height>320</height>
					<font>font18</font>
					<align>left</align>
					<aligny>top</aligny>
					<wrapmultiline>true</wrapmultiline>
					<textcolor>white</textcolor>
					<label>$INFO[Container(203).ListItem.property(description)]</label>
				</control>
			</control>


			<!--SHOWS EPISODE INFO PANE-->
			<control type="group" id="610">
				<visible>Control.IsVisible(250)</visible>
				<control type="image">
					<posx>490</posx>
					<posy>167</posy>
					<width>671</width>
					<height>61</height>
					<texture>content_header.png</texture>
				</control>
				<control type="image">
					<posx>490</posx>
					<posy>228</posy>
					<width>671</width>
					<height>380</height>
					<texture>grid_overlay.png</texture>
				</control>
				<control type="image">
					<posx>490</posx>
					<posy>228</posy>
					<width>671</width>
					<height>380</height>
					<aspectratio>stretch</aspectratio>
					<texture>$INFO[Container(253).ListItem.Thumb]</texture>
				</control>
				<control type="image">
					<posx>490</posx>
					<posy>512</posy>
					<width>671</width>
					<height>96</height>
					<texture>carousel_overlay.png</texture>
				</control>
				<control type="label">
					<posx>506</posx>
					<posy>183</posy>
					<width>651</width>
					<height>20</height>
					<align>left</align>
					<aligny>top</aligny>
					<textcolor>DD1AB7EA</textcolor>
					<label>$INFO[Container(253).ListItem.Label]</label>
				</control>
				<control type="label">
					<posx>500</posx>
					<posy>518</posy>
					<width>651</width>
					<height>85</height>
					<font>title16</font>
					<align>left</align>
					<aligny>top</aligny>
					<wrapmultiline>true</wrapmultiline>
					<textcolor>white</textcolor>
					<selectedcolor>white</selectedcolor>
					<label>$INFO[Container(253).ListItem.property(description)]</label>
				</control>
			</control>


			<!--FEATURED EPISODES GRID LAYOUT-->
			<control type="group" id="620">
				<visible>false</visible>
				<control type="image">
					<posx>490</posx>
					<posy>167</posy>
					<width>671</width>
					<height>61</height>
					<texture>content_header.png</texture>
				</control>
				<control type="label">
					<posx>506</posx>
					<posy>183</posy>
					<width>651</width>
					<height>20</height>
					<align>left</align>
					<textcolor>white</textcolor>
					<selectedcolor>white</selectedcolor>
					<label>Featured Episodes</label>
				</control>
				<control type="image">
					<posx>490</posx>
					<posy>228</posy>
					<width>671</width>
					<height>381</height>
					<texture>grid_overlay.png</texture>
				</control>
				<control type="panel" id="621">
					<posx>490</posx>
					<posy>228</posy>
					<width>674</width>
					<height>381</height>
					<onleft>SetFocus(403)</onleft>
					<scrolltime>175</scrolltime>
					<orientation>vertical</orientation>
					<itemlayout width="224" height="127">
						<control type="image">
							<posx>12</posx>
							<posy>9</posy>
							<width>197</width>
							<height>106</height>
							<info>ListItem.Thumb</info>
							<aspectratio>stretch</aspectratio>
						</control>
						<control type="image">
							<posx>12</posx>
							<posy>80</posy>
							<width>197</width>
							<height>37</height>
							<texture>thumb_overlay.png</texture>
						</control>
						<control type="label">
							<posx>20</posx>
							<posy>78</posy>
							<width>189</width>
							<height>37</height>
							<font>title26</font>
							<align>left</align>
							<aligny>center</aligny>
							<textcolor>white</textcolor>
							<selectedcolor>white</selectedcolor>
							<label>$INFO[ListItem.TVShowTitle]</label>
						</control>
					</itemlayout>
					<focusedlayout width="224" height="127">
						<control type="image">
							<posx>11</posx>
							<posy>8</posy>
							<width>199</width>
							<height>108</height>
							<texture>stroke.png</texture>
						</control>
						<control type="image">
							<posx>12</posx>
							<posy>9</posy>
							<width>197</width>
							<height>106</height>
							<info>ListItem.Thumb</info>
							<aspectratio>stretch</aspectratio>
						</control>
						<control type="image">
							<posx>12</posx>
							<posy>78</posy>
							<width>197</width>
							<height>37</height>
							<texture>thumb_overlay.png</texture>
						</control>
						<control type="image">
							<posx>12</posx>
							<posy>9</posy>
							<width>197</width>
							<height>106</height>
							<texture>play_overlay.png</texture>
						</control>
						<control type="image">
							<animation effect="zoom" tween="elastic" start="115" end="100" center="50,50" time="400" reversible="false">Focus</animation>
							<posx>78</posx>
							<posy>25</posy>
							<width>68</width>
							<height>68</height>
							<texture>play_arrow.png</texture>
						</control>
						<control type="label">
							<posx>20</posx>
							<posy>78</posy>
							<width>189</width>
							<height>37</height>
							<font>title26</font>
							<align>left</align>
							<aligny>center</aligny>
							<scroll>true</scroll>
							<textcolor>white</textcolor>
							<selectedcolor>white</selectedcolor>
							<label>$INFO[ListItem.TVShowTitle]</label>
						</control>
					</focusedlayout>
					<content type="url" url="">
						<onclick lang="python"><![CDATA[
import mc
from preroll_pull import grabpreroll,playvid
import urllib

mc.GetWindow(14000).PushState()

# Retrieve the list of items and the selected item
n = mc.GetWindow(14000).GetList(621).GetFocusedItem()
items = mc.GetWindow(14000).GetList(621).GetItems()
item = items[n]
playvid(item)
]]> 						</onclick>
					</content>
				</control>
			</control>


			<!--NEWEST EPISODES GRID LAYOUT-->
			<control type="group" id="630">
				<visible>false</visible>
				<control type="image">
					<posx>490</posx>
					<posy>167</posy>
					<width>671</width>
					<height>61</height>
					<texture>content_header.png</texture>
				</control>
				<control type="label">
					<posx>506</posx>
					<posy>183</posy>
					<width>651</width>
					<height>20</height>
					<align>left</align>
					<textcolor>white</textcolor>
					<selectedcolor>white</selectedcolor>
					<label>Newest Episodes</label>
				</control>
				<control type="image">
					<posx>490</posx>
					<posy>228</posy>
					<width>671</width>
					<height>381</height>
					<texture>grid_overlay.png</texture>
				</control>
				<control type="panel" id="631">
					<posx>490</posx>
					<posy>228</posy>
					<width>674</width>
					<height>381</height>
					<onleft>SetFocus(100)</onleft>
					<scrolltime>175</scrolltime>
					<orientation>vertical</orientation>
					<itemlayout width="224" height="127">
						<control type="image">
							<posx>12</posx>
							<posy>9</posy>
							<width>197</width>
							<height>106</height>
							<info>ListItem.Thumb</info>
							<aspectratio>stretch</aspectratio>
						</control>
						<control type="image">
							<posx>12</posx>
							<posy>80</posy>
							<width>197</width>
							<height>37</height>
							<texture>thumb_overlay.png</texture>
						</control>
						<control type="label">
							<posx>20</posx>
							<posy>78</posy>
							<width>189</width>
							<height>37</height>
							<font>title26</font>
							<align>left</align>
							<aligny>center</aligny>
							<textcolor>white</textcolor>
							<selectedcolor>white</selectedcolor>
							<label>$INFO[ListItem.TVShowTitle]</label>
						</control>
					</itemlayout>
					<focusedlayout width="224" height="127">
						<control type="image">
							<posx>11</posx>
							<posy>8</posy>
							<width>199</width>
							<height>108</height>
							<texture>stroke.png</texture>
						</control>
						<control type="image">
							<posx>12</posx>
							<posy>9</posy>
							<width>197</width>
							<height>106</height>
							<info>ListItem.Thumb</info>
							<aspectratio>stretch</aspectratio>
						</control>
						<control type="image">
							<posx>12</posx>
							<posy>78</posy>
							<width>197</width>
							<height>37</height>
							<texture>thumb_overlay.png</texture>
						</control>
						<control type="image">
							<posx>12</posx>
							<posy>9</posy>
							<width>197</width>
							<height>106</height>
							<texture>play_overlay.png</texture>
						</control>
						<control type="image">
							<animation effect="zoom" tween="elastic" start="115" end="100" center="50,50" time="400" reversible="false">Focus</animation>
							<posx>78</posx>
							<posy>25</posy>
							<width>68</width>
							<height>68</height>
							<texture>play_arrow.png</texture>
						</control>
						<control type="label">
							<posx>20</posx>
							<posy>78</posy>
							<width>189</width>
							<height>37</height>
							<font>title26</font>
							<align>left</align>
							<aligny>center</aligny>
							<scroll>true</scroll>
							<textcolor>white</textcolor>
							<selectedcolor>white</selectedcolor>
							<label>$INFO[ListItem.TVShowTitle]</label>
						</control>
					</focusedlayout>
					<content type="url" url="http://apps.koldcast.tv/boxee/1.0/newestepisodes">
						<onclick lang="python"><![CDATA[
import mc
from preroll_pull import grabpreroll,playvid
import urllib

mc.GetWindow(14000).PushState()

# Retrieve the list of items and the selected item
n = mc.GetWindow(14000).GetList(631).GetFocusedItem()
items = mc.GetWindow(14000).GetList(631).GetItems()
item = items[n]
playvid(item)
]]> 						</onclick>
					</content>
				</control>
			</control>


			<!--FEATURED EPISODES CAROUSEL-->
			<control type="group" id="700">
				<animation type="Conditional" condition="Window.IsVisible(DialogProgress.xml)">
					<effect type="fade" start="100" end="20" time="200"/>
				</animation>
				<control type="image">
					<posx>490</posx>
					<posy>167</posy>
					<width>671</width>
					<height>61</height>
					<texture>content_header.png</texture>
				</control>
				<control type="image">
					<posx>490</posx>
					<posy>228</posy>
					<width>671</width>
					<height>381</height>
					<texture>grid_overlay.png</texture>
				</control>
				<control type="label">
					<posx>506</posx>
					<posy>183</posy>
					<width>651</width>
					<height>20</height>
					<align>left</align>
					<textcolor>white</textcolor>
					<selectedcolor>white</selectedcolor>
					<label>Today's Featured Episodes</label>
				</control>
				<control type="panel" id="701">
					<posx>490</posx>
					<posy>228</posy>
					<width>671</width>
					<height>400</height>
					<onleft>SetFocus(100)</onleft>
					<onright>999</onright>
					<scrolltime>500</scrolltime>
					<pagecontrol>60</pagecontrol>
					<orientation>horizontal</orientation>
					<itemlayout height="400" width="671">
						<control type="image">
							<posx>0</posx>
							<posy>0</posy>
							<width>671</width>
							<height>380</height>
							<info>ListItem.Thumb</info>
							<aspectratio>stretch</aspectratio>
							<bordertexture>info_cover_border.png</bordertexture>
						</control>
						<control type="image">
							<posx>0</posx>
							<posy>295</posy>
							<width>671</width>
							<height>96</height>
							<texture>carousel_overlay.png</texture>
						</control>
						<control type="label">
							<posx>13</posx>
							<posy>302</posy>
							<width>646</width>
							<height>60</height>
							<font>title21</font>
							<align>left</align>
							<aligny>top</aligny>
							<textcolor>white</textcolor>
							<selectedcolor>white</selectedcolor>
							<label>$INFO[ListItem.TVShowTitle]</label>
						</control>
						<control type="label">
							<posx>13</posx>
							<posy>327</posy>
							<width>646</width>
							<height>56</height>
							<font>title16</font>
							<align>left</align>
							<aligny>top</aligny>
							<wrapmultiline>true</wrapmultiline>
							<textcolor>white</textcolor>
							<selectedcolor>white</selectedcolor>
							<label>$INFO[ListItem.property(description)]</label>
						</control>
					</itemlayout>
					<focusedlayout height="400" width="671">
						<control type="image">
							<posx>0</posx>
							<posy>0</posy>
							<width>671</width>
							<height>380</height>
							<info>ListItem.Thumb</info>
							<aspectratio>stretch</aspectratio>
							<bordertexture>info_cover_border.png</bordertexture>
						</control>
						<control type="image">
							<posx>0</posx>
							<posy>295</posy>
							<width>671</width>
							<height>96</height>
							<texture>carousel_overlay.png</texture>
						</control>
						<control type="label">
							<posx>13</posx>
							<posy>302</posy>
							<width>646</width>
							<height>60</height>
							<font>title21</font>
							<align>left</align>
							<aligny>top</aligny>
							<textcolor>DD1AB7EA</textcolor>
							<label>$INFO[ListItem.TVShowTitle]</label>
						</control>
						<control type="label">
							<posx>13</posx>
							<posy>327</posy>
							<width>646</width>
							<height>56</height>
							<font>title16</font>
							<align>left</align>
							<aligny>top</aligny>
							<wrapmultiline>true</wrapmultiline>
							<textcolor>white</textcolor>
							<selectedcolor>white</selectedcolor>
							<label>$INFO[ListItem.property(description)]</label>
						</control>
					</focusedlayout>
					<content type="url" url="http://apps.koldcast.tv/boxee/1.0/todaysfeatured">
						<onclick lang="python"><![CDATA[
import mc
from preroll_pull import grabpreroll,playvid
import urllib

mc.GetWindow(14000).PushState()

# Retrieve the list of items and the selected item
n = mc.GetWindow(14000).GetList(701).GetFocusedItem()
items = mc.GetWindow(14000).GetList(701).GetItems()
item = items[n]
playvid(item)

]]></onclick>
					</content>
				</control>
				<control type="scrollbar" id="60">
					<visible>false</visible>
					<posx>166</posx>
					<posy>650</posy>
					<width>948</width>
					<height>8</height>
					<texturesliderbackground>-</texturesliderbackground>
					<texturesliderbar>-</texturesliderbar>
					<texturesliderbarfocus>-</texturesliderbarfocus>
					<orientation>vertical</orientation>
					<showonepage>false</showonepage>
				</control>
				<control type="button">
					<posx>420</posx>
					<posy>359</posy>
					<width>55</width>
					<height>86</height>
					<onleft>SetFocus(100)</onleft>
					<onright>SetFocus(200)</onright>
					<texturenofocus>left_arrow.png</texturenofocus>
					<texturefocus>left_arrow_selected.png</texturefocus>
					<visible>Container(701).HasPrevious</visible>
					<onclick>PageUp(60)</onclick>
				</control>
				<control type="button">
					<posx>1176</posx>
					<posy>359</posy>
					<width>55</width>
					<height>86</height>
					<onleft>SetFocus(200)</onleft>
					<texturenofocus>right_arrow.png</texturenofocus>
					<texturefocus>right_arrow_selected.png</texturefocus>
					<visible>Container(701).HasNext</visible>
					<onclick>PageDown(60)</onclick>
				</control>
			</control>

			<!--GENRE SHOWS INFO PANE-->
			<control type="group" id="800">
				<visible>Control.IsVisible(350)</visible>
				<control type="image">
					<posx>490</posx>
					<posy>167</posy>
					<width>671</width>
					<height>61</height>
					<texture>content_header.png</texture>
				</control>
				<control type="image">
					<posx>490</posx>
					<posy>228</posy>
					<width>671</width>
					<height>380</height>
					<texture>grid_overlay.png</texture>
				</control>
				<control type="image">
					<posx>490</posx>
					<posy>228</posy>
					<width>671</width>
					<height>380</height>
					<aspectratio>stretch</aspectratio>
					<texture>$INFO[Container(353).ListItem.Thumb]</texture>
				</control>
				<control type="image">
					<posx>891</posx>
					<posy>228</posy>
					<width>270</width>
					<height>380</height>
					<texture>sidebar.png</texture>
				</control>
				<control type="label">
					<posx>506</posx>
					<posy>183</posy>
					<width>651</width>
					<height>20</height>
					<align>left</align>
					<aligny>top</aligny>
					<textcolor>DD1AB7EA</textcolor>
					<label>$INFO[Container(353).ListItem.Label]</label>
				</control>
				<control type="label">
					<posx>911</posx>
					<posy>278</posy>
					<width>217</width>
					<height>320</height>
					<font>title16</font>
					<align>left</align>
					<aligny>top</aligny>
					<wrapmultiline>true</wrapmultiline>
					<textcolor>white</textcolor>
					<label>$INFO[Container(353).ListItem.property(description)]</label>
				</control>
			</control>

			<!--GENRE EPISODES INFO PANE-->
			<control type="group" id="810">
				<visible>Control.IsVisible(360)</visible>
				<control type="image">
					<posx>490</posx>
					<posy>167</posy>
					<width>671</width>
					<height>61</height>
					<texture>content_header.png</texture>
				</control>
				<control type="image">
					<posx>490</posx>
					<posy>228</posy>
					<width>671</width>
					<height>380</height>
					<texture>grid_overlay.png</texture>
				</control>
				<control type="image">
					<posx>490</posx>
					<posy>228</posy>
					<width>671</width>
					<height>380</height>
					<aspectratio>stretch</aspectratio>
					<texture>$INFO[Container(363).ListItem.Thumb]</texture>
				</control>
				<control type="image">
					<posx>490</posx>
					<posy>512</posy>
					<width>671</width>
					<height>96</height>
					<texture>carousel_overlay.png</texture>
				</control>
				<control type="label">
					<posx>506</posx>
					<posy>183</posy>
					<width>651</width>
					<height>20</height>
					<align>left</align>
					<aligny>top</aligny>
					<textcolor>DD1AB7EA</textcolor>
					<label>$INFO[Container(363).ListItem.Label]</label>
				</control>
				<control type="label">
					<posx>500</posx>
					<posy>518</posy>
					<width>651</width>
					<height>85</height>
					<font>title16</font>
					<align>left</align>
					<aligny>top</aligny>
					<wrapmultiline>true</wrapmultiline>
					<textcolor>white</textcolor>
					<selectedcolor>white</selectedcolor>
					<label>$INFO[Container(363).ListItem.property(description)]</label>
				</control>
			</control>

		</control>
    </controls>
</window>
