<app>
  <id>njoylivetv</id>
  <name>Njoy Live TV</name>
  <version>1.5</version>
  <description>Njoy Live TV. Njoy Digital brings live Digital (Pay and FTA ) TV on Boxee. Stream your TV channels from your subscription package on Digital Cable, Terrestrial TV or Satellite with the N7 network tuner into your network and start watching and zapping.</description>
  <thumb>http://tv.formatics.nl/images/logo.png</thumb>
  <repository>http://dir.boxee.tv/apps</repository>
  <media>video</media>
  <copyright>Njoy Digital bv</copyright>
  <email>info@njoydigital.eu</email>
  <type>skin</type>
  <startWindow>default</startWindow>
  <platform>dlink.dsm380,intel.ce4100</platform> 
  <minversion>0.9.21</minversion>
  <country-allow>uk gb gg im nl de be fr cm kr hk kz se dk fi ch tw za rs cz lu li lt ie hu lv no at bg ee es pt gr it pl ro tr ae cn mn my ph ru sg </country-allow>
</app>
