<app>
  <id>comicvine</id>
  <name>Comic Vine</name>
  <version>1.1</version>
  <description>Comic Vine is the world's largest comic book website. Watch hundreds of original videos and interviews with comic creators and artists.</description>
  <thumb>http://media.comicvine.com/media/devices/boxee.png</thumb>
  <repository>http://dir.boxee.tv/apps</repository>
  <media>video</media>
  <copyright>whiskey Media</copyright>
  <email>boxee@whiskeymedia.com</email>
  <type>skin</type>
  <startWindow>start</startWindow>
  <platform>all</platform>
  <minversion>0.9.21</minversion>
</app>