<app>
     <id>yourmp</id>
     <name>Your MP</name>    
     <version>1.12</version>    
     <description>Find out how your MP has been voting.</description>
     <thumb>http://www2.greenhughes.com/boxee-yourmp.png</thumb>
     <media>photos</media>    
     <copyright>Liam Green-Hughes</copyright>
     <email>liam@greenhughes.com</email>
     <repository>http://dir.boxee.tv/apps</repository>
     <type>skin</type>
     <platform>all</platform>
     <minversion>0.9.20</minversion>
     <startWindow>14000</startWindow>
</app>
