<app>
	<id>drinks</id>
  	<name>Drinks</name>
  	<version>1.0</version>
  	<description>iFood.tv brings over 4,000 trustworthy drinks videos to add happiness to your life. We have recipes for all kind of drinks including Cocktails, Wines, Beverages, Smoothies, Shots, Tea, Ethnic drinks, Holiday special and more. Improve your mixing and shaking skills and enjoy life.</description>
  	<thumb>http://thumbs.ifood.tv/files/images/iptv/drinks/boxee/drinks.png</thumb>
  	<platform>all</platform>
	<copyright>Future Today Inc</copyright>
	<type>skin</type>
	<media>video</media>
  	<email>Admin@ifood.tv</email>
  	<startWindow>14000</startWindow>
  	<minversion>0.9.11</minversion>
  	<repository>http://dir.boxee.tv/apps</repository>
</app>
