<app>
  <id>animevice</id>
  <name>Anime Vice</name>
  <version>1.0</version>
  <description>Anime Vice is the place to go for your anime fix. Watch trailers, reviews, and original anime-related content.</description>
  <thumb>http://media.animevice.com/media/devices/boxee.png</thumb>
  <repository>http://dir.boxee.tv/apps</repository>
  <media>video</media>
  <copyright>whiskey Media</copyright>
  <email>boxee@whiskeymedia.com</email>
  <type>skin</type>
  <startWindow>start</startWindow>
  <platform>all</platform>
  <minversion>0.9.21</minversion>
</app>