<app>
    <id>nyfp</id>
    <name>New York Financial Press (nyfp.tv)</name>
    <version>1.0</version>
    <description>NYFP provides market coverage directly from the New York Stock Exchange and NASDAQ studios.  We cover the opening and closing bells, market movers, Trader interviews, CEO interviews, Currency, Options and energy reports.  Weekly special reports include Technology, Wall Street Lingo and Wall Street HIstory.</description>
    <thumb>http://dir.boxee.tv/apps/nyfp/thumb.png</thumb>
    <repository>http://dir.boxee.tv/apps/</repository>
    <media>video</media>
    <copyright>NYFP</copyright>
    <email>support@boxee.tv</email>
    <type>skin</type>
    <startWindow>14000</startWindow>
    <platform>all</platform>
    <minversion>0.9.20</minversion>
    </app>