﻿<app>
  <id>ivi</id>
  <name>IVI</name>
  <version>0.9</version>
  <description>Бесплатные фильмы на IVI.ru / Free movies from IVI.ru</description>
  <thumb>http://medialabs.ru/boxee/rss/ivi/ivi-200x200.png</thumb>
  <repository>http://dir.boxee.tv/apps</repository>
  <media>video</media>
  <copyright>MediaLabs.</copyright>
  <email>support@medialabs.ru</email>
  <type>skin</type>
  <startWindow>14000</startWindow>
  <platform>all</platform>
  <minversion>0.9</minversion>
  <contry-allow>ru</contry-allow>
</app>