<app>
  <id>dmv</id>
  <name>Databazaar Media</name>
  <version>1.10</version>
  <description>[B]The Finest Indian Content On-Demand [/B] [CR][CR]The largest collection of Movies, TV Shows and Music Videos in over six Indian languages.</description>
  <thumb>http://devconfig.junctiontv.net/devices/boxee/dmv/assets/logo.png</thumb>
  <repository>http://dir.boxee.tv/apps</repository>
  <media>video</media>
  <copyright>JunctionTV</copyright>
  <email>apps@junctiontv.com</email>
  <type>skin</type>
  <startWindow>14000</startWindow>
  <platform>all</platform>
  <minversion>0.9.20</minversion>
</app>
