﻿<app>
  <id>lifechurch-tv</id>
  <name>LifeChurch.tv HD</name>
  <version>0.9</version>
  <description>LifeChurch.tv wants to make a lasting difference in your life, in our community, and in the world.[CR]WHOEVER FINDS GOD - FINDS LIFE!</description>
  <thumb>http://a4.sphotos.ak.fbcdn.net/hphotos-ak-snc1/6651_106247086079_106246036079_2610663_5452524_n.jpg</thumb>
  <repository>http://dir.boxee.tv/apps</repository>
  <media>video</media>
  <copyright>© 2011 LifeChurch.tv. All rights reserved.</copyright>
  <email>c.mike.hamilton@gmail.com</email>
  <type>skin</type>
  <startWindow>14000</startWindow>
  <platform>all</platform>
  <minversion>0.9.11</minversion>
</app>
