<app>
	<id>healthyfood</id>
  	<name>Healthy Food</name>
  	<version>1.0</version>
  	<description>Healthy Food by ifood.tv brings over 6,000 trustworthy food videos to help you in living healthy. We have recipes for all diets, tastes and needs including Low Calorie, Low Carb, Low Fat, Diabetic, Healthy Holiday Food, Healthy Cooking shows and more. Eat Healthy Be Happy.</description>
  	<thumb>http://thumbs.ifood.tv/files/images/iptv/healthy/boxee/healthy.png</thumb>
  	<platform>all</platform>
	<copyright>Future Today Inc</copyright>
	<type>skin</type>
	<media>video</media>
  	<email>Admin@ifood.tv</email>
  	<startWindow>14000</startWindow>
  	<minversion>0.9.11</minversion>
  	<repository>http://dir.boxee.tv/apps</repository>
</app>
