<app>
    <id>guybauer</id>
    <name>The Guy Bauer Half Hour</name>
    <version>1.0</version>
    <description>The Guy Bauer Half Hour is a comedy talk show web series hosted by Guy Bauer and Andy Hartman.  The show tapes LIVE every Tuesday night at 10e/9c and full episodes are available for free on-demand.</description>
    <thumb>http://boxee.xbglowx.com/guybauer-logo.png</thumb>
    <repository>http://dir.boxee.tv/apps</repository>
    <media>video</media>
    <copyright>Brian Glogower</copyright>
    <email>webmaster@xbglowx.com</email>
    <type>skin</type>
    <startWindow>14000</startWindow>
    <platform>all</platform>
    <minversion>0.9.11</minversion>
</app>

