<?xml version="1.0"?>
<window type="window" id="14000">
    <defaultcontrol always="true">100</defaultcontrol>
    <allowoverlay>no</allowoverlay>
    <controls>
        <control type="group">
            <control type="image">
                <width>1280</width>
                <height>720</height>
                <texture>bg.png</texture>
            </control>    
            <control type="image">
            <animation type="Conditional" condition="Window.IsVisible(DialogProgress.xml)">
               <effect type="fade" start="100" end="20" time="200"/>
            </animation>
             <posx>15</posx>
             <posy>180</posy>
             <width>600</width>
             <height>530</height>
             <texture>details.png</texture>
            </control>
            <control type="image">
            <animation type="Conditional" condition="Window.IsVisible(DialogProgress.xml)">
               <effect type="fade" start="100" end="20" time="200"/>
            </animation>
             <posx>630</posx>
             <posy>30</posy>
             <width>630</width>
             <height>680</height>
             <texture>details.png</texture>
            </control>
        </control>
        <control type="list" id="100">
           <animation type="Conditional" condition="Window.IsVisible(DialogProgress.xml)">
               <effect type="fade" start="100" end="20" time="200"/>
           </animation>
           <posx>40</posx>
           <posy>190</posy>
           <width>540</width>
           <height>510</height>
           <orientation>vertical</orientation>
            <itemlayout width="540" height="34">
            <control type="label">
                <posx>0</posx>
                <posy>0</posy>
                <width>540</width>
                <height>34</height>
                <font>font24</font>
                <align>left</align>
                <aligny>center</aligny>
                <label>$INFO[ListItem.Label]</label>
                <textcolor>black</textcolor>
            </control>
            </itemlayout>
            <focusedlayout width="540" height="34">
                <control type="image">
                    <posx>0</posx>
                    <posy>0</posy>
                    <width>540</width>
                    <height>34</height>
                    <texture>white.png</texture>
                    <colordiffuse>DD171717</colordiffuse>
                </control>
                <control type="label">
                   <visible>!Control.HasFocus(100)</visible>
                   <posx>0</posx>
                   <posy>0</posy>
                   <width>502</width>
                   <height>34</height>
                   <font>font24</font>
                   <align>left</align>
                   <aligny>center</aligny>
                   <label>$INFO[ListItem.Label]</label>
                   <textcolor>white</textcolor>
                   <selectedcolor>DD171717</selectedcolor>
                </control>
                <control type="label">
                   <visible>Control.HasFocus(100)</visible>
                   <posx>0</posx>
                   <posy>0</posy>
                   <width>502</width>
                   <height>34</height>
                   <font>font24</font>
                   <align>left</align>
                   <aligny>center</aligny>
                   <label>$INFO[ListItem.Label]</label>
                   <textcolor>white</textcolor>
                   <selectedcolor>DD171717</selectedcolor>
                   <scroll>true</scroll>
                   <scrollspeed>30</scrollspeed>
                </control>
            </focusedlayout>
            <content type="url" url="http://nerdist.libsyn.com/rss">
            </content>
        </control>
        <control type="group">
            <animation type="Conditional" condition="Window.IsVisible(DialogProgress.xml)">
               <effect type="fade" start="100" end="20" time="200"/>
            </animation>
            <control type="image">
                <visible>true</visible>
                <posx>650</posx>
                <posy>50</posy>
                <width>590</width>
                <height>360</height>
                <texture>$INFO[Container(100).ListItem.Thumb]</texture>
            </control>
            <control type="label">
                <visible>true</visible>
                <posx>650</posx>
                <posy>410</posy>
                <width>590</width>
                <height>250</height>
                <font>light23</font>
                <align>center</align>
                <aligny>center</aligny>
                <label>[B]Description:[/B] $INFO[Container(100).ListItem.property(description)]</label>
                <background>grey</background>
                <textcolor>black</textcolor>
                <wrapmultiline>true</wrapmultiline>
                </control>
        </control>
    </controls>
</window>