<?xml version="1.0"?>
<window type="window" id="14000">
   <defaultcontrol always="true">120</defaultcontrol>
   <allowoverlay>no</allowoverlay>
   <onload lang="python"><![CDATA[

SC2Casts = sc2casts.SC2Casts()
SC2Casts.root()

]]>
</onload>
         
   <controls>
      <control type="group">
         <animation type="WindowOpen">
            <effect type="fade" start="0" end="100" time="200" />
         </animation>
         <control type="image">
            <width>1280</width>
            <height>720</height>
            <texture>ba_background.png</texture>
         </control>
         <control type="group">
            <posy>160</posy>
            <control type="image">
               <width>1280</width>
               <height>3</height>
               <texture>black.png</texture>
            </control>
            <control type="image">
               <width>1280</width>
               <height>400</height>
               <texture>ba_overlay.png</texture>
            </control>
            <control type="image">
               <posy>397</posy>
               <width>1280</width>
               <height>3</height>
               <texture>black.png</texture>
            </control>
            <!-- end background -->
            <!-- begin list container -->
            <control type="list" id="120">
               <posy>3</posy>
                <posx>15</posx>
                <width>1260</width>
                <height>394</height>
                <scrolltime>200</scrolltime>
                <orientation>vertical</orientation>
                <itemlayout width="700" height="40">
                    <control type="label">
                        <posx>10</posx>
                        <width>1180</width>
                        <height>40</height>
                        <font>font23</font>
                        <aligny>center</aligny>
                        <label>$INFO[ListItem.Label]</label>
                        <textcolor>grey</textcolor>
                    </control>
                </itemlayout>
                <focusedlayout width="600" height="40">
                    <control type="label">
                        <posx>10</posx>
                        <width>1180</width>
                        <height>40</height>
                        <font>font23</font>
                        <aligny>center</aligny>
                        <label>$INFO[ListItem.Label]</label>
                        <textcolor>white</textcolor>
                        <scroll>true</scroll>
                    </control>
                </focusedlayout>
                <!-- begin set content -->
                <content type="action">
                	<onclick lang="python"><![CDATA[
list = mc.GetActiveWindow().GetList(120)
item = list.GetItem(list.GetFocusedItem())
action = item.GetProperty("action")
url = item.GetProperty("url")
if action == 'playVideo':
	mc.GetActiveWindow().PushState()
	mc.GetPlayer().PlayWithActionMenu(item)
else:
	mc.GetActiveWindow().PushState()
	mc.ShowDialogWait()
	SC2Casts.action({'action' : action, 'url': url})
	mc.HideDialogWait()
	
]]></onclick>
            	</content>
                <!-- end set content -->
            </control>
            <!-- end list container -->
         </control>
         <control type="label">
            <posy>600</posy>
            <posx>1260</posx>
            <width>400</width>
            <align>right</align>
            <font>font21</font>
            <color>white</color>
            <label>Unofficial SC2Casts.com[CR]Version 1.0</label>
         </control>
      </control>
   </controls>
</window>
