<?xml version="1.0" encoding="utf-8"?>
<window type="window" id="14000">
	<defaultcontrol always="true">9011</defaultcontrol>
	<allowoverlay>no</allowoverlay>
	<onload lang="python"><![CDATA[
import mc
from urllib import quote_plus, urlencode

import WhereverTV
mc.LogInfo("==>> Loading application WhereverTV-test1")

window = mc.GetActiveWindow()
config = mc.GetApp().GetLocalConfig()

userId = config.GetValue("userId")
mc.LogInfo("==>> UserID: " + userId)

if len(userId) != 0:

    window.GetControl(9010).SetVisible(False)
    window.GetControl(9020).SetVisible(True)
    window.GetControl(9021).SetFocus()

    reloadGuide = config.GetValue("reloadGuide")
    mc.LogInfo("==>> ReloadGuide : " + reloadGuide)
    
    if len(reloadGuide) == 0:
        WhereverTV.Controller.GetMyChannels()
    if reloadGuide == "No":
        config.SetValue("reloadGuide", "Yes")
    else:
        WhereverTV.Controller.GetMyChannels()
else:
    window.GetControl(9020).SetVisible(False)
    window.GetControl(9010).SetVisible(True)
    window.GetControl(9011).SetFocus()
]]></onload>
  	<controls>
        <control type="image">
            <posx>0</posx>
            <posy>0</posy>
            <width>1280</width>
            <height>800</height>
            <texture>bg/bg.png</texture>
        </control> 	  
  		<!-- Login Page	Begin -->
  		<control type="group" id="9010">
			<visible>False</visible>
			<control type="image">
				<posx>80</posx>
				<posy>100</posy>
				<width>400</width>
				<height>175</height>
				<texture>logo/WhereverTV.png</texture>
			</control>
			<control type="image">
				<posx>620</posx>
				<posy>0</posy>
				<width>660</width>
				<height>800</height>
				<texture>bg/grey.png</texture>
			</control>
			<control type="label">
				<posx>660</posx>
				<posy>100</posy>
				<width>550</width>
				<font>font21</font>
				<wrapmultiline>true</wrapmultiline>
				<label>Wherever you are... you can watch WhereverTV. Build your own personalized TV Guide and watch your favorite TV channels across Internet connected devices and platforms, including Boxee!</label>
			</control>
			<control type="label">
				<posx>660</posx>
				<posy>300</posy>
				<width>200</width>
				<align>left</align>
				<aligny>center</aligny>
				<label>Email/Screen Name:</label>
				<font>font21b</font>
				<textcolor>white</textcolor>
				<ondown>9003</ondown>
			</control>
			<control type="edit" id="9011">
				<posx>870</posx>
				<posy>280</posy>
				<width>326</width>
				<height>46</height>
				<onleft>-</onleft>
				<onright>-</onright>
				<onup>-</onup>
				<ondown>9012</ondown>
				<label>-</label>
				<textoffsetx>8</textoffsetx>
				<align>left</align>
				<aligny>center</aligny>
				<texturenofocus>bg/login_textbox.png</texturenofocus>
				<texturefocus>bg/login_textbox_on.png</texturefocus>
				<font>font28</font>
				<textcolor>white</textcolor>
				<onclick lang="python"><![CDATA[
username = config.GetValue( "email" )
username = mc.ShowDialogKeyboard( "WhereverTV - Email", email, False )
config.SetValue( "email", email )
window.GetEdit(9011).SetLabel(email)
]]></onclick>
			</control>
			<control type="label">
				<posx>660</posx>
				<posy>350</posy>
				<width>150</width>
				<height>46</height>
				<align>left</align>
				<aligny>center</aligny>
				<label>Password:</label>
				<font>font21b</font>
				<textcolor>white</textcolor>
			</control>
			<control type="edit" id="9012">
				<password>true</password>
				<posx>870</posx>
				<posy>350</posy>
				<width>326</width>
				<height>46</height>
				<onleft>-</onleft>
				<onright>-</onright>
				<onup>9011</onup>
				<ondown>9013</ondown>
				<label>-</label>
				<textoffsetx>8</textoffsetx>
				<align>left</align>
				<aligny>center</aligny>
				<texturenofocus>bg/login_textbox.png</texturenofocus>
				<texturefocus>bg/login_textbox_on.png</texturefocus>
				<font>font28</font>
				<textcolor>white</textcolor>
				<onclick lang="python"><![CDATA[
password = config.GetValue( "password" )
password = mc.ShowDialogKeyboard( "WhereverTV - Password", password, True )
config.SetValue( "password", password )
window.GetEdit(9012).SetLabel("********")
]]></onclick>
			</control>
			<control type="button" id="9013">
				<posx>1095</posx>
				<posy>420</posy>
				<width>100</width>
				<height>45</height>
				<label></label>
				<texturenofocus>button/sign-in.png</texturenofocus>
				<texturefocus>button/sign-in_over.png</texturefocus>
				<onup>9012</onup>
				<onclick lang="python"><![CDATA[
mc.ShowDialogWait()
WhereverTV.Controller.Login(window.GetEdit(9011).GetText(), window.GetEdit(9012).GetText()) 
mc.HideDialogWait()
]]></onclick>
			</control>
			<control type="label">
				<posx>660</posx>
				<posy>600</posy>
				<width>450</width>
				<wrapmultiline>true</wrapmultiline>
				<label>To create a free WhereverTV account, please visit - http://www.wherevertv.tv</label>
			</control>
		</control>
		<!-- Login Page End -->
		
		<!-- Error message begin -->
		<control type="group" id="9038">
    		<visible>False</visible>
			<align>center</align>
			<onload lang="python"><![CDATA[
if window.GetControl(9041).IsVisible():
    window.GetControl(9050).SetVisible(False)
]]></onload>
		<!-- Search List Error Message -->
		   <control type="button" id="9041">
				<visible>Container(9040).IsEmpty + !Container(9040).IsLoading</visible>
				<posx>580</posx>
				<posy>400</posy>
				<width>120</width>
				<height>75</height>
				<label></label>
				<texturenofocus>button/btn_retry.png</texturenofocus>
				<texturefocus>button/btn_retry-over.png</texturefocus>
				<alignx>center</alignx>
				<onup>9021</onup>
				<onclick lang="python"><![CDATA[
if window.GetControl(9038).IsVisible():
	window.GetControl(9038).SetVisible(False)
WhereverTV.Controller.ActivateControl(9021)
WhereverTV.Controller.GetMyChannels()
]]></onclick>
			</control>
			<control type="label">
                <visible>Container(9040).IsEmpty + !Container(9040).IsLoading</visible>
        		<posx>22</posx>
        		<posy>300</posy>
        		<width>1280</width>
        		<height>100</height>
        		<label>[B]No results found. Please try a different search or select from "View By" dropdown menu.[/B]</label>
        		<font>font27</font>
        		<align>center</align>
				<alignx>center</alignx>
        		<aligny>center</aligny>
      		</control>
		</control>
		
<control type="group" id="9039">
    		<visible>False</visible>
			<onload lang="python"><![CDATA[
if window.GetControl(9042).IsVisible():
    window.GetControl(9050).SetVisible(False)
]]></onload>
		<!-- Search List Error Message -->
		   <control type="button" id="9042">
				<visible>Container(9060).IsEmpty + !Container(9060).IsLoading</visible>
				<posx>580</posx>
				<posy>400</posy>
				<width>120</width>
				<height>75</height>
				<label></label>
				<texturenofocus>button/btn_retry.png</texturenofocus>
				<texturefocus>button/btn_retry-over.png</texturefocus>
				<alignx>center</alignx>
				<onup>9021</onup>
				<onclick lang="python"><![CDATA[
if window.GetControl(9039).IsVisible():
	window.GetControl(9039).SetVisible(False)
WhereverTV.Controller.ActivateControl(9021)
WhereverTV.Controller.GetMyChannels()
]]></onclick>
			</control>
		<control type="label">
                <visible>Container(9060).IsEmpty + !Container(9060).IsLoading</visible>
        		<posx>22</posx>
        		<posy>300</posy>
        		<width>1280</width>
        		<height>100</height>
        		<label>[B]No results found. Please try a different search or select from "View By" dropdown menu.[/B]</label>
        		<font>font27</font>
        		<align>center</align>
				<alignx>center</alignx>
        		<aligny>center</aligny>
      	</control>
</control>
		
		<!-- Error message end -->
			
		<!-- Home page Begin -->
		<control type="group" id="9020">
    		<visible>False</visible>
    		
    		
      		<!-- Channel List Control begin -->
      		
       		<control type="list" id="9040">
                <visible>True</visible>
        		<posx>22</posx>
        		<posy>140</posy>
        		<width>640</width>
        		<height>600</height>
        		<onup>9021</onup>
               	<onleft lang="python"><![CDATA[
#WhereverTV.Controller.GoBack()
]]></onleft>
        		<onright lang="python"><![CDATA[
list = window.GetList(9040)
itemNumber = list.GetFocusedItem()
config.SetValue("selectedChannel", str(itemNumber))
window.GetControl(9051).SetFocus()
]]></onright>
<ondown lang="python"><![CDATA[
if window.GetControl(9041).IsVisible():
	window.GetControl(9038).SetFocus()
]]></ondown>
		        <scrolltime>200</scrolltime>
		        <pagecontrol>20</pagecontrol>
		        <orientation>vertical</orientation>
		        <focusposition>1</focusposition>
		        <itemlayout height="58">
		        	<control type="image">
		        		<posx>0</posx>
		            	<posy>0</posy>
		            	<width>600</width>
		            	<height>50</height>
		        		<texture>bg/list-cell.png</texture>
		        	</control>
		        	<control type="label">
		            	<posx>20</posx>
		            	<posy>5</posy>
		            	<width>20</width>
		            	<height>30</height>
		            	<label>$INFO[Listitem.Offset]</label>
		            	<font>font17b</font>
		            	<align>center</align>
		            	<aligny>center</aligny>
		            	<textcolor>white</textcolor>
		            	<selectedcolor>blue</selectedcolor>
			        </control>
			        <control type="image">
		            	<posx>50</posx>
		            	<posy>2</posy>
		            	<texture>$INFO[ListItem.Thumb]</texture>
		            	<width>60</width>
		            	<height>45</height>
                    </control>
		        	<control type="label">
		        		<posx>125</posx>
		            	<posy>4</posy>
		            	<width>400</width>
		            	<height>20</height>
    	        		<label>$INFO[ListItem.property(title)]</label>
                        <font>font23b</font>
                        <textcolor>white</textcolor>
                    </control>
                    <control type="label">
                        <posx>125</posx>
                        <posy>25</posy>
                        <width>200</width>
                        <height>20</height>
                        <label>$INFO[ListItem.property(country)]</label>
                        <font>font15b</font>
                        <textcolor>white</textcolor>
                    </control>
                    <control type="image">
                        <visible>[!IsEmpty(ListItem.property(Image1))]</visible>
		            	<posx>540</posx>
		            	<posy>4</posy>
		            	<texture>$INFO[ListItem.property(Image1)]</texture>
		            	<width>42</width>
		            	<height>42</height>
                    </control>
                </itemlayout> 
			    <focusedlayout height="58">
                    <control type="image">
                        <posx>0</posx>
                        <posy>0</posy>
                        <width>600</width>
                        <height>50</height>
                        <texture>bg/list-cell_over.png</texture>
                    </control>
                    <control type="label">
                        <posx>20</posx>
                        <posy>5</posy>
                        <width>20</width>
                        <height>30</height>
                        <label>$INFO[Listitem.Offset]</label>
                        <font>font17b</font>
                        <align>center</align>
                        <aligny>center</aligny>
                        <textcolor>blue</textcolor>
                    </control>
                    <control type="image">
                        <posx>50</posx>
                        <posy>2</posy>
                        <texture>$INFO[ListItem.Thumb]</texture>
                        <width>60</width>
                        <height>45</height>
                    </control>
                    <control type="label">
                        <posx>125</posx>
                        <posy>4</posy>
                        <width>400</width>
                        <height>20</height>
                        <label>$INFO[ListItem.property(title)]</label>
                        <font>font23b</font>
                        <textcolor>blue</textcolor>
                    </control>
                    <control type="label">
                        <posx>125</posx>
                        <posy>25</posy>
                        <width>200</width>
                        <height>20</height>
                        <label>$INFO[ListItem.property(country)]</label>
                        <font>font15b</font>
                        <textcolor>blue</textcolor>
                    </control>
                    <control type="image">
                        <visible>[!IsEmpty(ListItem.property(Image1))]</visible>
		            	<posx>540</posx>
		            	<posy>4</posy>
		            	<texture>$INFO[ListItem.property(Image1)]</texture>
		            	<width>42</width>
		            	<height>42</height>
                    </control>      
                </focusedlayout>
                <content type="url" url="">
                    <onclick lang="python"><![CDATA[
config.SetValue("reloadGuide", "No")
list = window.GetList(9040)
item = list.GetItem(list.GetFocusedItem())

#stream_url = 'http://http5.iphone.yacast.net/iphone/bfmtv/bfmtv_ipad.m3u8'
#stream_url='http://208.75.229.118/rtplive/tulixStream.stream/playlist.m3u8'
#stream_url = 'http://listen.radionomy.com/anwa-rock'
#item.SetProperty("isVideo", "False")

streamManagerPath = item.GetPath()
stream_url= mc.Http().Get(streamManagerPath)
mc.LogInfo(">>>>>>>>>>streamUrl:>>>" + stream_url + "<<<<")
stream_url = stream_url.strip()
mc.LogInfo(">>>>>>>>>>>>>>>>>>> URL:<<<" + streamManagerPath + ">>> URL fetched from serevr:<<<<" + stream_url +">>>>")
mc.LogInfo(" >>>>>>>>>>>>>>>>>>> isvideo:<<" + item.GetProperty("isVideo") + ">>> stream format:>>>>" + item.GetProperty("streamFormat") + "<<<<<")

if(item.GetProperty("isVideo") == "True"):
	if(item.GetProperty("streamFormat") == "hls"):				
		params = { 'live':'1' }
		playlist_url = "playlist://%s?%s" % (quote_plus(stream_url), urlencode(params))
		item.SetContentType = 'application/vnd.apple.mpegurl'
	elif(item.GetProperty("streamFormat") == "rtmp"):
		playlist_url = streamManagerPath
	else:
		playlist_url = stream_url
else:
	
	playlist_url = stream_url

	
item.SetPath(playlist_url)
mc.LogInfo(">>>> playlist url:<<<" + playlist_url + ">>>")

if item.GetProperty("isPartnerChannel") == "True":
    mc.LogInfo("==>> User Played Partner Channel")
    if item.GetProperty("isSubscribed") == "True":
        mc.LogInfo("==>> User has subscribed this Channel")
        mc.GetPlayer().PlayWithActionMenu(item)
    else:
        mc.LogInfo("==>> User has not subscribed this Channel")
        mc.LogInfo("==>> PartnerID: " + item.GetProperty("partnerId"))
        if item.GetProperty("partnerId") == "5":
            mc.ShowDialogOk("Subscription Required", "To subscribe to this channel, please visit http://maroc.wherever.tv")
        elif item.GetProperty("partnerId") == "6":
            mc.ShowDialogOk("Subscription Required", "To subscribe to this channel, please visit http://greek.wherever.tv")
        else:
            mc.ShowDialogOk("Subscription Required", "To subscribe this channel, please contact us from any where at +1-718-873-9029.")
else:
    mc.LogInfo("==>> User Played WhereverTV Channel")
    mc.GetPlayer().PlayWithActionMenu(item)




]]></onclick>
                </content>
            </control>
      		<!-- Channel List Control  End -->
      			
            <!-- Category List Control Begin -->
            <control type="list" id="9060">
                <visible>False</visible>
                <posx>22</posx>
                <posy>140</posy>
                <width>640</width>
                <height>600</height>
                <onup>9021</onup>
                <onleft lang="python"><![CDATA[
#WhereverTV.Controller.GoBack()
]]></onleft>
<ondown lang="python"><![CDATA[
if window.GetControl(9042).IsVisible():
	window.GetControl(9039).SetFocus()
]]></ondown>
                <scrolltime>10</scrolltime>
                <pagecontrol>20</pagecontrol>
                <orientation>vertical</orientation>
                <focusposition>1</focusposition>
                <itemlayout height="58">
                    <control type="image">
                        <posx>0</posx>
                        <posy>0</posy>
                        <width>600</width>
                        <height>50</height>
                        <texture>bg/list-cell.png</texture>
                    </control>
                    <control type="image">
                        <visible>[!IsEmpty(ListItem.property(Image0))]</visible>
                        <posx>50</posx>
                        <posy>2</posy>
                        <texture>$INFO[ListItem.property(Image0)]</texture>
                        <width>60</width>
                        <height>45</height>
                    </control>
                    <control type="label">
                        <visible>[!IsEmpty(ListItem.property(Image0))]</visible>
                        <posx>125</posx>
                        <posy>10</posy>
                        <width>300</width>
                        <height>20</height>
                        <label>$INFO[ListItem.property(title)]</label>
                        <font>font23b</font>
                        <textcolor>white</textcolor>
                    </control>
                    <control type="label">
                        <visible>[IsEmpty(ListItem.property(Image0))]</visible>
                        <posx>20</posx>
                        <posy>10</posy>
                        <width>300</width>
                        <height>20</height>
                        <label>$INFO[ListItem.property(title)]</label>
                        <font>font23b</font>
                        <textcolor>white</textcolor>
                    </control>
                </itemlayout>
                <focusedlayout height="58">
                    <control type="image">
                        <posx>0</posx>
                        <posy>0</posy>
                        <width>600</width>
                        <height>50</height>
                        <texture>bg/list-cell_over.png</texture>
                    </control>
                    <control type="image">
                        <visible>[!IsEmpty(ListItem.property(Image0))]</visible>
                        <posx>50</posx>
                        <posy>2</posy>
                        <texture>$INFO[ListItem.property(Image0)]</texture>
                        <width>60</width>
                        <height>45</height>
                    </control>
                    <control type="label">
                        <visible>[!IsEmpty(ListItem.property(Image0))]</visible>
                        <posx>125</posx>
                        <posy>10</posy>
                        <width>300</width>
                        <height>20</height>
                        <label>$INFO[ListItem.property(title)]</label>
                        <font>font23b</font>
                        <textcolor>blue</textcolor>
                    </control>
                    <control type="label">
                        <visible>[IsEmpty(ListItem.property(Image0))]</visible>
                        <posx>20</posx>
                        <posy>10</posy>
                        <width>300</width>
                        <height>20</height>
                        <label>$INFO[ListItem.property(title)]</label>
                        <font>font23b</font>
                        <textcolor>blue</textcolor>
                    </control>
                </focusedlayout>
                <content type="action">
                    <onclick lang="python"><![CDATA[
mc.ShowDialogWait()
if window.GetControl(9038).IsVisible():
	window.GetControl(9038).SetVisible(False) 
if window.GetControl(9039).IsVisible():
	window.GetControl(9039).SetVisible(False) 
	
if config.GetValue("ContentType") == "Country":
    WhereverTV.Controller.SearchByCountry()
elif config.GetValue("ContentType") == "Genre":
    WhereverTV.Controller.SearchByGenre()
elif config.GetValue("ContentType") == "Language":
    WhereverTV.Controller.SearchByLanguage()
elif config.GetValue("ContentType") == "Tag":
    WhereverTV.Controller.SearchByTag()
mc.HideDialogWait()
]]></onclick>
                </content>
            </control>
          
            <!-- Category List Control End -->
      
  			<!-- Description Box Begin -->
      			
            <control type="group" id="9050">
                <visible>!Container(9040).IsEmpty</visible> 
                <control type="image">
                    <posx>635</posx>
                    <posy>140</posy>
                    <width>600</width>
                    <height>350</height>
                    <texture>bg/description-box.png</texture>
                </control>
                <control type="image">
                    <posx>650</posx>
                    <posy>155</posy>
                    <texture>bg/flag_container.png</texture>
                    <width>170</width>
                    <height>130</height>
                </control>
                <control type="image">
                    <posx>670</posx>
                    <posy>170</posy>
                    <texture>$INFO[Container(9040).ListItem.Thumb]</texture>
                    <width>128</width>
                    <height>96</height>
                </control>
                <control type="label">
                    <posx>840</posx>
                    <posy>160</posy>
                    <width>320</width>
                    <height>60</height>
                    <label>$INFO[Container(9040).ListItem.property(title)]</label>
                    <font>font23b</font>
                    <align>left</align>
                    <textcolor>blue</textcolor>
                </control>
                <control type="label">
                    <posx>840</posx>
                    <posy>185</posy>
                    <width>250</width>
                    <height>20</height>
                    <label>$INFO[Container(9040).ListItem.property(country)]</label>
                    <font>font19b</font>
                    <align>left</align>
                    <textcolor>white</textcolor>
                </control>
                <control type="label">
                    <posx>840</posx>
                    <posy>225</posy>
                    <width>375</width>
                    <height>250</height>
                    <label>$INFO[Container(9040).ListItem.property(description)]</label>
                    <font>font17</font>
                    <textcolor>white</textcolor>
                    <wrapmultiline>True</wrapmultiline>
                </control>
                <control type="label">
                    <posx>840</posx>
                    <posy>370</posy>
                    <label>Tags:</label>
                    <font>font17b</font>
                    <textcolor>white</textcolor>
                    <width>60</width>
                    <height>20</height>
                </control>
                <control type="label">
                    <posx>885</posx>
                    <posy>370</posy>
                    <width>370</width>
                    <height>200</height>
                    <label>$INFO[Container(9040).ListItem.property(tags)]</label>
                    <font>font17b</font>
                    <align>left</align>
                    <textcolor>blue</textcolor>
                    <wrapmultiline>True</wrapmultiline>
                </control>
                <control type="button" id="9051">
                    <visible>$INFO[Container(9040).ListItem.property(custom:isUserChannel)]</visible>
                    <posx>650</posx>
                    <posy>310</posy>
                    <width>170</width>
                    <height>75</height>
                    <label></label>
                    <font>font17b</font>
                    <texturenofocus>button/btn_remove.png</texturenofocus>
                    <texturefocus>button/btn_remove_over.png</texturefocus>
                    <onup lang="python"><![CDATA[
window.GetControl(9052).SetFocus()
]]></onup>
					<onright lang="python"><![CDATA[
window.GetControl(9052).SetFocus()
]]></onright>
    					<onleft lang="python"><![CDATA[
window.GetControl(9040).SetFocus()
window.GetList(9040).SetFocusedItem(int(config.GetValue("selectedChannel")))
]]></onleft>
    					<onclick lang="python"><![CDATA[
mc.ShowDialogWait()
list = window.GetList(9040)
item = list.GetItem(list.GetFocusedItem())
WhereverTV.Controller.RemoveFromGuide(item.GetProperty("channelId"))
mc.HideDialogWait()
]]></onclick>


                </control>
                <control type="button" id="9051">
                    <visible>$INFO[!Container(9040).ListItem.property(custom:isUserChannel)]</visible>
                    <posx>650</posx>
                    <posy>310</posy>
                    <width>170</width>
                    <height>75</height>
                    <label></label>
                    <font>font17b</font>
					<texturenofocus>button/btn_add.png</texturenofocus>
                    <texturefocus>button/btn_add_over.png</texturefocus>
                    <onright lang="python"><![CDATA[
window.GetControl(9052).SetFocus()
]]></onright>
					<onup lang="python"><![CDATA[
window.GetControl(9021).SetFocus()
]]></onup>
                    <onleft lang="python"><![CDATA[
window.GetControl(9040).SetFocus()
window.GetList(9040).SetFocusedItem(int(config.GetValue("selectedChannel")))
]]></onleft>
                    <onclick lang="python"><![CDATA[
mc.ShowDialogWait()
list = window.GetList(9040)
item = list.GetItem(list.GetFocusedItem())
WhereverTV.Controller.AddToGuide(item.GetProperty("channelId"))
mc.HideDialogWait()
]]></onclick>
                </control>
                <control type="button" id="9052">
                    <posx>650</posx>
                    <posy>400</posy>
                    <width>170</width>
                    <height>75</height>
                    <label></label>
                    <font>font17b</font>
                    <texturenofocus>button/btn_reportbroken.png</texturenofocus>
                    <texturefocus>button/btn_reportbroken_over.png</texturefocus>
                    <onleft lang="python"><![CDATA[
window.GetControl(9040).SetFocus()
window.GetList(9040).SetFocusedItem(int(config.GetValue("selectedChannel")))
]]></onleft>
                    <onup lang="python"><![CDATA[
window.GetControl(9051).SetFocus()
]]></onup>
                    <ondown lang="python"><![CDATA[
window.GetControl(9051).SetFocus()
]]></ondown>
                </control>
            </control>
			
			<!-- Description Box End -->
      
            <!-- Header Control Begin -->
      
			<control type="image">
				<posx>0</posx>
				<posy>0</posy>
				<texture>logo/WhereverTV.png</texture>
			</control>
			<control type="label" id="9025">
				<posx>250</posx>
				<posy>30</posy>
				<label>Wherever you are...</label>
				<textcolor>blue</textcolor>
			</control>
			<control type="label" id="9025">
				<posx>1175</posx>
				<posy>68</posy>
				<label>Version: 1.2</label>
				<font>font11</font>
				<textcolor>white</textcolor>
			</control>
			<control type="image">
				<posx>0</posx>
				<posy>88</posy>
				<width>1280</width>
				<height>45</height>
				<texture>bg/menu-bar.png</texture>
			</control>
			<control type="togglebutton" id="9021">
				<posx>50</posx>
				<posy>93</posy>
				<width>135</width>
				<height>36</height>
				<label>My Channels</label>
				<altlabel>[COLOR white]My Channels[/COLOR]</altlabel>
				<font>font19b</font>
				<align>center</align>
				<aligny>center</aligny>
				<textcolor>black</textcolor>
				<focusedcolor>white</focusedcolor>
				<texturefocus>bg/menu-selected.png</texturefocus>
                <alttexturefocus>bg/btn_active-over.png</alttexturefocus>
				<alttexturenofocus>bg/menu-selected.png</alttexturenofocus>
				<usealttexture>App.HasSetting(9021)</usealttexture>
				<ondown lang="python"><![CDATA[

				
if window.GetControl(9041).IsVisible():
	window.GetControl(9038).SetFocus()
elif window.GetControl(9040).IsVisible():
	window.GetControl(9040).SetFocus()
elif window.GetControl(9060).IsVisible():
	window.GetControl(9060).SetFocus()
elif window.GetControl(9042).IsVisible():
	window.GetControl(9039).SetFocus()
]]></ondown>
				<onright lang="python"><![CDATA[
window.GetControl(9030).SetVisible(True)
window.GetControl(9031).SetFocus()
]]></onright>
				<onclick lang="python"><![CDATA[
if window.GetControl(9038).IsVisible():
	window.GetControl(9038).SetVisible(False)  
if window.GetControl(9039).IsVisible():
	window.GetControl(9039).SetVisible(False)
WhereverTV.Controller.ActivateControl(9021)
WhereverTV.Controller.GetMyChannels()
]]></onclick>
			</control>

			<!-- Menu Popup group -->

			<control type="button" id="9037">
				<posx>220</posx>
				<posy>95</posy>
				<width>340</width>
				<height>30</height>
				<label>View by:</label>
				<font>font19b</font>
				<align>left</align>
				<textoffsetx>5</textoffsetx> 
				<aligny>center</aligny>
				<focusedcolor>black</focusedcolor>
				<textcolor>black</textcolor>
				<texturefocus></texturefocus>
				<onclick lang="python"><![CDATA[
window.GetControl(9030).SetVisible(True)
window.GetControl(9031).SetFocus()
]]></onclick>
				<ondown lang="python"><![CDATA[
window.GetControl(9040).SetFocus()
]]> </ondown>
			</control>
			<control type="label" id="9026">
				<posx>295</posx>
				<posy>95</posy>
				<width>100</width>
				<height>30</height>
				<label>Country</label>
				<align>center</align>
				<aligny>center</aligny>
				<font>font19b</font>
				<textcolor>darkblue</textcolor>
			</control>
			<control type="image" id="9027">
				<posx>385</posx>
				<posy>108</posy>
				<width>14</width>
				<height>7</height>
				<texture>bg/arrow-blue1.png</texture>
			</control>
			<control type="label" id="9028">
				<posx>400</posx>
				<posy>95</posy>
				<width>200</width>
				<height>30</height>
				<label></label>
				<align>left</align>
				<aligny>center</aligny>
				<font>font19b</font>
				<textcolor>darkblue</textcolor>
			</control>
			<control type="group" id="9030">
				<visible>False</visible>
				<control type="image">
					<posx>370</posx>
					<posy>120</posy>
					<width>160</width>
					<height>210</height>
					<texture>bg/popup.png</texture>
				</control>
				<control type="togglebutton" id="9031">
					<posx>380</posx>
					<posy>129</posy>
					<width>140</width>
					<height>30</height>
					<label>Top Ten</label>
					<altlabel>[COLOR black]Top Ten[/COLOR]</altlabel>
					<font>font19b</font>
					<align>left</align>
					<aligny>center</aligny>
					<textoffsetx>20</textoffsetx>
					<textcolor>white</textcolor>
					<focusedcolor>white</focusedcolor>
                    <texturefocus>bg/btn_active-over.png</texturefocus>
                    <alttexturefocus>bg/btn_active-over.png</alttexturefocus>
                    <alttexturenofocus>bg/menu-popup-over.png</alttexturenofocus>
                    <usealttexture>App.HasSetting(9031)</usealttexture>
					<onup lang="python"><![CDATA[
window.GetControl(9036).SetFocus()
#window.GetControl(9030).SetVisible(False)
#window.GetControl(9021).SetFocus()
]]></onup>
					<ondown>9032</ondown>
					<onleft lang="python"><![CDATA[
window.GetControl(9030).SetVisible(False)
window.GetControl(9021).SetFocus()
]]></onleft>
					<onright lang="python"><![CDATA[
window.GetControl(9030).SetVisible(False)
window.GetControl(9022).SetFocus()
]]></onright>
					<onclick lang="python"><![CDATA[
mc.ShowDialogWait()
if window.GetControl(9038).IsVisible():
	window.GetControl(9038).SetVisible(False)
if window.GetControl(9039).IsVisible():
	window.GetControl(9039).SetVisible(False) 
WhereverTV.Controller.GetTopTenChannels()
mc.HideDialogWait()
]]></onclick>
				</control>
				<control type="togglebutton" id="9032">
					<posx>380</posx>
					<posy>162</posy>
					<width>140</width>
					<height>30</height>
					<label>Last Ten</label>
					<altlabel>[COLOR black]Last Ten[/COLOR]</altlabel>
					<font>font19b</font>
					<align>left</align>
					<aligny>center</aligny>
					<textoffsetx>20</textoffsetx>
					<textcolor>white</textcolor>
					<focusedcolor>white</focusedcolor>
                    <texturefocus>bg/btn_active-over.png</texturefocus>
                    <alttexturefocus>bg/btn_active-over.png</alttexturefocus>
                    <alttexturenofocus>bg/menu-popup-over.png</alttexturenofocus>
                    <usealttexture>App.HasSetting(9032)</usealttexture>
					<onup>9031</onup>
					<ondown>9033</ondown>
					<onleft lang="python"><![CDATA[
window.GetControl(9030).SetVisible(False)
window.GetControl(9021).SetFocus()
]]></onleft>
					<onright lang="python"><![CDATA[
window.GetControl(9030).SetVisible(False)
window.GetControl(9022).SetFocus()
]]></onright>
					<onclick lang="python"><![CDATA[
if window.GetControl(9038).IsVisible():
	window.GetControl(9038).SetVisible(False)
if window.GetControl(9039).IsVisible():
	window.GetControl(9039).SetVisible(False) 
mc.ShowDialogWait()
WhereverTV.Controller.GetLastTenChannels()
mc.HideDialogWait()
]]></onclick>
				</control>
				<control type="togglebutton" id="9033">
					<posx>380</posx>
					<posy>195</posy>
					<width>140</width>
					<height>30</height>
					<label>Countries</label>
					<altlabel>[COLOR black]Countries[/COLOR]</altlabel>
					<font>font19b</font>
					<align>left</align>
					<aligny>center</aligny>
					<textoffsetx>20</textoffsetx>
					<textcolor>white</textcolor>
					<focusedcolor>white</focusedcolor>
                    <texturefocus>bg/btn_active-over.png</texturefocus>
                    <alttexturefocus>bg/btn_active-over.png</alttexturefocus>
                    <alttexturenofocus>bg/menu-popup-over.png</alttexturenofocus>
                    <usealttexture>App.HasSetting(9033)</usealttexture>
					<onup>9032</onup>
					<ondown>9034</ondown>
					<onleft lang="python"><![CDATA[
window.GetControl(9030).SetVisible(False)
window.GetControl(9021).SetFocus()
]]></onleft>
					<onright lang="python"><![CDATA[
window.GetControl(9030).SetVisible(False)
window.GetControl(9022).SetFocus()
]]></onright>
					<onclick lang="python"><![CDATA[
if window.GetControl(9038).IsVisible():
	window.GetControl(9038).SetVisible(False)
if window.GetControl(9039).IsVisible():
	window.GetControl(9039).SetVisible(False) 
mc.ShowDialogWait()
WhereverTV.Controller.GetCountries()
mc.HideDialogWait()
]]></onclick>
				</control>
				<control type="togglebutton" id="9034">
					<posx>380</posx>
					<posy>228</posy>
					<width>140</width>
					<height>30</height>
					<label>Genres</label>
					<altlabel>[COLOR black]Genres[/COLOR]</altlabel>
					<font>font19b</font>
					<align>left</align>
					<aligny>center</aligny>
					<textoffsetx>20</textoffsetx>
					<textcolor>white</textcolor>
					<focusedcolor>white</focusedcolor>
                    <texturefocus>bg/btn_active-over.png</texturefocus>
                    <alttexturefocus>bg/btn_active-over.png</alttexturefocus>
                    <alttexturenofocus>bg/menu-popup-over.png</alttexturenofocus>
                    <usealttexture>App.HasSetting(9034)</usealttexture>
					<onup>9033</onup>
					<ondown>9035</ondown>
					<onleft lang="python"><![CDATA[
window.GetControl(9030).SetVisible(False)
window.GetControl(9021).SetFocus()
]]></onleft>
					<onright lang="python"><![CDATA[
window.GetControl(9030).SetVisible(False)
window.GetControl(9022).SetFocus()
]]></onright>
					<onclick lang="python"><![CDATA[
if window.GetControl(9038).IsVisible():
	window.GetControl(9038).SetVisible(False)
if window.GetControl(9039).IsVisible():
	window.GetControl(9039).SetVisible(False) 
mc.ShowDialogWait()
WhereverTV.Controller.GetGenres()
mc.HideDialogWait()
]]></onclick>
				</control>
				<control type="togglebutton" id="9035">
					<posx>380</posx>
					<posy>261</posy>
					<width>140</width>
					<height>30</height>
					<label>Languages</label>
					<altlabel>[COLOR black]Languages[/COLOR]</altlabel>
					<font>font19b</font>
					<align>left</align>
					<aligny>center</aligny>
					<textoffsetx>20</textoffsetx>
					<textcolor>white</textcolor>
					<focusedcolor>white</focusedcolor>
                    <texturefocus>bg/btn_active-over.png</texturefocus>
                    <alttexturefocus>bg/btn_active-over.png</alttexturefocus>
                    <alttexturenofocus>bg/menu-popup-over.png</alttexturenofocus>
                    <usealttexture>App.HasSetting(9035)</usealttexture>
					<onup>9034</onup>
					<ondown>9036</ondown>
					<onleft lang="python"><![CDATA[
window.GetControl(9030).SetVisible(False)
window.GetControl(9021).SetFocus()
]]></onleft>
					<onright lang="python"><![CDATA[
window.GetControl(9030).SetVisible(False)
window.GetControl(9022).SetFocus()
]]></onright>
					<onclick lang="python"><![CDATA[
if window.GetControl(9038).IsVisible():
	window.GetControl(9038).SetVisible(False)
if window.GetControl(9039).IsVisible():
	window.GetControl(9039).SetVisible(False) 
mc.ShowDialogWait()
WhereverTV.Controller.GetLanguages()
mc.HideDialogWait()
]]></onclick>
				</control>
				<control type="togglebutton" id="9036">
					<posx>380</posx>
					<posy>295</posy>
					<width>140</width>
					<height>30</height>
					<label>Tags</label>
					<altlabel>[COLOR black]Tags[/COLOR]</altlabel>
					<font>font19b</font>
					<align>left</align>
					<aligny>center</aligny>
					<textoffsetx>20</textoffsetx>
					<textcolor>white</textcolor>
					<focusedcolor>white</focusedcolor>
                    <texturefocus>bg/btn_active-over.png</texturefocus>
                    <alttexturefocus>bg/btn_active-over.png</alttexturefocus>
                    <alttexturenofocus>bg/menu-popup-over.png</alttexturenofocus>
                    <usealttexture>App.HasSetting(9036)</usealttexture>
					<onup>9035</onup>
					<ondown lang="python"><![CDATA[
window.GetControl(9031).SetFocus()
#window.GetControl(9030).SetVisible(False)
#window.GetControl(9040).SetFocus()
]]></ondown>
					<onleft lang="python"><![CDATA[
window.GetControl(9030).SetVisible(False)
window.GetControl(9021).SetFocus()
]]></onleft>
					<onright lang="python"><![CDATA[
window.GetControl(9030).SetVisible(False)
window.GetControl(9022).SetFocus()
]]></onright>
					<onclick lang="python"><![CDATA[
if window.GetControl(9038).IsVisible():
	window.GetControl(9038).SetVisible(False)
if window.GetControl(9039).IsVisible():
	window.GetControl(9039).SetVisible(False) 
mc.ShowDialogWait()
WhereverTV.Controller.GetTags()
mc.HideDialogWait()
]]></onclick>
				</control>
			</control>

			<!--    End of popup control -->

			<!-- Search control -->
			<control type="label" >
				<posx>850</posx>
				<posy>95</posy>
				<width>80</width>
				<height>30</height>
				<label>Search: </label>
				<font>font19b</font>
				<align>center</align>
				<aligny>center</aligny>
				<textcolor>black</textcolor>
			</control>
			<control type="button" id="9022">
				<posx>940</posx>
				<posy>96</posy>
				<width>200</width>
				<height>30</height>
				<label></label>
				<font>font19b</font>
				<textoffsetx>5</textoffsetx>
				<textcolor>black</textcolor>
				<texturenofocus>bg/search-input.png</texturenofocus>
				<texturefocus>bg/search-input_over.png</texturefocus>
				<ondown lang="python"><![CDATA[
if window.GetControl(9041).IsVisible():
	window.GetControl(9038).SetFocus()
elif window.GetControl(9040).IsVisible():
	window.GetControl(9040).SetFocus()
elif window.GetControl(9060).IsVisible():
	window.GetControl(9060).SetFocus()
elif window.GetControl(9042).IsVisible():
	window.GetControl(9039).SetFocus()
]]></ondown>
				<onleft lang="python"><![CDATA[
window.GetControl(9030).SetVisible(True)
window.GetControl(9031).SetFocus()
]]></onleft>
				<onclick lang="python"><![CDATA[ 
#mc.ActivateWindow(14000) 
]]> </onclick>
				<onclick>App.PushFrontString(keyword,$INFO[App.String(keyword)],50,WhereverTV - Search)</onclick>
				<onclick lang="python"><![CDATA[
temp = config.GetValue("keyword")
key = temp[0:18]
config.SetValue("trimKey", key)
window.GetButton(9022).SetLabel(key)
config.SetValue("keyword", temp)
mc.LogInfo("String man "+temp)
]]> </onclick>
				<onright lang="python"><![CDATA[
window.GetControl(9023).SetFocus()
]]></onright>
				<onclick lang="python"><![CDATA[
mc.ShowDialogWait()
if window.GetControl(9038).IsVisible():
	window.GetControl(9038).SetVisible(False) 
if window.GetControl(9039).IsVisible():
	window.GetControl(9039).SetVisible(False) 
WhereverTV.Controller.SearchChannels()
mc.HideDialogWait()
]]></onclick>
			</control>

			<!-- End of search control  -->

			<control type="button" id="9023">
				<posx>1160</posx>
				<posy>95</posy>
				<width>110</width>
				<height>30</height>
				<label>Sign Out</label>
				<font>font19b</font>
				<align>center</align>
				<aligny>center</aligny>
				<textcolor>black</textcolor>
				<focusedcolor>white</focusedcolor>
				<texturefocus>bg/menu-selected.png</texturefocus>
				<ondown lang="python"><![CDATA[

				
if window.GetControl(9041).IsVisible():
	window.GetControl(9038).SetFocus()
elif window.GetControl(9040).IsVisible():
	window.GetControl(9040).SetFocus()
elif window.GetControl(9060).IsVisible():
	window.GetControl(9060).SetFocus()
elif window.GetControl(9042).IsVisible():
	window.GetControl(9039).SetFocus()
]]></ondown>
				<onleft lang="python"><![CDATA[
window.GetControl(9022).SetFocus()
]]></onleft>
				<onclick lang="python"><![CDATA[
if window.GetControl(9041).IsVisible():
	window.GetControl(9038).SetVisible(False) 
elif window.GetControl(9042).IsVisible():
	window.GetControl(9039).SetVisible(False) 
WhereverTV.Controller.Logout()
]]></onclick>
			</control>
		</control>
	<!-- Home Page End -->
	</controls>
</window>