<app>
	<id>chinesefood</id>
  	<name>Chinese Food</name>
  	<version>1.0</version>
  	<description>Chinese Food by ifood.tv brings thousands of food videos on Chinese cooking to you. Enjoy recipes for Chinese Desserts, Drinks, Szechuan, Cantonese, Noodles, Rice, Kids, Healthy, Easy, Vegetarian and other foods you will love. Learn Chinese cooking and enjoy taste of life.</description>
  	<thumb>http://thumbs.ifood.tv/files/images/iptv/chinese/boxee/chinese.png</thumb>
  	<platform>all</platform>
	<copyright>Future Today Inc</copyright>
	<type>skin</type>
	<media>video</media>
  	<email>Admin@ifood.tv</email>
  	<startWindow>14000</startWindow>
  	<minversion>0.9.11</minversion>
  	<repository>http://dir.boxee.tv/apps</repository>
</app>
