<?xml version="1.0"?>
<window type="window" id="14000">
    <defaultcontrol always="true">100</defaultcontrol>
    <allowoverlay>no</allowoverlay>
    <onload lang="python">
<![CDATA[
import re
reHandle = None

items = mc.GetWindow(14000).GetList(100).GetItems()
for item in items:
    label = item.GetLabel()
    reHandle = re.search('[E|e]pisode\s+\d+\.*\d*:\s+', label)
    if reHandle:
        found = reHandle.group()
        label = label.replace(found, '') 
        item.SetLabel(label)
]]>
    </onload>
    <controls>
        <control type="group">
            <control type="largeimage">
                <description>Background image</description>
                <posx>0</posx>
                <posy>0</posy>
                <width>1280</width>
                <height>720</height>
                <texture>bg.png</texture>
            </control>
            <control type="image">
                <posx>540</posx>
                <posy>100</posy>
                <width>250</width>
                <height>177</height>
                <texture>logo.png</texture>
            </control>
            <control type="panel" id="100">
                <posx>5</posx>
                <posy>302</posy>
                <width>1270</width>
                <height>420</height>
                <orientation>horizontal</orientation>
                <itemlayout width="280" height="205">
                    <control type="image">
                        <posx>0</posx>
                        <posy>0</posy>
                        <width>280</width>
                        <height>180</height>
                        <aspectratio>stretch</aspectratio>
                        <bordertexture>black.png</bordertexture>
                        <bordersize>4</bordersize>
                        <texture>$INFO[ListItem.Thumb]</texture>
                    </control>
                    <control type="label">
                        <posx>140</posx>
                        <posy>180</posy>
                        <width>280</width>
                        <font>font20</font>
                        <textcolor>black</textcolor>
                        <label>$INFO[ListItem.Label]</label>
                        <align>center</align>
                    </control>
                </itemlayout>
                <focusedlayout width="300" height="200">
                    <control type="image">
                        <visible>Control.HasFocus(100)</visible>
                        <posx>0</posx>
                        <posy>0</posy>
                        <width>280</width>
                        <height>180</height>
                        <aspectratio>stretch</aspectratio>
                        <bordertexture>white.png</bordertexture>
                        <bordersize>4</bordersize>
                        <texture>$INFO[ListItem.Thumb]</texture>
                        <animation effect="fade" time="400">VisibleChange</animation>
                    </control>
                    <control type="image">
                        <visible>!Control.HasFocus(100)</visible>
                        <posx>0</posx>
                        <posy>0</posy>
                        <width>280</width>
                        <height>180</height>
                        <aspectratio>stretch</aspectratio>
                        <bordertexture>black.png</bordertexture>
                        <bordersize>4</bordersize>
                        <texture>$INFO[ListItem.Thumb]</texture>
                    </control>
                    <control type="label">
                        <visible>Control.HasFocus(100)</visible>
                        <posx>140</posx>
                        <posy>180</posy>
                        <width>280</width>
                        <font>font20</font>
                        <textcolor>white</textcolor>
                        <label>$INFO[ListItem.Label]</label>
                        <scroll>true</scroll>
                        <scrollspeed>50</scrollspeed>
                        <align>center</align>
                    </control>
                    <control type="label">
                        <visible>!Control.HasFocus(100)</visible>
                        <posx>140</posx>
                        <posy>180</posy>
                        <width>250</width>
                        <font>font20</font>
                        <textcolor>black</textcolor>
                        <label>$INFO[ListItem.Label]</label>
                        <align>center</align>
                    </control>
                    <control type="image">
                        <posx>111</posx>
                        <posy>56</posy>
                        <width>58</width>
                        <height>68</height>
                        <animation effect="zoom" start="0" end="100" center="auto" time="100">Focus</animation>
                        <texture>listitem_play.png</texture>
                    </control>
                </focusedlayout>
                <content type="url" url="http://guybauerhalfhour.blip.tv/rss"> </content>
            </control>
        </control>
        <control type="group">
            <posx>90</posx>
            <posy>60</posy>
            <width>320</width>
            <height>300</height>
            <control type="videowindow">
                <posx>0</posx>
                <posy>7</posy>
                <width>300</width>
                <height>220</height>
            </control>
        </control>
    </controls>
</window>
