<?xml version="1.0"?>
<window type="window" id="14002">
	<defaultcontrol always="true">4010</defaultcontrol>
	<allowoverlay>no</allowoverlay>
	<onload lang="python"><![CDATA[
import pandora
print "[keyboard/onclick] Creating new station(flow)"
pandoraServer = pandora.get_server()
pandoraServer.reset_new_station_label()
pandoraServer._fromStationsWindow = True

ui.init_add_station_window()

myAutocompleteThread = pandora.AutocompleteThread()
]]></onload>
	<controls>
		<control type="videowindow">
			<posx>0</posx>
			<posy>0</posy>
			<width>1280</width>
			<height>720</height>
			<visible>Player.HasVideo</visible>
		</control>
		<control type="visualisation">
			<posx>0</posx>
			<posy>0</posy>
			<width>1280</width>
			<height>720</height>
			<visible>Player.HasAudio</visible>
		</control>
		<control type="group">
			<control type="image">
				<visible>!Player.HasMedia</visible>
				<posx>0</posx>
				<posy>0</posy>
				<width>1280</width>
				<height>720</height>
				<texture>pandora_background.png</texture>
			</control>
			<control type="image">
				<visible>Player.HasMedia</visible>
				<posx>0</posx>
				<posy>0</posy>
				<width>1280</width>
				<height>720</height>
				<texture>pandora_background.png</texture>
				<colordiffuse>88FFFFFF</colordiffuse>
			</control>
			<control type="image">
				<posx>40</posx>
				<posy>80</posy>
				<width>243</width>
				<height>61</height>
				<texture>pandora_logo.png</texture>
			</control>
			<control type="group">
				<include>Window_Fade_Animation</include>
				<animation type="Conditional" condition="Window.IsVisible(DialogProgress.xml) | Control.IsVisible(3000)">
					<effect type="fade" start="100" end="20" time="200"/>
				</animation>
				<control type="label">
					<posx>50</posx>
					<posy>225</posy>
					<width>375</width>
					<height>30</height>
					<font>font28</font>
					<align>left</align>
					<aligny>top</aligny>
					<label>Create a New Station</label>
					<textcolor>white</textcolor>
				</control>
				<control type="label">
					<posx>50</posx>
					<posy>275</posy>
					<width>375</width>
					<height>200</height>
					<font>font23</font>
					<align>left</align>
					<aligny>top</aligny>
					<label>Type in the name of your favorite artist, song or composer and we'll create a radio station featuring that music and more like it.</label>
					<textcolor>white</textcolor>
					<wrapmultiline>true</wrapmultiline>
				</control>
				<control type="image">
					<posx>476</posx>
					<posy>0</posy>
					<width>334</width>
					<height>720</height>
					<texture>pandora_keyboard_background.png</texture>
				</control>
				<control type="image">
					<posx>797</posx>
					<posy>0</posy>
					<width>465</width>
					<height>720</height>
					<texture>pandora_active_area.png</texture>
				</control>
				<control type="image">
					<posx>810</posx>
					<posy>0</posy>
					<width>440</width>
					<height>720</height>
					<texture>pandora_list_area2.png</texture>
				</control>
				<control type="group" id="4000">
					<posx>520</posx>
					<posy>115</posy>
					<control type="image">
						<posx>0</posx>
						<posy>0</posy>
						<width>290</width>
						<height>46</height>
						<texture>pandora_keyboard_textbox.png</texture>
					</control>
					<control type="edit" id="4001">
						<posx>0</posx>
						<posy>0</posy>
						<width>290</width>
						<height>46</height>
						<onleft>-</onleft>
						<onright>5000</onright>
						<onup>-</onup>
						<ondown>4010</ondown>
						<onnext>5000</onnext>
						<onprev>4023</onprev>
						<label>-</label>
						<textoffsetx>8</textoffsetx>
						<align>left</align>
						<aligny>center</aligny>
						<texturenofocus>-</texturenofocus>
						<texturefocus>pandora_login_textbox_on.png</texturefocus>
						<font>font28</font>
						<textcolor>white</textcolor>
						<focusedcolor>white</focusedcolor>
						<ontextchange lang="python"><![CDATA[
pandoraServer = pandora.get_server()

#print "[keyboard/onclick] Handling keyboard input(flow)"

keyboardInput = ui.get_station_keyboard_input()

if len(keyboardInput) > 0:
	if myAutocompleteThread.isAlive():
		print "%%%%%%%%%%%%%%%%%%%%% THREAD IS ALIVE %%%%%%%%%%%%%%%%%%%%%%%%%%%%%%%%"
		myAutocompleteThread.moretext = keyboardInput
	else:
		print "%%%%%%%%%%%%%%%%%%%%% THREAD IS NOT ALIVE %%%%%%%%%%%%%%%%%%%%%%%%%%%%%%%%"
		print myAutocompleteThread.isAlive()
		myAutocompleteThread.start()
		myAutocompleteThread.queryAutocomplete(keyboardInput, pandoraServer)
else:
	ui.set_autocomplete_items(list())
]]></ontextchange>
					</control>
					<control type="panel" id="4010">
						<posx>5</posx>
						<posy>75</posy>
						<width>252</width>
						<height>252</height>
						<onleft>-</onleft>
						<onright>5000</onright>
						<onup>4001</onup>
						<ondown>4020</ondown>
						<onnext>5000</onnext>
						<onprev>4023</onprev>
						<scrolltime>200</scrolltime>
						<pagecontrol>-</pagecontrol>
						<orientation>vertical</orientation>
						<itemlayout width="42" height="42">
							<control type="image">
								<posx>0</posx>
								<posy>0</posy>
								<width>42</width>
								<height>42</height>
								<texture>pandora_keyboard_button.png</texture>
							</control>
							<control type="label">
								<posx>21</posx>
								<posy>0</posy>
								<width>42</width>
								<height>42</height>
								<font>font23b</font>
								<align>center</align>
								<aligny>center</aligny>
								<label>$INFO[ListItem.Label]</label>
								<textcolor>darkgrey</textcolor>
							</control>
						</itemlayout>
						<focusedlayout width="42" height="42">
							<control type="image">
								<visible>!Control.HasFocus(4010)</visible>
								<posx>0</posx>
								<posy>0</posy>
								<width>42</width>
								<height>42</height>
								<texture>pandora_keyboard_button.png</texture>
							</control>
							<control type="image">
								<visible>Control.HasFocus(4010)</visible>
								<animation effect="zoom" end="120" center="auto" time="60" reversable="true">Focus</animation>
								<posx>0</posx>
								<posy>0</posy>
								<width>42</width>
								<height>42</height>
								<texture>pandora_keyboard_button_on.png</texture>
							</control>
							<control type="label">
								<animation effect="zoom" end="120" center="21,21" time="60" reversable="true">Focus</animation>
								<posx>21</posx>
								<posy>0</posy>
								<width>42</width>
								<height>42</height>
								<font>font23b</font>
								<align>center</align>
								<aligny>center</aligny>
								<label>$INFO[ListItem.Label]</label>
								<textcolor>darkgrey</textcolor>
							</control>
						</focusedlayout>
						<content type="action">
						<onclick lang="python"><![CDATA[
pandoraServer = pandora.get_server()


letter = ui.get_clicked_keyboard_letter()

#print "[keyboard/onclick] Handling pandora keyboard, letter = [%s](flow)" % letter
if (letter != ""):
	pandoraServer = pandora.get_server()
	pandoraServer.add_new_station_letter(letter)

	newLabel = pandoraServer.get_new_station_label()
	ui.set_station_label(newLabel)

	autoCompleteResults = pandoraServer.get_autocomplete_list(pandoraServer.get_new_station_label())
	if (autoCompleteResults is not None):
		ui.set_autocomplete_items(autoCompleteResults)
else:
	print "empty letter on autocomplete (flow)"
]]></onclick>
							<item>
								<label>A</label>
								<thumb>-</thumb>
								<onclick>-</onclick>
							</item>
							<item>
								<label>B</label>
								<thumb>-</thumb>
								<onclick>-</onclick>
							</item>
							<item>
								<label>C</label>
								<thumb>-</thumb>
								<onclick>-</onclick>
							</item>
							<item>
								<label>D</label>
								<thumb>-</thumb>
								<onclick>-</onclick>
							</item>
							<item>
								<label>E</label>
								<thumb>-</thumb>
								<onclick>-</onclick>
							</item>
							<item>
								<label>F</label>
								<thumb>-</thumb>
								<onclick>-</onclick>
							</item>
							<item>
								<label>G</label>
								<thumb>-</thumb>
								<onclick>-</onclick>
							</item>
							<item>
								<label>H</label>
								<thumb>-</thumb>
								<onclick>-</onclick>
							</item>
							<item>
								<label>I</label>
								<thumb>-</thumb>
								<onclick>-</onclick>
							</item>
							<item>
								<label>J</label>
								<thumb>-</thumb>
								<onclick>-</onclick>
							</item>
							<item>
								<label>K</label>
								<thumb>-</thumb>
								<onclick>-</onclick>
							</item>
							<item>
								<label>L</label>
								<thumb>-</thumb>
								<onclick>-</onclick>
							</item>
							<item>
								<label>M</label>
								<thumb>-</thumb>
								<onclick>-</onclick>
							</item>
							<item>
								<label>N</label>
								<thumb>-</thumb>
								<onclick>-</onclick>
							</item>
							<item>
								<label>O</label>
								<thumb>-</thumb>
								<onclick>-</onclick>
							</item>
							<item>
								<label>P</label>
								<thumb>-</thumb>
								<onclick>-</onclick>
							</item>
							<item>
								<label>Q</label>
								<thumb>-</thumb>
								<onclick>-</onclick>
							</item>
							<item>
								<label>R</label>
								<thumb>-</thumb>
								<onclick>-</onclick>
							</item>
							<item>
								<label>S</label>
								<thumb>-</thumb>
								<onclick>-</onclick>
							</item>
							<item>
								<label>T</label>
								<thumb>-</thumb>
								<onclick>-</onclick>
							</item>
							<item>
								<label>U</label>
								<thumb>-</thumb>
								<onclick>-</onclick>
							</item>
							<item>
								<label>V</label>
								<thumb>-</thumb>
								<onclick>-</onclick>
							</item>
							<item>
								<label>W</label>
								<thumb>-</thumb>
								<onclick>-</onclick>
							</item>
							<item>
								<label>X</label>
								<thumb>-</thumb>
								<onclick>-</onclick>
							</item>
							<item>
								<label>Y</label>
								<thumb>-</thumb>
								<onclick>-</onclick>
							</item>
							<item>
								<label>Z</label>
								<thumb>-</thumb>
								<onclick>-</onclick>
							</item>
							<item>
								<label>12311</label>
								<thumb>-</thumb>
								<onclick>-</onclick>
							</item>
							<item>
								<label>12312</label>
								<thumb>-</thumb>
								<onclick>-</onclick>
							</item>
							<item>
								<label>12313</label>
								<thumb>-</thumb>
								<onclick>-</onclick>
							</item>
							<item>
								<label>12314</label>
								<thumb>-</thumb>
								<onclick>-</onclick>
							</item>
							<item>
								<label>12315</label>
								<thumb>-</thumb>
								<onclick>-</onclick>
							</item>
							<item>
								<label>12316</label>
								<thumb>-</thumb>
								<onclick>-</onclick>
							</item>
							<item>
								<label>12317</label>
								<thumb>-</thumb>
								<onclick>-</onclick>
							</item>
							<item>
								<label>12318</label>
								<thumb>-</thumb>
								<onclick>-</onclick>
							</item>
							<item>
								<label>12319</label>
								<thumb>-</thumb>
								<onclick>-</onclick>
							</item>
							<item>
								<label>12310</label>
								<thumb>-</thumb>
								<onclick>-</onclick>
							</item>
						</content>
					</control>
					<control type="group" id="4020">
						<posx>5</posx>
						<posy>327</posy>
						<control type="button" id="4021">
							<animation effect="zoom" end="108" center="auto" time="60" reversable="true">Focus</animation>
							<posx>0</posx>
							<posy>0</posy>
							<width>126</width>
							<height>42</height>
							<onleft>-</onleft>
							<onright>4022</onright>
							<onup>4010</onup>
							<ondown>4023</ondown>
							<texturenofocus>pandora_keyboard_big_button.png</texturenofocus>
							<texturefocus>pandora_keyboard_big_button_on.png</texturefocus>
							<label>SPACE</label>
							<align>center</align>
							<aligny>center</aligny>
							<textcolor>darkgrey</textcolor>
							<focusedcolor>darkgrey</focusedcolor>
							<font>font23b</font>
							<onclick lang="python"><![CDATA[

#print "[keyboard/onclick] Space Key pressed (flow)"
pandoraServer = pandora.get_server()
pandoraServer.add_new_station_letter(" ")
newLabel = pandoraServer.get_new_station_label()

ui.set_station_label(newLabel)

]]></onclick>
						</control>
						<control type="button" id="4022">
							<animation effect="zoom" end="108" center="auto" time="60" reversable="true">Focus</animation>
							<posx>126</posx>
							<posy>0</posy>
							<width>126</width>
							<height>42</height>
							<onleft>4021</onleft>
							<onright>5000</onright>
							<onup>4010</onup>
							<ondown>4023</ondown>
							<texturenofocus>pandora_keyboard_big_button.png</texturenofocus>
							<texturefocus>pandora_keyboard_big_button_on.png</texturefocus>
							<label>DELETE</label>
							<align>center</align>
							<aligny>center</aligny>
							<textcolor>darkgrey</textcolor>
							<focusedcolor>darkgrey</focusedcolor>
							<font>font23b</font>
							<onclick lang="python"><![CDATA[
from pandora import Pandora

#print "[keyboard/onclick] Delete Key pressed (flow)"
pandoraServer = pandora.get_server()
pandoraServer.remove_new_station_letter()
newLabel = pandoraServer.get_new_station_label()

ui.set_station_label(newLabel)

if (newLabel != ""):
	autoCompleteResults = pandoraServer.get_autocomplete_list(newLabel)
	if (autoCompleteResults is not None):
		ui.set_autocomplete_items(autoCompleteResults)
]]></onclick>
						</control>
						<control type="button" id="4023">
							<animation effect="zoom" end="108" center="auto" time="60" reversable="true">Focus</animation>
							<posx>126</posx>
							<posy>70</posy>
							<width>126</width>
							<height>42</height>
							<onleft>4021</onleft>
							<onright>5000</onright>
							<onup>4022</onup>
							<ondown>-</ondown>
							<onnext>5000</onnext>
							<onprev>4010</onprev>
							<texturenofocus>pandora_keyboard_big_button.png</texturenofocus>
							<texturefocus>pandora_keyboard_big_button_on.png</texturefocus>
							<label>SEARCH</label>
							<align>center</align>
							<aligny>center</aligny>
							<textcolor>darkgrey</textcolor>
							<focusedcolor>darkgrey</focusedcolor>
							<font>font23b</font>
							<onclick lang="python"><![CDATA[
from pandora import Pandora
from pandora import SystemMaintenanceException


pandoraServer = pandora.get_server()

try:
	ui.show_wheel(14002)

	newLabel = pandoraServer.get_new_station_label()
	#print "[add_station.xml / CREATE] create new station from label %s (flow)" % (newLabel)

	shouldPlay = False
	if (newLabel != ""):
		try:
			searchList = pandoraServer.search(pandoraServer.get_new_station_label())

			if (searchList is None):
				# station was created successfully, start playing it
				mc.ActivateWindow(14000)
				utils.update_station_list()
				shouldPlay = True
				mc.ShowDialogNotification("Station created, enjoy...", "pandora_small_icon.png")
			elif (len(searchList) == 0):
				mc.ShowDialogNotification("No results found, please try again", "pandora_small_icon.png")
			else:
				print "[add_station.xml / CREATE] found search %d results (flow)" % len(searchList)
				autoCompleteListUI = mc.GetActiveWindow().GetList(5010)
				autoCompleteItems = mc.ListItems()
				for result in searchList:
					resultItem = mc.ListItem()
					if ("songName" in result):
						label = "%s by %s" % (result["songName"], result["artistName"])
						print "[add_station.xml / CREATE] found song %s (flow)" % (label)
					else:
						label = str(result["artistName"])
						print "[add_station.xml / CREATE] found song %s (flow)" % (label)
					resultItem.SetLabel(str(label))
					resultItem.SetProperty("musicToken", str(result["musicToken"]))
					autoCompleteItems.push_back(resultItem)
				autoCompleteListUI.SetItems(autoCompleteItems)
				mc.ShowDialogNotification("Several matches found, please select from the list ", "pandora_small_icon.png")

			if (shouldPlay == True):
				#print "[add_station.xml / CREATE] new station created, play next track (flow)"
				play.play_next_track()

		except SystemMaintenanceException:
			mc.ShowDialogOk("Pandora", "Pandora is performing system maintenance[CR]Please try again later")
		except:
			print "[add_station.xml / CREATE] ERROR: exception when searching for label: %s (flow)" % (newLabel)
			mc.ActivateWindow(14000)

	ui.hide_wheel(14002)
except:
	print "Exception caught in creating new station, application will reset"
	ui.hide_wheel(14002)
	utils.reset_pandora_application()
]]></onclick>
					</control>
					</control>
				</control>
				<control type="group" id="5000">
					<posx>810</posx>
					<posy>0</posy>
					<width>440</width>
					<height>720</height>
					<control type="label">
						<posx>15</posx>
						<posy>45</posy>
						<width>410</width>
						<height>40</height>
						<font>font28</font>
						<align>center</align>
						<aligny>center</aligny>
						<label>Create a New Station</label>
						<textcolor>white</textcolor>
					</control>
					<control type="list" id="5010">
						<posx>40</posx>
						<posy>120</posy>
						<width>360</width>
						<height>560</height>
						<onleft>4000</onleft>
						<onright>-</onright>
						<onup>-</onup>
						<ondown>-</ondown>
						<onnext>4000</onnext>
						<onprev>4000</onprev>
						<scrolltime>200</scrolltime>
						<pagecontrol>-</pagecontrol>
						<orientation>vertical</orientation>
						<itemlayout width="360" height="40">
							<control type="image">
								<posx>0</posx>
								<posy>38</posy>
								<width>360</width>
								<height>2</height>
								<texture>black.png</texture>
								<colordiffuse>44FFFFFF</colordiffuse>
							</control>
							<control type="label">
								<posx>10</posx>
								<posy>0</posy>
								<width>340</width>
								<height>38</height>
								<font>font23</font>
								<align>left</align>
								<aligny>center</aligny>
								<label>$INFO[ListItem.Label]</label>
								<textcolor>white</textcolor>
								<selectedcolor>yellow</selectedcolor>
							</control>
						</itemlayout>
						<focusedlayout width="360" height="40">
							<control type="image">
								<visible>!Control.HasFocus(5010)</visible>
								<posx>0</posx>
								<posy>38</posy>
								<width>360</width>
								<height>2</height>
								<texture>black.png</texture>
								<colordiffuse>44FFFFFF</colordiffuse>
							</control>
							<control type="image">
								<visible>Control.HasFocus(5010)</visible>
								<posx>0</posx>
								<posy>0</posy>
								<width>360</width>
								<height>40</height>
								<texture>pandora_list_item_on.png</texture>
							</control>
							<control type="label">
								<visible>!Control.HasFocus(5010)</visible>
								<posx>10</posx>
								<posy>0</posy>
								<width>340</width>
								<height>38</height>
								<font>font23</font>
								<align>left</align>
								<aligny>center</aligny>
								<label>$INFO[ListItem.Label]</label>
								<textcolor>white</textcolor>
								<selectedcolor>yellow</selectedcolor>
							</control>
							<control type="label">
								<visible>Control.HasFocus(5010)</visible>
								<posx>10</posx>
								<posy>0</posy>
								<width>340</width>
								<height>38</height>
								<font>font23</font>
								<align>left</align>
								<aligny>center</aligny>
								<label>$INFO[ListItem.Label]</label>
								<textcolor>black</textcolor>
								<selectedcolor>black</selectedcolor>
								<scroll>true</scroll>
							</control>
						</focusedlayout>
						<content type="action">
						<onclick lang="python"><![CDATA[
from pandora import Pandora
from pandora import PandoraResult
import play
print "***************************************************************"
print "In main.xml"
print "***************************************************************"
try:
	#print "[auto complete list/onclick]  Create new station from autocomplete list (flow)"

	ui.show_wheel(14002)

	token = ui.get_selected_station_token()

	shouldPlay = False

	pandoraServer = pandora.get_server()
	result = pandoraServer.create_new_station_from_token(token)
	if (result.isOK()):
		shouldPlay = True
                mc.GetApp().GetLocalConfig().SetValue(str(pandoraServer.get_current_username()), str(pandoraServer._station["stationToken"]))
	else:
		if (result.code == 1005):
			mc.ShowDialogOk("Pandora", "You have reached the maximum amount of stations.")
		elif (result.code == 1000):
			mc.ShowDialogOk("Pandora", "Pandora is performing system maintenance[CR]Please try again later")
		elif (result.code == -7):
			print "[auto complete list/onclick] station already playing (flow)"
			mc.CloseWindow()
		else:
			mc.ShowDialogOk("Pandora", "Could not add station.")
		ui.hide_wheel(14002)

	if (shouldPlay == True):
		print "[auto complete list/onclick] playing next track (flow)"
		print "---------------------------------------------About to play next----------------------------------------"
		play.play_next_track()
		ui.hide_wheel(14002)
		mc.CloseWindow()

except:
	print "Exception caught in autocomplete list, application will reset"
	ui.hide_wheel(14002)
	utils.reset_pandora_application()
]]></onclick>
						</content>
					</control>
					<control type="image">
						<visible>Container(5010).HasPrevious</visible>
						<posx>205</posx>
						<posy>90</posy>
						<width>30</width>
						<height>30</height>
						<texture>scroll_up_white.png</texture>
						<colordiffuse>88FFFFFF</colordiffuse>
					</control>
					<control type="image">
						<visible>Container(5010).HasNext</visible>
						<posx>205</posx>
						<posy>680</posy>
						<width>30</width>
						<height>30</height>
						<texture>scroll_down_white.png</texture>
						<colordiffuse>88FFFFFF</colordiffuse>
					</control>
				</control>
			</control>
			<control type="multiimage" id="3000">
				<visible>false</visible>
				<animation effect="fade" time="200">VisibleChange</animation>
				<posx>538</posx>
				<posy>306</posy>
				<width>200</width>
				<height>200</height>
				<imagepath>loading</imagepath>
				<timeperimage>80</timeperimage>
				<fadetime>10</fadetime>
				<pauseatend>0</pauseatend>
				<randomize>false</randomize>
				<loop>yes</loop>
				<aspectratio>keep</aspectratio>
			</control>
		</control>
	</controls>
</window>
