<?xml version="1.0"?>
<window type="window" id="14003">
	<defaultcontrol always="true">9004</defaultcontrol>
	<allowoverlay>no</allowoverlay>
	<onload lang="python"><![CDATA[
pandoraServer = pandora.get_server()
pandoraServer._fromLogin = True
]]></onload>
	<controls>
		<control type="videowindow">
			<posx>0</posx>
			<posy>0</posy>
			<width>1280</width>
			<height>720</height>
			<visible>Player.HasVideo</visible>
		</control>
		<control type="visualisation">
			<posx>0</posx>
			<posy>0</posy>
			<width>1280</width>
			<height>720</height>
			<visible>Player.HasAudio</visible>
		</control>
		<control type="group">
			<control type="image">
				<visible>!Player.HasMedia</visible>
				<posx>0</posx>
				<posy>0</posy>
				<width>1280</width>
				<height>720</height>
				<texture>pandora_background.png</texture>
			</control>
			<control type="image">
				<visible>Player.HasMedia</visible>
				<posx>0</posx>
				<posy>0</posy>
				<width>1280</width>
				<height>720</height>
				<texture>pandora_background.png</texture>
				<colordiffuse>88FFFFFF</colordiffuse>
			</control>
			<control type="image">
				<posx>40</posx>
				<posy>80</posy>
				<width>243</width>
				<height>61</height>
				<texture>pandora_logo.png</texture>
			</control>
			<control type="group">
				<include>Window_Fade_Animation</include>
				<animation type="Conditional" condition="Window.IsVisible(DialogProgress.xml) | Control.IsVisible(3000)">
					<effect type="fade" start="100" end="20" time="200"/>
				</animation>
				<control type="image">
					<posx>0</posx>
					<posy>586</posy>
					<width>1280</width>
					<height>134</height>
					<texture>pandora_bottom_feather.png</texture>
				</control>
				<control type="group">
					<posx>670</posx>
					<posy>0</posy>
					<control type="image">
						<posx>0</posx>
						<posy>0</posy>
						<width>580</width>
						<height>720</height>
						<texture>pandora_login_area.png</texture>
					</control>
					<control type="label">
						<posx>40</posx>
						<posy>150</posy>
						<width>500</width>
						<height>100</height>
						<font>font28</font>
						<align>left</align>
						<aligny>top</aligny>
						<label>It's a new kind of radio -[CR] stations that play only music you like</label>
						<textcolor>white</textcolor>
						<wrapmultiline>true</wrapmultiline>
					</control>
					<control type="button" id="9004">
						<animation effect="zoom" end="108" center="auto" time="60" reversable="true">Focus</animation>
						<posx>200</posx>
						<posy>300</posy>
						<width>326</width>
						<height>42</height>
						<onleft>-</onleft>
						<onright>-</onright>
						<onup>-</onup>
						<ondown>-</ondown>
						<onprev>-</onprev>
						<onnext>-</onnext>
						<texturenofocus>pandora_login_textbox.png</texturenofocus>
						<texturefocus>pandora_login_textbox_on.png</texturefocus>
						<label>ACTIVATE PANDORA</label>
						<align>center</align>
						<aligny>center</aligny>
						<textcolor>white</textcolor>
						<focusedcolor>white</focusedcolor>
						<font>font23b</font>
						<onclick lang="python"><![CDATA[
from pandora import Pandora
ui.show_wheel(14003)
pandoraServer = pandora.get_server()
deviceId = mc.GetDeviceId()
print "Device Id = %s" % (deviceId)
result = pandoraServer.getDeviceAuthorizationToken(deviceId)

ui.hide_wheel(14003)
response = result.get_response()
if (not pandoraServer.response_ok(response)):
	config = mc.GetApp().GetLocalConfig()
	config.Reset("activationstate")
	message = "Could not get activation token, please try again"
	mc.ShowDialogOk("Pandora", str(message))
else:
	code = response['activationCode']
	url = response['activationUrl']
	print "Present activation dialog with url %s and code %s (flow)" % (url, code)
	message = "Please activate device by visiting[CR] %s [CR] Enter activation code: %s[CR]When done, click OK to login" % (url, code)
	mc.ShowDialogOk("Pandora", str(message))

	config = mc.GetApp().GetLocalConfig()
	config.SetValue("activated", "true")
	# Fix for BOXEE-9967
	pandoraServer.associateDevice(deviceId, result)
	# End fix
	pandoraServer._loginPerformed = True
	mc.ActivateWindow(14000)
]]></onclick>
			</control>
				</control>
			</control>
			<control type="multiimage" id="3000">
				<visible>false</visible> 
				<animation effect="fade" time="200">VisibleChange</animation>
				<posx>538</posx>
				<posy>306</posy>
				<width>200</width>
				<height>200</height>
				<imagepath>loading</imagepath>
				<timeperimage>80</timeperimage>
				<fadetime>10</fadetime>
				<pauseatend>0</pauseatend>
				<randomize>false</randomize>
				<loop>yes</loop>
				<aspectratio>keep</aspectratio>
			</control>
		</control>
	</controls>
</window>
