<?xml version="1.0"?>
<window type="window" id="14001">
	<defaultcontrol always="true">9001</defaultcontrol>
	<allowoverlay>no</allowoverlay>
	<onload lang="python"><![CDATA[
pandoraServer = pandora.get_server()
pandoraServer._fromLogin = True
]]></onload>
	<controls>
		<control type="videowindow">
			<posx>0</posx>
			<posy>0</posy>
			<width>1280</width>
			<height>720</height>
			<visible>Player.HasVideo</visible>
		</control>
		<control type="visualisation">
			<posx>0</posx>
			<posy>0</posy>
			<width>1280</width>
			<height>720</height>
			<visible>Player.HasAudio</visible>
		</control>
		<control type="group">
			<control type="image">
				<visible>!Player.HasMedia</visible>
				<posx>0</posx>
				<posy>0</posy>
				<width>1280</width>
				<height>720</height>
				<texture>pandora_background.png</texture>
			</control>
			<control type="image">
				<visible>Player.HasMedia</visible>
				<posx>0</posx>
				<posy>0</posy>
				<width>1280</width>
				<height>720</height>
				<texture>pandora_background.png</texture>
				<colordiffuse>88FFFFFF</colordiffuse>
			</control>
			<control type="image">
				<posx>40</posx>
				<posy>80</posy>
				<width>243</width>
				<height>61</height>
				<texture>pandora_logo.png</texture>
			</control>
			<control type="group">
				<include>Window_Fade_Animation</include>
				<animation type="Conditional" condition="Window.IsVisible(DialogProgress.xml) | Control.IsVisible(3000)">
					<effect type="fade" start="100" end="20" time="200"/>
				</animation>
				<control type="image">
					<posx>0</posx>
					<posy>586</posy>
					<width>1280</width>
					<height>134</height>
					<texture>pandora_bottom_feather.png</texture>
				</control>
				<control type="group">
					<posx>670</posx>
					<posy>0</posy>
					<control type="image">
						<posx>0</posx>
						<posy>0</posy>
						<width>580</width>
						<height>720</height>
						<texture>pandora_login_area.png</texture>
					</control>
					<control type="label">
						<posx>40</posx>
						<posy>150</posy>
						<width>500</width>
						<height>100</height>
						<font>font28</font>
						<align>left</align>
						<aligny>top</aligny>
						<label>It's a new kind of radio -[CR] stations that play only music you like</label>
						<textcolor>white</textcolor>
						<wrapmultiline>true</wrapmultiline>
					</control>
					<control type="label">
						<posx>30</posx>
						<posy>650</posy>
						<width>520</width>
						<height>80</height>
						<font>font23</font>
						<align>center</align>
						<aligny>top</aligny>
						<label>To create a new Pandora account, please visit www.pandora.com[CR] www.pandora.com</label>
						<textcolor>grey</textcolor>
						<wrapmultiline>true</wrapmultiline>
					</control>
					<control type="label"id="9011">
						<posx>45</posx>
						<posy>300</posy>
						<width>150</width>
						<height>46</height>
						<font>font23</font>
						<align>left</align>
						<aligny>center</aligny>
						<label>Email:</label>
						<textcolor>white</textcolor>
					</control>
					<control type="edit" id="9001">
						<posx>200</posx>
						<posy>300</posy>
						<width>326</width>
						<height>46</height>
						<onleft>-</onleft>
						<onright>-</onright>
						<onup>-</onup>
						<ondown>9002</ondown>
						<onprev>9003</onprev>
						<onnext>9002</onnext>
						<label>-</label>
						<textoffsetx>8</textoffsetx>
						<align>left</align>
						<aligny>center</aligny>
						<texturenofocus>pandora_login_textbox.png</texturenofocus>
						<texturefocus>pandora_login_textbox_on.png</texturefocus>
						<font>font28</font>
						<textcolor>white</textcolor>
						<focusedcolor>white</focusedcolor>
						<onclick>-</onclick>
						</control>
					<control type="label"id="9012">
						<posx>45</posx>
						<posy>365</posy>
						<width>150</width>
						<height>46</height>
						<font>font23</font>
						<align>left</align>
						<aligny>center</aligny>
						<label>Password:</label>
						<textcolor>white</textcolor>
					</control>
					<control type="edit" id="9002">
						<password>true</password>
						<posx>200</posx>
						<posy>365</posy>
						<width>326</width>
						<height>46</height>
						<onleft>-</onleft>
						<onright>-</onright>
						<onup>9001</onup>
						<ondown>9003</ondown>
						<onprev>9001</onprev>
						<onnext>9003</onnext>
						<label>-</label>
						<textoffsetx>8</textoffsetx>
						<align>left</align>
						<aligny>center</aligny>
						<texturenofocus>pandora_login_textbox.png</texturenofocus>
						<texturefocus>pandora_login_textbox_on.png</texturefocus>
						<font>font28</font>
						<textcolor>white</textcolor>
						<focusedcolor>white</focusedcolor>
						<onclick>-</onclick>
						</control>
					<control type="button" id="9003">
						<animation effect="zoom" end="108" center="auto" time="60" reversable="true">Focus</animation>
						<posx>400</posx>
						<posy>430</posy>
						<width>126</width>
						<height>42</height>
						<onleft>-</onleft>
						<onright>-</onright>
						<onup>9002</onup>
						<ondown>-</ondown>
						<onprev>9002</onprev>
						<onnext>9001</onnext>
						<texturenofocus>pandora_keyboard_big_button.png</texturenofocus>
						<texturefocus>pandora_keyboard_big_button_on.png</texturefocus>
						<label>LOGIN</label>
						<align>center</align>
						<aligny>center</aligny>
						<textcolor>darkgrey</textcolor>
						<focusedcolor>darkgrey</focusedcolor>
						<font>font23b</font>
						<onclick lang="python"><![CDATA[
from pandora import Pandora
config = mc.GetApp().GetLocalConfig()
config.SetValue( "username", mc.GetActiveWindow().GetEdit(9001).GetText() )
config.SetValue( "password", mc.GetActiveWindow().GetEdit(9002).GetText() )

pandoraServer = pandora.get_server()
pandoraServer._loginPerformed = True
mc.ActivateWindow(14000)
]]></onclick>
					</control>
				</control>
			</control>
			<control type="multiimage" id="3000">
				<visible>false</visible> 
				<animation effect="fade" time="200">VisibleChange</animation>
				<posx>538</posx>
				<posy>306</posy>
				<width>200</width>
				<height>200</height>
				<imagepath>loading</imagepath>
				<timeperimage>80</timeperimage>
				<fadetime>10</fadetime>
				<pauseatend>0</pauseatend>
				<randomize>false</randomize>
				<loop>yes</loop>
				<aspectratio>keep</aspectratio>
			</control>
		</control>
	</controls>
</window>
