<?xml version="1.0"?>
<window type="window" id="14000">
	<defaultcontrol always="true">9001</defaultcontrol>
	<allowoverlay>no</allowoverlay>
	<onload lang="python"><![CDATA[

mc.ShowDialogWait()
def pandora_onload():
	try:
		embedded = mc.IsEmbedded()
		mc.LogDebug("Client is an embedded device.  Using deviceID login.")
	except:
		embedded = False
		mc.LogDebug("Client is not an embedded device.  Using basic authentication.")

	print "DEBUG: Loading Pandora screen... (flow)"
	pandoraServer = pandora.get_server()

	if (pandoraServer._fromLogin == True and pandoraServer._loginPerformed == False):
		pandoraServer._fromLogin = False
		#print "DEBUG: In login, closing the window (flow)"
		mc.CloseWindow()
		return

	status = pandoraServer.get_status()
	print "DEBUG: ###  Pandora status is: ", status

	if (status == PandoraStatus.OFFLINE or status == PandoraStatus.LOGGEDOUT):
		print "[login] in status offline (flow)"
		config = mc.GetApp().GetLocalConfig()

		loginResult = None
		while(loginResult == None or not loginResult.isOK()):

			if (embedded == True):
				#embedded document
				activated = config.GetValue("activated")
				if (activated != "true"):
					print "[login] device not activated (flow)"
					pandoraServer._loginPerformed = False
					mc.ActivateWindow(14003)
					return

				#check if there is a boxee accound associated with device
				associated = config.GetValue("associated")

				# Added activated conditional as fix for BOXEE-9967
				if (associated == "false" and activated != "true"):
					username = config.GetValue( "username" )
					password = config.GetValue( "password" )

					if (username is None or username == ""):
						print "[login] username is empty (flow)"
						pandoraServer._loginPerformed = False
						mc.ActivateWindow(14001)
						return

					loginResult = pandoraServer.login(username, password)
				else:
					deviceId = mc.GetDeviceId()
					print "%%%%%%%%%%%%%%%%%%%%%%%%%%%%%%%%%%%%%%%%%%%%%%% " + str(deviceId)
					loginResult = pandoraServer.loginWithDeviceId(deviceId)

			else:
				#pc client
				print "Trying to login..............."
				username = config.GetValue( "username" )
				password = config.GetValue( "password" )

				if (username is None or username == ""):
					print "[login] username is empty (flow)"
					pandoraServer._loginPerformed = False
					mc.ActivateWindow(14001)
					return

				print "[login] login to pandora (flow)"
				loginResult = pandoraServer.login(username, password)

			if (not loginResult.isOK()):
				pandoraServer._loginPerformed = False
				config.Reset("loggedin")
				print "[login] login failed: code = %d (flow)" % loginResult.code
				if (loginResult.code == 1003):
					mc.ShowDialogOk("Pandora", "Sorry, this account is no longer active. [CR]Please contact Pandora listener support at[CR]pandora-support@pandora.com")
					mc.GetWindow(14000).PopState()
					if embedded:
						mc.ActivateWindow(14003)
					else:
						mc.ActivateWindow(14001)
					return
				elif (loginResult.code == 12):
					mc.ShowDialogOk("Pandora", "You can not access Pandora from this location")
					return
				elif (loginResult.code == 1009):
					mc.ShowDialogOk("Pandora", "Device not activated.[CR]Please activate device and try again")
					config.Reset("activated")
					mc.ActivateWindow(14003)
					return
				else:
					mc.ShowDialogOk("Pandora", "Login failed...[CR]Please try again.")

				config.Reset("username")
				config.Reset("password")
				mc.ActivateWindow(14001)
				return

		#login was successful
		config.SetValue("loggedin", "true")

	if (pandoraServer.has_stations() == False):
		mc.LogDebug("No stations loaded - retrieving list. (flow)")
		pandoraServer.get_station_list()
		if (pandoraServer.has_stations() == False):
			print "No stations, activate create station screen (flow)"
			if (pandoraServer._fromStationsWindow == False):
				mc.ActivateWindow(14002)
			else:
				pandoraServer._fromStationsWindow = False
				mc.CloseWindow()
			return

	stationToken = mc.GetApp().GetLocalConfig().GetValue(str(pandoraServer.get_current_username()))
	if (stationToken == ""):
		print "Last station token is empty (flow)"
		pandoraServer.set_random_station()
	else:
		print "Select last station from token: %s (flow)" % stationToken
		res = pandoraServer.set_station_from_token(stationToken)
		if (not res):
			mc.LogDebug("Setting random station (flow)...")
			pandoraServer.set_random_station()

	#print "populate station list (flow)"
	utils.update_station_list()

	# check if currently playing item is from pandora
	currentlyPlaying = utils.get_player().GetPlayingItem()
	if (currentlyPlaying is not None):
		isPandora = currentlyPlaying.GetProperty("isPandora")
		if (isPandora != "1"):
			# this is not a pandora item, stop playback and clear playlist
			utils.get_player().Stop()
			mc_playlist = mc.PlayList(mc.PlayList.PLAYLIST_MUSIC)
			mc_playlist.Clear()
			pandoraServer.playback_stopped()

	if (status != PandoraStatus.PLAYING):
		try:
			play.play_next_track()
		except PlaybackException, e:
			mc.ShowDialogOk("Pandora", "Could not start playing[CR]Check network connection or try again later.")
			#ui.show_station_list()
			return


	play.update_track_list()

import pandora
import utils
import play
import ui
from pandora import Pandora
from pandora import PandoraStatus
from pandora import PlaybackException

try:
	pandora_onload()
except:
	print "Exception caught in pandora_onload, application will reset"
	ui.hide_wheel(14000)
	utils.reset_pandora_application()

mc.HideDialogWait()
]]></onload>
<onunload lang="python"><![CDATA[
import utils

if (utils.get_player().GetLastPlayerAction() == mc.Player.XAPP_PLAYER_ACTION_STOP):
	utils.get_player().LockPlayerAction(mc.Player.XAPP_PLAYER_ACTION_NONE)

]]></onunload>
  	<controls>
		<control type="videowindow">
			<posx>0</posx>
			<posy>0</posy>
			<width>1280</width>
			<height>720</height>
			<visible>Player.HasVideo</visible>
		</control>
		<control type="visualisation">
			<posx>0</posx>
			<posy>0</posy>
			<width>1280</width>
			<height>720</height>
			<visible>Player.HasAudio</visible>
		</control>
		<control type="group">
			<control type="image">
				<visible>!Player.HasMedia</visible>
				<posx>0</posx>
				<posy>0</posy>
				<width>1280</width>
				<height>720</height>
				<texture>pandora_background.png</texture>
			</control>
			<control type="image">
				<visible>Player.HasMedia</visible>
				<posx>0</posx>
				<posy>0</posy>
				<width>1280</width>
				<height>720</height>
				<texture>pandora_background.png</texture>
				<colordiffuse>88FFFFFF</colordiffuse>
			</control>
			<control type="image">
				<posx>40</posx>
				<posy>80</posy>
				<width>243</width>
				<height>61</height>
				<texture>pandora_logo.png</texture>
			</control>
			<control type="group">
				<include>Window_Fade_Animation</include>
				<animation type="Conditional" condition="Window.IsVisible(DialogProgress.xml) | Control.IsVisible(3000)">
					<effect type="fade" start="100" end="20" time="200"/>
				</animation>
				<control type="fixedlist" id="100">
					<posx>0</posx>
					<posy>200</posy>

					/op

					<width>810</width>
					<height>520</height>
					<onleft>-</onleft>
					<onright>-</onright>
					<onup>-</onup>
					<ondown>-</ondown>
					<scrolltime>200</scrolltime>
					<pagecontrol>60</pagecontrol>
					<orientation>horizontal</orientation>
					<focusposition>3</focusposition>
					<pinposition>true</pinposition>
					<preloaditems>4</preloaditems>
					<itemlayout width="270" height="520">
						<control type="image">
							<posx>270</posx>
							<posy>0</posy>
							<width>4</width>
							<height>383</height>
							<texture>pandora_frame_line_divider.png</texture>
							<colordiffuse>AAFFFFFF</colordiffuse>
						</control>
						<control type="image">
							<posx>57</posx>
							<posy>220</posy>
							<width>160</width>
							<height>160</height>
							<texture>$INFO[ListItem.Icon]</texture>
							<aspectratio>scale</aspectratio>
							<colordiffuse>88FFFFFF</colordiffuse>
						</control>
						<control type="image">
							<posx>57</posx>
							<posy>382</posy>
							<width>160</width>
							<height>160</height>
							<texture flipy="true">$INFO[ListItem.Icon]</texture>
							<aspectratio>scale</aspectratio>
							<colordiffuse>88FFFFFF</colordiffuse>
						</control>
						<control type="label">
							<visible>!ListItem.property(custom:isad) + !IsEmpty(ListItem.Artist) + !IsEmpty(ListItem.Album)</visible>
							<posx>32</posx>
							<posy>50</posy>
							<width>210</width>
							<height>150</height>
							<font>font23</font>
							<align>left</align>
							<aligny>top</aligny>
							<label>$INFO[ListItem.Label][CR][COLOR grey]By[/COLOR] $INFO[ListItem.Artist][CR][COLOR grey]On[/COLOR] $INFO[ListItem.Album]</label>
							<textcolor>88FFFFFF</textcolor>
							<selectedcolor>88FFFFFF</selectedcolor>
							<wrapmultiline>true</wrapmultiline>
						</control>
						<control type="label">
							<visible>ListItem.property(custom:isad)</visible>
							<posx>32</posx>
							<posy>50</posy>
							<width>210</width>
							<height>150</height>
							<font>font23</font>
							<align>left</align>
							<aligny>top</aligny>
							<label>$INFO[ListItem.Label][CR]$INFO[ListItem.Genre]</label>
							<textcolor>88FFFFFF</textcolor>
							<selectedcolor>88FFFFFF</selectedcolor>
							<wrapmultiline>true</wrapmultiline>
						</control>
						<control type="label">
							<visible>!ListItem.property(custom:isad) + IsEmpty(ListItem.Artist) | IsEmpty(ListItem.Album)</visible>
							<posx>32</posx>
							<posy>50</posy>
							<width>210</width>
							<height>150</height>
							<font>font23</font>
							<align>left</align>
							<aligny>top</aligny>
							<label>$INFO[ListItem.Label]</label>
							<textcolor>88FFFFFF</textcolor>
							<selectedcolor>88FFFFFF</selectedcolor>
							<wrapmultiline>true</wrapmultiline>
						</control>
					</itemlayout>
					<focusedlayout width="270" height="520">
						<control type="image">
							<posx>57</posx>
							<posy>220</posy>
							<width>160</width>
							<height>160</height>
							<texture>$INFO[ListItem.Icon]</texture>
							<aspectratio>scale</aspectratio>
							<colordiffuse>88FFFFFF</colordiffuse>
						</control>
						<control type="image">
							<posx>57</posx>
							<posy>382</posy>
							<width>160</width>
							<height>160</height>
							<texture flipy="true">$INFO[ListItem.Icon]</texture>
							<aspectratio>scale</aspectratio>
							<colordiffuse>88FFFFFF</colordiffuse>
						</control>
						<control type="label">
							<visible>!ListItem.property(custom:isad) + !IsEmpty(ListItem.Artist) + !IsEmpty(ListItem.Album)</visible>
							<posx>32</posx>
							<posy>50</posy>
							<width>210</width>
							<height>150</height>
							<font>font23</font>
							<align>left</align>
							<aligny>top</aligny>
							<label>$INFO[ListItem.Label][CR][COLOR grey]By[/COLOR] $INFO[ListItem.Artist][CR][COLOR grey]On[/COLOR] $INFO[ListItem.Album]</label>
							<textcolor>88FFFFFF</textcolor>
							<selectedcolor>88FFFFFF</selectedcolor>
							<wrapmultiline>true</wrapmultiline>
						</control>
						<control type="label">
							<visible>ListItem.property(custom:isad)</visible>
							<posx>32</posx>
							<posy>50</posy>
							<width>210</width>
							<height>150</height>
							<font>font23</font>
							<align>left</align>
							<aligny>top</aligny>
							<label>$INFO[ListItem.Label][CR]$INFO[ListItem.Genre]</label>
							<textcolor>88FFFFFF</textcolor>
							<selectedcolor>88FFFFFF</selectedcolor>
							<wrapmultiline>true</wrapmultiline>
						</control>
						<control type="label">
							<visible>!ListItem.property(custom:isad) + IsEmpty(ListItem.Artist) | IsEmpty(ListItem.Album)</visible>
							<posx>32</posx>
							<posy>50</posy>
							<width>210</width>
							<height>150</height>
							<font>font23</font>
							<align>left</align>
							<aligny>top</aligny>
							<label>$INFO[ListItem.Label]</label>
							<textcolor>88FFFFFF</textcolor>
							<selectedcolor>88FFFFFF</selectedcolor>
							<wrapmultiline>true</wrapmultiline>
						</control>
					</focusedlayout>
				</control>
				<control type="button" id="101">
					<posx>0</posx>
					<posy>0</posy>
					<width>810</width>
					<height>720</height>
					<onleft>8000</onleft>
					<onright>8000</onright>
					<onup>8000</onup>
					<ondown>8000</ondown>
					<label>-</label>
					<texturenofocus>-</texturenofocus>
					<texturefocus>-</texturefocus>
					<onclick>-</onclick>
				</control>
				<control type="image">
					<posx>0</posx>
					<posy>586</posy>
					<width>1280</width>
					<height>134</height>
					<texture>pandora_bottom_feather.png</texture>
				</control>
				<control type="image">
					<posx>797</posx>
					<posy>0</posy>
					<width>465</width>
					<height>720</height>
					<texture>pandora_active_area.png</texture>
				</control>
				<control type="label" id="110">
					<posx>825</posx>
					<posy>45</posy>
					<width>410</width>
					<height>40</height>
					<font>font28</font>
					<align>center</align>
					<aligny>center</aligny>
					<textcolor>white</textcolor>
                                        <label>$INFO[App.String(stationlabel)]</label>
				</control>
				<control type="group" id="9100">
					<posx>830</posx>
					<posy>32</posy>
					<control type="image">
						<visible>!Player.Muted</visible>
						<animation effect="fade" start="0" end="100" time="200">VisibleChange</animation>
						<posx>0</posx>
						<posy>0</posy>
						<width>22</width>
						<height>18</height>
						<texture>pandora_volume_icon.png</texture>
					</control>
					<control type="image">
						<visible>Player.Muted</visible>
						<animation effect="fade" start="0" end="100" time="200">VisibleChange</animation>
						<posx>0</posx>
						<posy>0</posy>
						<width>22</width>
						<height>18</height>
						<texture>pandora_volume_muted_icon.png</texture>
					</control>
					<control type="button" id="9101">
						<posx>22</posx>
						<posy>0</posy>
						<width>22</width>
						<height>18</height>
						<onleft>-</onleft>
						<onright>9102</onright>
						<onup>-</onup>
						<ondown>9000</ondown>
						<label>-</label>
						<texturenofocus>pandora_volume_down.png</texturenofocus>
						<texturefocus>pandora_volume_down_on.png</texturefocus>
						<onclick lang="python"><![CDATA[
volume = int( utils.get_player().GetVolume() )
volume = volume - 5
utils.get_player().SetVolume( volume )
]]></onclick>
					</control>
					<control type="button" id="9102">
						<enable>!Window.IsVisible(DialogProgress.xml)</enable>
						<posx>44</posx>
						<posy>0</posy>
						<width>22</width>
						<height>18</height>
						<onleft>9101</onleft>
						<onright>9103</onright>
						<onup>-</onup>
						<ondown>9000</ondown>
						<label>-</label>
						<texturenofocus>pandora_volume_up.png</texturenofocus>
						<texturefocus>pandora_volume_up_on.png</texturefocus>
						<onclick lang="python"><![CDATA[
volume = utils.get_player().GetVolume()
volume = volume + 5
if volume > 100:
    utils.get_player().SetVolume( 100 )
else:
    utils.get_player().SetVolume( volume )
]]></onclick>
					</control>
					<control type="togglebutton" id="9103">
						<enable>!Window.IsVisible(DialogProgress.xml)</enable>
						<posx>320</posx>
						<posy>0</posy>
						<width>80</width>
						<height>20</height>
						<onleft>9102</onleft>
						<onright>-</onright>
						<onup>-</onup>
						<ondown>9000</ondown>
						<label>Login</label>
						<altlabel>Signout</altlabel>
						<textcolor>grey</textcolor>
						<focusedcolor>FFFF9900</focusedcolor>
						<align>center</align>
						<aligny>center</aligny>
						<texturenofocus>-</texturenofocus>
						<texturefocus>pandora_login_button_on.png</texturefocus>
						<alttexturefocus>pandora_login_button_on.png</alttexturefocus>
						<alttexturenofocus>-</alttexturenofocus>
						<usealttexture>!IsEmpty(app.String(loggedin))</usealttexture>
						<font>font17</font>
						<onclick lang="python"><![CDATA[
from pandora import Pandora
pandoraServer = pandora.get_server()
config = mc.GetApp().GetLocalConfig()
username = config.GetValue("username")

try:
	embedded = mc.IsEmbedded()
	mc.LogDebug("Client is an embedded device.  Setting embedded bit to True.")
except:
	embedded = False
	mc.LogDebug("Client is not an embedded device.  Setting embedded bit to False.")

if embedded:
	deviceId = mc.GetDeviceId()
signoutString = "Would you like to sign out " + username + " ?"
def signout():
	if (embedded == True):
		result = pandoraServer.disassociateDevice(deviceId)
		code = result.get_code()
		if (code == 1000 or code == 1):
			mc.ShowDialogOk("Pandora", "Pandora is performing system maintenance[CR]Please try again later")
			return
	mc_player = utils.get_player()
	mc_player.Stop()
	pandoraServer.reset()
	print "[signout] clear ui (flow)"
	ui.clear_ui()
	config.Reset("username")
	config.Reset("password")
	config.Reset("loggedin")
	if (embedded == True):
		mc.ActivateWindow(14003)
	else:
		mc.ActivateWindow(14001)
if mc.ShowDialogConfirm("Pandora", signoutString, "No", "Yes"):
	signout()
]]></onclick>
					</control>
				</control>
				<control type="group" id="9000">
					<posx>870</posx>
					<posy>100</posy>
					<width>400</width>
					<height>40</height>
					<control type="togglebutton" id="9001">
						<enable>!Window.IsVisible(DialogProgress.xml)</enable>
						<posx>0</posx>
						<posy>0</posy>
						<width>64</width>
						<height>40</height>
						<onleft>-</onleft>
						<onright>9002</onright>
						<onup>9100</onup>
						<ondown>8001</ondown>
						<label>-</label>
						<texturenofocus>pandora_play_button.png</texturenofocus>
						<texturefocus>pandora_play_button_on.png</texturefocus>
						<alttexturenofocus>pandora_pause_button.png</alttexturenofocus>
						<alttexturefocus>pandora_pause_button_on.png</alttexturefocus>
						<usealttexture>Player.Playing</usealttexture>
						<font>font23</font>
<onclick lang="python"><![CDATA[
import os.path
sys.path.append('u:\\apps\\pandora\\')
import pandora
import utils
import play
from pandora import Pandora
from pandora import PandoraStatus
pandoraServer = pandora.get_server()
pandoraServer.activity_timeout_reset()
try:
	if utils.get_player().IsPlaying():
		utils.get_player().Pause()
	elif utils.get_player().IsPaused():
		utils.get_player().Play()
	else:

		status = pandoraServer.update_status()
		if (status != PandoraStatus.PLAYING):
			play.play_next_track()
			play.update_track_list()
except:
	print "Exception caught in play button on_click, application will reset"
	utils.reset_pandora_application()
]]></onclick>
						<!--altclick>xbmc.PlayerControl(Play)</altclick-->
					</control>
					<control type="image">
						<visible>!Control.IsEnabled(9001)</visible>
						<posx>0</posx>
						<posy>0</posy>
						<width>64</width>
						<height>40</height>
						<texture>pandora_play_button_disabled.png</texture>
					</control>
					<control type="button" id="9002">
						<enable>Player.Playing + !Container(100).ListItem.property(custom:isad) + !Window.IsVisible(DialogProgress.xml)</enable>
						<posx>64</posx>
						<posy>0</posy>
						<width>64</width>
						<height>40</height>
						<onleft>9001</onleft>
						<onright>9003</onright>
						<onup>9100</onup>
						<ondown>8001</ondown>
						<label>-</label>
						<texturenofocus>pandora_next_button.png</texturenofocus>
						<texturefocus>pandora_next_button_on.png</texturefocus>
						<font>font23</font>
						<onclick lang="python"><![CDATA[
from pandora import Pandora
import play
import utils
print "[play next button/onclick]  Play next track (flow)"
pandoraServer = pandora.get_server()
pandoraServer.activity_timeout_reset()
utils.get_player().SetLastPlayerAction(mc.Player.XAPP_PLAYER_ACTION_NEXT)

if (pandoraServer.is_skip_allowed() == True):
	pandoraServer.reset_played_timestamp()
	utils.get_player().PlayNext()
else:
	mc.ShowDialogOk("Pandora", "No skips remaining.[CR]You may only skip 6 times per hour[CR]on each station.")
]]></onclick>
					</control>
					<control type="image">
						<visible>!Control.IsEnabled(9002)</visible>
						<posx>64</posx>
						<posy>0</posy>
						<width>64</width>
						<height>40</height>
						<texture>pandora_next_button_disabled.png</texture>
					</control>
					<control type="button" id="9003">
						<enable>Player.Playing + !Container(100).ListItem.property(custom:isad) + !Window.IsVisible(DialogProgress.xml)</enable>
						<posx>128</posx>
						<posy>0</posy>
						<width>64</width>
						<height>40</height>
						<onleft>9002</onleft>
						<onright>9004</onright>
						<onup>9100</onup>
						<ondown>8001</ondown>
						<label>-</label>
						<texturenofocus>pandora_info_button.png</texturenofocus>
						<texturefocus>pandora_info_button_on.png</texturefocus>
						<font>font23</font>
						<onclick lang="python"><![CDATA[
items = mc.GetActiveWindow().GetList(100).GetItems()
n = mc.GetActiveWindow().GetList(100).GetFocusedItem()

from pandora import Pandora
import play
import utils
print "[explain track button/onclick]  Get explanation for current track (flow)"

pandoraServer = pandora.get_server()
explanation = pandoraServer.explain_playing(items[n])
if (explanation is not None):
	utils.set_explanation_label(explanation)
	window = mc.GetWindow(14000)
	window.PushState()
	window.GetControl(6001).SetVisible(True)
	window.GetControl(6001).SetFocus()
else:
	print "Explanation!!!!!!!!!!!!!!!!!!!!!!!!!!!!!!!!!!!"
	print explanation
	mc.ShowDialogOk("Pandora", "A temporary error was encountered retrieving this track information.[CR]Please try again.")
]]></onclick>
					</control>
					<control type="image">
						<visible>!Control.IsEnabled(9003)</visible>
						<posx>128</posx>
						<posy>0</posy>
						<width>64</width>
						<height>40</height>
						<texture>pandora_info_button_disabled.png</texture>
					</control>
					<control type="button" id="9004">
						<enable>Player.Playing + !Container(100).ListItem.property(custom:thumbdown) + !Container(100).ListItem.property(custom:isad) + !Container(100).ListItem.property(custom:isshared) + Container(100).ListItem.property(custom:allowFeedback) + !Window.IsVisible(DialogProgress.xml)</enable>
						<posx>192</posx>
						<posy>0</posy>
						<width>64</width>
						<height>40</height>
						<onleft>9003</onleft>
						<onright>9005</onright>
						<ondown>8001</ondown>
						<onup>9100</onup>
						<texturenofocus>pandora_thumb_down_button.png</texturenofocus>
						<texturefocus>pandora_thumb_down_button_on.png</texturefocus>
						<font>font23</font>
						<onclick lang="python"><![CDATA[
from pandora import Pandora
import play
import utils

pandoraServer = pandora.get_server()

window = mc.GetActiveWindow()
list = window.GetList(100)
listItems = list.GetItems()
focusedItemIndex = list.GetFocusedItem()
focusedItem = listItems[focusedItemIndex]
token = focusedItem.GetProperty("trackToken")

print "[vote down button/onclick]  I dont like this song (flow)"

result = pandoraServer.vote_thumbs_down_on_playing(token)

code = result.get_code()
print "[vote down button/onclick]  Voting result code %d (flow)" % (code)
if (code == 1000 or code == 1):
	mc.ShowDialogOk("Pandora", "Pandora is performing system maintenance[CR]Please try again later")
	mc.GetWindow(14000).PopState()
	mc.GetWindow(14000).GetControl(5210).SetVisible(False)
	mc.GetWindow(14000).GetControl(8002).SetFocus()
else:
	focusedItem.SetProperty("thumbdown", "1")
	focusedItem.SetProperty("thumbup", "0")

# if the voting is performed on currently playing song
# and skip is allowed, skip it

currentTrack = pandoraServer.get_current_track()
currentTrackToken = ""
if (currentTrack is not None):
	currentTrackToken = currentTrack["item"]["trackToken"]

if ((currentTrackToken == token) and (pandoraServer.is_skip_allowed() == True)):
	utils.get_player().PlayNext()
else:
	print "[vote down button/onclick] current track not equal to foused track, or skip limit reached, do not skip (flow)"
]]></onclick>
					</control>
					<control type="image">
						<visible>!Control.IsEnabled(9004)</visible>
						<posx>192</posx>
						<posy>0</posy>
						<width>64</width>
						<height>40</height>
						<texture>pandora_thumb_down_button_disabled.png</texture>
					</control>
					<control type="button" id="9005">
						<enable>Player.Playing + !Container(100).ListItem.property(custom:thumbup) + !Container(100).ListItem.property(custom:isad) + !Container(100).ListItem.property(custom:isshared) + Container(100).ListItem.property(custom:allowFeedback) + !Window.IsVisible(DialogProgress.xml)</enable>
						<posx>256</posx>
						<posy>0</posy>
						<width>64</width>
						<height>40</height>
						<onleft>9004</onleft>
						<onright>-</onright>
						<ondown>8001</ondown>
						<onup>9100</onup>
						<texturenofocus>pandora_thumb_up_button.png</texturenofocus>
						<texturefocus>pandora_thumb_up_button_on.png</texturefocus>
						<font>font23</font>
						<onclick lang="python"><![CDATA[
from pandora import Pandora
import play

pandoraServer = pandora.get_server()

window = mc.GetActiveWindow()
list = window.GetList(100)
listItems = list.GetItems()
focusedItemIndex = list.GetFocusedItem()
focusedItem = listItems[focusedItemIndex]
token = focusedItem.GetProperty("trackToken")

print "[vote up button/onclick]  I like this song! %s (flow)" % (str(focusedItem.GetLabel()))

result = pandoraServer.vote_thumbs_up_on_playing(token)
code = result.get_code()
print "[vote up button/onclick]  Voting result code %d (flow)" % (code)
if (code == 1000 or code == 1):
	mc.ShowDialogOk("Pandora", "Pandora is performing system maintenance[CR]Please try again later")
	mc.GetWindow(14000).PopState()
	mc.GetWindow(14000).GetControl(5210).SetVisible(False)
	mc.GetWindow(14000).GetControl(8002).SetFocus()
else:
	focusedItem.SetProperty("thumbup", "1")
	focusedItem.SetProperty("thumbdown", "0")
]]></onclick>
					</control>
					<control type="image">
						<visible>!Control.IsEnabled(9005)</visible>
						<posx>256</posx>
						<posy>0</posy>
						<width>64</width>
						<height>40</height>
						<texture>pandora_thumb_up_button_disabled.png</texture>
					</control>
				</control>
				<control type="grouplist" id="8000">
					<visible>Control.IsVisible(100)</visible>
   					<visible>!Container(100).OnNext + !Container(100).OnPrevious</visible>
					<animation effect="fade" start="0" end="100" time="200" delay="100">Visible</animation>
					<posx>830</posx>
					<posy>200</posy>
					<width>415</width>
					<height>520</height>
					<itemgap>8</itemgap>
					<orientation>vertical</orientation>
					<usecontrolcoords>false</usecontrolcoords>
					<control type="group">
						<width>415</width>
						<height>70</height>
						<control type="button" id="8001">
							<enable>!Window.IsVisible(DialogProgress.xml)</enable>
							<posx>0</posx>
							<posy>4</posy>
							<width>400</width>
							<height>70</height>
							<onleft lang="python"><![CDATA[
window = mc.GetActiveWindow()
playlistControl = window.GetList( 100 )
n = playlistControl.GetFocusedItem()
items = playlistControl.GetItems()
items[n].Dump()
if n > 0:
    playlistControl.SetFocusedItem( n - 1 )
]]></onleft>
							<onright lang="python"><![CDATA[
window = mc.GetActiveWindow()
playlistControl = window.GetList( 100 )
items = playlistControl.GetItems()
n = playlistControl.GetFocusedItem()
if n < ( len( items ) - 1 ):
    playlistControl.SetFocusedItem( n + 1 )
]]></onright>
							<onup>9000</onup>
							<ondown>8002</ondown>
							<texturenofocus>-</texturenofocus>
							<texturefocus>pandora_button_on.png</texturefocus>
							<onclick lang="python"><![CDATA[
from pandora import Pandora
pandoraServer = pandora.get_server()

print "perform song operation (flow)"

window = mc.GetWindow(14000)
list = window.GetList(100)
listItems = list.GetItems()
focusedItemIndex = list.GetFocusedItem()
focusedItem = listItems[focusedItemIndex]
isad = focusedItem.GetProperty("isad")

# if currently playing item is an ad, do nothing
if (isad != "1"):
	window = mc.GetWindow(14000)
	window.PushState()
	window.GetControl(5110).SetVisible(True)
	window.GetControl(5110).SetFocus()
]]></onclick>
						</control>
						<control type="label">
							<visible>!Control.HasFocus(8001)</visible>
							<posx>20</posx>
							<posy>0</posy>
							<width>360</width>
							<height>70</height>
							<font>light28</font>
							<align>left</align>
							<aligny>top</aligny>
							<label>$INFO[Container(100).ListItem.Label]</label>
							<textcolor>white</textcolor>
							<wrapmultiline>true</wrapmultiline>
						</control>
						<control type="label">
							<visible>Control.HasFocus(8001)</visible>
							<posx>20</posx>
							<posy>0</posy>
							<width>360</width>
							<height>70</height>
							<font>light28</font>
							<align>left</align>
							<aligny>top</aligny>
							<label>$INFO[Container(100).ListItem.Label]</label>
							<textcolor>FFFF9900</textcolor>
							<wrapmultiline>true</wrapmultiline>
						</control>
					</control>
					<control type="group">
						<width>415</width>
						<height>60</height>
						<control type="button" id="8002">
							<visible>!Container(100).ListItem.property(custom:isad) + !IsEmpty(Container(100).ListItem.Artist) + !IsEmpty(Container(100).ListItem.Album) + !Window.IsVisible(DialogProgress.xml)</visible>
							<posx>0</posx>
							<posy>4</posy>
							<width>400</width>
							<height>70</height>
							<onleft lang="python"><![CDATA[
window = mc.GetWindow(14000)
playlistControl = window.GetList( 100 )
n = playlistControl.GetFocusedItem()
if n > 0:
    playlistControl.SetFocusedItem( n - 1 )
]]></onleft>
							<onright lang="python"><![CDATA[
window = mc.GetWindow(14000)
playlistControl = window.GetList( 100 )
items = playlistControl.GetItems()
n = playlistControl.GetFocusedItem()
if n < ( len( items ) - 1 ):
    playlistControl.SetFocusedItem( n + 1 )
]]></onright>
							<onup>8001</onup>
							<ondown>7101</ondown>
							<texturenofocus>-</texturenofocus>
							<texturefocus>pandora_button_on.png</texturefocus>
							<onclick lang="python"><![CDATA[
from pandora import Pandora
pandoraServer = pandora.get_server()

print "perform song operation (flow)"

# if currently playing item is an ad, do nothing
if (pandoraServer.is_ad_playing() == False):
	window = mc.GetWindow(14000)
	window.PushState()
	window.GetControl(5210).SetVisible(True)
	window.GetControl(5210).SetFocus()

]]></onclick>
						</control>
						<control type="label">
							<visible>!IsEmpty(Container(100).ListItem.Artist)</visible>
							<posx>20</posx>
							<posy>6</posy>
							<width>360</width>
							<height>90</height>
							<font>light23</font>
							<align>left</align>
							<aligny>top</aligny>
							<label>By</label>
							<textcolor>grey</textcolor>
							<wrapmultiline>true</wrapmultiline>
						</control>
						<control type="label">
							<visible>!IsEmpty(Container(100).ListItem.Album)</visible>
							<posx>20</posx>
							<posy>40</posy>
							<width>360</width>
							<height>90</height>
							<font>light23</font>
							<align>left</align>
							<aligny>top</aligny>
							<label>On</label>
							<textcolor>grey</textcolor>
							<wrapmultiline>true</wrapmultiline>
						</control>
						<control type="label">
							<visible>!Control.HasFocus(8002)</visible>
							<visible>!IsEmpty(Container(100).ListItem.Artist) + !IsEmpty(Container(100).ListItem.Album)</visible>
							<posx>58</posx>
							<posy>0</posy>
							<width>302</width>
							<height>90</height>
							<font>light28</font>
							<align>left</align>
							<aligny>top</aligny>
							<label>$INFO[Container(100).ListItem.Artist][CR]$INFO[Container(100).ListItem.Album]</label>
							<textcolor>white</textcolor>
							<wrapmultiline>true</wrapmultiline>
						</control>
						<control type="label">
							<visible>Control.HasFocus(8002)</visible>
							<visible>!IsEmpty(Container(100).ListItem.Artist) + !IsEmpty(Container(100).ListItem.Album)</visible>
							<posx>58</posx>
							<posy>0</posy>
							<width>302</width>
							<height>90</height>
							<font>light28</font>
							<align>left</align>
							<aligny>top</aligny>
							<label>$INFO[Container(100).ListItem.Artist][CR]$INFO[Container(100).ListItem.Album]</label>
							<textcolor>FFFF9900</textcolor>
							<wrapmultiline>true</wrapmultiline>
						</control>
						<!-- labels for ads -->
						<control type="label">
							<visible>!Control.HasFocus(8002)</visible>
							<visible>!IsEmpty(Container(100).ListItem.Genre)</visible>
							<posx>58</posx>
							<posy>0</posy>
							<width>302</width>
							<height>90</height>
							<font>light28</font>
							<align>left</align>
							<aligny>top</aligny>
							<label>$INFO[Container(100).ListItem.Genre]</label>
							<textcolor>white</textcolor>
							<wrapmultiline>true</wrapmultiline>
						</control>
						<control type="label">
							<visible>Control.HasFocus(8002)</visible>
							<visible>!IsEmpty(Container(100).ListItem.Genre)</visible>
							<posx>58</posx>
							<posy>0</posy>
							<width>302</width>
							<height>90</height>
							<font>light28</font>
							<align>left</align>
							<aligny>top</aligny>
							<label>$INFO[Container(100).ListItem.Genre]</label>
							<textcolor>FFFF9900</textcolor>
							<wrapmultiline>true</wrapmultiline>
						</control>
					</control>
					<control type="group">
						<width>415</width>
						<height>200</height>
						<control type="image">
							<visible>Container(100).ListItem.property(custom:thumbup)</visible>
							<animation effect="fade" time="200">VisibleChange</animation>
							<posx>295</posx>
							<posy>45</posy>
							<width>109</width>
							<height>125</height>
							<texture>pandora_thumb_up.png</texture>
						</control>
						<control type="image">
							<visible>Container(100).ListItem.property(custom:thumbdown)</visible>
							<animation effect="fade" time="200">VisibleChange</animation>
							<posx>11</posx>
							<posy>80</posy>
							<width>109</width>
							<height>125</height>
							<texture>pandora_thumb_down.png</texture>
						</control>
						<control type="image">
							<posx>100</posx>
							<posy>35</posy>
							<width>215</width>
							<height>215</height>
							<texture>$INFO[Container(100).ListItem.Icon]</texture>
<!--aspectratio>scale</aspectratio-->
						</control>
					</control>
					<control type="group">
						<width>415</width>
						<height>60</height>
						<control type="progress">
							<visible>!IsEmpty(Container(100).ListItem.Label)</visible>
							<posx>100</posx>
							<posy>55</posy>
							<width>215</width>
							<height>4</height>
							<info>Player.Progress</info>
							<texturebg border="2">pandora_progress_bar.png</texturebg>
							<lefttexture>pandora_progress_bar_left.png</lefttexture>
							<midtexture>pandora_progress_bar_center.png</midtexture>
							<righttexture>pandora_progress_bar_right.png</righttexture>
							<overlaytexture>-</overlaytexture>
						</control>
					</control>
				</control>
				<control type="group" id="7000">
					<posx>810</posx>
					<posy>0</posy>
					<width>440</width>
					<height>720</height>
					<control type="image">
						<visible>Control.IsVisible(7200) | Control.IsVisible(7300)</visible>
						<animation effect="fade" time="100">VisibleChange</animation>
						<posx>0</posx>
						<posy>0</posy>
						<width>440</width>
						<height>720</height>
						<texture>black.png</texture>
						<colordiffuse>88FFFFFF</colordiffuse>
					</control>
					<control type="group" id="7100">
						<posx>0</posx>
						<posy>650</posy>
						<width>440</width>
						<height>630</height>
						<control type="image">
							<posx>0</posx>
							<posy>0</posy>
							<width>440</width>
							<height>630</height>
							<texture>pandora_list_area.png</texture>
						</control>
						<control type="button" id="7101">
							<enable>!Window.IsVisible(DialogProgress.xml)</enable>
							<posx>210</posx>
							<posy>17</posy>
							<width>20</width>
							<height>12</height>
							<onleft>-</onleft>
							<onright>-</onright>
							<onup>8002</onup>
							<ondown>-</ondown>
							<texturenofocus>pandora_arrow_up.png</texturenofocus>
							<texturefocus>pandora_arrow_up_on.png</texturefocus>
							<onclick lang="python"><![CDATA[
window = mc.GetWindow(14000)
window.PushState()
window.GetControl(7210).SetVisible(True)
window.GetControl(7100).SetVisible(False)
window.GetControl(7201).SetFocus()
]]></onclick>
							<hitrect x="20" y="15" w="400" h="50"/>
						</control>
						<control type="image">
							<visible>Control.HasFocus(7101)</visible>
							<posx>20</posx>
							<posy>20</posy>
							<width>400</width>
							<height>40</height>
							<texture>pandora_button_on.png</texture>
						</control>
						<control type="label">
							<visible>!Control.HasFocus(7101)</visible>
							<posx>20</posx>
							<posy>35</posy>
							<width>400</width>
							<height>20</height>
							<font>font23</font>
							<align>center</align>
							<aligny>center</aligny>
							<label>Your Stations</label>
							<textcolor>white</textcolor>
						</control>
						<control type="label">
							<visible>Control.HasFocus(7101)</visible>
							<posx>20</posx>
							<posy>35</posy>
							<width>400</width>
							<height>20</height>
							<font>font23</font>
							<align>center</align>
							<aligny>center</aligny>
							<label>Your Stations</label>
							<textcolor>FFFF9900</textcolor>
						</control>
					</control>
					<control type="group" id="7200">
						<visible>Control.IsVisible(7210)</visible>
						<animation type="Visible">
							<effect type="fade" start="80" end="100" time="250"/>
							<effect type="slide" start="0,650" time="220"/>
						</animation>
						<animation type="Hidden">
							<effect type="fade" start="100" end="80" time="220"/>
							<effect type="slide" end="0,650" time="250"/>
						</animation>
						<posx>0</posx>
						<posy>90</posy>
						<width>440</width>
						<height>630</height>
						<control type="image">
							<posx>0</posx>
							<posy>0</posy>
							<width>440</width>
							<height>630</height>
							<texture>pandora_list_area.png</texture>
						</control>
						<control type="button" id="7201">
							<enable>!Window.IsVisible(DialogProgress.xml)</enable>
							<posx>210</posx>
							<posy>17</posy>
							<width>20</width>
							<height>12</height>
							<onleft>-</onleft>
							<onright>-</onright>
							<onup>-</onup>
							<ondown>7202</ondown>
							<texturenofocus>pandora_arrow_down.png</texturenofocus>
							<texturefocus>pandora_arrow_down_on.png</texturefocus>
							<onclick lang="python"><![CDATA[
window = mc.GetWindow(14000)
window.PopState()
window.GetControl(7100).SetVisible(True)
window.GetControl(7210).SetVisible(False)
window.GetControl(7101).SetFocus()
]]></onclick>
							<hitrect x="20" y="15" w="400" h="50"/>
						</control>
						<control type="image">
							<visible>Control.HasFocus(7201)</visible>
							<posx>20</posx>
							<posy>20</posy>
							<width>400</width>
							<height>45</height>
							<texture>pandora_button_on.png</texture>
						</control>
						<control type="label">
							<visible>!Control.HasFocus(7201)</visible>
							<posx>20</posx>
							<posy>35</posy>
							<width>400</width>
							<height>20</height>
							<font>font28</font>
							<align>center</align>
							<aligny>center</aligny>
							<label>Your Stations ($INFO[Container(7210).NumItems])</label>
							<textcolor>white</textcolor>
						</control>
						<control type="label">
							<visible>Control.HasFocus(7201)</visible>
							<posx>20</posx>
							<posy>35</posy>
							<width>400</width>
							<height>20</height>
							<font>font28</font>
							<align>center</align>
							<aligny>center</aligny>
							<label>Your Stations ($INFO[Container(7210).NumItems])</label>
							<textcolor>FFFF9900</textcolor>
						</control>
						<control type="image">
							<posx>40</posx>
							<posy>148</posy>
							<width>360</width>
							<height>2</height>
							<texture>black.png</texture>
							<colordiffuse>44FFFFFF</colordiffuse>
						</control>
						<control type="button" id="7202">
							<enable>!Window.IsVisible(DialogProgress.xml)</enable>
							<posx>40</posx>
							<posy>80</posy>
							<width>360</width>
							<height>40</height>
							<onleft>-</onleft>
							<onright>-</onright>
							<onup>7201</onup>
							<ondown>SetFocus(7210,0)</ondown>
							<label>Create a New Station...</label>
							<textcolor>white</textcolor>
							<focusedcolor>black</focusedcolor>
							<font>font23</font>
							<align>center</align>
							<aligny>center</aligny>
							<texturenofocus>-</texturenofocus>
							<texturefocus>pandora_list_item_on.png</texturefocus>
							<onclick lang="python"><![CDATA[
window = mc.GetWindow(14000)
window.PopState()
window.GetControl(7210).SetVisible(False)
window.GetControl(7100).SetVisible(True)
window.GetControl(9003).SetFocus()
mc.ActivateWindow(14002)
]]></onclick>
						</control>
						<control type="list" id="7210">
							<visible>false</visible>
							<posx>5</posx>
							<posy>150</posy>
							<width>430</width>
							<height>440</height>
							<onleft>-</onleft>
							<onright lang="python"><![CDATA[
window = mc.GetWindow(14000)
window.PushState()
window.GetControl(7310).SetVisible(True)
window.GetControl(7310).SetFocus()
]]></onright>
							<onup>7202</onup>
							<ondown>-</ondown>
							<scrolltime>200</scrolltime>
							<pagecontrol>-</pagecontrol>
							<orientation>vertical</orientation>
							<itemlayout width="430" height="40">
								<control type="image">
									<posx>35</posx>
									<posy>38</posy>
									<width>360</width>
									<height>2</height>
									<texture>black.png</texture>
									<colordiffuse>44FFFFFF</colordiffuse>
								</control>
								<control type="image">
									<visible>ListItem.IsSelected</visible>
									<posx>2</posx>
									<posy>10</posy>
									<width>29</width>
									<height>20</height>
									<texture>pandora_nowplaying_icon.png</texture>
								</control>
								<control type="label">
									<posx>45</posx>
									<posy>0</posy>
									<width>330</width>
									<height>38</height>
									<font>font23</font>
									<align>left</align>
									<aligny>center</aligny>
									<label>$INFO[ListItem.Label]</label>
									<textcolor>white</textcolor>
									<selectedcolor>FFFF9900</selectedcolor>
								</control>
							</itemlayout>
							<focusedlayout width="430" height="40">
								<control type="image">
									<visible>!Control.HasFocus(7210)</visible>
									<posx>35</posx>
									<posy>38</posy>
									<width>360</width>
									<height>2</height>
									<texture>black.png</texture>
									<colordiffuse>44FFFFFF</colordiffuse>
								</control>
								<control type="image">
									<visible>Control.HasFocus(7210)</visible>
									<posx>35</posx>
									<posy>0</posy>
									<width>360</width>
									<height>40</height>
									<texture>pandora_list_item_on.png</texture>
								</control>
								<control type="image">
									<visible>Control.HasFocus(7210)</visible>
									<posx>380</posx>
									<posy>13</posy>
									<width>9</width>
									<height>15</height>
									<texture>pandora_arrow_right.png</texture>
								</control>
								<control type="image">
									<visible>ListItem.IsSelected</visible>
									<posx>2</posx>
									<posy>10</posy>
									<width>29</width>
									<height>20</height>
									<texture>pandora_nowplaying_icon.png</texture>
								</control>
								<control type="label">
									<visible>!Control.HasFocus(7210)</visible>
									<posx>45</posx>
									<posy>0</posy>
									<width>330</width>
									<height>38</height>
									<font>font23</font>
									<align>left</align>
									<aligny>center</aligny>
									<label>$INFO[ListItem.Label]</label>
									<textcolor>white</textcolor>
									<selectedcolor>FFFF9900</selectedcolor>
								</control>
								<control type="label">
									<visible>Control.HasFocus(7210)</visible>
									<posx>45</posx>
									<posy>0</posy>
									<width>330</width>
									<height>38</height>
									<font>font23</font>
									<align>left</align>
									<aligny>center</aligny>
									<label>$INFO[ListItem.Label]</label>
									<textcolor>black</textcolor>
									<selectedcolor>black</selectedcolor>
									<scroll>true</scroll>
								</control>
							</focusedlayout>
							<content type="action">

							<onclick lang="python"><![CDATA[
from pandora import Pandora
import play
import utils

try:
    print "[station action] Play station (flow)"
    list = window.GetList(7210)
    n = list.GetFocusedItem()
    play.play_selected_station(True)
    window = mc.GetWindow(14000)

    # Fix for BOXEE-9873
    mc.LogDebug("%%%%%%%%%%%%%%%%%%%%%%%%%%%%%%%%%%%%%%%%%%% BREAK")
    list = window.GetList(7210)

    window.PopState()

    list.UnselectAll()
    list.SetFocusedItem(n)
    list.SetSelected(n, True)

    play.update_track_list()
except:
    mc.LogDebug("%%%%%%%%%%%%%%%%%%%%%%%%%%%%%%%%%%%%%%%%%%% BREAK ###############")
]]></onclick>
<!--								<onclick lang="python"><![CDATA[
from pandora import Pandora
import play
import utils

try:
	print "[station list/ onclick] select new station (flow)"
	ui.show_wheel(14000)
	ui.on_select_new_station()

	# we have to pop the state here to avoid gui state bug
	window = mc.GetWindow(14000)
	window.PopState();

	play.play_selected_station()
	play.update_track_list()

	ui.hide_wheel(14000)
except:
	print "Exception caught when selecting new station, application will reset"
	ui.hide_wheel(14000)
	utils.reset_pandora_application()
]]></onclick>-->
							</content>
						</control>
						<control type="image">
							<visible>Container(7210).HasPrevious</visible>
							<posx>205</posx>
							<posy>120</posy>
							<width>30</width>
							<height>30</height>
							<texture>scroll_up_white.png</texture>
							<colordiffuse>88FFFFFF</colordiffuse>
						</control>
						<control type="image">
							<visible>Container(7210).HasNext</visible>
							<posx>205</posx>
							<posy>590</posy>
							<width>30</width>
							<height>30</height>
							<texture>scroll_down_white.png</texture>
							<colordiffuse>88FFFFFF</colordiffuse>
						</control>
					</control>
					<control type="group" id="7300">
						<visible>Control.IsVisible(7310)</visible>
						<animation type="Visible">
							<effect type="fade" start="80" end="100" time="200"/>
							<effect type="slide" start="450,0" time="180"/>
						</animation>
						<animation type="Hidden">
							<effect type="fade" start="100" end="80" time="180"/>
							<effect type="slide" end="450,0" time="200"/>
						</animation>
						<posx>0</posx>
						<posy>150</posy>
						<width>440</width>
						<height>630</height>
						<control type="image">
							<posx>0</posx>
							<posy>0</posy>
							<width>440</width>
							<height>630</height>
							<texture>pandora_list_area.png</texture>
						</control>
						<control type="button" id="7301">
							<enable>!Window.IsVisible(DialogProgress.xml)</enable>
							<posx>214</posx>
							<posy>20</posy>
							<width>12</width>
							<height>20</height>
							<onleft>-</onleft>
							<onright>-</onright>
							<onup>-</onup>
							<ondown>7310</ondown>
							<texturenofocus>pandora_arrow_right.png</texturenofocus>
							<texturefocus>pandora_arrow_right_on.png</texturefocus>
							<onclick lang="python"><![CDATA[
window = mc.GetWindow(14000)
window.PopState()
window.GetControl(7210).SetVisible(True)
window.GetControl(7310).SetVisible(False)
window.GetControl(7210).SetFocus()
]]></onclick>
							<hitrect x="20" y="15" w="400" h="50"/>
						</control>
						<control type="label">
							<visible>!Control.HasFocus(7301)</visible>
							<posx>20</posx>
							<posy>50</posy>
							<width>400</width>
							<height>20</height>
							<font>font28</font>
							<align>center</align>
							<aligny>center</aligny>
							<label>$INFO[Container(7210).ListItem.Label]</label>
							<textcolor>white</textcolor>
						</control>
						<control type="label">
							<visible>Control.HasFocus(7301)</visible>
							<posx>20</posx>
							<posy>50</posy>
							<width>400</width>
							<height>20</height>
							<font>font28</font>
							<align>center</align>
							<aligny>center</aligny>
							<label>$INFO[Container(7210).ListItem.Label]</label>
							<textcolor>FFFF9900</textcolor>
						</control>
						<control type="list" id="7310">
							<visible>false</visible>
							<posx>40</posx>
							<posy>100</posy>
							<width>360</width>
							<height>440</height>
							<onleft lang="python"><![CDATA[
window = mc.GetWindow(14000)
window.PopState()
window.GetControl(7210).SetVisible(True)
window.GetControl(7310).SetVisible(False)
window.GetControl(7210).SetFocus()
]]></onleft>
							<onright>-</onright>
							<onup>7301</onup>
							<ondown>-</ondown>
							<scrolltime>200</scrolltime>
							<pagecontrol>-</pagecontrol>
							<orientation>vertical</orientation>
							<itemlayout width="360" height="40">
								<control type="image">
									<posx>0</posx>
									<posy>38</posy>
									<width>360</width>
									<height>2</height>
									<texture>black.png</texture>
									<colordiffuse>44FFFFFF</colordiffuse>
								</control>
								<control type="label">
									<posx>10</posx>
									<posy>0</posy>
									<width>330</width>
									<height>38</height>
									<font>font23</font>
									<align>left</align>
									<aligny>center</aligny>
									<label>$INFO[ListItem.Label]</label>
									<textcolor>white</textcolor>
									<selectedcolor>yellow</selectedcolor>
								</control>
							</itemlayout>
							<focusedlayout width="360" height="40">
								<control type="image">
									<visible>!Control.HasFocus(7310)</visible>
									<posx>0</posx>
									<posy>38</posy>
									<width>360</width>
									<height>2</height>
									<texture>black.png</texture>
									<colordiffuse>44FFFFFF</colordiffuse>
								</control>
								<control type="image">
									<visible>Control.HasFocus(7310)</visible>
									<posx>0</posx>
									<posy>0</posy>
									<width>360</width>
									<height>40</height>
									<texture>pandora_list_item_on.png</texture>
								</control>
								<control type="label">
									<visible>!Control.HasFocus(7310)</visible>
									<posx>10</posx>
									<posy>0</posy>
									<width>330</width>
									<height>38</height>
									<font>font23</font>
									<align>left</align>
									<aligny>center</aligny>
									<label>$INFO[ListItem.Label]</label>
									<textcolor>white</textcolor>
									<selectedcolor>yellow</selectedcolor>
								</control>
								<control type="label">
									<visible>Control.HasFocus(7310)</visible>
									<posx>10</posx>
									<posy>0</posy>
									<width>340</width>
									<height>38</height>
									<font>font23</font>
									<align>left</align>
									<aligny>center</aligny>
									<label>$INFO[ListItem.Label]</label>
									<textcolor>black</textcolor>
									<selectedcolor>black</selectedcolor>
								</control>
							</focusedlayout>
							<content type="action">
								<onclick lang="python"><![CDATA[
from pandora import Pandora
from pandora import SystemMaintenanceException
import play
import utils

try:
	ui.show_wheel(14000)

	ui.hide_station_list()

	#detemine which operation was performed play or delete
	bPlay = ui.check_play_or_delete_station()

	if (bPlay is not None):
		if (bPlay == True):
			print "[station action] Play station (flow)"
			list = window.GetList(7210)
			n = list.GetFocusedItem()
			play.play_selected_station(True)
			window = mc.GetWindow(14000)
			window.PopState()
			window.PopState()

			# Fix for BOXEE-9873
			mc.LogDebug("%%%%%%%%%%%%%%%%%%%%%%%%%%%%%%%%%%%%%%%%%%% BREAK")
			list = window.GetList(7210)
			list.UnselectAll()
			list.SetSelected(n, True)

			play.update_track_list()
		else:
			print "[station action] Remove station (flow)"
			confirmed = mc.ShowDialogConfirm("Pandora", "Delete this station?", "No", "Yes")
			if (confirmed):
				res = play.remove_selected_station()
				window = mc.GetWindow(14000)
				window.PopState()
				window.PopState()

				# update track list again after the pop
				play.update_track_list()
				utils.update_station_list()

				if (res == True):
					# we should open select station screen
					window.PushState()
					window.GetControl(7210).SetVisible(True)
					window.GetControl(7100).SetVisible(False)
					window.GetControl(7201).SetFocus()

	ui.hide_wheel(14000)
except SystemMaintenanceException:
	ui.hide_wheel(14000)
	mc.ShowDialogOk("Pandora", "Pandora is performing system maintenance[CR]Please try again later")
except:
	print "Exception caught in station operation, application will reset"
	ui.hide_wheel(14000)
	utils.reset_pandora_application()
]]></onclick>
								<item>
									<label>Play This Station</label>
									<onclick>-</onclick>
								</item>
								<item>
									<label>Delete This Station</label>
									<onclick>-</onclick>
								</item>
							</content>
						</control>
						<control type="image">
							<visible>Container(7210).HasPrevious</visible>
							<posx>205</posx>
							<posy>120</posy>
							<width>30</width>
							<height>30</height>
							<texture>scroll_up_white.png</texture>
							<colordiffuse>88FFFFFF</colordiffuse>
						</control>
						<control type="image">
							<visible>Container(7210).HasNext</visible>
							<posx>205</posx>
							<posy>590</posy>
							<width>30</width>
							<height>30</height>
							<texture>scroll_down_white.png</texture>
							<colordiffuse>88FFFFFF</colordiffuse>
						</control>
					</control>
				</control>
				<control type="group" id="6000">
					<posx>810</posx>
					<posy>250</posy>
					<width>440</width>
					<height>720</height>
					<control type="image">
						<visible>Control.IsVisible(6001)</visible>
						<animation effect="fade" time="100">VisibleChange</animation>
						<posx>0</posx>
						<posy>-250</posy>
						<width>440</width>
						<height>720</height>
						<texture>black.png</texture>
						<colordiffuse>88FFFFFF</colordiffuse>
					</control>
					<control type="group">
						<visible>Control.IsVisible(6001)</visible>
						<animation type="Visible">
							<effect type="fade" start="80" end="100" time="200"/>
							<effect type="slide" start="0,440" time="180"/>
						</animation>
						<animation type="Hidden">
							<effect type="fade" start="100" end="80" time="180"/>
							<effect type="slide" end="0,440" time="200"/>
						</animation>
						<control type="image">
							<posx>0</posx>
							<posy>0</posy>
							<width>440</width>
							<height>630</height>
							<texture>pandora_list_area.png</texture>
						</control>
						<control type="button" id="6001">
							<enable>!Window.IsVisible(DialogProgress.xml)</enable>
							<visible>false</visible>
							<posx>210</posx>
							<posy>17</posy>
							<width>20</width>
							<height>12</height>
							<onleft>-</onleft>
							<onright>-</onright>
							<onup>-</onup>
							<ondown>-</ondown>
							<texturenofocus>pandora_arrow_down.png</texturenofocus>
							<texturefocus>pandora_arrow_down_on.png</texturefocus>
							<onclick lang="python"><![CDATA[
window = mc.GetWindow(14000)
window.PopState()
window.GetControl(6001).SetVisible(False)
window.GetControl(9003).SetFocus()
]]></onclick>
							<hitrect x="20" y="15" w="400" h="50"/>
						</control>
						<control type="label">
							<visible>!Control.HasFocus(6001)</visible>
							<posx>20</posx>
							<posy>35</posy>
							<width>400</width>
							<height>30</height>
							<font>font28</font>
							<align>center</align>
							<aligny>center</aligny>
							<label>Why was this song selected?</label>
							<textcolor>white</textcolor>
						</control>
						<control type="label">
							<visible>Control.HasFocus(6001)</visible>
							<posx>20</posx>
							<posy>35</posy>
							<width>400</width>
							<height>30</height>
							<font>font28</font>
							<align>center</align>
							<aligny>center</aligny>
							<label>Why was this song selected?</label>
							<textcolor>FFFF9900</textcolor>
						</control>
						<control type="image">
							<posx>40</posx>
							<posy>85</posy>
							<width>360</width>
							<height>2</height>
							<texture>black.png</texture>
							<colordiffuse>44FFFFFF</colordiffuse>
						</control>
						<control type="label" id="6002">
							<posx>20</posx>
							<posy>100</posy>
							<width>400</width>
							<height>320</height>
							<font>font23</font>
							<align>center</align>
							<aligny>top</aligny>
							<label>-</label>
							<wrapmultiline>true</wrapmultiline>
						</control>
					</control>
				</control>
				<control type="group">
					<posx>810</posx>
					<posy>180</posy>
					<control type="image">
						<visible>Control.IsVisible(5100) | Control.IsVisible(5200)</visible>
						<animation effect="fade" time="100">VisibleChange</animation>
						<posx>0</posx>
						<posy>-180</posy>
						<width>440</width>
						<height>720</height>
						<texture>black.png</texture>
						<colordiffuse>88FFFFFF</colordiffuse>
					</control>
					<control type="group" id="5100">
						<visible>Control.IsVisible(5110)</visible>
						<animation type="Visible">
							<effect type="fade" start="80" end="100" time="250"/>
							<effect type="slide" start="0,550" time="220"/>
						</animation>
						<animation type="Hidden">
							<effect type="fade" start="100" end="80" time="220"/>
							<effect type="slide" end="0,550" time="250"/>
						</animation>
						<control type="image">
							<posx>0</posx>
							<posy>0</posy>
							<width>440</width>
							<height>630</height>
							<texture>pandora_list_area.png</texture>
						</control>
						<control type="button" id="5101">
							<enable>!Window.IsVisible(DialogProgress.xml)</enable>
							<posx>210</posx>
							<posy>17</posy>
							<width>20</width>
							<height>12</height>
							<onleft>-</onleft>
							<onright>-</onright>
							<onup>-</onup>
							<ondown>5110</ondown>
							<texturenofocus>pandora_arrow_down.png</texturenofocus>
							<texturefocus>pandora_arrow_down_on.png</texturefocus>
							<onclick lang="python"><![CDATA[
window = mc.GetWindow(14000)
window.PopState()
window.GetControl(5110).SetVisible(False)
window.GetControl(8001).SetFocus()
]]></onclick>
							<hitrect x="20" y="15" w="400" h="50"/>
						</control>
						<control type="label">
							<visible>!Control.HasFocus(5101)</visible>
							<posx>20</posx>
							<posy>35</posy>
							<width>400</width>
							<height>30</height>
							<font>font28</font>
							<align>center</align>
							<aligny>center</aligny>
							<label>$INFO[Container(100).ListItem.Label]</label>
							<textcolor>white</textcolor>
						</control>
						<control type="label">
							<visible>Control.HasFocus(5101)</visible>
							<posx>20</posx>
							<posy>35</posy>
							<width>400</width>
							<height>30</height>
							<font>font28</font>
							<align>center</align>
							<aligny>center</aligny>
							<label>$INFO[Container(100).ListItem.Label]</label>
							<textcolor>FFFF9900</textcolor>
						</control>
						<control type="list" id="5110">
							<visible>false</visible>
							<posx>40</posx>
							<posy>80</posy>
							<width>360</width>
							<height>440</height>
							<onleft>-</onleft>
							<onright>-</onright>
							<onup>5101</onup>
							<ondown>-</ondown>
							<scrolltime>200</scrolltime>
							<pagecontrol>-</pagecontrol>
							<orientation>vertical</orientation>
							<itemlayout width="360" height="40">
								<control type="image">
									<posx>0</posx>
									<posy>38</posy>
									<width>360</width>
									<height>2</height>
									<texture>black.png</texture>
									<colordiffuse>44FFFFFF</colordiffuse>
								</control>
								<control type="label">
									<posx>10</posx>
									<posy>0</posy>
									<width>330</width>
									<height>38</height>
									<font>font23</font>
									<align>left</align>
									<aligny>center</aligny>
									<label>$INFO[ListItem.Label]</label>
									<textcolor>white</textcolor>
									<selectedcolor>yellow</selectedcolor>
								</control>
							</itemlayout>
							<focusedlayout width="360" height="40">
								<control type="image">
									<visible>!Control.HasFocus(5110)</visible>
									<posx>0</posx>
									<posy>38</posy>
									<width>360</width>
									<height>2</height>
									<texture>black.png</texture>
									<colordiffuse>44FFFFFF</colordiffuse>
								</control>
								<control type="image">
									<visible>Control.HasFocus(5110)</visible>
									<posx>0</posx>
									<posy>0</posy>
									<width>360</width>
									<height>40</height>
									<texture>pandora_list_item_on.png</texture>
								</control>
								<control type="label">
									<visible>!Control.HasFocus(5110)</visible>
									<posx>10</posx>
									<posy>0</posy>
									<width>330</width>
									<height>38</height>
									<font>font23</font>
									<align>left</align>
									<aligny>center</aligny>
									<label>$INFO[ListItem.Label]</label>
									<textcolor>white</textcolor>
									<selectedcolor>yellow</selectedcolor>
								</control>
								<control type="label">
									<visible>Control.HasFocus(5110)</visible>
									<posx>10</posx>
									<posy>0</posy>
									<width>340</width>
									<height>38</height>
									<font>font23</font>
									<align>left</align>
									<aligny>center</aligny>
									<label>$INFO[ListItem.Label]</label>
									<textcolor>black</textcolor>
									<selectedcolor>black</selectedcolor>
								</control>
							</focusedlayout>
							<content type="action">
								<onclick lang="python"><![CDATA[
from pandora import Pandora
from pandora import PandoraResult
import play
import utils

try:
	mc.ShowDialogWait()

	#detemine which operation was performed play or delete
	window = mc.GetWindow(14000)
	list = window.GetList(5110)
	listItems = list.GetItems()
	focusedItemIndex = list.GetFocusedItem()
	selectedItem = listItems[focusedItemIndex]
	label = selectedItem.GetLabel()

	pandoraServer = pandora.get_server()
	token = ui.get_current_track_token()
	if (token != ""):
		if (label == "Create a Station"):
			print "[station action] Create station from song (flow)"
			result = pandoraServer.create_station_by_song_token(token)
			if (result.isOK()):
				mc.GetWindow(14000).GetControl(5110).SetVisible(False)
				mc.GetWindow(14000).GetControl(8001).SetFocus()
				mc.GetWindow(14000).PopState()
				utils.update_station_list()
				play.play_next_track()
				play.update_track_list()
			else:
				code = result.get_code()
				if (code == 1000 or code == 1):
					mc.ShowDialogOk("Pandora", "Pandora is performing system maintenance[CR]Please try again later")
					mc.GetWindow(14000).PopState()
					mc.GetWindow(14000).GetControl(5110).SetVisible(False)
					mc.GetWindow(14000).GetControl(8001).SetFocus()
				else:
					mc.ShowDialogOk("Pandora", "Could not create station from song.")
					mc.GetWindow(14000).PopState()
					mc.GetWindow(14000).GetControl(5110).SetVisible(False)
					mc.GetWindow(14000).GetControl(8001).SetFocus()
		else:
			print "[station action] Bookmark song (flow)"
			result = pandoraServer.bookmark_song(token)
			if (result.isOK()):
				mc.GetWindow(14000).PopState()
				mc.GetWindow(14000).GetControl(5110).SetVisible(False)
				mc.GetWindow(14000).GetControl(8001).SetFocus()
				mc.ShowDialogNotification("Song bookmarked", "pandora_small_icon.png")
			else:
				code = result.get_code()
				if (code == 1000 or code == 1):
					mc.ShowDialogOk("Pandora", "Pandora is performing system maintenance[CR]Please try again later")
					mc.GetWindow(14000).PopState()
					mc.GetWindow(14000).GetControl(5110).SetVisible(False)
					mc.GetWindow(14000).GetControl(8001).SetFocus()
				else:
					mc.ShowDialogOk("Pandora", "Could not bookmark song.")
					mc.GetWindow(14000).PopState()
					mc.GetWindow(14000).GetControl(5110).SetVisible(False)
					mc.GetWindow(14000).GetControl(8001).SetFocus()

	mc.HideDialogWait()
except:
	print "Exception caught in song operation, application will reset"
	ui.hide_wheel(14000)
	utils.reset_pandora_application()

]]></onclick>
								<item>
									<label>Create a Station</label>
									<onclick>-</onclick>
								</item>
								<item>
									<label>Bookmark This Song</label>
									<onclick>-</onclick>
								</item>
							</content>
						</control>
					</control>
					<control type="group" id="5200">
						<visible>Control.IsVisible(5210)</visible>
						<animation type="Visible">
							<effect type="fade" start="80" end="100" time="250"/>
							<effect type="slide" start="0,550" time="220"/>
						</animation>
						<animation type="Hidden">
							<effect type="fade" start="100" end="80" time="220"/>
							<effect type="slide" end="0,550" time="250"/>
						</animation>
						<control type="image">
							<posx>0</posx>
							<posy>0</posy>
							<width>440</width>
							<height>630</height>
							<texture>pandora_list_area.png</texture>
						</control>
						<control type="button" id="5201">
							<enable>!Window.IsVisible(DialogProgress.xml)</enable>
							<posx>210</posx>
							<posy>17</posy>
							<width>20</width>
							<height>12</height>
							<onleft>-</onleft>
							<onright>-</onright>
							<onup>-</onup>
							<ondown>5210</ondown>
							<texturenofocus>pandora_arrow_down.png</texturenofocus>
							<texturefocus>pandora_arrow_down_on.png</texturefocus>
							<onclick lang="python"><![CDATA[
window = mc.GetWindow(14000)
window.PopState()
window.GetControl(5210).SetVisible(False)
window.GetControl(8002).SetFocus()
]]></onclick>
							<hitrect x="20" y="15" w="400" h="50"/>
						</control>
						<control type="label">
							<visible>!Control.HasFocus(5201)</visible>
							<posx>20</posx>
							<posy>35</posy>
							<width>400</width>
							<height>30</height>
							<font>font28</font>
							<align>center</align>
							<aligny>center</aligny>
							<label>$INFO[Container(100).ListItem.Artist]</label>
							<textcolor>white</textcolor>
						</control>
						<control type="label">
							<visible>Control.HasFocus(5201)</visible>
							<posx>20</posx>
							<posy>35</posy>
							<width>400</width>
							<height>30</height>
							<font>font28</font>
							<align>center</align>
							<aligny>center</aligny>
							<label>$INFO[Container(100).ListItem.Artist]</label>
							<textcolor>FFFF9900</textcolor>
						</control>
						<control type="list" id="5210">
							<visible>false</visible>
							<posx>40</posx>
							<posy>80</posy>
							<width>360</width>
							<height>440</height>
							<onleft>-</onleft>
							<onright>-</onright>
							<onup>5201</onup>
							<ondown>-</ondown>
							<scrolltime>200</scrolltime>
							<pagecontrol>-</pagecontrol>
							<orientation>vertical</orientation>
							<itemlayout width="360" height="40">
								<control type="image">
									<posx>0</posx>
									<posy>38</posy>
									<width>360</width>
									<height>2</height>
									<texture>black.png</texture>
									<colordiffuse>44FFFFFF</colordiffuse>
								</control>
								<control type="label">
									<posx>10</posx>
									<posy>0</posy>
									<width>330</width>
									<height>38</height>
									<font>font23</font>
									<align>left</align>
									<aligny>center</aligny>
									<label>$INFO[ListItem.Label]</label>
									<textcolor>white</textcolor>
									<selectedcolor>yellow</selectedcolor>
								</control>
							</itemlayout>
							<focusedlayout width="360" height="40">
								<control type="image">
									<visible>!Control.HasFocus(5210)</visible>
									<posx>0</posx>
									<posy>38</posy>
									<width>360</width>
									<height>2</height>
									<texture>black.png</texture>
									<colordiffuse>44FFFFFF</colordiffuse>
								</control>
								<control type="image">
									<visible>Control.HasFocus(5210)</visible>
									<posx>0</posx>
									<posy>0</posy>
									<width>360</width>
									<height>40</height>
									<texture>pandora_list_item_on.png</texture>
								</control>
								<control type="label">
									<visible>!Control.HasFocus(5210)</visible>
									<posx>10</posx>
									<posy>0</posy>
									<width>330</width>
									<height>38</height>
									<font>font23</font>
									<align>left</align>
									<aligny>center</aligny>
									<label>$INFO[ListItem.Label]</label>
									<textcolor>white</textcolor>
									<selectedcolor>yellow</selectedcolor>
								</control>
								<control type="label">
									<visible>Control.HasFocus(5210)</visible>
									<posx>10</posx>
									<posy>0</posy>
									<width>340</width>
									<height>38</height>
									<font>font23</font>
									<align>left</align>
									<aligny>center</aligny>
									<label>$INFO[ListItem.Label]</label>
									<textcolor>black</textcolor>
									<selectedcolor>black</selectedcolor>
								</control>
							</focusedlayout>
							<content type="action">
								<onclick lang="python"><![CDATA[
from pandora import Pandora
from pandora import PandoraResult
import play
import utils

pandoraServer = pandora.get_server()

try:
	mc.ShowDialogWait()

	#detemine which operation was performed play or bookmark
	window = mc.GetWindow(14000)
	list = window.GetList(5210)
	listItems = list.GetItems()
	focusedItemIndex = list.GetFocusedItem()
	selectedItem = listItems[focusedItemIndex]
	label = selectedItem.GetLabel()


	if (label == "Create a Station"):
		print "[station action] Create station from artist (flow)"
		token = ui.get_current_track_token()
		result = pandoraServer.create_station_by_artist_token(token)
		if (result.isOK()):
			mc.GetWindow(14000).GetControl(5210).SetVisible(False)
			mc.GetWindow(14000).GetControl(8002).SetFocus()
			mc.GetWindow(14000).PopState()
			utils.update_station_list()
			play.play_next_track()
			play.update_track_list()
		else:
			code = result.get_code()
			if (code == 1000 or code == 1):
				mc.ShowDialogOk("Pandora", "Pandora is performing system maintenance[CR]Please try again later")
				mc.GetWindow(14000).PopState()
				mc.GetWindow(14000).GetControl(5210).SetVisible(False)
				mc.GetWindow(14000).GetControl(8002).SetFocus()
			else:
				mc.ShowDialogOk("Pandora", "Could not create station from artist.")
				mc.GetWindow(14000).PopState()
				mc.GetWindow(14000).GetControl(5210).SetVisible(False)
				mc.GetWindow(14000).GetControl(8002).SetFocus()
	else:
		print "[station action] Bookmark station (flow)"
		token = ui.get_current_track_token()
		result = pandoraServer.bookmark_artist(token)
		mc.GetWindow(14000).PopState()
		if (result.isOK()):
			mc.GetWindow(14000).GetControl(5210).SetVisible(False)
			mc.GetWindow(14000).GetControl(8002).SetFocus()
			mc.ShowDialogNotification("Artist bookmarked", "pandora_small_icon.png")
		else:
			code = result.get_code()
			if (code == 1000 or code == 1):
				mc.ShowDialogOk("Pandora", "Pandora is performing system maintenance[CR]Please try again later")
				mc.GetWindow(14000).GetControl(5210).SetVisible(False)
				mc.GetWindow(14000).GetControl(8002).SetFocus()
			else:
				mc.ShowDialogOk("Pandora", "Could not bookmark artist.")
				mc.GetWindow(14000).GetControl(5210).SetVisible(False)
				mc.GetWindow(14000).GetControl(8002).SetFocus()

	mc.HideDialogWait()
except:
	print "Exception caught in station operation, application will reset"
	ui.hide_wheel(14000)
 	utils.reset_pandora_application()
]]></onclick>
								<item>
									<label>Create a Station</label>
									<onclick>-</onclick>
								</item>
								<item>
									<label>Bookmark This Artist</label>
									<onclick>-</onclick>
								</item>
							</content>
						</control>
					</control>
				</control>
				<control type="group">
					<animation effect="fade" time="200" delay="1500">Visible</animation>
					<animation effect="fade" time="50">Hidden</animation>
					<visible>Control.HasFocus(8001)</visible>
					<visible>!IsEmpty(Container(100).ListItem.Artist) + !IsEmpty(Container(100).ListItem.Album)</visible>
					<posx>410</posx>
					<posy>132</posy>
					<control type="image">
						<posx>0</posx>
						<posy>0</posy>
						<width>543</width>
						<height>77</height>
						<texture>pandora_tooltip.png</texture>
					</control>
					<control type="label">
						<posx>0</posx>
						<posy>12</posy>
						<width>543</width>
						<height>42</height>
						<font>font23</font>
						<align>center</align>
						<aligny>top</aligny>
						<label>Bookmark or create a station from this song</label>
						<textcolor>black</textcolor>
					</control>
				</control>
				<control type="group">
					<animation effect="fade" time="200" delay="1500">Visible</animation>
					<animation effect="fade" time="50">Hidden</animation>
					<visible>Control.HasFocus(8002)</visible>
					<visible>!IsEmpty(Container(100).ListItem.Artist) + !IsEmpty(Container(100).ListItem.Album)</visible>
					<posx>410</posx>
					<posy>215</posy>
					<control type="image">
						<posx>0</posx>
						<posy>0</posy>
						<width>543</width>
						<height>77</height>
						<texture>pandora_tooltip.png</texture>
					</control>
					<control type="label">
						<posx>0</posx>
						<posy>12</posy>
						<width>543</width>
						<height>42</height>
						<font>font23</font>
						<align>center</align>
						<aligny>top</aligny>
						<label>Bookmark or create a station from this artist</label>
						<textcolor>black</textcolor>
					</control>
				</control>
			</control>
			<control type="multiimage" id="3000">
				<visible>false</visible>
				<animation effect="fade" time="200">VisibleChange</animation>
				<posx>538</posx>
				<posy>306</posy>
				<width>200</width>
				<height>200</height>
				<imagepath>loading</imagepath>
				<timeperimage>80</timeperimage>
				<fadetime>10</fadetime>
				<pauseatend>0</pauseatend>
				<randomize>false</randomize>
				<loop>yes</loop>
				<aspectratio>keep</aspectratio>
			</control>
		</control>
	</controls>
</window>
