<app>
  <id>rt</id>
  <name>RT</name>
  <version>1.1</version>
  <description>RT is the first Russian 24/7 English-language news channel which brings the Russian view on global news.</description>
  <thumb>http://m.visionip.tv/boxee/rt/www/images/icon.png</thumb>
  <repository>http://dir.boxee.tv/apps</repository>
  <media>video</media>
  <copyright>©2012 Vision Holding Ltd. All rights reserved.</copyright>
  <type>html</type>
  <url>http://m.visionip.tv/boxee/rt/www/index.html</url>
  <email>support@web.visionip.tv</email>
  <platform>dlink.dsm380, intel.ce4100</platform>
  <minversion>1.0</minversion>
</app>