<?xml version="1.0"?>
<window type="window" id="14000">
    <defaultcontrol always="true">130</defaultcontrol>
    <onload lang="python">
<![CDATA[
import mc
import veedios

def updateFeedList():
    n = activewindow.GetList(130).GetFocusedItem()
    selectedCategory = activewindow.GetList(130).GetItem(n)
    selectedCategoryTitle = str(selectedCategory.GetLabel())

    #Build up feed options based on previously selected category
    feedList = fetcher.fetch_feed_listitems_for_category(selectedCategoryTitle)
    feedListControl.SetItems(feedList)
    feedListControl.SetVisible(True)
    feedListControl.SetFocus()

#Begin
mc.ShowDialogWait()
activewindow = mc.GetActiveWindow()
categoryListControl = activewindow.GetList(130)
feedListControl = activewindow.GetList(140)
feedListNoticeLabel = activewindow.GetControl(136)

#Build initial list of categories for browsing
fetcher = veedios.Fetcher()
categoryList = fetcher.fetch_category_listitems()
categoryListControl.SetItems(categoryList)

cachedParams = fetcher.get_cached_window_params("14001")
if cachedParams != False and cachedParams["category_id"] and cachedParams["feed_id"]:
	categoryListControl.SetFocusedItem(int(cachedParams["category_id"]))
	updateFeedList();
	feedListControl.SetFocusedItem(int(cachedParams["feed_id"]))

mc.HideDialogWait()
]]>
    </onload>
    <controls>
        <control type="group">
			<control type="image">
                <width>1280</width>
                <height>720</height>
				<texture>main-background.png</texture>
            </control>
            <!-- logo removed in and added to the main-background.png -->
			<control type="image">
                <posx>25</posx>
                <posy>10</posy>
				<texture></texture>
            </control>
			<control type="image">
                <posx>30</posx>
                <posy>200</posy>
				<width>1100</width>
                <height>450</height>
				<texture>main-list-wrapper.png</texture>
            </control>
            <control type="videowindow">
                <posx>930</posx>
                <posy>-50</posy>
                <width>300</width>
                <height>300</height>
            </control>
        </control>
        <control type="group">
			<control type="label">
                <visible>true</visible>
                <posx>30</posx>
                <posy>675</posy>
                <width>550</width>
                <height>25</height>
                <font>font18</font>
                <align>left</align>
                <aligny>center</aligny>
                <textcolor>FF232D3A</textcolor>
                <label>Copyright 2010 - Brilaps, LLC</label>
            </control>
            <control type="label">
                <visible>true</visible>
                <posx>1050</posx>
                <posy>675</posy>
                <width>550</width>
                <height>25</height>
                <font>font18</font>
                <align>left</align>
                <aligny>center</aligny>
                <textcolor>FF232D3A</textcolor>
                <label>Powered by Veedios</label>
            </control>
			<control type="image">
                <posx>1225</posx>
                <posy>670</posy>
				<width>20</width>
                <height>28</height>
				<texture>veedios-small.png</texture>
            </control>
        </control>
        <control type="group">
            <control type="label" id="125">
                <label>COURSES</label>
                <posx>75</posx>
                <posy>225</posy>
                <width>440</width>
                <height>50</height>
                <font>font28b</font>
                <align>left</align>
                <aligny>center</aligny>
                <textcolor>FF232D3A</textcolor>
            </control>

			<control type="image">
                <posx>80</posx>
                <posy>276</posy>
				<width>470</width>
                <height>330</height>
				<texture>list-background.png</texture>
            </control>

            <control type="list" id="130">
                <animation type="Conditional" condition="Window.IsVisible(DialogProgress.xml)">
                    <effect type="fade" start="100" end="20" time="200"/>
                </animation>
                <posx>95</posx>
                <posy>293</posy>
                <width>440</width>
                <height>300</height>
                <onleft>-</onleft>
                <onright lang="python">
<![CDATA[
updateFeedList()
]]>
                </onright>
                <onup>110</onup>
                <ondown>-</ondown>
                <scrolltime>200</scrolltime>
                <pagecontrol>-</pagecontrol>
                <orientation>vertical</orientation>
                <itemlayout width="440" height="28">
                    <control type="image">
                        <posx>0</posx>
                        <posy>0</posy>
                        <width>440</width>
                        <height>28</height>
                        <texture>list-background.png</texture>
                        <colordiffuse></colordiffuse>
                    </control>
                    <control type="label">
                        <posx>0</posx>
                        <posy>0</posy>
                        <width>440</width>
                        <height>28</height>
                        <font>font28b</font>
                        <align>left</align>
                        <aligny>center</aligny>
                        <label>[UPPERCASE]$INFO[ListItem.Label][/UPPERCASE]</label>
                        <textcolor>FFFFFFFF</textcolor>
                        <selectedcolor>FFFFFFFF</selectedcolor>
                    </control>
                </itemlayout>
                <focusedlayout width="440" height="28">
                    <control type="image">
                        <posx>0</posx>
                        <posy>0</posy>
                        <width>440</width>
                        <height>28</height>
                        <texture>list-item-selected.png</texture>
                        <colordiffuse></colordiffuse>
                    </control>
                    <control type="label">
                        <visible>true</visible>
                        <posx>0</posx>
                        <posy>0</posy>
                        <width>440</width>
                        <height>28</height>
                        <font>font28b</font>
                        <align>left</align>
                        <aligny>center</aligny>
                        <label>[UPPERCASE]$INFO[ListItem.Label][/UPPERCASE]</label>
                        <textcolor>FFFFFFFF</textcolor>
                        <selectedcolor>FFFFFFFF</selectedcolor>
                        <scroll>true</scroll>
                        <scrollspeed>30</scrollspeed>
                    </control>
                </focusedlayout>
                <content type="action">
                    <onclick lang="python">
<![CDATA[
updateFeedList()
]]>
                    </onclick>
                </content>
            </control>
			
            <control type="label" id="135">
                <label>CLASSES</label>
                <posx>610</posx>
                <posy>220</posy>
                <width>440</width>
                <height>50</height>
                <font>font28b</font>
                <align>left</align>
                <aligny>center</aligny>
                <textcolor>FF232D3A</textcolor>
            </control>

			<control type="image">
                <posx>610</posx>
                <posy>275</posy>
				<width>470</width>
                <height>330</height>
				<texture>list-background.png</texture>
            </control>

			<control type="label" id="136">
                <animation type="Conditional" condition="Window.IsVisible(DialogProgress.xml)">
                    <effect type="fade" start="100" end="20" time="200"/>
                </animation>
                <label>NO COURSE SELECTED</label>
                <posx>625</posx>
                <posy>280</posy>
                <width>440</width>
                <height>50</height>
                <font>font28b</font>
                <align>left</align>
                <aligny>center</aligny>
                <textcolor>FFFFFFFF</textcolor>
            </control>
			
            <control type="list" id="140">
                <animation type="Conditional" condition="Window.IsVisible(DialogProgress.xml)">
                    <effect type="fade" start="100" end="20" time="200"/>
                </animation>
                <posx>625</posx>
                <posy>290</posy>
                <width>440</width>
                <height>300</height>
                <onleft lang="python">
<![CDATA[
#Reactivate category list and hide this feed list
itemNumber = categoryListControl.GetFocusedItem()
categoryListControl.SetFocus()
categoryListControl.SetFocusedItem(itemNumber)
feedListControl.SetVisible(False)
feedListNoticeLabel.SetVisible(True)
]]>
                </onleft>
                <onright>115</onright>
                <onup lang="python">
<![CDATA[
#Reactivate category list and hide this feed list
feedListControl.SetVisible(False)
feedListNoticeLabel.SetVisible(True)

#If a video is playing in background go back to fullscreen
player = mc.GetPlayer()
if player.IsPlayingVideo():
    mc.ActivateWindow(12005)
]]>
                </onup>
                <ondown>-</ondown>
                <scrolltime>200</scrolltime>
                <pagecontrol>-</pagecontrol>
                <orientation>vertical</orientation>
                <itemlayout width="440" height="28">
                    <control type="image">
                        <posx>0</posx>
                        <posy>0</posy>
                        <width>440</width>
                        <height>28</height>
                        <texture>list-background.png</texture>
                        <colordiffuse></colordiffuse>
                    </control>
                    <control type="label">
                        <posx>0</posx>
                        <posy>0</posy>
                        <width>440</width>
                        <height>28</height>
                        <font>font28b</font>
                        <align>left</align>
                        <aligny>center</aligny>
                        <label>[UPPERCASE]$INFO[ListItem.Label][/UPPERCASE]</label>
                        <textcolor>FFFFFFFF</textcolor>
                        <selectedcolor>FFFFFFFF</selectedcolor>
                    </control>
                </itemlayout>
                <focusedlayout width="337" height="28">
                    <control type="image">
                        <posx>0</posx>
                        <posy>0</posy>
                        <width>440</width>
                        <height>28</height>
                        <texture>list-item-selected.png</texture>
                        <colordiffuse></colordiffuse>
                    </control>
                    <control type="label">
                        <posx>0</posx>
                        <posy>0</posy>
                        <width>440</width>
                        <height>28</height>
                        <font>font28b</font>
                        <align>left</align>
                        <aligny>center</aligny>
                        <label>[UPPERCASE]$INFO[ListItem.Label][/UPPERCASE]</label>
                        <textcolor>FFFFFFFF</textcolor>
                        <selectedcolor>FFFFFFFF</selectedcolor>
                        <scroll>true</scroll>
                        <scrollspeed>30</scrollspeed>
                    </control>
                </focusedlayout>
                <content type="action">
                    <onclick lang="python">
<![CDATA[
#Identify category and feed selected and open corresponding feedlist
catFocusedItem = activewindow.GetList(130).GetFocusedItem()
selectedCategory = activewindow.GetList(130).GetItem(catFocusedItem)
selectedCategoryTitle = str(selectedCategory.GetLabel())

feedFocusedItem = activewindow.GetList(140).GetFocusedItem()
selectedFeed = activewindow.GetList(140).GetItem(feedFocusedItem)
selectedFeedTitle = str(selectedFeed.GetLabel())

params = mc.Parameters()
params["category_title"] = selectedCategoryTitle
params["feed_title"] = selectedFeedTitle

#Cache so that we can restore
paramsToCache = { 
	"category_id": catFocusedItem,
	"feed_id": feedFocusedItem
}
fetcher.cache_window_params("14001", paramsToCache)

mc.GetApp().ActivateWindow(14002, params)
]]>
                    </onclick>
                </content>
            </control>
        </control>

		<control type="group">
			<control type="button" id="115">
			   <description>search button control</description>
               <posx>1160</posx>
               <posy>290</posy>
               <width>75</width>
               <height>80</height>
               <visible>true</visible>
               <colordiffuse>FFFFFFFF</colordiffuse>
               <texturefocus>search.png</texturefocus>
               <texturenofocus>search.png</texturenofocus>
               <label>Search</label>
               <font>font30</font>
               <textcolor>-</textcolor>
			   <focusedcolor>FF232D3A</focusedcolor>
               <align>center</align>
               <aligny>top</aligny>
               <textoffsetx>-</textoffsetx>
               <textoffsety>80</textoffsety>
               <onfocus>-</onfocus>
               <ondown>110</ondown>
               <onleft>140</onleft>
               <onright>-</onright>
               <onup lang="python">
<![CDATA[
#If a video is playing in background go back to fullscreen
player = mc.GetPlayer()
if player.IsPlayingVideo():
    mc.ActivateWindow(12005)
]]>
               </onup>
               <onclick lang="python">
<![CDATA[
searchString = mc.ShowDialogKeyboard("Enter Search String", "", False)

if searchString:
    params = mc.Parameters()
    params["search_string"] = searchString

    mc.GetApp().ActivateWindow(14003, params)
]]>
               </onclick>
            </control>
			<control type="button" id="110">
			   <description>browse button control</description>
               <posx>1160</posx>
               <posy>420</posy>
               <width>75</width>
               <height>80</height>
               <visible>true</visible>
               <colordiffuse>FFFFFFFF</colordiffuse>
               <texturefocus>tag.png</texturefocus>
               <texturenofocus>tag.png</texturenofocus>
               <label>Browse</label>
               <font>font30</font>
               <textcolor>-</textcolor>
			   <focusedcolor>FF232D3A</focusedcolor>
               <align>center</align>
               <aligny>top</aligny>
               <textoffsetx>-</textoffsetx>
               <textoffsety>70</textoffsety>
               <onfocus>-</onfocus>
               <onup>115</onup>
               <ondown>-</ondown>
               <onleft>140</onleft>
               <onright>-</onright>
               <onclick lang="python">
<![CDATA[
params = mc.Parameters()
mc.GetApp().ActivateWindow(14001, params)
]]>
               </onclick>
            </control>
        </control>

    </controls>
</window>
