<?xml version="1.0"?>
<window type="window" id="14003">
    <defaultcontrol always="true">130</defaultcontrol>
    <onload lang="python">
<![CDATA[
import mc
import time
import veedios

def get_window_pagination(fetcher):
	cachedObject = fetcher.get_cached_window_params(windowId)
	
	if cachedObject is not False:
		fetcher.pages = cachedObject
		pagination = fetcher.pages.pop()
		
		#clear after restore
		fetcher.clear_window_params_cache(windowId)
	else:
		pagination = fetcher.get_pagination()
		
	return pagination
	
def get_start_position(fetcher):
	cachedObject = fetcher.get_cached_window_params(windowId)
	
	if cachedObject and cachedObject[-1] and 'start' in cachedObject[-1]:
		return cachedObject[-1]["start"]
	else:
		return 0

def render(fetcher):
    pagination = get_window_pagination(fetcher)

    if pagination['start'] > 0:
            #show the prev button
            activewindow.GetButton(140).SetVisible(True)
    else:
            #hide the prev button
            activewindow.GetButton(140).SetVisible(False)

    if pagination['hasmore'] == True:
            #show the next button
            activewindow.GetButton(150).SetVisible(True)
    else:
            #hide the prev button
            activewindow.GetButton(150).SetVisible(False)

    listitems = fetcher.feed_entries_to_listitems(searchResults['feedentryresults'], True)
    list = activewindow.GetList(130)
    list.SetItems(listitems)

    activewindow.GetLabel(105).SetLabel(searchString.upper())
    activewindow.GetLabel(105).SetVisible(True)
    activewindow.GetControl(130).SetFocus()

#Begin
mc.ShowDialogWait()
windowId = "14003"
activewindow = mc.GetActiveWindow()
params = mc.GetApp().GetLaunchedWindowParameters()
searchString = str(params['search_string'])

fetcher = veedios.Fetcher()
startPositon = int(get_start_position(fetcher))
pagination = get_window_pagination(fetcher)
searchResults = fetcher.fetch_search_results(searchString, startPositon)
if (searchResults != False):
    render(fetcher)

mc.HideDialogWait()
]]>
    </onload>
    <controls>
        <control type="group">
			<control type="image">
                <width>1280</width>
                <height>720</height>
				<texture>main-background.png</texture>
            </control>
			<control type="videowindow">
                <posx>930</posx>
                <posy>-50</posy>
                <width>300</width>
                <height>300</height>
            </control>
            <!-- logo removed in and added to the main-background.png -->
			<control type="image">
                <posx>25</posx>
                <posy>10</posy>
				<texture></texture>
            </control>
            <control type="image">
                <visible>Control.IsVisible(105)</visible>
                <posx>25</posx>
                <posy>225</posy>
				<width>600</width>
                <height>430</height>
				<texture>main-list-wrapper.png</texture>
            </control>
        </control>
        <control type="group">
            <control type="label">
                <visible>true</visible>
                <posx>30</posx>
                <posy>675</posy>
                <width>550</width>
                <height>25</height>
                <font>font18</font>
                <align>left</align>
                <aligny>center</aligny>
                <textcolor>FF232D3A</textcolor>
                <label>Copyright 2010 - Brilaps, LLC</label>
            </control>
            <control type="label">
                <visible>true</visible>
                <posx>1050</posx>
                <posy>675</posy>
                <width>550</width>
                <height>25</height>
                <font>font18</font>
                <align>left</align>
                <aligny>center</aligny>
                <textcolor>FF232D3A</textcolor>
                <label>Powered by Veedios</label>
            </control>
			<control type="image">
                <posx>1225</posx>
                <posy>670</posy>
				<width>20</width>
                <height>28</height>
				<texture>veedios-small.png</texture>
            </control>
        </control>
        <control type="group">
            <control type="image">
                <animation type="Conditional" condition="Window.IsVisible(DialogProgress.xml)">
                    <effect type="fade" start="100" end="20" time="200"/>
                </animation>
                <visible>Control.IsVisible(105)</visible>
                <posx>945</posx>
                <posy>230</posy>
                <width>180</width>
                <height>120</height>
                <fadetime>200</fadetime>
                <texture>$INFO[Container(130).ListItem.Thumb]</texture>
            </control>
            <control type="label">
                <animation type="Conditional" condition="Window.IsVisible(DialogProgress.xml)">
                    <effect type="fade" start="100" end="20" time="200"/>
                </animation>
                <visible>Control.IsVisible(105)</visible>
                <posx>690</posx>
                <posy>235</posy>
                <width>475</width>
                <height>260</height>
                <font>font30b</font>
                <align>left</align>
                <aligny>top</aligny>
                <label>RELEASE DATE:</label>
                <textcolor>FF232D3A</textcolor>
                <wrapmultiline>true</wrapmultiline>
            </control>
            <control type="label">
                <animation type="Conditional" condition="Window.IsVisible(DialogProgress.xml)">
                    <effect type="fade" start="100" end="20" time="200"/>
                </animation>
                <visible>Control.IsVisible(105)</visible>
                <posx>690</posx>
                <posy>275</posy>
                <width>462</width>
                <height>260</height>
                <font>font24</font>
                <align>left</align>
                <aligny>top</aligny>
                <label>$INFO[Container(130).ListItem.property(releaseDate)]</label>
                <textcolor>FF232D3A</textcolor>
                <wrapmultiline>true</wrapmultiline>
            </control>
            <control type="label">
                <animation type="Conditional" condition="Window.IsVisible(DialogProgress.xml)">
                    <effect type="fade" start="100" end="20" time="200"/>
                </animation>
                <visible>Control.IsVisible(105)</visible>
                <posx>690</posx>
                <posy>312</posy>
                <width>550</width>
                <height>50</height>
                <font>font30b</font>
                <align>left</align>
                <aligny>center</aligny>
                <textcolor>FF232D3A</textcolor>
                <label>DESCRIPTION:</label>
            </control>
            <control type="label">
                <animation type="Conditional" condition="Window.IsVisible(DialogProgress.xml)">
                    <effect type="fade" start="100" end="20" time="200"/>
                </animation>
                <visible>Control.IsVisible(105)</visible>
                <posx>690</posx>
                <posy>355</posy>
                <width>475</width>
                <height>260</height>
                <font>font28</font>
                <align>left</align>
                <aligny>top</aligny>
                <label>$INFO[Container(130).ListItem.property(description)]</label>
                <textcolor>FF232D3A</textcolor>
                <wrapmultiline>true</wrapmultiline>
            </control>
        </control>
        <control type="group">
            <control type="label" id="100">
                <visible>Control.IsVisible(105)</visible>
                <label>SEARCH RESULTS:</label>
                <posx>25</posx>
                <posy>175</posy>
                <width>700</width>
                <height>50</height>
                <font>font36b</font>
                <align>left</align>
                <aligny>center</aligny>
                <textcolor>FF232D3A</textcolor>
            </control>
            <control type="label" id="105">
                <visible>false</visible>
                <label></label>
                <posx>365</posx>
                <posy>175</posy>
                <width>700</width>
                <height>50</height>
                <font>font36b</font>
                <align>left</align>
                <aligny>center</aligny>
                <textcolor>FF232D3A</textcolor>
            </control>
            <control type="image">
                <visible>Control.IsVisible(105)</visible>
                <posx>65</posx>
                <posy>250</posy>
                <width>520</width>
                <height>370</height>
				<texture>list-background.png</texture>
            </control>
            <control type="list" id="130">
                <animation type="Conditional" condition="Window.IsVisible(DialogProgress.xml)">
                    <effect type="fade" start="100" end="20" time="200"/>
                </animation>
                <posx>85</posx>
                <posy>275</posy>
                <width>475</width>
                <height>250</height>
                <content type="action">
                    <onclick lang="python">
<![CDATA[
if pagination:
	#Cache so that we can restore
	fetcher.cache_window_params(windowId, fetcher.pages)

list = mc.GetActiveWindow().GetList(130)
itemNumber = list.GetFocusedItem()
item = list.GetItem(itemNumber)
player = mc.GetPlayer()
fetcher.track(item)
player.Play(item)
]]>
                    </onclick>
                </content>
                <onleft>-</onleft>
                <onright lang="python">
<![CDATA[
pagination = fetcher.get_pagination()
if pagination:
	#Cache so that we can restore
	fetcher.cache_window_params(windowId, fetcher.pages)
	
#If a video is playing in background go back to fullscreen
player = mc.GetPlayer()
if player.IsPlayingVideo():
    mc.ActivateWindow(12005)
]]>
                </onright>
                <onup>-</onup>
                <ondown lang="python">
<![CDATA[
pagination = fetcher.get_pagination()
still_more_videos  = pagination['hasmore']

if still_more_videos == True:
    activewindow.GetControl(150).SetFocus()
else:
    activewindow.GetControl(140).SetFocus()
]]>
                </ondown>
                <scrolltime>200</scrolltime>
                <pagecontrol>-</pagecontrol>
                <orientation>vertical</orientation>
                <itemlayout width="460" height="28">
                    <control type="image">
                        <visible>Control.IsVisible(105)</visible>
                        <posx>0</posx>
                        <posy>0</posy>
                        <width>460</width>
                        <height>28</height>
                        <texture>list-background.png</texture>
                        <colordiffuse></colordiffuse>
                    </control>
                    <control type="label">
                        <posx>0</posx>
                        <posy>0</posy>
                        <width>460</width>
                        <height>28</height>
                        <font>font28b</font>
                        <align>left</align>
                        <aligny>center</aligny>
                        <label>[UPPERCASE]$INFO[ListItem.Label][/UPPERCASE]</label>
                        <textcolor>FFFFFFFF</textcolor>
                        <selectedcolor>FFFFFFFF</selectedcolor>
                    </control>
                </itemlayout>
                <focusedlayout width="337" height="28">
                    <control type="image">
                        <posx>0</posx>
                        <posy>0</posy>
                        <width>460</width>
                        <height>28</height>
                        <texture>list-item-selected.png</texture>
                        <colordiffuse></colordiffuse>
                    </control>
                    <control type="label">
                        <visible>true</visible>
                        <posx>0</posx>
                        <posy>0</posy>
                        <width>460</width>
                        <height>28</height>
                        <font>font28b</font>
                        <align>left</align>
                        <aligny>center</aligny>
                        <label>[UPPERCASE]$INFO[ListItem.Label][/UPPERCASE]</label>
                        <textcolor>FFFFFFFF</textcolor>
                        <selectedcolor>FFFFFFFF</selectedcolor>
                        <scroll>true</scroll>
                        <scrollspeed>30</scrollspeed>
                    </control>
                </focusedlayout>
                <content type="url" url=""></content>
            </control>
        </control>
        <control type="group">
            <control type="button" id="140">
                <description>Moves to previous page of content</description>
                <posx>30</posx>
                <posy>550</posy>
                <width>100</width>
                <height>100</height>
                <visible>false</visible>
                <colordiffuse>-</colordiffuse>
                <texturefocus>prev.png</texturefocus>
                <texturenofocus>prev.png</texturenofocus>
                <label>PREV</label>
                <font>font14</font>
                <textcolor>FFFFFFFF</textcolor>
                <focusedcolor>FF636466</focusedcolor>
                <align>left</align>
                <aligny>center</aligny>
                <textoffsetx>35</textoffsetx>
                <textoffsety>-</textoffsety>
                <onfocus>-</onfocus>
                <onup>130</onup>
                <ondown>-</ondown>
                <onleft>-</onleft>
                <onright>150</onright>
                <onclick lang="python">
<![CDATA[
mc.ShowDialogWait()
searchResults = fetcher.prev(searchString, True)
if (searchResults != False):
	render(fetcher)
mc.HideDialogWait()
]]>
                </onclick>
            </control>
            <control type="button" id="150">
                <visible>Control.IsVisible(105)</visible>
                <description>Moves to next page of content</description>
                <posx>520</posx>
                <posy>550</posy>
                <width>100</width>
                <height>100</height>
                <visible>true</visible>
                <colordiffuse>-</colordiffuse>
                <texturefocus>next.png</texturefocus>
                <texturenofocus>next.png</texturenofocus>
                <label>NEXT</label>
                <font>font14</font>
                <textcolor>FFFFFFFF</textcolor>
                <focusedcolor>FF636466</focusedcolor>
                <align>left</align>
                <aligny>center</aligny>
                <textoffsetx>30</textoffsetx>
                <textoffsety>-</textoffsety>
                <onfocus>-</onfocus>
                <onup>130</onup>
                <ondown>-</ondown>
                <onleft>140</onleft>
                <onright>-</onright>
                <onclick lang="python">
<![CDATA[
mc.ShowDialogWait()
searchResults = fetcher.next(searchString, True)
if (searchResults != False):
	render(fetcher)
mc.HideDialogWait()
]]>
                </onclick>
            </control>
        </control>
    </controls>
</window>
