<?xml version="1.0"?>
<window type="window" id="14002">
   <defaultcontrol always="true">320</defaultcontrol>
   <allowoverlay>no</allowoverlay>
    <onload lang="python">
        <![CDATA[
import app
]]>
    </onload>
   <controls>
      <control type="group">
         <animation type="WindowOpen">
            <effect type="fade" start="0" end="100" time="200" />
         </animation>

         <control type="image">
            <posy>151</posy>
            <width>1280</width>
            <height>720</height>
            <texture>background_720.png</texture>
         </control>

        <control type="image">
            <description>header background</description>
            <posy>0</posy>
            <posx>0</posx>
            <width>1280</width>
            <height>150</height>
            <texture>new_header.png</texture>
        </control>

        <control type="image">
            <description>hellfire_logo</description>
            <posy>20</posy>
            <posx>20</posx>
            <width>315</width>
            <height>100</height>
            <texture>hellfirecomms_logo.png</texture>
        </control>

        <control type="group">
            <description>Playthrough Header</description>
            <posx>400</posx>
            <posy>50</posy>

            <control type="label" id="300">
                <width>800</width>
                <font>font36b</font>
                <textcolor>FFFF9900</textcolor>
                <label></label>
            </control>
        </control>

         <control type="group">
            <description>main panel</description>
            <posy>171</posy>

            <control type="group" id="301">
                <description>extra info panel</description>
                <posy>10</posy>
                <posx>750</posx>

                <control type="image">
                    <width>520</width>
                    <height>530</height>
                    <texture>extra_info_bg.png</texture>
                </control>

                <control type="image">
                    <posy>10</posy>
                    <posx>10</posx>               
                    <width>500</width>
                    <height>510</height>
                    <texture>extra_info_front.png</texture>
                </control>

                <control type="image">
                   <posy>20</posy>
                   <posx>30</posx>
                   <width>355</width>
                   <height>200</height>
                   <info>Container(320).Listitem.thumb</info>
                </control>

                <control type="label">
                   <posy>230</posy>
                   <posx>30</posx>
                   <width>480</width>
                   <height>50</height>
                   <label>Runtime: $INFO[Container(320).Listitem.duration]</label>
                </control>

                <control type="label">
                   <posy>270</posy>
                   <posx>30</posx>
                   <width>480</width>
                   <height>170</height>
                   <info>Container(320).Listitem.property(description)</info>
                   <wrapmultiline>true</wrapmultiline>
                </control>
            </control>

            <control type="group">
                <description>content panel</description>
                <posx>20</posx>
                <posy>10</posy>

                <control type="image">
                   <width>700</width>
                   <height>530</height>
                   <texture>item_list_bg.png</texture>
                </control>
             
                <control type="image">
                   <posx>10</posx>
                   <posy>10</posy>
                   <width>680</width>
                   <height>510</height>
                   <texture>item_list_front.png</texture>
                </control>
   
                <control type="list" id="320">
                    <posy>15</posy>
                    <posx>20</posx>
                    <width>680</width>
                    <height>480</height>
                    <scrolltime>200</scrolltime>
                    <orientation>vertical</orientation>

                    <itemlayout width="680" height="40">
                        <control type="label">
                            <posx>10</posx>
                            <width>650</width>
                            <height>40</height>
                            <font>font23</font>
                            <aligny>center</aligny>
                            <label>$INFO[ListItem.property(short_title)]</label>
                            <textcolor>AAFF9900</textcolor>
                        </control>
                    </itemlayout>
                    <focusedlayout width="680" height="40">
                        <control type="label">
                            <posx>10</posx>
                            <width>650</width>
                            <height>40</height>
                            <font>font23</font>
                            <aligny>center</aligny>
                            <label>$INFO[ListItem.property(short_title)]</label>
                            <textcolor>AACCCCCC</textcolor>
                            <scroll>true</scroll>
                        </control>
                    </focusedlayout>
                    <content type="url" url="">
                    </content>
                </control>
            </control>
         </control>

      </control>
   </controls>
</window>
