<app>
  <id>nhlgc</id>
  <name>NHL GameCenter</name>
  <version>2.7</version>
  <description>Access the most up-to-date league news and standings with NHL GameCenter. Or upgrade your experience with a subscription to NHL GameCenter LIVE and start watching live games and on-demand replays.</description>
  <thumb>http://dir.boxee.tv/apps/nhl/thumb.png</thumb>
  <repository>http://dir.boxee.tv/apps</repository>
  <media>video</media>
  <copyright>Boxee</copyright>
  <email>support@boxee.tv</email>
  <type>skin</type>
  <startWindow>start</startWindow>
  <platform>dlink.dsm380,intel.ce4100</platform>
  <minversion>1.2.0</minversion>
</app>