<app>
    <id>twittv</id>
    <name>TWiT</name>
    <version>1.7</version>
    <description>TWiT is a technology netcast network named after its flagship netcast, this WEEK in TECH. Join Leo Laporte and friends for non-stop technology news and conversations.</description>
    <thumb>http://breedingbits.com/twit/boxee/TWiTThumb.png</thumb>
    <media>video</media>
    <copyright>Bohdan Tomanek</copyright>
    <email>emerysteele@emerysteele.com</email>
    <type>skin</type>
    <platform>all</platform>
    <minversion>1.2</minversion>
    <startWindow>14000</startWindow>
    <repository>http://dir.boxee.tv/apps</repository>
</app>