<app>
  <id>sc2casts</id>
  <name>SC2Casts</name>
  <version>1.01</version>
  <description>SC2Casts.com</description>
  <thumb>https://www.gstatic.com/android/market/com.sc2castspro.android/hi-124-5</thumb>
  <repository>http://dir.boxee.tv/apps</repository>
  <media>video</media>
  <copyright>mike.horgan@gmail.com</copyright>
  <email>mike.horgan@gmail.com</email>
  <type>skin</type>
  <!-- startWindow>14000</startWindow -->
  <startWindow>start</startWindow>
  <platform>all</platform>
  <minversion>0.9.21</minversion>
  <!-- test-app>true</test-app -->
</app>
