<app>
	<id>italianfood</id>
  	<name>Italian Food</name>
  	<version>1.0</version>
  	<description>Italian Food by ifood.tv brings over 4,000 food videos on Italian cooking to match your taste. Enjoy recipes for Italian Pizza, Pasta, Bruschetta, Canoli, Lasagna, Desserts, Drinks, Kids, Healthy, Easy, Vegetarian and other foods you will love.Learn cooking delicious Italian.</description>
  	<thumb>http://thumbs.ifood.tv/files/images/iptv/italian/boxee/italian.png</thumb>
  	<platform>all</platform>
	<copyright>Future Today Inc</copyright>
	<type>skin</type>
	<media>video</media>
  	<email>Admin@ifood.tv</email>
  	<startWindow>14000</startWindow>
  	<minversion>0.9.11</minversion>
  	<repository>http://dir.boxee.tv/apps</repository>
</app>
