<?xml version="1.0" encoding="UTF-8"?>
<window type="window" id="14000">
	<defaultcontrol always="true">200</defaultcontrol>
	<allowoverlay>yes</allowoverlay>
	<controls>
		
		<control type="group" id="9000">
			<description>Dummy grouping for navigation from the 'Now Playing' control</description>
			<posx>0</posx>
			<posy>0</posy>
			<width>1280</width>
			<height>720</height>

			<control type="image">
				<description>Background</description>
				<posx>0</posx>
				<posy>0</posy>
				<width>1280</width>
				<height>720</height>
				<texture>background.png</texture>
			</control>
				
			<control type="image">
				<description>Channel Logo</description>
				<posx>40</posx>
				<posy>25</posy>
				<width>200</width>
				<height>100</height>				
				<texture>channel-logo.png</texture>
				<aspectratio align="left" valign="top">keep</aspectratio>
			</control>
			
			<control type="label">
				<description>Channel Title</description>
				<posx>160</posx>
				<posy>70</posy>
				<width>350</width>
				<height>100</height>
				<align>left</align>
				<aligny>bottom</aligny>
				<label>Filmomentum</label>
				<haspath>false</haspath>
				<font>font48</font>
				<textcolor>white</textcolor>
				<visible>false</visible>
			</control>
				
			<control type="panel" id="200">
				<description>Video List</description>
				<posx>60</posx>
				<posy>180</posy>
				<width>1170</width>
				<height>610</height>
				<animation type="Conditional" condition="Window.IsVisible(DialogProgress.xml)">
					<effect type="fade" start="100" end="40" time="200"/>
				</animation>
				<include>BrowseListAnimation</include>
				<onup>6000</onup>
				<ondown>-</ondown>
				<onleft>-</onleft>
				<onright>-</onright>
				<scrolltime>500</scrolltime>
				<pagecontrol>201</pagecontrol>
				<orientation>horizontal</orientation>
				
				<itemlayout height="270" width="350">
				
					<control type="image">
						<description>Video artwork</description>
						<visible>!IsEmpty(ListItem.Thumb)</visible>
						<posx>0</posx>
						<posy>0</posy>
						<width>255</width>
						<height>190</height>
						<animation effect="fade" end="80" time="0" condition="true">Conditional</animation>
						<texture>$INFO[ListItem.Thumb]</texture>
						<aspectratio scalediffuse="false">scale</aspectratio>
					</control>
						 
					<control type="label">
						<description>Video title</description>
						<posx>10</posx>
						<posy>190</posy>
						<width>190</width>
						<height>22</height>
						<animation effect="fade" end="80" time="0" condition="true">Conditional</animation>
						<label>$INFO[ListItem.label]</label>
						<font>font20</font>
						<align>left</align>
						<textcolor>white</textcolor>
						<wrapmultiline>false</wrapmultiline>
					</control>
					
					<!-- 
					<control type="image">
						<description>Missing thumbnail</description>
						<visible>IsEmpty(ListItem.Thumb)</visible>
						<posx>0</posx>
						<posy>0</posy>
						<width>150</width>
						<height>150</height>
						<animation effect="fade" end="80" time="0" condition="true">Conditional</animation>
						<texture>masks/default_video.png</texture>
						<aspectratio scalediffuse="false">scale</aspectratio>
					</control>
			 -->

				
				</itemlayout>
				
				<focusedlayout height="270" width="350">
				
					<control type="image">
						<description>Video artwork selected</description>
						<posx>0</posx>
						<posy>0</posy>
						<width>255</width>
						<height>190</height>				
						<visible>!IsEmpty(ListItem.Thumb)</visible>
						<texture>$INFO[ListItem.Thumb]</texture>
						<aspectratio scalediffuse="false">scale</aspectratio>
						<bordertexture>highlight.png</bordertexture>
	        			<bordersize>4</bordersize>
						<animation type="Focus">
							<effect type="fade" start="80" end="100" time="100" delay="0"/>
							<effect type="zoom" start="100,100" end="120,120" time="200" delay="0" center="auto" tween="cubic" easing="out"/>
						</animation>
					</control>

					<control type="label">
						<description>Video title selected</description>
						<posx>0</posx>
						<posy>210</posy>
						<width>255</width>
						<height>18</height>
						<label>$INFO[ListItem.label]</label>
						<font>font20</font>
						<align>left</align>
						<textcolor>white</textcolor>
						<wrapmultiline>false</wrapmultiline>
						<scroll>true</scroll>
						<animation type="Focus">
							<effect type="fade" start="80" end="100" time="100" delay="0"/>
							<effect type="zoom" start="100,100" end="112,112" time="200" delay="0" center="auto" tween="cubic" easing="out"/>
						</animation>
					</control>
					
			<!-- 
					<control type="image">
						<description>Missing thumbnail selected</description>
						<posx>0</posx>
						<posy>0</posy>
						<width>170</width>
						<height>170</height>
						<visible>IsEmpty(ListItem.Thumb)</visible>
						<animation type="Focus">
							<effect type="fade" start="80" end="100" time="100" delay="0"/>
							<effect type="zoom" start="100,100" end="112,112" time="200" delay="0" center="auto" tween="cubic" easing="out"/>
						</animation>
						<texture>masks/default_video.png</texture>
						<aspectratio scalediffuse="false">scale</aspectratio>
						<bordertexture>highlight.png</bordertexture>
	        			<bordersize>6</bordersize>
					</control>
				 -->	
	
				</focusedlayout>
				<content type="url" url="http://worldtv.com/filmomentum_tv/rss/boxee">
				</content>
			</control>
	
			<control type="scrollbar" id="201">
				<posx>30</posx>
				<posy>690</posy>
				<width>1200</width>
				<height>25</height>
				<texturesliderbackground border="14">scrollbar_bg.png</texturesliderbackground>
				<textureslidernib>-</textureslidernib>
				<textureslidernibfocus>-</textureslidernibfocus>
				<texturesliderbar diffuse="nofocus.png" border="14">scrollbar_slider.png</texturesliderbar>
				<texturesliderbarfocus diffuse="nofocus.png" border="14">scrollbar_slider.png</texturesliderbarfocus>
				<orientation>horizontal</orientation>
				<showonepage>false</showonepage>
			</control>
			
		</control>

	</controls>
</window>