<app>
	<id>valleygirl</id>
	<name>Valley Girl TV</name>
	<version>2.14</version>
	<description>The Valley Girl chats with the tech entrepreneurs shaping the 21st century</description>
	<thumb>http://csassets.mediafly.com/bdf1e562ef1a456d8c93ac5e2990328a/appThumb-200x200.png</thumb>
	<repository>http://dir.boxee.tv/apps</repository>
	<media>video</media>
	<copyright>Mediafly</copyright>
	<author>Mike McMullin</author>
	<email>support@mediafly.com</email>
	<type>skin</type>
	<startWindow>Launch</startWindow>
	<platform>all</platform>
	<minversion>0.9.22</minversion>
</app>
