<?xml version="1.0" encoding="utf-8" ?>
<app>
  <id>day9tv</id>
  <name>Starcraft Day[9] Netcast</name>
  <version>1.4</version>
  <description>Professional StarCraft player, shoutcaster, and stand-up comedian Sean Day[9] Plott offers his own whimsical mix of strategy, analysis, humor and life instruction 5 days a week on his live internet television show focused on video games.</description>
  <thumb>http://dl.dropbox.com/u/11521772/day9logonew.png</thumb>
  <media>video</media>
  <copyright>GPL</copyright>
  <email>maurice@mauricekroes.com</email>
  <type>skin</type>
  <platform>all</platform>
  <minversion>0.9.11</minversion>
  <startWindow>14000</startWindow>
  <repository>http://dir.boxee.tv/apps</repository>
</app>