<?xml version="1.0"?>
<window type="window" id="14000">
	<defaultcontrol>140</defaultcontrol>
	<allowoverlay>no</allowoverlay>
	<controls>
		<control type="group">
			<control type="list" id="140">
				<width>1280</width>
				<height>720</height>
				<viewtype>list</viewtype>
				<orientation>horizontal</orientation>
				<scrolltime>0</scrolltime>
				<itemlayout width="1280" height="720"></itemlayout>
				<preloaditems>5</preloaditems>
				<focusedlayout width="1280" height="720">
					<description>Use 2 largeimage containers and switch between them, since 'aspectratio' can't be dynamic</description>
					<control type="largeimage">
						<animation type="Focus">
							<effect type="fade" start="0" end="100" time="400" delay="0" />
						</animation>
						<width>1280</width>
						<height>720</height>
						<texture>$INFO[ListItem.property(Image0)]</texture>
						<aspectratio>scale</aspectratio>
						<visible>StringCompare(ListItem.property(custom:ratio),scale)</visible>
					</control>
					<control type="largeimage">
						<animation type="Focus">
							<effect type="fade" start="0" end="100" time="400" delay="0" />
						</animation>
						<width>1280</width>
						<height>720</height>
						<texture>$INFO[ListItem.property(Image0)]</texture>
						<aspectratio>keep</aspectratio>
						<visible>StringCompare(ListItem.property(custom:ratio),keep)</visible>
					</control>
					<control type="group">
						<visible>Control.IsVisible(150)</visible>
						<control type="image">
							<posx>0</posx>
							<posy>610</posy>
							<width>1280</width>
							<height>110</height>
							<texture>caption-bg.png</texture>
							<aspectratio>keep</aspectratio>
						</control>
						<control type="label">
							<description>Title</description>
							<posx>30</posx>
							<posy>620</posy>
							<width>1220</width>
							<height>30</height>
							<font>font24b</font>
							<textcolor>white</textcolor>
							<shadowcolor>black</shadowcolor>
							<align>left</align>
							<aligny>top</aligny>
							<label>$INFO[ListItem.Label]</label>
						</control>
						<control type="label">
							<description>Image counter and days ago</description>
							<posx>1250</posx>
							<posy>620</posy>
							<width>600</width>
							<height>30</height>
							<font>font17</font>
							<textcolor>white</textcolor>
							<shadowcolor>black</shadowcolor>
							<align>right</align>
							<aligny>center</aligny>
							<label>$INFO[ListItem.property(custom:counter)]</label>
						</control>
						<control type="label">
							<description>Description</description>
							<posx>30</posx>
							<posy>655</posy>
							<width>1220</width>
							<height>60</height>
							<font>font20</font>
							<textcolor>white</textcolor>
							<shadowcolor>black</shadowcolor>
							<align>left</align>
							<aligny>top</aligny>
							<wrapmultiline>true</wrapmultiline>
							<scroll>true</scroll>
							<label>$INFO[ListItem.property(Description)]</label>
						</control>
					</control>
				</focusedlayout>
				<content type="action">
					<onclick lang="python"><![CDATA[
# Toggle the caption using a dummy element to get it to work
control = mc.GetWindow(14000).GetControl(150)
control.SetVisible( not control.IsVisible() )
]]>					</onclick>
				</content>
			</control>
			<control type="label" id="150">
				<description>Dummy element</description>
				<label>-</label>
			</control>
		</control>
	</controls>
</window>