<app>
  <id>giantbomb</id>
  <name>Giant Bomb</name>
  <version>2.2</version>
  <description>Giant Bomb is a video game enthusiast site with a sense of humor. Watch Jeff Gerstmann and crew in thousands of original game videos, reviews and previews.</description>
  <thumb>http://media.giantbomb.com/media/devices/boxee.png</thumb>
  <repository>http://dir.boxee.tv/apps</repository>
  <media>video</media>
  <copyright>whiskey Media</copyright>
  <email>boxee@whiskeymedia.com</email>
  <type>skin</type>
  <startWindow>start</startWindow>
  <platform>all</platform>
  <minversion>0.9.21</minversion>
</app>