<app>
  <id>blackpooltv</id>
  <name>Blackpool TV</name>
  <version>1.3</version>
  <description>Welcome to Blackpool TV. A look at life in the iconic British seaside town of Blackpool.</description>
  <thumb>http://x.worldtv.com/apps/blackpooltv/thumb.png</thumb>
  <media>video</media>
  <author>Great Boxee</author>
  <copyright>Dan Braid</copyright>
  <repository>http://dir.boxee.tv/apps</repository>
  <email>tvblackpool@hotmail.com</email>
  <type>skin</type>
  <startWindow>14000</startWindow>
  <platform>all</platform>
  <minversion>0.9.20</minversion>
</app>