<?xml version="1.0"?>
<window type="window" id="14000">
	<defaultcontrol always="true">1001</defaultcontrol>
	<allowoverlay>yes</allowoverlay>
	<onload lang="python">
<![CDATA[
import livestream
import mc

player = mc.GetPlayer()
config = mc.GetApp().GetLocalConfig()

if player.IsPlaying():
	item = player.GetPlayingItem()
	if item.GetProviderSource() != 'NLL Network':
		player.Stop()
else:
	config.SetValue('fullscreen', 'no')

list = mc.GetActiveWindow().GetList(1001)
items = list.GetItems()

if len(items) == 0:
	api = livestream.Livestream()
	publisher = livestream.Publisher(14000)
	
	mc.ShowDialogWait()
	games = api.getGames()
	if games:
		publisher.publishGamesToList(1001, games)
		publisher.publishChannelsToList(2001)
	visible = mc.GetWindow(14000).GetList(4001)
	visList = mc.ListItems()
	item = mc.ListItem(mc.ListItem.MEDIA_UNKNOWN)
	item.SetLabel('Channels')
	visList.append(item)
	visible.SetItems(visList)
	visible.SetFocusedItem(0)
	mc.HideDialogWait()
else:
	list.SetFocusedItem(int(config.GetValue("focusedGame")))
]]>
	</onload>
	<controls>
		<control type="image">
			<width>1280</width>
			<height>720</height>
			<texture>nll_bg.png</texture>
		</control>
		
		<!-- <control type="image">
			<width>1280</width>
			<height>720</height>
			<texture>debuggrid.png</texture>
		</control> -->

		<control type="videowindow">
			<visible>Player.HasVideo + stringcompare(App.String(fullscreen),yes)</visible>
			<posx>0</posx>
			<posy>0</posy>
			<width>1280</width>
			<height>720</height>
		</control>
		<control type="group" id="1000">
			<visible>!Container(1001).IsEmpty</visible>
			<animation effect="slide" start="-499,0" end="0,0" time="500" tween="cubic">VisibleChange</animation>
			<posx>0</posx>
			<posy>101</posy>
			<width>499</width>
			<height>619</height>
			<control type="image">
				<posx>0</posx>
				<posy>0</posy>
				<width>499</width>
				<height>619</height>
				<texture>nll_games_panel_bg.png</texture>
			</control>
			<control type="label">
				<posx>15</posx>
				<posy>15</posy>
				<width>200</width>
				<height>30</height>
				<font>font24</font>
				<aligny>top</aligny>
				<align>left</align>
				<textcolor>white</textcolor>
				<label>[B]Games[/B]</label>
			</control>
			<control type="list" id="1001">
				<posx>10</posx>
				<posy>59</posy>
				<width>452</width>
				<height>542</height>
				<orientation>vertical</orientation>
				<scrolltime>250</scrolltime>
				<pagecontrol>1002</pagecontrol>
				<onleft lang="python">
<![CDATA[
control = mc.GetActiveWindow().GetControl(2000)
if (player.IsPlaying() or player.IsPaused()) and config.GetValue('fullscreen') == 'yes':
	mc.GetApp().ActivateWindow(12005, mc.Parameters())
elif control.IsVisible():
	mc.GetActiveWindow().GetList(2001).SetFocus()
else:
	mc.GetActiveWindow().GetList(3001).SetFocus()
]]>
				</onleft>
				<onright lang="python">
<![CDATA[
control = mc.GetActiveWindow().GetControl(2000)
if (player.IsPlaying() or player.IsPaused()) and config.GetValue('fullscreen') == 'yes':
	config.SetValue('fullscreen', 'yes')
	mc.GetApp().ActivateWindow(12005, mc.Parameters())
elif control.IsVisible():
	mc.GetActiveWindow().GetList(2001).SetFocus()
else:
	mc.GetActiveWindow().GetList(3001).SetFocus()
]]>
				</onright>
				<itemlayout width="452" height="138">
					<control type="image">
						<posx>0</posx>
						<posy>0</posy>
						<width>452</width>
						<height>128</height>
						<texture>nll_game_item_bg.png</texture>
					</control>
					<control type="image">
						<posx>156</posx>
						<posy>15</posy>
						<width>50</width>
						<height>50</height>
						<texture>$INFO[ListItem.property(custom:away_team_logo)]</texture>
					</control>
					<control type="image">
						<posx>246</posx>
						<posy>15</posy>
						<width>50</width>
						<height>50</height>
						<texture>$INFO[ListItem.property(custom:home_team_logo)]</texture>
					</control>
					<control type="label">
						<posx>16</posx>
						<posy>89</posy>
						<width>452</width>
						<height>20</height>
						<font>font17</font>
						<align>left</align>
						<textcolor>white</textcolor>
						<shadowcolor>black</shadowcolor>
						<label>[B]$INFO[ListItem.property(custom:date_time)][/B]</label>
					</control>
					<control type="label">
						<posx>144</posx>
						<posy>14</posy>
						<width>452</width>
						<height>70</height>
						<font>font20</font>
						<aligny>top</aligny>
						<align>right</align>
						<textcolor>white</textcolor>
						<label>[B]$INFO[ListItem.property(custom:away_team)][/B]</label>
					</control>
					<control type="label">
						<posx>308</posx>
						<posy>14</posy>
						<width>452</width>
						<height>70</height>
						<font>font20</font>
						<aligny>top</aligny>
						<align>left</align>
						<textcolor>white</textcolor>
						<label>[B]$INFO[ListItem.property(custom:home_team)][/B]</label>
					</control>
					<control type="label">
						<posx>216</posx>
						<posy>22</posy>
						<width>20</width>
						<height>30</height>
						<font>font22</font>
						<aligny>top</aligny>
						<align>left</align>
						<textcolor>white</textcolor>
						<label>@</label>
					</control>
					<control type="label">
						<posx>367</posx>
						<posy>83</posy>
						<width>146</width>
						<height>30</height>
						<font>font17</font>
						<aligny>center</aligny>
						<align>center</align>
						<textcolor>white</textcolor>
						<shadowcolor>black</shadowcolor>
						<label>[B]$INFO[ListItem.property(custom:action)][/B]</label>
					</control>
				</itemlayout>
				<focusedlayout width="452" height="138">
					<control type="image">
						<visible>!Control.HasFocus(1001)</visible>
						<posx>0</posx>
						<posy>0</posy>
						<width>452</width>
						<height>128</height>
						<texture>nll_game_item_bg.png</texture>
					</control>
					<control type="image">
						<visible>Control.HasFocus(1001)</visible>
						<posx>0</posx>
						<posy>0</posy>
						<width>452</width>
						<height>128</height>
						<texture>nll_game_item_hover_bg.png</texture>
					</control>
					<control type="image">
						<posx>156</posx>
						<posy>15</posy>
						<width>50</width>
						<height>50</height>
						<texture>$INFO[ListItem.property(custom:away_team_logo)]</texture>
					</control>
					<control type="image">
						<posx>246</posx>
						<posy>15</posy>
						<width>50</width>
						<height>50</height>
						<texture>$INFO[ListItem.property(custom:home_team_logo)]</texture>
					</control>
					<control type="label">
						<posx>16</posx>
						<posy>89</posy>
						<width>452</width>
						<height>20</height>
						<font>font17</font>
						<aligny>left</aligny>
						<align>left</align>
						<textcolor>white</textcolor>
						<shadowcolor>black</shadowcolor>
						<label>[B]$INFO[ListItem.property(custom:date_time)][/B]</label>
					</control>
					<control type="label">
						<posx>144</posx>
						<posy>14</posy>
						<width>452</width>
						<height>70</height>
						<font>font20</font>
						<aligny>top</aligny>
						<align>right</align>
						<textcolor>white</textcolor>
						<label>[B]$INFO[ListItem.property(custom:away_team)][/B]</label>
					</control>
					<control type="label">
						<posx>308</posx>
						<posy>14</posy>
						<width>452</width>
						<height>70</height>
						<font>font20</font>
						<aligny>top</aligny>
						<align>left</align>
						<textcolor>white</textcolor>
						<label>[B]$INFO[ListItem.property(custom:home_team)][/B]</label>
					</control>
					<control type="label">
						<posx>216</posx>
						<posy>22</posy>
						<width>20</width>
						<height>30</height>
						<font>font22</font>
						<aligny>top</aligny>
						<align>left</align>
						<textcolor>white</textcolor>
						<label>@</label>
					</control>
					<control type="label">
						<posx>367</posx>
						<posy>83</posy>
						<width>146</width>
						<height>30</height>
						<font>font17</font>
						<aligny>center</aligny>
						<align>center</align>
						<textcolor>white</textcolor>
						<shadowcolor>black</shadowcolor>
						<label>[B]$INFO[ListItem.property(custom:action)][/B]</label>
					</control>
				</focusedlayout>
				<content type="action">
					<onclick lang="python">
<![CDATA[
list = mc.GetWindow(14000).GetList(1001)
itemNumber = list.GetFocusedItem()
item = list.GetItem(itemNumber)
if item.GetProperty('action') != 'Channel':
	config.SetValue("focusedGame", str(itemNumber))
	config.SetValue('fullscreen', 'yes')
	mc.GetPlayer().Play(item)
else:
	if mc.GetWindow(14000).GetControl(2000).IsVisible():
		mc.GetActiveWindow().PushState()
	mc.ShowDialogWait()
	list = mc.GetWindow(14000).GetList(1001)
	itemNumber = list.GetFocusedItem()
	item = list.GetItem(itemNumber)
	publisher.publishChannelToList(3001, item.GetProperty("channel"))
	config.SetValue("banner", item.GetProperty("banner"))
	config.SetValue("team", '[B]' + item.GetProperty("team") + '[/B]')

	visible = mc.GetWindow(14000).GetList(4001)
	visList = mc.ListItems()
	item = mc.ListItem(mc.ListItem.MEDIA_UNKNOWN)
	item.SetLabel('Videos')
	visList.append(item)
	visible.SetItems(visList)
	visible.SetFocusedItem(0)

	mc.GetActiveWindow().GetControl(3001).SetFocus()
	mc.HideDialogWait()
]]>
					</onclick>
				</content>
			</control>
			<control type="button" id="">
				<description></description>
				<posx></posx>
				<posy></posy>
				<width></width>
				<height></height>
				<visible>true</visible>
				<texturenofocus>.png</texturenofocus>
				<texturefocus>.png</texturefocus>
				<label></label>
				<font></font>
				<textcolor></textcolor>
				<align>left</align>
				<aligny>center</aligny>
				<onup></onup>
				<ondown></ondown>
				<onleft></onleft>
				<onright></onright>
				<onclick lang="python">
			<![CDATA[

			]]>
				</onclick>
			</control>
			<control type="scrollbar" id="1002">
				<posx>470</posx>
				<posy>60</posy>
				<width>11</width>
				<height>539</height>
				<texturesliderbar border="5">nll_games_panel_scrollbar.png</texturesliderbar>
				<texturesliderbackground>nll_games_panel_scrollbar_bg.png</texturesliderbackground>
				<orientation>vertical</orientation>
				<showonepage>true</showonepage>
			</control>
		</control>
		<control type="group" id="2000">
			<visible>!Container(1001).IsEmpty + stringcompare(Container(4001).Listitem.Label,Channels) + !Control.IsVisible(3000)</visible>
			<posx>508</posx>
			<posy>101</posy>
			<width>780</width>
			<height>603</height>
			<control type="label">
				<posx>15</posx>
				<posy>15</posy>
				<width>200</width>
				<height>30</height>
				<font>font24</font>
				<aligny>top</aligny>
				<align>left</align>
				<textcolor>white</textcolor>
				<label>[B]Channels[/B]</label>
			</control>
			<control type="panel" id="2001">
				<posx>0</posx>
				<posy>54</posy>
				<width>780</width>
				<height>560</height>
				<orientation>vertical</orientation>
				<scrolltime>250</scrolltime>
				<onleft>1001</onleft>
				<onright>1001</onright>
				<itemlayout width="390" height="112">
					<control type="image">
						<posx>0</posx>
						<posy>0</posy>
						<width>370</width>
						<height>100</height>
						<texture>nll_channel_item_bg.png</texture>
					</control>
					<control type="image">
						<posx>8</posx>
						<posy>7</posy>
						<width>351</width>
						<height>81</height>
						<texture>$INFO[ListItem.property(custom:banner)]</texture>
					</control>
				</itemlayout>
				<focusedlayout width="390" height="112">
					<control type="image">
						<visible>Control.HasFocus(2001)</visible>
						<posx>0</posx>
						<posy>0</posy>
						<width>370</width>
						<height>100</height>
						<texture>nll_channel_item_bg.png</texture>
					</control>
					<control type="image">
						<posx>8</posx>
						<posy>7</posy>
						<width>351</width>
						<height>81</height>
						<texture>$INFO[ListItem.property(custom:banner)]</texture>
					</control>
					<control type="image">
						<visible>Control.HasFocus(2001)</visible>
						<posx>0</posx>
						<posy>0</posy>
						<width>370</width>
						<height>100</height>
						<texture>nll_channel_item_hover_bg.png</texture>
					</control>
					<control type="label">
						<visible>Control.HasFocus(2001)</visible>
						<posx>185</posx>
						<posy>46</posy>
						<width>298</width>
						<height>35</height>
						<font>font17</font>
						<aligny>center</aligny>
						<align>center</align>
						<textcolor>white</textcolor>
						<shadowcolor>black</shadowcolor>
						<label>[B]$INFO[ListItem.label][/B]</label>
					</control>
				</focusedlayout>
				<content type="action">
					<onclick lang="python">
<![CDATA[
mc.GetActiveWindow().PushState()
mc.ShowDialogWait()
list = mc.GetWindow(14000).GetList(2001)
itemNumber = list.GetFocusedItem()
item = list.GetItem(itemNumber)
publisher.publishChannelToList(3001, item.GetProperty("channel"))
config.SetValue("banner", item.GetProperty("banner"))
config.SetValue("team", '[B]' + item.GetProperty("team") + '[/B]')

visible = mc.GetWindow(14000).GetList(4001)
visList = mc.ListItems()
item = mc.ListItem(mc.ListItem.MEDIA_UNKNOWN)
item.SetLabel('Videos')
visList.append(item)
visible.SetItems(visList)
visible.SetFocusedItem(0)

mc.GetActiveWindow().GetControl(3001).SetFocus()
mc.HideDialogWait()
]]>
					</onclick>
				</content>
			</control>
		</control>
		<control type="group" id="3000">
			<visible>!Container(3001).IsEmpty + stringcompare(Container(4001).Listitem.Label,Videos) + !Control.IsVisible(2000)</visible>
			<posx>508</posx>
			<posy>101</posy>
			<width>760</width>
			<height>619</height>
			<control type="image">
				<posx>0</posx>
				<posy>0</posy>
				<width>760</width>
				<height>100</height>
				<texture border="10,0,10,0">nll_channel_item_bg.png</texture>
			</control>
			<control type="image" id="3002">
				<posx>398</posx>
				<posy>7</posy>
				<width>351</width>
				<height>81</height>
				<info>App.String(banner)</info>
			</control>
			<control type="image">
				<posx>8</posx>
				<posy>7</posy>
				<width>392</width>
				<height>81</height>
				<texture border="2,0,4,0">nll_team_banner_fill.png</texture>
			</control>
			<control type="label" id="3003">
				<posx>115</posx>
				<posy>31</posy>
				<width>400</width>
				<height>30</height>
				<font>font24</font>
				<aligny>top</aligny>
				<align>left</align>
				<textcolor>white</textcolor>
				<info>App.String(team)</info>
			</control>
			<control type="button" id="9000">
			  	<description></description>
			  	<posx>15</posx>
			  	<posy>19</posy>
				<width>99</width>
				<height>57</height>
				<visible>true</visible>
			  	<texturenofocus>nll_back_button.png</texturenofocus>
			  	<texturefocus>nll_back_button_hover.png</texturefocus>
			  	<label>[B]Back[/B]</label>
				<textoffsety>15</textoffsety>
			  	<font>font18</font>
			  	<textcolor>white</textcolor>
			  	<align>center</align>
			  	<aligny>top</aligny>
			  	<onup>5000</onup>
			  	<ondown>3001</ondown>
			  	<onleft>1001</onleft>
			  	<onright>1001</onright>
				<onclick lang="python">
<![CDATA[
mc.GetActiveWindow().PopState()
]]>
				</onclick>
			  </control>
			  
			<control type="panel" id="3001">
				<posx>0</posx>
				<posy>110</posy>
				<width>768</width>
				<height>510</height>
				<orientation>vertical</orientation>
				<scrolltime>250</scrolltime>
				<pagecontrol>3004</pagecontrol>
				<onleft>1001</onleft>
				<onright>1001</onright>
				<onup>9000</onup>
				<itemlayout width="189" height="170">
					<control type="image">
						<visible>!stringcompare(ListItem.property(custom:folder_id),)</visible>
						<posx>0</posx>
						<posy>0</posy>
						<width>192</width>
						<height>163</height>
						<texture>nll_folder_bg.png</texture>
					</control>
					<control type="label">
						<visible>!stringcompare(ListItem.property(custom:folder_id),)</visible>
						<posx>96</posx>
						<posy>113</posy>
						<width>172</width>
						<height>42</height>
						<font>font17</font>
						<aligny>center</aligny>
						<align>center</align>
						<textcolor>white</textcolor>
						<shadowcolor>black</shadowcolor>
						<label>[B]$INFO[ListItem.label][/B]</label>
					</control>
					<control type="image">
						<visible>stringcompare(ListItem.property(custom:folder_id),)</visible>
						<posx>4</posx>
						<posy>4</posy>
						<width>184</width>
						<height>116</height>
						<texture>nll_video_bg.png</texture>
					</control>
					<control type="image">
						<visible>stringcompare(ListItem.property(custom:folder_id),)</visible>
						<posx>9</posx>
						<posy>9</posy>
						<width>171</width>
						<height>102</height>
						<aspectratio>stretch</aspectratio>
						<texture>$INFO[Listitem.Thumb]</texture>
					</control>
					<control type="label">
						<visible>stringcompare(ListItem.property(custom:folder_id),)</visible>
						<posx>94</posx>
						<posy>116</posy>
						<width>161</width>
						<height>42</height>
						<font>font17</font>
						<aligny>center</aligny>
						<align>center</align>
						<textcolor>white</textcolor>
						<shadowcolor>black</shadowcolor>
						<wrapmultiline>true</wrapmultiline>
						<label>[B]$INFO[ListItem.label][/B]</label>
					</control>
				</itemlayout>
				<focusedlayout width="189" height="170">
					<control type="image">
						<visible>!stringcompare(ListItem.property(custom:folder_id),)</visible>
						<posx>0</posx>
						<posy>0</posy>
						<width>192</width>
						<height>163</height>
						<texture>nll_folder_hover_bg.png</texture>
					</control>
					<control type="label">
						<visible>!stringcompare(ListItem.property(custom:folder_id),)</visible>
						<posx>96</posx>
						<posy>113</posy>
						<width>172</width>
						<height>42</height>
						<font>font17</font>
						<aligny>center</aligny>
						<align>center</align>
						<textcolor>white</textcolor>
						<shadowcolor>black</shadowcolor>
						<scroll>true</scroll>
						<label>[B]$INFO[ListItem.label][/B]</label>
					</control>
					<control type="image">
						<visible>stringcompare(ListItem.property(custom:folder_id),)</visible>
						<posx>4</posx>
						<posy>4</posy>
						<width>184</width>
						<height>116</height>
						<texture>nll_video_bg.png</texture>
					</control>
					<control type="image">
						<visible>stringcompare(ListItem.property(custom:folder_id),)</visible>
						<posx>9</posx>
						<posy>9</posy>
						<width>171</width>
						<height>102</height>
						<aspectratio>stretch</aspectratio>
						<texture>$INFO[Listitem.Thumb]</texture>
					</control>
					<control type="label">
						<visible>stringcompare(ListItem.property(custom:folder_id),)</visible>
						<posx>94</posx>
						<posy>116</posy>
						<width>161</width>
						<height>42</height>
						<font>font17</font>
						<aligny>center</aligny>
						<align>center</align>
						<textcolor>white</textcolor>
						<shadowcolor>black</shadowcolor>
						<scroll>true</scroll>
						<label>[B]$INFO[ListItem.label][/B]</label>
					</control>
					<control type="image">
						<visible>stringcompare(ListItem.property(custom:folder_id),)</visible>
						<posx>4</posx>
						<posy>4</posy>
						<width>184</width>
						<height>116</height>
						<texture>nll_video_hover_bg.png</texture>
					</control>
				</focusedlayout>
				<content type="action">
					<onclick lang="python">
<![CDATA[
list = mc.GetWindow(14000).GetList(3001)
itemNumber = list.GetFocusedItem()
item = list.GetItem(itemNumber)
if item.GetContentType() == "application/x-shockwave-flash":
	config.SetValue('fullscreen', 'no')
	mc.GetPlayer().Play(item)
else:
	mc.GetActiveWindow().PushState()
	mc.ShowDialogWait()
	list = mc.GetWindow(14000).GetList(2001)
	itemNumber = list.GetFocusedItem()
	itemChannel = list.GetItem(itemNumber)
	channel = itemChannel.GetProperty("channel")
	folder = item.GetProperty("folder_id")
	publisher.publishChannelToList(3001, channel, folder)
	mc.HideDialogWait()
]]>
					</onclick>
				</content>
			</control>
			<control type="scrollbar" id="3004">
				<posx>756</posx>
				<posy>115</posy>
				<width>11</width>
				<height>490</height>
				<texturesliderbar border="5">nll_games_panel_scrollbar.png</texturesliderbar>
				<texturesliderbackground>nll_games_panel_scrollbar_bg.png</texturesliderbackground>
				<orientation>vertical</orientation>
				<showonepage>false</showonepage>
			</control>
		</control>
		<control type="list" id="4001">
			<posx>1</posx>
			<posy>1</posy>
			<width>1</width>
			<height>1</height>
			<itemlayout width="1" height="1">
			</itemlayout>
			<focusedlayout width="1" height="1">
			</focusedlayout>
		</control>
		<control type="group" id="5000">
			<ondown>1001</ondown>
			<include>Common_Now_Playing</include>
		</control>
	</controls>
</window>
