<app>
    <id>brilaps-khanacademy</id>
    <name>Khan Academy</name>
    <version>1.0</version>
    <description>Watch the videos from Khan Academy - the free classroom for the World.</description>
    <thumb>http://www.veedios.com/images/khanacademy/khanacademy.png</thumb>
    <repository>http://dir.boxee.tv/apps</repository>
    <media>video</media>
    <copyright>Brilaps, LLC</copyright>
    <email>code@brilaps.com</email>
    <type>skin</type>
    <startWindow>14000</startWindow>
    <platform>all</platform>
    <minversion>0.9.11</minversion>
</app>