<app>
  <id>nll</id>
  <name>NLL Network</name>
  <version>1.3</version>
  <description>Get your 24/7 lacrosse fix on the NLL Network with around the clock highlights, interviews and live games.</description>
  <thumb>http://digitalsubways.com/boxee/nll/thumb.png</thumb>
  <repository>http://dir.boxee.tv/apps</repository>
  <media>video</media>
  <copyright>NLL</copyright>
  <email>gdaniel@nll.com</email>
  <type>skin</type>
  <startWindow>14000</startWindow>
  <platform>all</platform>
  <minversion>0.9.30</minversion>
</app>
