<app>
	<id>sho-podcasts</id>
	<name>Showtime Podcasts</name>
	<version>1.72</version>
	<description>Showtime podcasts brings you up close with the cast and creators of Showtime's Original Programming.</description>
	<thumb>http://dir.boxee.tv/apps/sho-podcasts/thumb.png</thumb>
	<repository>http://dir.boxee.tv/apps</repository>
	<media>video</media>
	<copyright>Boxee</copyright>
	<email>support@boxee.tv</email>
	<type>skin</type>
	<startWindow>14000</startWindow>
	<platform>all</platform>
	<minversion>0.9.20</minversion>
</app>
