<?xml version="1.0"?>
   <window type="window" id="14000">
   <defaultcontrol always="true">100</defaultcontrol>
   <allowoverlay>no</allowoverlay>
   <controls>
      <control type="group">
          <control type="image">
             <posx>0</posx>
             <posy>0</posy>
             <width>1280</width>
             <height>720</height>
             <texture>background.png</texture>
          </control>
          <control type="image">
             <animation type="Conditional" condition="Window.IsVisible(DialogProgress.xml)">
	         <effect type="fade" start="100" end="20" time="200"/>
	     </animation>
             <posx>60</posx>
             <posy>230</posy>
             <width>502</width>
             <height>416</height>
             <texture>listbox.png</texture>
         </control>
         <control type="image">
             <animation type="Conditional" condition="Window.IsVisible(DialogProgress.xml)">
	         <effect type="fade" start="100" end="20" time="200"/>
	     </animation>
             <posx>630</posx>
             <posy>255</posy>
             <width>574</width>
             <height>355</height>
             <texture>metadatabox.png</texture>
          </control>
          <control type="list" id="100">
           <animation type="Conditional" condition="Window.IsVisible(DialogProgress.xml)">
	       <effect type="fade" start="100" end="20" time="200"/>
	   </animation>
	   <posx>60</posx>
	   <posy>230</posy>
	   <width>502</width>
	   <height>380</height>
	   <orientation>vertical</orientation>
	   <itemlayout width="502" height="65">
	    <control type="label">
		<posx>0</posx>
		<posy>0</posy>
		<width>502</width>
		<height>65</height>
		<font>font30</font>
		<align>left</align>
		<aligny>center</aligny>
		<label>$INFO[ListItem.Label]</label>
		<textcolor>black</textcolor>
	    </control>
	    </itemlayout>
	    <focusedlayout width="502" height="65">
	       <control type="image">
		   <posx>0</posx>
		   <posy>0</posy>
		   <width>502</width>
		   <height>65</height>
		   <texture>white.png</texture>
		   <colordiffuse>DD171717</colordiffuse>
	       </control>
	       <control type="label">
		   <visible>!Control.HasFocus(100)</visible>
		   <posx>0</posx>
		   <posy>0</posy>
		   <width>502</width>
		   <height>65</height>
		   <font>font30</font>
		   <align>left</align>
		   <aligny>center</aligny>
		   <label>$INFO[ListItem.Label]</label>
		   <textcolor>white</textcolor>
		   <selectedcolor>DD171717</selectedcolor>
	       </control>
	       <control type="label">
		   <visible>Control.HasFocus(100)</visible>   
		   <posx>0</posx>
		   <posy>0</posy>
		   <width>502</width>
		   <height>65</height>
		   <font>font30</font>
		   <align>left</align>
		   <aligny>center</aligny>
		   <label>$INFO[ListItem.Label]</label>
		   <textcolor>white</textcolor>
		   <selectedcolor>DD171717</selectedcolor>
		   <scroll>false</scroll>
		   <scrollspeed>30</scrollspeed>
	       </control>
	    </focusedlayout>
	    <content type="url" url="http://vimeo.com/vobes/videos/rss">
	    </content>
	</control>
        <control type="group">
           <animation type="Conditional" condition="Window.IsVisible(DialogProgress.xml)">
	      <effect type="fade" start="100" end="20" time="200"/>
           </animation>
           <control type="image">
              <visible>true</visible>
              <posx>720</posx>
              <posy>280</posy>
              <width>400</width>
              <height>180</height>
              <texture>$INFO[Container(100).ListItem.Thumb]</texture>
           </control>
           <control type="label">
              <visible>true</visible>
              <posx>635</posx>
              <posy>450</posy>
              <width>560</width>
              <height>150</height>
              <font>light23</font>
              <align>left</align>
              <aligny>center</aligny>
              <label>[B]Description:[/B] $INFO[Container(100).ListItem.property(description)]</label>
              <background>grey</background>
              <textcolor>black</textcolor>
              <wrapmultiline>true</wrapmultiline>
           </control>
         </control>
      </control>
   </controls>
</window>