<app>
  <id>break</id>
  <name>Break</name>
  <version>1.21</version>
  <description>From minor disasters to major injuries to cats falling in toilets, Break rounds up the most popular viral web videos to deliver what's either the funniest set of independent content or the best documentation of the decline of Western civilization on TV.</description>
  <thumb>http://dir.boxee.tv/apps/break/thumb.png</thumb>
  <repository>http://dir.boxee.tv/apps</repository>
  <media>video</media>
  <copyright>Break Media</copyright>
  <email>breakapps@gmail.com</email>
  <type>skin</type>
  <platform>all</platform>
  <startWindow>14005</startWindow>
  <minversion>0.9.20</minversion>
</app>
