<?xml version="1.0"?>
<window type="window" id="14000">
<allowoverlay>no</allowoverlay>
<onload lang="python"><![CDATA[
import time
import utility

thischannel = '19'
mc.GetApp().GetLocalConfig().SetValue("website", "www.bollyverse.com")
image_url = utility.get_banner_from_category(thischannel)


if mc.GetActiveWindow().GetControl(500).IsVisible():
	utility.set_banner_ad(image_url)
	lastitem = int(mc.GetApp().GetLocalConfig().GetValue("lastitem"))
	mc.GetActiveWindow().GetList(302).SetFocusedItem(lastitem)
	mc.GetActiveWindow().GetControl(501).SetFocus()
elif mc.GetActiveWindow().GetControl(200).IsVisible():
	utility.set_banner_ad(image_url)
	lastitem = int(mc.GetApp().GetLocalConfig().GetValue("lastitem"))
	mc.GetActiveWindow().GetList(202).SetFocusedItem(lastitem)
	mc.GetActiveWindow().GetControl(202).SetFocus()
elif mc.GetActiveWindow().GetControl(300).IsVisible():
	utility.set_banner_ad(image_url)
	lastitem = int(mc.GetApp().GetLocalConfig().GetValue("lastitem"))
	mc.GetActiveWindow().GetList(302).SetFocusedItem(lastitem)
	mc.GetActiveWindow().GetControl(302).SetFocus()	
else:
	mc.ShowDialogWait()
	code = mc.GetApp().GetLocalConfig().GetValue("code")
	if code == "":
		code = utility.gencode()
		mc.GetApp().GetLocalConfig().SetValue("code", code)
	listitems = utility.get_listitems_from_category(thischannel)
	mc.HideDialogWait()
	#image = mc.GetActiveWindow().GetImage(101)
	#image.SetTexture(image_url)
	#image = mc.GetActiveWindow().GetImage(201)
	#image.SetTexture(image_url)
	utility.set_banner_ad(image_url)
	mc.GetActiveWindow().GetList(102).SetItems(listitems)
	mc.GetActiveWindow().GetControl(100).SetVisible(True)
	mc.GetActiveWindow().GetControl(102).SetFocus()
]]>
</onload>
<controls>
<control type="image">
	<posx>0</posx>
	<posy>0</posy>
	<width>1280</width>
	<height>720</height>
	<texture>background.png</texture>
</control>
<control type="image">
	<posx>0</posx>
	<posy>0</posy>
	<width>1280</width>
	<height>140</height>
	<texture>banner.png</texture>
</control>
<!-- Category List Section Start-->
<control type="group" id="100">
<visible>false</visible>
<control type="label">
	<posx>390</posx>
	<posy>550</posy>
	<width>500</width>
	<height>30</height>
	<font>font24</font>
	<aligny>center</aligny>
	<selectedcolor>red</selectedcolor>
	<align>center</align>
	<scroll>true</scroll>
	<scrollspeed>20</scrollspeed>
	<!--label>Scroll left or right for more categories.</label-->
	<label>Category $INFO[Container(102).ListItem.Property(custom:posnum)] of $INFO[Container(102).NumItems]</label>
</control>
<control type="largeimage" id="101">
	<posx>276</posx>
	<posy>600</posy>
	<width>728</width>
	<height>90</height>
	<texture></texture>
</control>
<control type="list" id="102">
   <description>Category List Selection</description>
   <posx>17</posx>
   <posy>200</posy>
   <width>1254</width>
   <height>400</height>
   <visible>true</visible>
	<onup lang="python"><![CDATA[
mc.GetActiveWindow().PopState()
]]>
	</onup>
   <ondown>200</ondown>
   <onleft>1</onleft>
   <onright>1</onright>
   <viewtype label="3D list">list</viewtype>
   <orientation>horizontal</orientation>
   <pagecontrol>101</pagecontrol>
   <focusposition>0</focusposition>
   <scrolltime>200</scrolltime>
   <itemlayout width="389" height="30">
      <control type="label">
         <posx>230</posx>
         <posy>0</posy>
         <width>389</width>
         <height>30</height>
         <font>font30</font>
         <aligny>center</aligny>
         <align>center</align>
         <textcolor>grey</textcolor>
         <info>ListItem.Label</info>
      </control>
      <control type="image">
		<posx>135</posx>
		<posy>100</posy>
		<width>200</width>
		<height>200</height>
		<info>ListItem.Icon</info>
		<texture diffuse="mask.png"></texture>
	  </control>
   </itemlayout>
   <focusedlayout width="389" height="30" >
      <control type="label">
         <posx>230</posx>
         <posy>0</posy>
         <width>389</width>
         <height>30</height>
         <font>font34</font>
         <aligny>center</aligny>
         <align>center</align>
         <shadowcolor>black</shadowcolor>
         <info>ListItem.Label</info>
      </control>
      <control type="image">
		<posx>130</posx>
		<posy>100</posy>
		<width>210</width>
		<height>210</height>
		<info>ListItem.Icon</info>
		<texture diffuse="maskfocus.png"></texture>
	  </control>
   </focusedlayout>
   	<content type="action">
	<onclick lang="python"><![CDATA[
mc.GetActiveWindow().PushState()
mc.GetActiveWindow().GetControl(100).SetVisible(False)
mc.ShowDialogWait()
cat = mc.GetActiveWindow().GetList(102).GetFocusedItem()
item = mc.GetActiveWindow().GetList(102).GetItem(cat)
label = item.GetLabel()
print item.GetThumbnail()
print item.GetIcon()
listitems = utility.get_listitems_from_subcategory(thischannel,label)
if len(listitems) == 1:
	#cat2 = mc.GetActiveWindow().GetList(202).GetFocusedItem()
	#item2 = mc.GetActiveWindow().GetList(202).GetItem(cat2)
	label3 = listitems[0].GetLabel()
	label2 = listitems[0].GetProperty("feed")
	listitems = utility.get_listitems_from_feed(label2,thischannel)
	mc.GetActiveWindow().GetControl(200).SetVisible(False)
	mc.GetActiveWindow().GetList(302).SetItems(listitems)
	mc.GetActiveWindow().GetLabel(301).SetLabel(label3)
	mc.HideDialogWait()
	mc.GetActiveWindow().GetControl(300).SetVisible(True)
	mc.GetActiveWindow().GetControl(302).SetFocus()
else:
	mc.GetActiveWindow().GetList(202).SetItems(listitems)
	mc.HideDialogWait()
	mc.GetActiveWindow().GetControl(200).SetVisible(True)
	mc.GetActiveWindow().GetControl(202).SetFocus()
]]>
	</onclick>
	</content>
</control>
</control>
<!-- Category List Section End-->
<!-- SubCategory List Section Start-->
<control type="group" id="200">
<visible>false</visible>
<control type="label">
	<posx>390</posx>
	<posy>550</posy>
	<width>500</width>
	<height>30</height>
	<font>font24</font>
	<aligny>center</aligny>
	<selectedcolor>red</selectedcolor>
	<align>center</align>
	<scroll>true</scroll>
	<scrollspeed>20</scrollspeed>
	<!--label>Scroll left or right for more categories.</label-->
	<label>Category $INFO[Container(202).ListItem.Property(custom:posnum)] of $INFO[Container(202).NumItems]</label>
</control>
<control type="largeimage" id="201">
	<posx>276</posx>
	<posy>600</posy>
	<width>728</width>
	<height>90</height>
	<texture></texture>
</control>
<control type="list" id="202">
   	<description>Category List Selection</description>
    <posx>17</posx>
    <posy>200</posy>
    <width>1254</width>
    <height>400</height>
   	<visible>true</visible>
	<onup lang="python"><![CDATA[
mc.GetActiveWindow().PopState()
]]>
	</onup>
   <ondown>3</ondown>
   <onleft>1</onleft>
   <onright>1</onright>
   <viewtype label="3D list">list</viewtype>
   <orientation>horizontal</orientation>
   <pagecontrol>25</pagecontrol>
   <focusposition>2</focusposition>
   <scrolltime>200</scrolltime>
   <itemlayout width="389" height="30">
      <control type="label">
         <posx>230</posx>
         <posy>0</posy>
         <width>389</width>
         <height>30</height>
         <font>font30</font>
         <aligny>center</aligny>
         <align>center</align>
         <textcolor>grey</textcolor>
         <info>ListItem.Label</info>
      </control>
      <control type="image">
		<posx>135</posx>
		<posy>100</posy>
		<width>200</width>
		<height>200</height>
		<info>ListItem.Icon</info>
		<texture diffuse="mask.png"></texture>
	  </control>
   </itemlayout>
   <focusedlayout width="389" height="30" >
      <control type="label">
         <posx>230</posx>
         <posy>0</posy>
         <width>389</width>
         <height>30</height>
         <font>font34</font>
         <aligny>center</aligny>
         <align>center</align>
         <shadowcolor>black</shadowcolor>
         <info>ListItem.Label</info>
      </control>
      <control type="image">
		<posx>130</posx>
		<posy>95</posy>
		<width>210</width>
		<height>210</height>
		<info>ListItem.Icon</info>
		<texture diffuse="maskfocus.png"></texture>
	  </control>
   </focusedlayout>
   	<content type="action">
	<onclick lang="python"><![CDATA[
mc.GetActiveWindow().PushState()
mc.ShowDialogWait()
cat2 = mc.GetActiveWindow().GetList(202).GetFocusedItem()
item2 = mc.GetActiveWindow().GetList(202).GetItem(cat2)
label3 = item2.GetLabel()
label2 = item2.GetProperty("feed")
listitems = utility.get_listitems_from_feed(label2,thischannel)
mc.GetActiveWindow().GetControl(200).SetVisible(False)
mc.GetActiveWindow().GetList(302).SetItems(listitems)
mc.GetActiveWindow().GetLabel(301).SetLabel(label3)
mc.HideDialogWait()
mc.GetActiveWindow().GetControl(300).SetVisible(True)
mc.GetActiveWindow().GetControl(302).SetFocus()
]]>
	</onclick>
	</content>
</control>
</control>
<!-- SubCategory List Section End-->
<!-- MovieList Section Start -->
<control type="group" id="300">
		<visible>false</visible>
		<control type="label" id="301">
			<posx>490</posx>
			<posy>150</posy>
			<width>300</width>
			<height>30</height>
			<font>font24</font>
			<align>center</align>
			<aligny>center</aligny>
		</control>
		<control type="list" id="302">
			<description>Featured Items</description>
			<posx>13</posx><!--13-->
			<posy>190</posy><!--190-->
			<width>1254</width><!--1254-->
			<height>600</height>
			<visible>true</visible>
			<onup lang="python"><![CDATA[
mc.GetActiveWindow().PopState()
]]>
			</onup>
			<viewtype label="3D List">list</viewtype>
			<orientation>horizontal</orientation>
			<focusposition>2</focusposition>
			<scrolltime>200</scrolltime>
			<preloaditems>5</preloaditems>
			<itemlayout width="234" height="260">
				<control type="image">
					<posx>17</posx>
					<posy>70</posy>
					<width>190</width>
					<height>260</height>
					<texture>$INFO[ListItem.Icon]</texture>
				</control>
				<control type="label">
         			<posx>113</posx>
         			<posy>340</posy>
         			<width>200</width>
         			<height>30</height>
         			<font>font18</font>
         			<aligny>center</aligny>
         			<align>center</align>
         			<shadowcolor>black</shadowcolor>
         			<info>ListItem.Label</info>
      			</control>
			</itemlayout>
			<focusedlayout height="400" width="334">
				<control type="image">
					<posx>17</posx>
					<posy>0</posy>
					<width>290</width>
					<height>400</height>
					<!--<texture diffuse="maskbigfocus.png">white.png</texture>-->
				</control>
				<control type="image">
					<posx>17</posx>
					<posy>0</posy>
					<width>290</width>
					<height>450</height>
					<texture>$INFO[ListItem.Icon]</texture>
				</control>
				<control type="label">
         			<posx>162</posx>
         			<posy>450</posy>
         			<width>300</width>
         			<height>30</height>
         			<font>font24</font>
         			<aligny>center</aligny>
         			<align>center</align>
         			<shadowcolor>black</shadowcolor>
         			<info>ListItem.Label</info>
      			</control>
			</focusedlayout>
			<content type="action">
			<onclick lang="python"><![CDATA[
mc.GetActiveWindow().PushState()
mc.GetActiveWindow().GetControl(300).SetVisible(False)
#mc.GetActiveWindow().GetControl(200).SetVisible(False)
mc.GetActiveWindow().GetControl(500).SetVisible(True)
mc.GetActiveWindow().GetControl(501).SetFocus()
]]>
			</onclick>
			</content>
			</control>
			<!--control type="label">
				<posx>470</posx>
				<posy>603</posy>
				<width>340</width>
				<height>30</height>
				<font>font24</font>
				<aligny>center</aligny>
				<selectedcolor>red</selectedcolor>
				<align>center</align>
				<scroll>true</scroll>
				<scrollspeed>20</scrollspeed>
				<info>Container(302).ListItem.Label</info>
			</control>
			<control type="label">
				<posx>470</posx>
				<posy>640</posy>
				<width>340</width>
				<height>50</height>
				<font>font13</font>
				<aligny>center</aligny>
				<selectedcolor>green</selectedcolor>
				<align>center</align>
				<wrapmultiline>true</wrapmultiline>
				<info>Container(302).ListItem.Property(Description)</info>
			</control-->
		</control>
<!-- MovieList Section End   -->
<!-- screentype: detail start -->
		<control type="group" id="500">
			<visible>false</visible>
			<control type="button" id="501">
				<description>play button</description>
				<posx>518</posx>
				<posy>236</posy>
				<width>552</width>
				<height>40</height>
				<label>Play</label>
				<aligny>center</aligny>
				<align>left</align>
				<textoffsetx>20</textoffsetx>
				<texturefocus>list-focus.png</texturefocus>
				<!--texturenofocus>white.png</texturenofocus-->
				<onclick lang="python"><![CDATA[
n = mc.GetActiveWindow().GetList(302).GetFocusedItem()
item = mc.GetActiveWindow().GetList(302).GetItem(n)
mc.GetApp().GetLocalConfig().SetValue("lastitem", str(n))
pathurl = item.GetPath()
if(str(utility.getregcode(thischannel)) == 'true') or (utility.isfree(pathurl) == 'true'):
	#YUME AD NETWORK
	#yume_url = utility.get_yume_url()
	#yume_data = utility.get_yume_data(yume_url)
	#if(yume_data == 'false'):
	#		print 'false'
	#else:
	#		utility.fetchurl_ext(yume_data['starturl'],{})
	#		yume_item = mc.ListItem(mc.ListItem.MEDIA_VIDEO_CLIP)
	#	yume_item.SetPath(yume_data['video_url'])
	#	yume_player = mc.Player()
	#	yume_player.LockPlayerAction(yume_player.XAPP_PLAYER_ACTION_NEXT)
	#	yume_player.LockPlayerAction(yume_player.XAPP_PLAYER_ACTION_PREV)
	#	yume_player.LockPlayerAction(yume_player.XAPP_PLAYER_ACTION_STOP)
	#	yume_player.Play(yume_item)
	#	time.sleep(int(yume_data['length']))
	#	utility.fetchurl_ext(yume_data['endurl'],{})	
	#END YUME AD NETWORK
	if('m3u8' in pathurl):
		r_url = utility.get_redir_url(pathurl)
		item.SetPath(r_url)
		item.SetContentType('application/vnd.apple.mpegurl')
	mc.Player().Play(item)
	cid =  item.GetProperty("ContentId")
	#utility.playcount(code,cid)
else:
	dialogue = utility.get_register_dialogue(thischannel)
	message = dialogue['message']
	name = dialogue['name']
	mc.ShowDialogOk(name,message+str(utility.getregcode(thischannel)))
]]>
				</onclick>
				<onup lang="python"><![CDATA[
mc.GetActiveWindow().PopState()
]]>
				</onup>
			</control>
			<!--control type="button" id="502">
				<description>Back to Movies</description>
				<label>Back</label>
				<posx>518</posx>
				<posy>286</posy>
				<width>552</width>
				<height>40</height>
				<aligny>center</aligny>
				<align>left</align>
				<textoffsetx>20</textoffsetx>
				<texturefocus>list-focus.png</texturefocus>
				<onclick lang="python"><![CDATA[
mc.GetActiveWindow().PopState()
]]>
				</onclick>
			</control-->
			<!--control type="image">
				<posx>316</posx>
				<posy>194</posy>
				<width>150</width>
				<height>210</height>
				<texture diffuse="maskfocus.png">white.png</texture>
			</control-->
			<control type="image">
				<posx>316</posx>
				<posy>194</posy>
				<width>150</width>
				<height>210</height>
				<texture>$INFO[Container(302).ListItem.Icon]</texture>
			</control>
			<control type="label">
				<posx>518</posx>
				<posy>194</posy>
				<width>552</width>
				<height>30</height>
				<textcolor>white</textcolor>
				<info>Container(302).ListItem.Label</info>
			</control>
			<control type="label">
				<posx>206</posx>
				<posy>630</posy>
				<width>100</width>
				<height>30</height>
				<textcolor>white</textcolor>
				<!--<info>Container(402).ListItem.property(custom:durationformatted)</info>-->
			</control>
			<control type="label">
				<posx>320</posx>
				<posy>630</posy>
				<width>120</width>
				<height>30</height>
				<textcolor>white</textcolor>
				<info>Container(302).ListItem.property(custom:pubdate)</info>
			</control>
			<!--control type="label">
				<posx>752</posx>
				<posy>630</posy>
				<width>318</width>
				<height>30</height>
				<textcolor>white</textcolor>
				<label>Source: $INFO[Container(302).ListItem.property(custom:source)]</label>
			</control-->
			<control type="label">
				<posx>206</posx>
				<posy>442</posy>
				<width>864</width>
				<height>30</height>
				<textcolor>white</textcolor>
				<info>Container(302).ListItem.Label</info>
			</control>
			<control type="label">
				<posx>206</posx>
				<posy>490</posy>
				<width>864</width>
				<height>120</height>
				<textcolor>white</textcolor>
				<wrapmultiline>true</wrapmultiline>
				<info>Container(302).ListItem.Property(description)</info>
			</control>
		</control>
		<!-- screentype: detail end -->

</controls>
</window>