<?xml version="1.0"?>
<window type="window" id="14001">
	<animation type="WindowOpen">
		<effect type="fade" start="0" end="100" time="200" />
	</animation>
	<onload lang="python">
<![CDATA[
APP.music_carousel()
]]>
	</onload>
	<defaultcontrol always="true">131</defaultcontrol>
	<allowoverlay>yes</allowoverlay>
	<controls>
	
		<control type="group">
			<control type="group">
				<description>Background</description>
				<control type="image">
					<posx>0</posx>
					<posy>0</posy>
					<width>1280</width>
					<height>720</height>
					<texture>cdlp_1280x720skin.jpg</texture>
				</control>
			</control>

            <control type="group" id="100">
            	<visible>false</visible>
                <description>Artist Image></description>
                <control type="image">
					<visible>App.HasSetting(showtracks)</visible>
					<posx>406</posx>
					<posy>356</posy>
					<width>782</width>
					<height>42</height>
					<texture>cdlp_782x42_track_list.png</texture>
				</control>
				
				<control type="image" id="411">
					<posx>100</posx>
					<posy>360</posy>
					<width>297</width>
					<height>339</height>
					<texture>cdlp_dimmed_album_bkgd.jpg</texture>
				</control>
			
				<control type="scrollbar" id="450">
					<visible>App.HasSetting(showtracks)</visible>
					<posx>1173</posx>
					<posy>396</posy>
					<width>11</width>
					<height>306</height>
					<texturesliderbarfocus border="8">cdlp_scroll-bit.png</texturesliderbarfocus>
					<textureslidernib>cdlp_scroll-bit.png</textureslidernib>
					<textureslidernibfocus>cdlp_scroll-bit.png</textureslidernibfocus>
					<texturesliderbackground>cdlp_scroll-barsmall.png</texturesliderbackground>
					<orientation>vertical</orientation>
					<showonepage>true</showonepage>
				</control>
				
                <control type="largeimage" id="301">
                	<animation effect="zoom" start="0" end="100" time="400">VisibleChange</animation>
                    <posx>110</posx>
                    <posy>365</posy>
                    <width>280</width>
                    <height>280</height>
                    <texture></texture>
                </control>
                <control type="label" id="110">
                        <posx>110</posx>
                        <posy>645</posy>
                        <width>280</width>
                        <height>61</height>
                        <font>light18</font>
                        <align>left</align>
                        <aligny>top</aligny>
                        <label></label>
                        <wrapmultiline>true</wrapmultiline>
                        <textcolor>white</textcolor>
                </control>
            </control>

			
			<control type="group">
				<animation effect="zoom" start="0" end="100" time="400">VisibleChange</animation>
				<description>Carousel</description>
				
				<control type="wraplist" id="131">
					<preloaditems>true</preloaditems>
					<onup>6000</onup>
					<onleft>7001</onleft>
					<onright>-</onright>
					<ondown>120</ondown>
					<posx>136</posx>
					<posy>96</posy>
					<width>1023</width>
					<height>214</height>
					<scrolltime>200</scrolltime>
					<orientation>horizontal</orientation>
					
					
					
					<itemlayout width="170" height="253">
							<control type="image">
                                    <posx>5</posx>
                                    <posy>10</posy>
                                    <width>155</width>
                                    <height>155</height>
                                    <info>ListItem.Thumb</info>
                            </control>
                            <control type="label">
                                    <posx>80</posx>
                                    <posy>170</posy>
                                    <width>155</width>
                                    <height>24</height>
                                    <font>light18</font>
                                    <align>center</align>
                                    <aligny>top</aligny>
                                    <label>[UPPERCASE]$INFO[ListItem.Label][/UPPERCASE]</label>
                                    <wrapmultiline>true</wrapmultiline>
                                    <textcolor>grey</textcolor>
                            </control>
                            <control type="label">
                                    <posx>80</posx>
                                    <posy>187</posy>
                                    <width>155</width>
                                    <height>24</height>
                                    <font>light18</font>
                                    <align>center</align>
                                    <aligny>top</aligny>
                                    <label>[UPPERCASE]$INFO[ListItem.property(custom:Artist)][/UPPERCASE]</label>
                                    <wrapmultiline>true</wrapmultiline>
                                    <textcolor>grey</textcolor>
                            </control>
                    </itemlayout>
					<focusedlayout width="170" height="253">
							<control type="image">
                                    <posx>0</posx>
                                    <posy>5</posy>
                                    <width>165</width>
                                    <height>165</height>
                                    <texture>cdlp_roundedrect.jpg</texture>
                            </control>
							<control type="image">
                                    <posx>5</posx>
                                    <posy>10</posy>
                                    <width>155</width>
                                    <height>155</height>
                                    <info>ListItem.Thumb</info>
                            </control>
                            <control type="label">
                                    <posx>80</posx>
                                    <posy>170</posy>
                                    <width>155</width>
                                    <height>24</height>
                                    <font>light18</font>
                                    <align>center</align>
                                    <aligny>top</aligny>
                                    <label>[UPPERCASE]$INFO[ListItem.Label][/UPPERCASE]</label>
                                    <wrapmultiline>true</wrapmultiline>
                                    <textcolor>white</textcolor>
                            </control>
                            <control type="label">
                                    <posx>80</posx>
                                    <posy>187</posy>
                                    <width>155</width>
                                    <height>24</height>
                                    <font>light18</font>
                                    <align>center</align>
                                    <aligny>top</aligny>
                                    <label>[UPPERCASE]$INFO[ListItem.property(custom:Artist)][/UPPERCASE]</label>
                                    <wrapmultiline>true</wrapmultiline>
                                    <textcolor>white</textcolor>
                            </control>
                    </focusedlayout>
                    <content type="action">
						<onclick lang="python">
<![CDATA[
APP.music_concert()
]]>
						</onclick>
					</content>
				</control>
				<control type="image">
					<visible>Container(131).HasPrevious</visible>
					<posx>15</posx>
					<posy>180</posy>
					<width>30</width>
					<height>30</height>
					<texture>cdlp_arrow-previous.png</texture>
				</control>
				<control type="image">
					<visible>Container(131).HasNext</visible>
					<posx>1200</posx>
					<posy>180</posy>
					<width>30</width>
					<height>30</height>
					<texture>cdlp_arrow-next.png</texture>
					
				</control>
				
				<control type="label" id="111">
                        <posx>602</posx>
                        <posy>314</posy>
                        <width>80</width>
                        <height>32</height>
                        <font>light18</font>
                        <align>center</align>
                        <aligny>top</aligny>
                        <label></label>
                        <textcolor>white</textcolor>
                    </control>
				
			</control>
			
			
	
			<control type="group" id="300">
			    <visible>App.HasSetting(showtracks)</visible>
				<description>Tracklist</description>

				<control type="list" id="120">
					<onup>131</onup>
					<onleft>131</onleft>
					<onright>131</onright>
					<ondown>-</ondown>
					<posx>410</posx>
					<posy>395</posy>
					<width>800</width>
					<height>314</height>
					<scrolltime>200</scrolltime>
					<pagecontrol>450</pagecontrol>
					<orientation>vertical</orientation>
					
					<itemlayout width="1200" height="35">
							<focusedcolor>black</focusedcolor>
							<control type="image">
								<posx>0</posx>
								<posy>0</posy>
								<width>750</width>
								<height>28</height>
								<texture>cdlp_background-track2.png</texture>
                            </control>
							
                            <control type="label">
								<posx>48</posx>
								<posy>0</posy>
								<width>550</width>
								<height>28</height>
								<font>sans18</font>
								<align>left</align>
								<aligny>center</aligny>
								<label>[UPPERCASE]$INFO[ListItem.Label][/UPPERCASE]</label>
								<textcolor>FFAAAAAA</textcolor>
                            </control>
                            <control type="label">
								<posx>670</posx>
								<posy>0</posy>
								<width>100</width>
								<height>28</height>
								<font>sans18</font>
								<align>right</align>
								<aligny>center</aligny>
								<label>$INFO[ListItem.Duration]</label>
								<textcolor>grey</textcolor>
                            </control>
                    </itemlayout>
					<focusedlayout width="752" height="34">
							<control type="image">
								<visible>!Control.HasFocus(120)</visible>
								<posx>0</posx>
								<posy>0</posy>
								<width>750</width>
								<height>28</height>
								<texture>cdlp_background-track2.png</texture>
                            </control>
							<control type="image">
								<visible>Control.HasFocus(120)</visible>
								<posx>0</posx>
								<posy>0</posy>
								<width>750</width>
								<height>28</height>
								<texture>cdlp_background-trackfocused.png</texture>
                            </control>
							
                            <control type="label">
								<posx>48</posx>
								<posy>0</posy>
								<width>600</width>
								<height>25</height>
								<font>sans18</font>
								<align>left</align>
								<aligny>center</aligny>
								<label>[UPPERCASE]$INFO[ListItem.Label][/UPPERCASE]</label>
								<textcolor>grey</textcolor>
                            </control>
                            <control type="label">
								<posx>670</posx>
								<posy>0</posy>
								<width>100</width>
								<height>25</height>
								<font>sans18</font>
								<align>right</align>
								<aligny>center</aligny>
								<label>$INFO[ListItem.Duration]</label>
								<textcolor>grey</textcolor>
                            </control>
                    </focusedlayout>
                    <content type="action">
						<onclick lang="python">
<![CDATA[
n = mc.GetWindow(14001).GetList(120).GetFocusedItem()
APP.player.PlaySelected(n)
]]>
						</onclick>
					</content>
					
					
					
					
					
				</control>
				
				
				
				<control type="group">
							<visible>true</visible>
							<animation effect="fade" time="200">VisibleChange</animation>
							<posx>973</posx>
							<posy>19</posy>
							<control type="button" id="6000">
								<visible>Player.HasVideo</visible>
								<posx>0</posx>
								<posy>0</posy>
								<width>308</width>
								<height>76</height>
								<onleft>9000</onleft>
								<onright>-</onright>
								<onup>131</onup>
								<ondown>131</ondown>
								<font>title16b</font>
								<align>left</align>
								<aligny>top</aligny>
								<label>[UPPERCASE]$LOCALIZE[52110][/UPPERCASE]</label>
								<textcolor>80000000</textcolor>
								<focusedcolor>black</focusedcolor>
								<textoffsetx>50</textoffsetx>
								<textoffsety>8</textoffsety>
								<texturenofocus>cdlp_arrow_green.png</texturenofocus>
								<texturefocus>cdlp_arrow_green.png</texturefocus>
								<textureclick>cdlp_arrow_green.png</textureclick>
								<onclick>ActivateWindow(FullscreenVideo)</onclick>
								<pulseonselect>no</pulseonselect>
							</control>
							<control type="button" id="6000">
								<visible>Player.HasAudio</visible>
								<posx>0</posx>
								<posy>0</posy>
								<width>216</width>
								<height>58</height>
								<onleft>SetFocus(9000)</onleft>
								<onright>-</onright>
								<onup>9200</onup>
								<ondown>SetFocus(9000)</ondown>
								<font>font12</font>
								<align>left</align>
								<aligny>top</aligny>
								<label>[UPPERCASE]$LOCALIZE[52110][/UPPERCASE]</label>
								<textcolor>80000000</textcolor>
								<focusedcolor>black</focusedcolor>
								<textoffsetx>43</textoffsetx>
								<textoffsety>8</textoffsety>
								<texturenofocus>cdlp_arrow_green.png</texturenofocus>
								<texturefocus>cdlp_arrow_green.png</texturefocus>
								<textureclick>cdlp_arrow_green.png</textureclick>
								<onclick>ActivateWindow(Visualisation)</onclick>
								<pulseonselect>no</pulseonselect>
							</control>
							<control type="fadelabel">
								<visible>!IsEmpty(VideoPlayer.TVShowTitle)</visible>
								<posx>70</posx>
								<posy>42</posy>
								<width>160</width>
								<height>20</height>
								<font>title20b</font>
								<align>left</align>
								<aligny>center</aligny>
								<label>[UPPERCASE]$INFO[VideoPlayer.TVShowTitle][/UPPERCASE]</label>
								<label>[UPPERCASE]$INFO[VideoPlayer.Title][/UPPERCASE]</label>
								<textcolor>black</textcolor>
								<scroll>true</scroll>
								<scrollout>false</scrollout>
								<scrollspeed>40</scrollspeed>
								<pauseatend>4000</pauseatend>
							</control>
							<control type="fadelabel">
								<visible>IsEmpty(VideoPlayer.TVShowTitle)</visible>
								<posx>70</posx>
								<posy>42</posy>
								<width>185</width>
								<height>20</height>
								<font>title20b</font>
								<align>left</align>
								<aligny>center</aligny>
								<label>[UPPERCASE]$INFO[VideoPlayer.Title][/UPPERCASE]</label>
								<textcolor>black</textcolor>
								<scroll>true</scroll>
								<scrollout>false</scrollout>
								<scrollspeed>40</scrollspeed>
								<pauseatend>4000</pauseatend>
							</control>
							<control type="fadelabel">
								<visible>true</visible>
								<posx>43</posx>
								<posy>25</posy>
								<width>165</width>
								<height>20</height>
								<font>font12</font>
								<align>left</align>
								<aligny>center</aligny>
								<label>[UPPERCASE]$INFO[MusicPlayer.Artist][/UPPERCASE]</label>
								<label>[UPPERCASE]$INFO[MusicPlayer.Title][/UPPERCASE]</label>
								<textcolor>black</textcolor>
								<scroll>true</scroll>
								<scrollout>false</scrollout>
								<scrollspeed>40</scrollspeed>
								<pauseatend>4000</pauseatend>
							</control>
							<control type="fadelabel">
								<visible>IsEmpty(MusicPlayer.Artist)</visible>
								<posx>70</posx>
								<posy>42</posy>
								<width>185</width>
								<height>20</height>
								<font>title20b</font>
								<align>left</align>
								<aligny>center</aligny>
								<label>[UPPERCASE]$INFO[MusicPlayer.Title][/UPPERCASE]</label>
								<textcolor>black</textcolor>
								<scroll>true</scroll>
								<scrollout>false</scrollout>
								<scrollspeed>40</scrollspeed>
								<pauseatend>4000</pauseatend>
							</control>
							<control type="label">
								<posx>148</posx>
								<posy>8</posy>
								<width>100</width>
								<height>20</height>
								<font>font12b</font>
								<align>left</align>
								<aligny>right</aligny>
								<label>[UPPERCASE]$INFO[Player.Time][/UPPERCASE]</label>
								<textcolor>black</textcolor>
						</control>
				</control>
				
				
							
				
			</control>
			
			<control type="image">
                <visible>!App.HasSetting(showtracks)</visible>
                <posx>100</posx>
                <posy>360</posy>
                <width>1085</width>
                <height>340</height>
                <texture>cdlp_intro.png</texture>
            </control>
			
		</control>
	</controls>
</window>