<app>
  <id>tested</id>
  <name>Tested</name>
  <version>1.1</version>
  <description>Tested covers all the latest technology--everything from smartphones and tablets to cameras and coffee. But, Tested does more than just tell you what to buy, Will and Norm show you how to get more from the gear you already own.</description>
  <thumb>http://media.tested.com/media/devices/boxee.png</thumb>
  <repository>http://dir.boxee.tv/apps</repository>
  <media>video</media>
  <copyright>whiskey Media</copyright>
  <email>boxee@whiskeymedia.com</email>
  <type>skin</type>
  <startWindow>start</startWindow>
  <platform>all</platform>
  <minversion>0.9.21</minversion>
</app>