<?xml version="1.0"?>
<window type="window" id="14003">
    <defaultcontrol always="true">304</defaultcontrol>
    <backgroundcolor>black</backgroundcolor>
    <onload lang="python">
<![CDATA[
w.setup_asset_page()
]]>
    </onload>
    <controls>
        <control type="group">
            <!-- header -->
            <posx>0</posx>
            <posy>0</posy>
            <animation type="windowOpen">
                <effect type="fade" start="0" end="100" time="500" />
            </animation>
            <control type="image">
                <posx>0</posx>
                <posy>0</posy>
                <width>1280</width>
                <height>125</height>
                <texture>wildtv_grid_overhang_hd.jpg</texture>
                <colordiffuse>66FFFFFF</colordiffuse>
            </control>
        </control>
        <control type="group">
            <posx>10</posx>
            <posy>150</posy>
            <height>500</height>
            <width>1350</width>
            <align>center</align>
            <control type="label" id="301">
                <!-- Episode Title -->
                <posx>435</posx>
                <posy>0</posy>
                <width>890</width>
                <height>240</height>
                <align>center</align>
                <aligny>center</aligny>
                <font>sans30</font>
                <label> </label>
                <wrapmultiline>true</wrapmultiline>
            </control>
            <control type="label" id="305">
                <!-- Previews only -->
                <visible>false</visible>
                <posx>1000</posx>
                <posy>0</posy>
                <width>200</width>
                <height>45</height>
                <font>sans28</font>
                <label>Previews Only</label>
            </control>
            <control type="largeimage" id="302">
                <!-- Keyart Image -->
                <posx>0</posx>
                <posy>0</posy>
                <width>427</width>
                <height>240</height>
                <texture></texture>
                <aspectratio>keep</aspectratio>
            </control>
            <control type="textbox" id="303">
                <!-- Espiode description -->
                <posx>0</posx>
                <posy>250</posy>
                <width>750</width>
                <height>400</height>
                <onright>404</onright>
                <font>sans28</font>
                <label> </label>
            </control>
            <control type="list" id="304">
                <!-- Playback URLs -->
                <posx>800</posx>
                <posy>250</posy>
                <width>450</width>
                <height>400</height>
                <onleft>403</onleft>
                <itemlayout width="450" height="50">
                    <control type="label">
                        <posx>0</posx>
                        <posy>5</posy>
                        <width>450</width>
                        <height>40</height>
                        <align>left</align>
                        <aligny>center</aligny>
                        <font>sans30</font>
                        <backgroundcolor>grey</backgroundcolor>
                        <label>$INFO[ListItem.Property(custom:quality)]</label>
                    </control>
                </itemlayout>
                <focusedlayout width="450" height="50">
                    <control type="label">
                        <posx>0</posx>
                        <posy>5</posy>
                        <width>450</width>
                        <height>40</height>
                        <align>left</align>
                        <aligny>center</aligny>
                        <textcolor>red</textcolor>
                        <backgroundcolor>grey</backgroundcolor>
                        <font>sans30</font>
                        <label>$INFO[ListItem.Property(custom:quality)]</label>
                    </control>
                </focusedlayout>
                <content type="action">
                    <onclick lang="python">
<![CDATA[
window = mc.GetActiveWindow()
listControl = window.GetList(304)
itemnumber = listControl.GetFocusedItem()
item = listControl.GetItem(itemnumber)
w.authorize_asset(item)
]]>
                    </onclick>
                </content>
            </control>
        </control>
    </controls>
</window>