<?xml version="1.0"?>
<window type="window" id="14000">
    <defaultcontrol always="true">102</defaultcontrol>
    <allowoverlay>yes</allowoverlay>
    <backgroundcolor>black</backgroundcolor>
    <controls>
        <control type="group">
            <!-- header -->
            <posx>0</posx>
            <posy>0</posy>
            <animation type="windowOpen">
                <effect type="fade" start="0" end="100" time="500" />
            </animation>
            <control type="image">
                <posx>0</posx>
                <posy>0</posy>
                <width>1280</width>
                <height>125</height>
                <texture>wildtv_grid_overhang_hd.jpg</texture>
                <colordiffuse>CCFFFFFF</colordiffuse>
            </control>
        </control>
        <control type="group">
            <posx>320</posx>
            <posy>150</posy>
            <width>960</width>
            <height>550</height>
            <control type="label" id="107">
                <posx>0</posx>
                <posy>0</posy>
                <width>960</width>
                <height>100</height>
                <align>center</align>
                <aligny>center</aligny>
                <font>sans36</font>
                <label></label>
            </control>
            <control type="panel" id="104">
                <posx>0</posx>
                <posy>100</posy>
                <height>450</height>
                <width>960</width>
                <onleft>102</onleft>
                <itemlayout width="320" height="150">
                    <control type="largeimage">
                        <posx>20</posx>
                        <posy>10</posy>
                        <width>280</width>
                        <height>130</height>
                        <align>center</align>
                        <aligny>center</aligny>
                        <texture>$INFO[ListItem.Property(custom:bannerthumb)]</texture>
                    </control>
                </itemlayout>
                <focusedlayout width="320" height="150">
                    <control type="largeimage">
                        <posx>10</posx>
                        <posy>5</posy>
                        <width>300</width>
                        <height>140</height>
                        <align>center</align>
                        <aligny>center</aligny>
                        <texture>$INFO[ListItem.Property(custom:bannerthumb)]</texture>
                    </control>
                </focusedlayout>
                <content type="action">
                    <onclick lang="python">
<![CDATA[
window = mc.GetWindow(14000)
listControl = window.GetList(104)
itemnumber = listControl.GetFocusedItem()
item = listControl.GetItem(itemnumber)
show_id = item.GetProperty('show_id')
mc.ActivateWindow(14002)
w.show_page(show_id)
]]>
                    </onclick>
                </content>
            </control>
        </control>
        <control type="group">
            <posx>10</posx>
            <posy>150</posy>
            <width>300</width>
            <height>550</height>
            <control type="label">
                <posx>0</posx>
                <posy>0</posy>
                <width>300</width>
                <height>100</height>
                <font>sans30</font>
                <align>center</align>
                <aligny>center</aligny>
                <label>Categories</label>
            </control>
            <control type="list" id="102">
                <posx>0</posx>
                <posy>100</posy>
                <width>300</width>
                <height>450</height>
                <onright>104</onright>
                <orientation>vertical</orientation>
                <itemlayout width="300" height="50">
                    <control type="label">
                        <posx>0</posx>
                        <posy>5</posy>
                        <width>250</width>
                        <height>40</height>
                        <textcolor>white</textcolor>
                        <aligny>center</aligny>
                        <textalign>center</textalign>
                        <font>sans30</font>
                        <label>$INFO[ListItem.Label]</label>
                    </control>
                </itemlayout>
                <focusedlayout width="300" height="50">
                    <control type="label">
                        <posx>0</posx>
                        <posy>5</posy>
                        <width>250</width>
                        <height>40</height>
                        <textcolor>red</textcolor>
                        <font>sans30</font>
                        <aligny>center</aligny>
                        <textalign>center</textalign>
                        <label>$INFO[ListItem.Label]</label>
                    </control>
                </focusedlayout>
                <content type="action">
                    <onclick lang="python">
<![CDATA[
window = mc.GetActiveWindow()
listControl = window.GetList(102)
itemnumber = listControl.GetFocusedItem()
item = listControl.GetItem(itemnumber)
cat_id = item.GetProperty('cat_id')
w.update_category_page(cat_id)
]]>
                    </onclick>
                </content>
            </control>
        </control>
    </controls>
</window>