<?xml version="1.0"?>
<window type="window" id="14002">
    <defaultcontrol always="true">201</defaultcontrol>
    <allowoverlay>yes</allowoverlay>
    <backgroundcolor>black</backgroundcolor>
    <onload lang="python">
<![CDATA[
w.setup_show_page()
]]>
    </onload>
    <controls>
        <control type="group">
            <!-- header -->
            <posx>0</posx>
            <posy>0</posy>
            <animation type="windowOpen">
                <effect type="fade" start="0" end="100" time="500" />
            </animation>
            <control type="image">
                <posx>0</posx>
                <posy>0</posy>
                <width>1280</width>
                <height>125</height>
                <texture>wildtv_grid_overhang_hd.jpg</texture>
                <colordiffuse>99FFFFFF</colordiffuse>
            </control>
        </control>
        <control type="group">
            <!-- main -->
            <posx>10</posx>
            <posy>150</posy>
            <height>500</height>
            <width>1250</width>
            <align>center</align>
            <control type="largeimage" id="203">
                <posx>20</posx>
                <posy>0</posy>
                <width>320</width>
                <height>125</height>
                <align>center</align>
                <aligny>top</aligny>
                <aspectratio>keep</aspectratio>
            </control>
            <control type="label" id="202">
                <posx>350</posx>
                <posy>0</posy>
                <height>125</height>
                <width>880</width>
                <align>center</align>
                <aligny>center</aligny>
                <font>sans36</font>
                <label> </label>
            </control>
            <control type="label" id="205">
                <!-- Previews only -->
                <visible>false</visible>
                <posx>1000</posx>
                <posy>0</posy>
                <width>200</width>
                <height>45</height>
                <font>sans28</font>
                <label>Previews Only</label>
            </control>
            <control type="panel" id="201">
                <height>500</height>
                <width>1200</width>
                <posx>0</posx>
                <posy>130</posy>
                <itemlayout width="400" height="260">
                    <control type="largeimage">
                        <posx>30</posx>
                        <posy>10</posy>
                        <width>340</width>
                        <height>190</height>
                        <align>center</align>
                        <aligny>center</aligny>
                        <aspectratio>keep</aspectratio>
                        <texture>$INFO[ListItem.Property(custom:keyart)]</texture>
                    </control>
                    <control type="label">
                        <posx>30</posx>
                        <posy>205</posy>
                        <height>25</height>
                        <width>340</width>
                        <align>left</align>
                        <aligny>center</aligny>
                        <textcolor>white</textcolor>
                        <label>$INFO[ListItem.Title]</label>
                    </control>
                </itemlayout>
                <focusedlayout width="400" height="260">
                    <control type="largeimage">
                        <posx>10</posx>
                        <posy>5</posy>
                        <width>380</width>
                        <height>210</height>
                        <align>center</align>
                        <aligny>center</aligny>
                        <aspectratio>keep</aspectratio>
                        <texture>$INFO[ListItem.Property(custom:keyart)]</texture>
                    </control>
                    <control type="label">
                        <posx>20</posx>
                        <posy>215</posy>
                        <height>25</height>
                        <width>360</width>
                        <align>left</align>
                        <aligny>center</aligny>
                        <textcolor>red</textcolor>
                        <label>$INFO[ListItem.Title]</label>
                    </control>
                </focusedlayout>
                <content type="action">
                    <onclick lang="python">
<![CDATA[
window = mc.GetActiveWindow()
listControl = window.GetList(201)
itemnumber = listControl.GetFocusedItem()
item = listControl.GetItem(itemnumber)
asset_id = item.GetProperty('asset_id')
mc.ActivateWindow(14003)
w.asset_page(asset_id)
]]>
                    </onclick>
                </content>
            </control>
        </control>
    </controls>
</window>