<app>
	<id>indianfood</id>
  	<name>Indian Food</name>
  	<version>1.0</version>
  	<description>Indian Food has over 5000 trustworthy and practical food videos from top chefs like Vikas Khanna, Hari Nayak, Vibs, Sanjay Thumma. Enjoy recipes for Indian Desserts, Drinks, Holi, Diwali, Pongal, Eid, Kids, Healthy, Easy, Vegetarian, Punjabi, Gujarati and other foods you will love.</description>
  	<thumb>http://thumbs.ifood.tv/files/images/iptv/indian/boxee/indian.png</thumb>
  	<platform>all</platform>
	<copyright>Future Today Inc</copyright>
	<type>skin</type>
	<media>video</media>
  	<email>Admin@ifood.tv</email>
  	<startWindow>14000</startWindow>
  	<minversion>0.9.11</minversion>
  	<repository>http://dir.boxee.tv/apps</repository>
</app>
