<app>
	<id>mfemarketingvids</id>
	<name>eMarketingVids</name>
	<version>2.10</version>
	<description>to come soon...</description>
	<thumb>http://csassets.mediafly.com/1ece4c5c0c0c4e37aeec6a37f18bad1d/appThumb-200x200.png</thumb>
	<repository>http://dir.boxee.tv/apps</repository>
	<media>video</media>
	<copyright>Mediafly</copyright>
	<author>Mike McMullin</author>
	<email>support@mediafly.com</email>
	<type>skin</type>
	<startWindow>Launch</startWindow>
	<platform>all</platform>
	<minversion>0.9.22</minversion>
</app>
