<app>
  <id>maninthebox</id>
  <name>Man in the Box</name>
  <version>1.5</version>
  <description>The Break.com original web series of Greg Bizjack's rage against the cubicle.</description>
  <thumb>http://dir.boxee.tv/apps/maninthebox/images/thumb.png</thumb>
  <repository>http://dir.boxee.tv/apps</repository>
  <media>video</media>
  <copyright>Rob Spectre</copyright>
  <email>rob.spectre@gmail.com</email>
  <type>skin</type>
  <startWindow>14000</startWindow>
  <platform>all</platform>
  <minversion>0.9.11</minversion>
</app>
