﻿<?xml version="1.0"?>
<window type="window" id="16000">
  <defaultcontrol always="true">122</defaultcontrol>
  <allowoverlay>no</allowoverlay>
  <onload lang="python">
 <![CDATA[
import utils
utils.LoadChannelsScreen()
]]>
  </onload>
  <controls>    
    <control type="image">
      <width>1280</width>
      <height>720</height>
      <texture>main-page.png</texture>
    </control>
	<control type="label" id="123">
	  <posx>1250</posx>
      <posy>70</posy>
      <width>420</width>
      <height>50</height>
	<font>font23b</font>
	<textcolor>green</textcolor>
    <align>right</align>    
    </control>
    <control type="togglebutton" id="132">
	<posx>1140</posx>
      <posy>15</posy>
      <width>130</width>
      <height>50</height>
      <label>LOGIN</label>
      <altlabel>LOGOUT</altlabel>
      <font>light23b</font>
      <align>center</align>
      <textcolor>white</textcolor>
	<ondown>110</ondown>  
<onclick lang="python">
<![CDATA[
import utils
utils.LoginUser()
]]>
</onclick>
<altclick lang="python">
<![CDATA[
utils.ClearCredentials()
]]>
</altclick>	  
    </control>
	<control type="image" id="105">
		<posx>0</posx>
		<posy>128</posy>
		<width>1280</width>
		<height>46</height>
		<texture>bar.png</texture>
	</control>
	 <control type="list" id="110">
       <posx>0</posx>
       <posy>100</posy>
       <width>1280</width>
       <height>200</height>
	   <onup>132</onup>
	   <ondown>122</ondown>
		 <orientation>horizontal</orientation>		  
       <itemlayout height="200" width="200">	   
	   <control type="label">
             <posx>90</posx>
             <posy>35</posy>
             <width>230</width>
             <height>200</height>
             <font>font23b</font>
             <textcolor>white</textcolor>
			 <selectedcolor>black</selectedcolor>
             <align>center</align>
             <info>ListItem.Label</info>
          </control>
		  
       </itemlayout>
       <focusedlayout height="200" width="200">
		 <control type="button">
		 <posx>0</posx>
             <posy>30</posy> 
			<width>200</width>
			<height>40</height>
	   </control>
          <control type="label">
             <posx>90</posx>
             <posy>35</posy>
             <width>230</width>
             <height>200</height>
             <font>font23b</font>
             <textcolor>green</textcolor>
			 <selectedcolor>black</selectedcolor>
             <align>center</align>
             <info>ListItem.Label</info>
          </control>       
       </focusedlayout>
	   <content type="url" url="">
          <onclick lang="python">
  <![CDATA[
import utils
utils.OnMediaCategoryClick()

]]>
       </onclick>
	   </content>	   
    </control> 
          <control type="panel" id="122">
       <posx>140</posx>
       <posy>185</posy>
       <width>1100</width>
       <height>430</height>
	   <onup>110</onup>
		 <orientation>vertical</orientation>
		  <pagecontrol>6006</pagecontrol>
       <itemlayout height="210" width="250">		
          <control type="image">
             <posx>32</posx>
             <posy>34</posy>
             <width>178</width>
             <height>133</height>
			 <aspectratio>stretch</aspectratio>
             <info>ListItem.Thumb</info>
          </control>
          <control type="label">
             <posx>120</posx>
             <posy>180</posy>
             <width>210</width>
             <height>40</height>
             <font>font23b</font>
             <selectedcolor>green</selectedcolor>
             <align>center</align>
             <info>ListItem.Label</info>
          </control>
       </itemlayout>
       <focusedlayout height="210" width="250">	   
      <control type="image">
	   <posx>19</posx>
         <posy>20</posy>
         <width>206</width>
         <height>161</height>
		 <aspectratio>stretch</aspectratio>		 
         <texture>channels-bg.png</texture>
			<animation effect="zoom" end="110,110" center="auto" time="140">Focus</animation>
            <animation effect="zoom" start="110,110" end="0,0" center="auto" time="140">Unfocus</animation>	 
      </control>	
          <control type="image">
             <posx>32</posx>
             <posy>34</posy>
             <width>178</width>
             <height>133</height>
			 <aspectratio>stretch</aspectratio>
             <info>ListItem.Thumb</info>
				<animation effect="zoom" end="110,110" center="auto" time="140">Focus</animation>
				<animation effect="zoom" start="110,110" end="100,100" center="auto" time="140">Unfocus</animation>		
          </control>
          <control type="label">
		  <posx>120</posx>
             <posy>180</posy>
             <width>210</width>
             <height>40</height>
             <font>font23b</font>
             <selectedcolor>green</selectedcolor>
             <align>center</align>
             <info>ListItem.Label</info>
          </control>
       </focusedlayout>
	   <content type="url" url="">
          <onclick lang="python">
  <![CDATA[
import utils
utils.OnMediaClick()
]]>
       </onclick>
	   </content>	  
    </control> 
	<control type="scrollbar" id="6006">
        <posx>1250</posx>
        <posy>180</posy>
        <width>5</width>
        <height>400</height>
        <texturesliderbar border="3">scrollbar_slider_blue.png</texturesliderbar>
        <texturesliderbarfocus border="6">scrollbar_slider_selected.png</texturesliderbarfocus>
        <texturesliderbackground>scrollbar_background_grey.png</texturesliderbackground>
        <orientation>vertical</orientation>
        <showonepage>false</showonepage>
      </control>
<control type="label" id="500">
		  <posx>530</posx>
             <posy>690</posy>
             <width>200</width>
             <height>30</height>
             <font>font16b</font>             
             <align>center</align>             
          </control>	  
  </controls>
</window>