﻿<?xml version="1.0"?>
<window type="window" id="17000">
  <defaultcontrol always="true">110</defaultcontrol>
  <allowoverlay>no</allowoverlay>
  <onload lang="python">
 <![CDATA[
import utils
utils.LoadEpisodeScreen()
]]>
  </onload>
  <controls>    
    <control type="image">
      <width>1280</width>
      <height>720</height>
      <texture>main-page.png</texture>
    </control>
<control type="label" id="123">
	  <posx>1250</posx>
      <posy>70</posy>
      <width>420</width>
      <height>50</height>
	<font>font23b</font>
	<textcolor>green</textcolor>
    <align>right</align>    
    </control>	
    <control type="togglebutton" id="132">
	<posx>1140</posx>
      <posy>15</posy>
      <width>130</width>
      <height>50</height>
      <label>LOGIN</label>
      <altlabel>LOGOUT</altlabel>
      <font>light23b</font>
      <align>center</align>
      <textcolor>white</textcolor>
	  <ondown>110</ondown>	  
<onclick lang="python">
<![CDATA[
import utils
utils.LoginUser()
]]>
</onclick>
<altclick lang="python">
<![CDATA[
utils.ClearCredentials()
]]>
</altclick>	  
    </control>
	<control type="image" id="105">
		<posx>0</posx>
		<posy>128</posy>
		<width>1280</width>
		<height>46</height>
		<texture>bar.png</texture>
	</control>
	 <control type="list" id="110">
       <posx>0</posx>
       <posy>100</posy>
       <width>1280</width>
       <height>200</height>
	   <onup>132</onup>
	   <ondown>125</ondown>
		 <orientation>horizontal</orientation>		  
       <itemlayout height="200" width="200">
	   <control type="label">
             <posx>90</posx>
             <posy>35</posy>
             <width>230</width>
             <height>200</height>
             <font>font23b</font>
             <textcolor>white</textcolor>
			 <selectedcolor>black</selectedcolor>
             <align>center</align>
             <info>ListItem.Label</info>
          </control>		  
       </itemlayout>
       <focusedlayout height="200" width="200">
		 <control type="button">
		 <posx>0</posx>
             <posy>30</posy> 
			<width>200</width>
			<height>40</height>
	   </control>
          <control type="label">
             <posx>90</posx>
             <posy>35</posy>
             <width>230</width>
             <height>200</height>
             <font>font23b</font>
             <textcolor>green</textcolor>
			 <selectedcolor>black</selectedcolor>
             <align>center</align>
             <info>ListItem.Label</info>
          </control>       
       </focusedlayout>
	   <content type="url" url="">
          <onclick lang="python">
  <![CDATA[
import utils
utils.OnEpisodeProgramClick()

]]>
       </onclick>
	   </content>	   
    </control> 
		<control type="group">
				<description>Container</description>				
          <control type="list" id="125">
       <posx>70</posx>
       <posy>200</posy>
       <width>550</width>
       <height>350</height>
	   <onup>110</onup>
	   <ondown>555</ondown>
		 <orientation>vertical</orientation>		  
       <itemlayout height="90" width="550">	              
		<control type="image">
			 <posx>0</posx>
             <posy>0</posy>
             <width>511</width>
             <height>80</height>
			 <texture>box1.png</texture>
		</control>
          <control type="label">
             <posx>10</posx>
             <posy>20</posy>
             <width>500</width>
             <height>60</height>
             <font>font23b</font>
             <selectedcolor>green</selectedcolor>
             <align>left</align>
             <info>ListItem.Label</info>
          </control>		  
       </itemlayout>
       <focusedlayout height="90" width="550"> 
		<control type="image">
			 <posx>0</posx>
             <posy>0</posy>
             <width>511</width>
             <height>80</height>
			 <texture>box1-ov.png</texture>
		</control>	   
          <control type="label">
		  <posx>10</posx>
             <posy>20</posy>
             <width>500</width>
             <height>60</height>
             <font>font23b</font>
             <selectedcolor>green</selectedcolor>
             <align>left</align>
             <info>ListItem.Label</info>
          </control>
		
       </focusedlayout>
	   <content type="url" url="">
          <onclick lang="python">
  <![CDATA[
import utils
utils.Play(125)
]]>
       </onclick>
	   </content>	   
    </control>
	<control type="button" id="555">
		  <posx>180</posx>
             <posy>580</posy>
             <width>250</width>
             <height>40</height>
			 <font>font20b</font>
		<textcolor>white</textcolor>
		<align>center</align>
		<label>Show More Episodes</label>
		<onup>125</onup>
		<visible>false</visible>
		<onclick lang="python">
  <![CDATA[
import utils
utils.ShowMoreEpisodes()
]]>	
		</onclick>
 </control>
	<control type="image">
		<posx>600</posx>
		  <posy>220</posy>
             <width>60</width>
             <height>372</height>
			 <texture>partition-shadow.png</texture>
	</control>
	<control type="group">
				<description>Metadata</description>									
				<control type="label">
					<posx>700</posx>
					<posy>200</posy>
					<width>550</width>
					<height>100</height>
					<font>light23</font>
					<align>left</align>
					<aligny>top</aligny>
					<info>container(125).ListItem.Label</info>
					<textcolor>green</textcolor>
					<wrapmultiline>true</wrapmultiline>
				</control>
				<control type="label">
					<posx>700</posx>
					<posy>250</posy>
					<width>450</width>
					<height>300</height>
					<font>light21</font>
					<align>left</align>
					<aligny>top</aligny>
					<info>container(125).ListItem.Thumb</info>
					<textcolor>white</textcolor>
					<wrapmultiline>true</wrapmultiline>
				</control>
			</control>
		</control>
		<control type="label" id="500">
		  <posx>530</posx>
             <posy>690</posy>
             <width>200</width>
             <height>30</height>
             <font>font16b</font>             
             <align>center</align>             
          </control>
  </controls>
</window>