﻿<?xml version="1.0"?>
<window type="window" id="14000">
  <defaultcontrol always="true">120</defaultcontrol>
  <allowoverlay>no</allowoverlay>
  <onload lang="python">
 <![CDATA[
import utils
utils.LoadMainScreen()
]]>
  </onload>
  <controls>    
    <control type="image">
      <width>1280</width>
      <height>720</height>
      <texture>main-page.png</texture>
    </control>	
    <control type="togglebutton" id="132">
	<posx>1140</posx>
      <posy>15</posy>
      <width>130</width>
      <height>50</height>
      <label>LOGIN</label>
      <altlabel>LOGOUT</altlabel>
      <font>light23b</font>
      <align>center</align>
      <textcolor>white</textcolor>
	  <ondown>120</ondown>	  
<onclick lang="python">
<![CDATA[
import utils
utils.LoginUser()
]]>
</onclick>
<altclick lang="python">
<![CDATA[
utils.ClearCredentials()
]]>
</altclick>	  
    </control>	
          <control type="panel" id="120">
       <posx>20</posx>
       <posy>130</posy>
       <width>1230</width>
       <height>250</height>
		 <orientation>horizontal</orientation>
		  <pagecontrol>6006</pagecontrol>
		  <onup>132</onup>
		  <ondown>300</ondown>
       <itemlayout height="240" width="300">	   
	    <control type="image">
             <posx>36</posx>
             <posy>36</posy>
             <width>261</width>
             <height>164</height>
			 <aspectratio>stretch</aspectratio>
             <info>ListItem.Thumb</info>
          </control>
          <control type="label">
             <posx>165</posx>
             <posy>215</posy>
             <width>300</width>
             <height>40</height>
             <font>font23b</font>
             <selectedcolor>green</selectedcolor>
             <align>center</align>
             <info>ListItem.Label</info>
          </control>
       </itemlayout>
       <focusedlayout height="240" width="300">	   
      <control type="image">
	   <posx>20</posx>
         <posy>20</posy>
         <width>293</width>
         <height>196</height>
		 <aspectratio>stretch</aspectratio>		 
         <texture>packages-bg.png</texture>
			<animation effect="zoom" end="110,110" center="auto" time="140">Focus</animation>
            <animation effect="zoom" start="110,110" end="0,0" center="auto" time="140">Unfocus</animation>		 
      </control>		
          <control type="image">
             <posx>36</posx>
             <posy>36</posy>
             <width>261</width>
             <height>164</height>
			 <aspectratio>stretch</aspectratio>
             <info>ListItem.Thumb</info>
				<animation effect="zoom" end="110,110" center="auto" time="140">Focus</animation>
				<animation effect="zoom" start="110,110" end="100,100" center="auto" time="140">Unfocus</animation>		
          </control>
          <control type="label">
		  <posx>165</posx>
             <posy>215</posy>
             <width>300</width>
             <height>30</height>
             <font>font23b</font>
             <selectedcolor>green</selectedcolor>
             <align>center</align>
             <info>ListItem.Label</info>
          </control>
       </focusedlayout>
	   <content type="url" url="">
          <onclick lang="python">
  <![CDATA[
import utils
utils.OnPackageClick()
]]>
       </onclick>
	   </content>	   
    </control> 
	<control type="scrollbar" id="6006">
        <posx>380</posx>
        <posy>420</posy>
        <width>500</width>
        <height>5</height>
        <texturesliderbar border="3">scrollbar_slider_blue.png</texturesliderbar>
        <texturesliderbarfocus border="6">scrollbar_slider_selected.png</texturesliderbarfocus>
        <texturesliderbackground>scrollbar_background_grey.png</texturesliderbackground>
        <orientation>horizontal</orientation>
        <showonepage>true</showonepage>
		<visible>false</visible>
      </control>
	  
	  <control type="panel" id="300">
       <posx>240</posx>
       <posy>425</posy>
       <width>800</width>
       <height>230</height>
		 <orientation>vertical</orientation>		 
		  <onup>120</onup>
       <itemlayout height="180" width="800">
		<control type="image" id="300">
             <posx>40</posx>
             <posy>30</posy>
             <width>700</width>
             <height>150</height>
			 <aspectratio>stretch</aspectratio>
             <info>ListItem.Thumb</info>						
          </control>
       </itemlayout>
       <focusedlayout height="180" width="800">	   
		<control type="image" id="300">
             <posx>40</posx>
             <posy>30</posy>
             <width>700</width>
             <height>150</height>
			 <aspectratio>stretch</aspectratio>
             <info>ListItem.Thumb</info>
				<animation effect="zoom" end="110,110" center="auto" time="140">Focus</animation>
				<animation effect="zoom" start="110,110" end="100,100" center="auto" time="140">Unfocus</animation>		
          </control>
       </focusedlayout>
	   <content type="url" url="">
			 <onclick lang="python">
  <![CDATA[
import utils
utils.OnBannerClick()
]]>
       </onclick>
	   </content>	   
    </control> 
	  <control type="label" id="500">
		  <posx>530</posx>
             <posy>690</posy>
             <width>200</width>
             <height>30</height>
             <font>font16b</font>             
             <align>center</align>             
          </control>
  </controls>
</window>