<?xml version="1.0"?>
<window type="window" id="15000">
  <defaultcontrol always="true">121</defaultcontrol>
  <allowoverlay>no</allowoverlay>
  <onload lang="python">
 <![CDATA[
import utils
utils.LoadSelectionScreen()
]]>
  </onload>
  <controls>    
    <control type="image">
      <width>1280</width>
      <height>720</height>
      <texture>main-page.png</texture>
    </control>
	<control type="label" id="123">
	  <posx>1250</posx>
      <posy>70</posy>
      <width>350</width>
      <height>50</height>
	<font>font23b</font>
	<textcolor>green</textcolor>
    <align>right</align>    
    </control>
    <control type="togglebutton" id="132">
	<posx>1140</posx>
      <posy>15</posy>
      <width>130</width>
      <height>50</height>
      <label>LOGIN</label>
      <altlabel>LOGOUT</altlabel>
      <font>light23b</font>
      <align>center</align>
      <textcolor>white</textcolor>
	  <ondown>121</ondown>	  
<onclick lang="python">
<![CDATA[
import utils
utils.LoginUser()
]]>
</onclick>
<altclick lang="python">
<![CDATA[
utils.ClearCredentials()
]]>
</altclick>	  
    </control>	
          <control type="panel" id="121">
       <posx>340</posx>
       <posy>230</posy>
       <width>1195</width>
       <height>250</height>	
		 <orientation>horizontal</orientation>
		  <pagecontrol>6006</pagecontrol>
		  <onup>132</onup>
       <itemlayout height="240" width="300">		
          <control type="image">
             <posx>36</posx>
             <posy>36</posy>
             <width>261</width>
             <height>164</height>
			 <aspectratio>stretch</aspectratio>
             <info>ListItem.Thumb</info>
          </control>
          <control type="label">
             <posx>165</posx>
             <posy>215</posy>
             <width>300</width>
             <height>40</height>
             <font>font23b</font>
             <selectedcolor>green</selectedcolor>
             <align>center</align>
             <info>ListItem.Label</info>
          </control>
       </itemlayout>
       <focusedlayout height="240" width="300">	   
      <control type="image">
	   <posx>20</posx>
         <posy>20</posy>
         <width>293</width>
         <height>196</height>
		 <aspectratio>stretch</aspectratio>		 
         <texture>packages-bg.png</texture>
			<animation effect="zoom" end="110,110" center="auto" time="140">Focus</animation>
            <animation effect="zoom" start="110,110" end="0,0" center="auto" time="140">Unfocus</animation>		 
      </control> 
			<control type="image">
             <posx>36</posx>
             <posy>36</posy>
             <width>261</width>
             <height>164</height>
			 <aspectratio>stretch</aspectratio>
             <info>ListItem.Thumb</info>
				<animation effect="zoom" end="110,110" center="auto" time="140">Focus</animation>
				<animation effect="zoom" start="110,110" end="100,100" center="auto" time="140">Unfocus</animation>		
          </control>
          <control type="label">
		  <posx>165</posx>
             <posy>215</posy>
             <width>300</width>
             <height>30</height>
             <font>font23b</font>
             <selectedcolor>green</selectedcolor>
             <align>center</align>
             <info>ListItem.Label</info>
          </control>
       </focusedlayout>
	   <content type="url" url="">
          <onclick lang="python">
  <![CDATA[
import mc
utils.OnCategoryClick()
]]>
       </onclick>
	   </content>	  
    </control> 
	<control type="scrollbar" id="6006">
        <posx>280</posx>
        <posy>580</posy>
        <width>700</width>
        <height>5</height>		
        <texturesliderbar border="3">scrollbar_slider_blue.png</texturesliderbar>
        <texturesliderbarfocus border="6">scrollbar_slider_selected.png</texturesliderbarfocus>
        <texturesliderbackground>scrollbar_background_grey.png</texturesliderbackground>
        <orientation>horizontal</orientation>
        <showonepage>false</showonepage>
      </control>
	<control type="label" id="500">
		  <posx>530</posx>
             <posy>690</posy>
             <width>200</width>
             <height>30</height>
             <font>font16b</font>             
             <align>center</align>             
          </control>
  </controls>
</window>