<?xml version="1.0" encoding="utf-8" ?>
<app>
  <id>jhanamusic</id>
  <name>Jhana Music</name>
  <version>1.1</version>
  <description>Jhana Music Group is dedicated to bringing you a richer, more immersive music experience by delivering stunning 5.1 surround music straight to your home.</description>
  <thumb>http://apps.jhanamusic.com/boxee/icons/thumb.png</thumb>
  <media>music</media>
  <copyright>2010 - 2011 Jhana Music Group</copyright>
  <email>support@jhanamusic.com</email>
  <type>skin</type>
  <platform>all</platform>
  <minversion>0.9.11</minversion>
  <startWindow>14000</startWindow>
  <repository>http://dir.boxee.tv/apps</repository>
</app>