<app>
    <id>youporn</id>
    <name>YouPorn</name>
    <version>0.53</version>
    <description>YouPorn.com is the largest porn site on the web with the best variety of free full length porn videos.</description>
    <thumb>http://www.nerdcave.de/boxee/youporn-beta.png</thumb>
    <repository>http://dir.boxee.tv/apps</repository>
    <media>video</media>
    <rating>adult</rating>
    <copyright>Youporn.com</copyright>
    <email>hideki23@gmail.com</email>
    <type>skin</type>
    <startWindow>14000</startWindow>
    <platform>all</platform>
    <minversion>0.9.20</minversion>
</app>