<app>
  <id>accuweather</id>
  <name>AccuWeather</name>
  <version>2.52</version>
  <description>Weather on Boxee powered by AccuWeather.com</description>
  <platform>all</platform>
  <thumb>http://dir.boxee.tv/apps/accuweather/images/thumb.png</thumb>
  <repository>http://dir.boxee.tv/apps</repository>
  <media>video</media>
  <copyright>AccuWeather</copyright>
  <email>support@boxee.tv</email>
  <type>skin</type>
  <platform>all</platform>
  <minversion>1.5.0</minversion>
  <startWindow>launch</startWindow>
  </app>