<?xml version="1.0" encoding="UTF-8"?>
<window type="window" id="14000">
	<defaultcontrol always="true">200</defaultcontrol>
	<allowoverlay>yes</allowoverlay>
	<onload lang="python"><![CDATA[
import UI.Actions

UI.Actions.ApplicationStart()

]]>	
	</onload>
	<controls>
	
		<include>Window_Fade_Animation</include>
		
		<control type="group" id="9000">
			<description>Dummy grouping for navigation from the 'Now Playing' control</description>
			<posx>0</posx>
			<posy>0</posy>
			<width>1280</width>
			<height>720</height>

		
		<control type="image">
			<description>background</description>
			<posx>0</posx>
			<posy>0</posy>
			<width>1280</width>
			<height>720</height>
			<texture>Background.png</texture>
		</control>
		
			<control type="button" id="300">
				<description>logout button</description>
   				<posx>1100</posx>
   				<posy>30</posy>
   				<width>139</width>
   				<height>47</height>
   				<onup>6000</onup>
   				<ondown>400</ondown>
   				<visible>false</visible>
				<texturefocus>LogoutButton-On.png</texturefocus>
				<texturenofocus>LogoutButton.png</texturenofocus>
				<onclick lang="python"><![CDATA[
import UI.Actions

UI.Actions.SignOut()

]]>	
				</onclick>
			</control>
		
		<control type="group" id="100">
			<description>SignIn Box</description>
			<posx>400</posx>
			<posy>200</posy>
			<width>505</width>
			<height>405</height>
			<defaultcontrol>101</defaultcontrol>
			<visible>false</visible>
			<animation effect="fade" time="200">VisibleChange</animation>
			
			<control type="image">
				<description>SignIn Box Wrap</description>
				<posx>0</posx>
				<posy>0</posy>
				<width>500</width>
				<height>400</height>
				<texture>LoginBox.png</texture>
			</control>

			<control type="label">
				<description>SignIn Header</description>
				<posx>20</posx>
				<posy>7</posy>
				<width>465</width>
				<height>50</height>
				<font>font24b</font>
				<label>Account Login</label>
			</control>
			
			<control type="label">
				<description>SignIn Box Summary</description>
				<posx>20</posx>
				<posy>65</posy>
				<width>465</width>
				<height>50</height>
				<font>sans14b</font>
				<label>If you've shopped at theSURFnetwork.com Video on Demand before, please enter your email address and password and login below.</label>
				<wrapmultiline>true</wrapmultiline>
			</control>
			
			<control type="label">
				<description>Email Address Label</description>
				<posx>45</posx>
				<posy>127</posy>
				<width>410</width>
				<height>50</height>
				<font>sans18b</font>
				<label>Email Address</label>
			</control>
			
			<control type="edit" id="101">
				<description>Email Address</description>
   				<posx>45</posx>
   				<posy>155</posy>
   				<width>410</width>
   				<height>50</height>
   				<onup>6000</onup>
   				<ondown>102</ondown>
   				<font>sans28</font>   
				<textcolor>black</textcolor>
				<texturenofocus>white.png</texturenofocus>
				<texturefocus>Textbox.png</texturefocus>
			</control>
			
			<control type="label">
				<description>Password Label</description>
				<posx>45</posx>
				<posy>217</posy>
				<width>410</width>
				<height>30</height>
				<font>sans18b</font>
				<label>Password</label>
			</control>
			
			<control type="edit" id="102">
				<description>Password</description>
   				<posx>45</posx>
   				<posy>245</posy>
   				<width>410</width>
   				<height>50</height>
   				<password>true</password>
   				<onup>101</onup>
   				<ondown>103</ondown>
				<font>sans28</font>   
				<textcolor>black</textcolor>
				<texturenofocus>white.png</texturenofocus>
				<texturefocus>Textbox.png</texturefocus>
			</control>
			
			<control type="button" id="103">
				<description>login button</description>
   				<posx>320</posx>
   				<posy>320</posy>
   				<width>139</width>
   				<height>47</height>
				<texturefocus>LoginButton-On.png</texturefocus>
				<texturenofocus>LoginButton.png</texturenofocus>
				<onup>102</onup>
				<onclick lang="python"><![CDATA[
import UI.Actions

UI.Actions.SignIn()

]]>	
				</onclick>
			</control>
			
		</control>
		
		<control type="grouplist" id="400">
			<posx>765</posx>
			<posy>105</posy>
			<width>600</width>
			<height>50</height>
			<onup>300</onup>
			<ondown>200</ondown>
			<usecontrolcoords>true</usecontrolcoords>
			<itemgap>10</itemgap>
			<orientation>horizontal</orientation>
			<visible>false</visible>
			
			<control type="button" id="401">
   				<posx>0</posx>
   				<posy>0</posy>
   				<width>70</width>
   				<height>30</height>
   				<onup>300</onup>
				<ondown>200</ondown>
				<onleft>-</onleft>
				<onright>402</onright>
				<font>sans18b</font>
   				<label>All</label>
   				<align>left</align>
   				<aligny>center</aligny>
   				<texturefocus>AllViewButton-Focused.png</texturefocus>
   				<textoffsetx>30</textoffsetx>
				<onclick lang="python"><![CDATA[
import UI.Actions

UI.Actions.ReLoadAllVideos()

]]>	
				</onclick>
			</control>
			

			<control type="button" id="402">
   				<posx>0</posx>
   				<posy>0</posy>
   				<width>170</width>
   				<height>30</height>
   				<onup>300</onup>
				<ondown>200</ondown>
				<onleft>401</onleft>
				<onright>403</onright>
				<font>sans18b</font>
				<align>left</align>
				<aligny>center</aligny>
   				<label>My Favorites</label>
   				<texturefocus>ViewButton-Focused.png</texturefocus>
   				<textoffsetx>30</textoffsetx>
				<onclick lang="python"><![CDATA[
import UI.Actions

UI.Actions.LoadFavouriteVideos()

]]>	
				</onclick>
			</control>

			<control type="button" id="403">
   				<posx>0</posx>
   				<posy>0</posy>
   				<width>230</width>
   				<height>30</height>
   				<onup>300</onup>
				<ondown>200</ondown>
				<onleft>402</onleft>
				<onright>-</onright>
				<align>left</align>
				<aligny>center</aligny>
				<font>sans18b</font>
   				<label>Recently Watched</label>
   				<texturefocus>RecentViewButton-Focused.png</texturefocus>
   				<textoffsetx>30</textoffsetx>
				<onclick lang="python"><![CDATA[
import UI.Actions

UI.Actions.LoadRecentlyWatchedVideos()

]]>	
				</onclick>
			</control>
			
		</control>
		
		<control type="group" id="410">
			<posx>765</posx>
			<posy>105</posy>
			<width>600</width>
			<height>50</height>
			<orientation>horizontal</orientation>
			<visible>false</visible>
			
			<control type="image" id="411">
   				<posx>-3</posx>
   				<posy>0</posy>
   				<width>70</width>
   				<height>30</height>
   				<aspectratio align="left">keep</aspectratio>
 				<visible>true</visible>
   				<texture>Spot.png</texture>
   				<animation effect="fade" time="200">VisibleChange</animation>
			</control>

			<control type="image" id="412">
   				<posx>78</posx>
   				<posy>0</posy>
   				<width>170</width>
   				<height>30</height>
   				<aspectratio align="left">keep</aspectratio>
   				<visible>false</visible>
   				<texture>Spot.png</texture>
				<animation effect="fade" time="200">VisibleChange</animation>
			</control>
			
			<control type="image" id="413">
   				<posx>258</posx>
   				<posy>0</posy>
   				<width>230</width>
   				<height>30</height>
   				<aspectratio align="left">keep</aspectratio>
				<visible>false</visible>
   				<texture>Spot.png</texture>
   				<animation effect="fade" time="200">VisibleChange</animation>
			</control>
			
		</control>
		
		
		<control type="panel" id="200">
			<description>Video List</description>
			<posx>50</posx>
			<posy>170</posy>
			<width>1210</width>
			<height>540</height>
			<animation type="Conditional" condition="Window.IsVisible(DialogProgress.xml)">
			<effect type="fade" start="100" end="40" time="200"/>
			</animation>
			<include>BrowseListAnimation</include>
			<onup>400</onup>
			<ondown>-</ondown>
			<onleft>-</onleft>
			<onright>-</onright>
			<visible>false</visible>
			<scrolltime>400</scrolltime>
			<pagecontrol>201</pagecontrol>
			<orientation>vertical</orientation>
			
			<itemlayout height="235" width="200">
			
				<control type="image">
					<description>Video artwork</description>
					<visible>!IsEmpty(ListItem.Thumb)</visible>
					<posx>4</posx>
					<posy>3</posy>
					<width>130</width>
					<height>186</height>
					<animation effect="fade" end="80" time="0" condition="true">Conditional</animation>
					<texture diffuse="Grey.png">$INFO[ListItem.Thumb]</texture>
					<aspectratio aligny="bottom">keep</aspectratio>
				</control>
				
				<control type="image">
					<description>Missing thumbnail</description>
					<visible>IsEmpty(ListItem.Thumb)</visible>
					<posx>4</posx>
					<posy>3</posy>
					<width>130</width>
					<height>186</height>
					<animation effect="fade" end="80" time="0" condition="true">Conditional</animation>
					<texture>masks/default_video.png</texture>
					<aspectratio>keep</aspectratio>
				</control>
		
				<control type="label">
					<description>Video title</description>
					<posx>0</posx>
					<posy>200</posy>
					<width>156</width>
					<height>20</height>
					<animation effect="fade" end="80" time="0" condition="true">Conditional</animation>
					<label>$INFO[ListItem.label]</label>
					<font>sans16b</font>
					<align>left</align>
					<textcolor>grey</textcolor>
					<wrapmultiline>false</wrapmultiline>
				</control>
			
			</itemlayout>
			
			<focusedlayout height="235" width="200">
			
				<control type="image">
					<description>Video artwork selected</description>
					<posx>0</posx>
					<posy>0</posy>
					<width>137</width>
					<height>195</height>				
					<visible>!IsEmpty(ListItem.Thumb)</visible>
					<texture>$INFO[ListItem.Thumb]</texture>
					<aspectratio aligny="bottom">keep</aspectratio>
					<bordersize>2</bordersize>
					<bordertexture>Blue.png</bordertexture>
					<animation type="Focus">
						<effect type="fade" start="80" end="100" time="100" delay="0"/>
						<!-- <effect type="zoom" start="100,100" end="112,112" time="200" delay="0" center="auto" tween="cubic" easing="out"/> -->
					</animation>
				</control>
		
				<control type="image">
					<description>Missing thumbnail selected</description>
					<posx>0</posx>
					<posy>0</posy>
					<width>137</width>
					<height>195</height>
					<visible>IsEmpty(ListItem.Thumb)</visible>
					<animation type="Focus">
						<effect type="fade" start="80" end="100" time="100" delay="0"/>
						<!-- <effect type="zoom" start="100,100" end="112,112" time="200" delay="0" center="auto" tween="cubic" easing="out"/> -->
					</animation>
					<texture>masks/default_video.png</texture>
					<aspectratio>keep</aspectratio>
					<bordersize>2</bordersize>
					<bordertexture>Blue.png</bordertexture>
				</control>
				
				<control type="label">
					<description>Video title selected</description>
					<posx>0</posx>
					<posy>200</posy>
					<width>156</width>
					<height>20</height>
					<label>$INFO[ListItem.label]</label>
					<font>sans16b</font>
					<align>left</align>
					<textcolor>white</textcolor>
					<wrapmultiline>false</wrapmultiline>
					<animation type="Focus">
						<effect type="fade" start="80" end="100" time="100" delay="0"/>
						<!-- <effect type="zoom" start="100,100" end="112,112" time="200" delay="0" center="auto" tween="cubic" easing="out"/> -->
					</animation>
				</control>

			</focusedlayout>
			<content type="url">
				<onclick lang="python"><![CDATA[
import UI.Actions

UI.Actions.ShowVideoDetail()
]]>
				</onclick>
   			</content>
		</control>

		<control type="scrollbar" id="201">
			<visible>Control.IsVisible(200)</visible>
			<posx>1245</posx>
			<posy>160</posy>
			<width>10</width>
			<height>555</height>
			<texturesliderbackground border="4">scrollbar_vertical_bg.png</texturesliderbackground>
			<texturesliderbar border="4">scrollbar_vertical_nib.png</texturesliderbar>
			<texturesliderbarfocus border="4">scrollbar_vertical_nib.png</texturesliderbarfocus>
			<orientation>vertical</orientation>
			<showonepage>false</showonepage>
		</control>
		
		<!-- <include>Bottom_Feather</include> -->
		
		</control>
		
		<!-- <include>Common_Now_Playing</include> -->

	</controls>
</window>