<app>
  <id>gbtv</id>
  <name>GBTV</name>
  <version>1.17</version>
  <description>The Truth Lives Here. The new home of The Glenn Beck Program - and original programming you can't get anywhere else.</description>
  <thumb>http://dir.boxee.tv/apps/gbtv/thumb.png</thumb>
  <repository>http://dir.boxee.tv/apps</repository>
  <media>video</media>
  <copyright>GBTV</copyright>
  <email>support@boxee.tv</email>
  <type>skin</type>
  <minversion>1.2</minversion>
  <startWindow>14000</startWindow>
  <platform>dlink.dsm380,intel.ce4100,iomega.zt,iomega.z1</platform>
  </app>