﻿<?xml version="1.0"?>
<window type="window" id="14000">
   <defaultcontrol always="true">120</defaultcontrol>
   <allowoverlay>no</allowoverlay>
   <controls>
      <control type="group">
         <animation type="WindowOpen">
            <effect type="fade" start="0" end="100" time="200" />
         </animation>
         <control type="image">
            <width>1280</width>
            <height>720</height>
            <texture>background.png</texture>
         </control>
         <control type="group">
            <posy>275</posy>
            <control type="image">
               <width>1280</width>
               <height>3</height>
               <texture>black.png</texture>
            </control>
            <control type="image">
               <width>1280</width>
               <height>400</height>
               <texture>ba_overlay.png</texture>
            </control>
            <control type="image">
               <posy>397</posy>
               <width>1280</width>
               <height>3</height>
               <texture>black.png</texture>
            </control>
            <control type="image">
               <posy>20</posy>
               <posx>910</posx>
               <width>200</width>
               <height>200</height>
               <info>Container(120).Listitem.thumb</info>
            </control>
            <control type="label">
               <posy>230</posy>
               <posx>1260</posx>
               <align>right</align>
               <width>500</width>
               <height>180</height>
               <info>Container(120).Listitem.property(description)</info>
               <wrapmultiline>true</wrapmultiline>
            </control>
            <control type="list" id="120">
               <posy>3</posy>
                <posx>15</posx>
                <width>700</width>
                <height>394</height>
                <scrolltime>200</scrolltime>
                <orientation>vertical</orientation>
                <itemlayout width="700" height="40">
                    <control type="label">
                        <posx>10</posx>
                        <width>680</width>
                        <height>40</height>
                        <font>font23</font>
                        <aligny>center</aligny>
                        <label>$INFO[ListItem.Label]</label>
                        <textcolor>grey</textcolor>
                    </control>
                </itemlayout>
                <focusedlayout width="600" height="40">
                    <control type="label">
                        <posx>10</posx>
                        <width>680</width>
                        <height>40</height>
                        <font>font23</font>
                        <aligny>center</aligny>
                        <label>$INFO[ListItem.Label]</label>
                        <textcolor>white</textcolor>
                        <scroll>true</scroll>
                    </control>
                </focusedlayout>
                <content type="url" url="http://feeds.feedburner.com/LifechurchtvHdMessageSeriesWmv720pHighDefinition">
                </content>
            </control>
         </control>
         <control type="label">
            <posy>690</posy>
            <posx>1260</posx>
            <width>400</width>
            <align>right</align>
            <font>font21</font>
            <color>white</color>
            <label>© 2011 LifeChurch.tv. All rights reserved.</label>
         </control>
      </control>
   </controls>
</window>
