<app>
  <id>theguild</id>
  <name>The Guild</name>
  <version>1.32</version>
  <description>The Guild | A web series about a group of online gamers</description>
  <thumb>http://dir.boxee.tv/apps/theguild/images/thumb.png</thumb>
  <repository>http://dir.boxee.tv/apps</repository>
  <media>video</media>
  <author>Jeremy Milum</author>
  <copyright>Jeremy Milum</copyright>
  <email>jmilum@gmail.com</email>
  <type>skin</type>
  <startWindow>14000</startWindow>
  <platform>all</platform>
  <minversion>0.9.14</minversion>
</app>
