<?xml version="1.0"?>
   <window type="window" id="14000">
   <defaultcontrol always="true">100</defaultcontrol>
   <allowoverlay>no</allowoverlay>
   <onload lang="python">
<![CDATA[
'''mc.GetActiveWindow().GetEdit(120).SetText("agilitypics")'''
mc.GetActiveWindow().GetControl(120).SetFocus()
]]>
   </onload>
   <controls>
      <control type="group">
          <control type="image">
             <posx>0</posx>
             <posy>0</posy>
             <width>1280</width>
             <height>720</height>
             <texture>bg.png</texture>
          </control>
          <control type="image">
             <posx>450</posx>
             <posy>150</posy>
             <width>700</width>
             <height>500</height>
             <texture>list.png</texture>
          </control>

			<control type="label" id="111">
			   <description>Albums</description>
			   <posx>460</posx>
			   <posy>110</posy>
			   <width>250</width>
			   <height>40</height>
			   <align>left</align>
			   <aligny>center</aligny>
			   <label>Albums</label>
			   <number></number>
			   <font>font30</font>
			   <textcolor>white</textcolor>
			   <shadowcolor>grey</shadowcolor>
			</control>			  
		  
			<control type="label" id="110">
			   <description>NickName</description>
			   <posx>140</posx>
			   <posy>210</posy>
			   <width>250</width>
			   <height>40</height>
			   <align>left</align>
			   <aligny>center</aligny>
			   <label>Gallery / Nickname</label>
			   <number></number>
			   <font>font23</font>
			   <textcolor>white</textcolor>
			   <shadowcolor>grey</shadowcolor>
			</control>		  
			<control type="edit" id="120">  
			   <posx>140</posx>   
			   <posy>250</posy>   
			   <width>200</width>   
			   <height>40</height>   
			   <textoffsetx>8</textoffsetx>   
			   <align>left</align>   
			   <aligny>center</aligny>   
			   <font>font28</font>   
			   <textcolor>white</textcolor>
			   <focusedcolor>white</focusedcolor>
			   <texturenofocus>editbox_off.png</texturenofocus>
			   <texturefocus>editbox_on.png</texturefocus>	
			   <onup>140</onup>
			   <ondown>130</ondown>
			   <onleft>-</onleft>
			   <onright>100</onright>			   
			</control>
			<control type="button" id="130">
			   <description>Go!</description>
			   <posx>140</posx>
			   <posy>400</posy>
			   <width>200</width>
			   <height>40</height>
			   <visible>true</visible>
			   <colordiffuse>FFFFFFFF</colordiffuse>
			   <font>font21</font>
			   <textcolor>white</textcolor>
			   <texturenofocus>go_off.png</texturenofocus>
			   <texturefocus>go_on.png</texturefocus>				   
			   <disabledcolor>88FFFFFF</disabledcolor>
			   <align>left</align>
			   <aligny>center</aligny>
			   <textoffsetx>20</textoffsetx>
			   <textoffsety>-</textoffsety>
			   <onup>120</onup>
			   <ondown>-</ondown>
			   <onleft>-</onleft>
			   <onright>100</onright>
			   <onclick lang="python">
<![CDATA[
import mc, smugtools, tools
config = mc.GetApp().GetLocalConfig()
nick = mc.GetActiveWindow().GetEdit(120).GetText()
config.SetValue('nickname', nick)
sid = str(smugtools.login_anonymously())
mc.ShowDialogNotification("Logged in")
if sid:
	albums = smugtools.get_albums( sid, nick ) 
	if albums:
		mc.ShowDialogNotification("Albums loaded")
		itemList = tools.get_list_from_albums( sid, albums )
		if itemList:
			mc.GetActiveWindow().GetList(100).SetItems(itemList)
		else:
			mc.ShowDialogNotification("Error: Couldn't list albums")
	else:
		mc.ShowDialogNotification("Error: Couldn't load albums")
else:
	mc.ShowDialogNotification("Error: Couldn't log in")
]]>
			   </onclick>
			</control>	

			<control type="button" id="140">
			   <posx>1200</posx>
			   <posy>30</posy>
			   <width>40</width>
			   <height>40</height>
			   <visible>true</visible>
			   <texturenofocus>help_off.png</texturenofocus>
			   <texturefocus>help_on.png</texturefocus>				   
			   <align>left</align>
			   <aligny>center</aligny>
			   <textoffsetx>20</textoffsetx>
			   <textoffsety>-</textoffsety>
			   <onup>-</onup>
			   <ondown>120</ondown>
			   <onleft>120</onleft>
			   <onright>-</onright>
			   <onclick lang="python">
<![CDATA[
import mc
msg = "SmugFoto is a Smugmug photo viewer. You can view your public galleries and images. "
msg = msg + "Email any problems or feedback to developer@ree-yees.com."
mc.ShowDialogOk("About", msg)
]]>
			   </onclick>
			</control>			
			
			
          <control type="list" id="100">
				<label>List</label>
			   <posx>450</posx>
			   <posy>150</posy>
			   <width>700</width>
			   <height>500</height>
			   <orientation>vertical</orientation>
			   <onup>-</onup>
			   <ondown>-</ondown>
			   <onleft>130</onleft>
			   <onright>-</onright>
			   <itemlayout width="700" height="40">
				<control type="label">
				<posx>5</posx>
				<posy>5</posy>
				<width>690</width>
				<height>40</height>
				<font>font30</font>
				<align>left</align>
				<aligny>center</aligny>
				<label>$INFO[ListItem.Label]</label>
				<textcolor>white</textcolor>
				</control>
				</itemlayout>
				<focusedlayout width="700" height="40">
				   <control type="image">
				   <posx>5</posx>
				   <posy>5</posy>
				   <width>690</width>
				   <height>40</height>
				   <colordiffuse>DD171717</colordiffuse>
				   </control>
				   <control type="label">
					   <visible>!Control.HasFocus(100)</visible>
					   <posx>5</posx>
					   <posy>5</posy>
					   <width>690</width>
					   <height>40</height>
					   <font>font30</font>
					   <align>left</align>
					   <aligny>center</aligny>
					   <label>$INFO[ListItem.Label]</label>
					   <textcolor>white</textcolor>
					   <selectedcolor>fffcff00</selectedcolor>
				   </control>
				   <control type="label">
					   <visible>Control.HasFocus(100)</visible>   
					   <posx>5</posx>
					   <posy>5</posy>
					   <width>690</width>
					   <height>40</height>
					   <font>font40</font>
					   <align>left</align>
					   <aligny>center</aligny>
					   <label>$INFO[ListItem.Label]</label>
					   <textcolor>fffcff00</textcolor>
					   <selectedcolor>fffcff00</selectedcolor>
					   <scroll>true</scroll>
					   <scrollspeed>30</scrollspeed>					   
				   </control>
				</focusedlayout>
				<content type="action">
					<onclick lang="python">
<![CDATA[
import mc

list = mc.GetActiveWindow().GetList(100)
listitems = list.GetItems()
listitem = listitems[list.GetFocusedItem()]
label = str(listitem.GetLabel())
sid = str(listitem.GetProperty('sid'))
albumid = str(listitem.GetProperty('albumid'))
albumkey = str(listitem.GetProperty('albumkey'))
'''s = "ID:%s - %s - %s" % (list.GetFocusedItem(), albumid, albumkey)
mc.ShowDialogNotification(s)'''

params = mc.Parameters()
params['sid'] = sid
params['albumid'] = albumid
params['albumkey'] = albumkey
mc.GetApp().ActivateWindow(14002, params)
]]>
					</onclick>	
				</content>
			</control>
      </control>
   </controls>
</window>