<?xml version="1.0"?>
   <window type="window" id="14002">
   <defaultcontrol always="true">100</defaultcontrol>
   <allowoverlay>no</allowoverlay>
   <onload lang="python">
<![CDATA[
import mc, smugtools, tools

params = mc.GetApp().GetLaunchedWindowParameters()
sid = params['sid']
albumid = params['albumid']
albumkey = params['albumkey']
'''s = '%s %s %s' % (sid, albumid, albumkey)
mc.ShowDialogNotification(s)'''

if sid and albumid and albumkey:
	images = smugtools.get_images( sid, albumid, albumkey )
	mc.ShowDialogNotification("Images loaded")
	itemList = tools.get_list_from_images( images )
	if itemList:
		mc.GetActiveWindow().GetList(200).SetItems(itemList)
	else:
		mc.ShowDialogNotification("Error: Problem loading images")
else:
	mc.ShowDialogNotification("Error with images")
	
mc.GetActiveWindow().GetControl(200).SetFocus()
]]>
	</onload>
   <controls>
      <control type="group">
          <control type="image">
             <posx>0</posx>
             <posy>0</posy>
             <width>1280</width>
             <height>720</height>
             <texture>bg.png</texture>
          </control>
		  
		  <control type="image" id="210">
             <posx>400</posx>
             <posy>30</posy>
             <width>800</width>
             <height>500</height>
			 <aspectratio>keep</aspectratio>
			 <fadetime>200</fadetime>
			 <texture>$INFO[Container(200).ListItem.Thumb]</texture>
          </control>
		  
		  	<control type="label">
			   <description>Caption:</description>
			   <posx>50</posx>
			   <posy>120</posy>
			   <width>250</width>
			   <height>40</height>
			   <align>left</align>
			   <aligny>center</aligny>
			   <label>Caption:</label>
			   <font>font23</font>
			   <textcolor>white</textcolor>
			   <shadowcolor>grey</shadowcolor>
			</control>	
		  	<control type="label" id="230">
			   <posx>50</posx>
			   <posy>150</posy>
			   <width>250</width>
			   <height>40</height>
			   <align>left</align>
			   <aligny>center</aligny>
			   <label>$INFO[Container(200).ListItem.Label]</label>
			   <font>font23</font>
			   <textcolor>white</textcolor>
			   <shadowcolor>grey</shadowcolor>
			</control>				
		  
			<control type="button" id="220">
			   <description>Slideshow</description>
			   <posx>50</posx>
			   <posy>450</posy>
			   <width>200</width>
			   <height>40</height>
			   <visible>true</visible>
			   <colordiffuse>FFFFFFFF</colordiffuse>
			   <font>font21</font>
			   <textcolor>white</textcolor>
			   <texturenofocus>slide_off.png</texturenofocus>
			   <texturefocus>slide_on.png</texturefocus>				   
			   <disabledcolor>88FFFFFF</disabledcolor>
			   <align>left</align>
			   <aligny>center</aligny>
			   <textoffsetx>20</textoffsetx>
			   <textoffsety>-</textoffsety>
			   <onup>-</onup>
			   <ondown>200</ondown>
			   <onleft>-</onleft>
			   <onright>-</onright>
			   <onclick lang="python">
<![CDATA[
import mc, smugtools, tools

params = mc.GetApp().GetLaunchedWindowParameters()
sid = params['sid']
albumid = params['albumid']
albumkey = params['albumkey']
'''s = '%s %s %s' % (sid, albumid, albumkey)
mc.ShowDialogNotification(s)'''

if sid and albumid and albumkey:
	params = mc.Parameters()
	params['sid'] = sid
	params['albumid'] = albumid
	params['albumkey'] = albumkey
	params['currentItem'] = "0"
	mc.GetApp().ActivateWindow(14003, params)
]]>
			   </onclick>
			</control>					  
 
		 <control type="panel" id="200">
		   <posx>20</posx>
		   <posy>550</posy>
		   <width>1240</width>
		   <height>175</height>
		   <onleft>-</onleft>
		   <onright>-</onright>
		   <onup>220</onup>
		   <ondown>-</ondown>
		   <orientation>horizontal</orientation>
		   <scrolltime>200</scrolltime>
		   <viewtype label="536">icon</viewtype>
		   <pagecontrol>10</pagecontrol>
		   <include>contentpanelslide</include>
		   <itemlayout height="125" width="125">
			  <control type="image">
				 <posx>25</posx>
				 <posy>25</posy>
				 <width>125</width>
				 <height>125</height>
				 <info>ListItem.Thumb</info>
			  </control>
		   </itemlayout>
		   <focusedlayout height="175" width="175">
			  <control type="image">
				 <width>175</width>
				 <height>175</height>
				 <posx>0</posx>
				 <posy>0</posy>
				 <animation effect="zoom" end="0,0,175,175" time="100">focus</animation>
			  </control>
			  <control type="image">
				 <posx>0</posx>
				 <posy>0</posy>
				 <width>175</width>
				 <height>175</height>
				 <info>ListItem.Icon</info>
				 <animation effect="zoom" end="0,0,175,175" time="100">focus</animation>
			  </control>
		   </focusedlayout>
		   <content type="action">
				<onclick lang="python">
<![CDATA[
]]>
				</onclick>	
		   </content>
		</control>
      </control>
   </controls>
</window>