<?xml version="1.0"?>
   <window type="window" id="14003">
   <defaultcontrol always="true">100</defaultcontrol>
   <allowoverlay>no</allowoverlay>
   <onload lang="python">
<![CDATA[	
import mc, slide
params = mc.GetApp().GetLaunchedWindowParameters()
sid = params['sid']
albumid = params['albumid']
albumkey = params['albumkey']
currentItem = params['currentItem']

if sid and albumid and albumkey:
	config = mc.GetApp().GetLocalConfig()
	config.SetValue('done', 'false')
	config.SetValue('pause', 'false')
	config.SetValue('sid', sid)
	config.SetValue('albumid', albumid)
	config.SetValue('albumkey', albumkey)
	config.SetValue('currentItem', currentItem)
	mc.ShowDialogNotification("Loading Slideshow")
	slide.play()
else:
	mc.ShowDialogNotification("Error loading slideshow")

'''mc.GetActiveWindow().GetControl(320).SetFocus()'''
]]>
	</onload>
   <onunload lang="python">
<![CDATA[	
import mc

config = mc.GetApp().GetLocalConfig()
config.SetValue('done', 'true')

mc.ShowDialogNotification("Finished Slideshow")
]]>
	</onunload>	
   <controls>
      <control type="group">
          <control type="image">
             <posx>0</posx>
             <posy>0</posy>
             <width>1280</width>
             <height>720</height>
             <texture>bg.png</texture>
          </control>
		  
		  <control type="largeimage" id="310">
             <posx>20</posx>
             <posy>115</posy>
             <width>1240</width>
             <height>570</height>
			 <aspectratio>keep</aspectratio>
			 <fadetime>200</fadetime>
          </control>		  
 
      </control>
   </controls>
</window>