<app>
  <id>fptv</id>
  <name>The Fastpitch Softball TV Show</name>
  <version>1.1</version>
  <description>The Fastpitch Softball TV Show brings you interviews from Hall Of Fame players, and coaches. Along with great softball drills, and softball product reviews. All brought to you on a weekly basis by your host Gary Leland. For more information visit their website at http://Fastpitch.TV</description>
  <thumb>http://fastpitch.tv/live/FastPitchTV_iTunes-new_600x600.jpg</thumb>
  <repository>http://dir.boxee.tv/apps</repository>
  <media>video</media>
  <copyright>Gary Leland</copyright>
  <email>sportjunk@gmail.com</email>
  <type>skin</type>
  <platform>all</platform>
  <minversion>0.9.11</minversion>
  <startWindow>14000</startWindow>
</app>