<app>
  <id>wolfgangsvault</id>
  <name>Wolfgang's Vault</name>
  <version>1.2</version>
  <description>Wolfgangsvault.com is where live music lives. Listen to classic concerts by legendary musicians from the 1950s to today</description>
  <thumb>http://apps.gonzee.tv/wolfgangsvault/images/thumb.png</thumb>
  <repository>http://dir.boxee.tv/apps</repository>
  <media>music</media>
  <copyright>Boxee</copyright>
  <email>support@boxee.tv</email>
  <type>skin</type>
  <startWindow>14000</startWindow>
  <platform>all</platform>
  <minversion>0.9.14</minversion>
  <is-persistent>true</is-persistent>
</app>
