<?xml version="1.0"?>
<window type="window" id="14004">
	<defaultcontrol>150</defaultcontrol>
	<allowoverlay>no</allowoverlay>
	<controls>
		<control type="group">
			<animation type="WindowOpen">
				<effect type="fade" start="0" end="100" time="200"/>
			</animation>
			<animation type="WindowClose">
				<effect type="fade" start="100" end="0" time="200"/>
			</animation>
			<animation type="Conditional" condition="Window.IsVisible(DialogProgress.xml)">
				<effect type="fade" start="100" end="20" time="200"/>
			</animation>
			<control type="image">
				<posx>0</posx>
				<posy>0</posy>
				<width>1280</width>
				<height>720</height>
				<texture>black.png</texture>
			</control>
			<control type="list" id="150">
				<posx>0</posx>
				<posy>0</posy>
				<width>1280</width>
				<height>720</height>
				<onleft>-</onleft>
				<onright>-</onright>
				<onup>-</onup>
				<ondown>-</ondown>
				<scrolltime>200</scrolltime>
				<pagecontrol>-</pagecontrol>
				<orientation>horizontal</orientation>
				<content type="url" url="$INFO[app.Param(link)]">
					<onclick>-</onclick>
				</content>
				<itemlayout width="1280" height="720">
					<control type="image">
						<posx>0</posx>
						<posy>0</posy>
						<width>1280</width>
						<height>720</height>
						<texture>$INFO[ListItem.Property(image0)]</texture>
					</control>
					<control type="multiimage">
						<description>loading control</description>
						<visible>!ListItem.property(isloaded)</visible>
						<animation effect="fade" time="200">VisibleChange</animation>
						<posx>538</posx>
						<posy>306</posy>
						<width>200</width>
						<height>200</height>
						<imagepath>loading</imagepath>
						<timeperimage>80</timeperimage>
						<fadetime>10</fadetime>
						<pauseatend>0</pauseatend>
						<randomize>false</randomize>
						<loop>yes</loop>
						<aspectratio>keep</aspectratio>
					</control>
					<control type="label">
						<width>1280</width>
						<posy>670</posy>
						<posx>640</posx>
						<height>50</height>
						<font>font36b</font>
						<align>center</align>
						<aligny>top</aligny>
						<info>ListItem.Label</info>
						<textcolor>ccDDDDDD</textcolor>
						<shadowcolor>cc000000</shadowcolor>
						<wrapmultiline>true</wrapmultiline>
					</control>
				</itemlayout>
				<focusedlayout width="1280" height="720">
					<control type="image">
						<posx>0</posx>
						<posy>0</posy>
						<width>1280</width>
						<height>720</height>
						<texture>$INFO[ListItem.Property(image0)]</texture>
					</control>
					<control type="multiimage">
						<description>loading control</description>
						<visible>!ListItem.property(isloaded)</visible>
						<animation effect="fade" time="200">VisibleChange</animation>
						<posx>538</posx>
						<posy>306</posy>
						<width>200</width>
						<height>200</height>
						<imagepath>loading</imagepath>
						<timeperimage>80</timeperimage>
						<fadetime>10</fadetime>
						<pauseatend>0</pauseatend>
						<randomize>false</randomize>
						<loop>yes</loop>
						<aspectratio>keep</aspectratio>
					</control>
					<control type="label">
						<width>1280</width>
						<posy>670</posy>
						<posx>640</posx>
						<height>50</height>
						<font>font36b</font>
						<align>center</align>
						<aligny>top</aligny>
						<info>ListItem.Label</info>
						<textcolor>ccDDDDDD</textcolor>
						<shadowcolor>cc000000</shadowcolor>
						<wrapmultiline>true</wrapmultiline>
					</control>
					<control type="image">
						<animation type="Focus">
							<effect type="fade" start="100" end="0" time="100" delay="500"/>
						</animation>
						<posx>10</posx>
						<posy>320</posy>
						<width>80</width>
						<height>80</height>
						<texture>left.png</texture>
						<visible>Container(150).HasPrevious</visible>
					</control>
					<control type="image">
						<animation type="Focus">
							<effect type="fade" start="100" end="0" time="100" delay="500"/>
						</animation>
						<posx>1190</posx>
						<posy>320</posy>
						<width>80</width>
						<height>80</height>
						<texture>right.png</texture>
						<visible>Container(150).HasNext</visible>
					</control>
				</focusedlayout>
			</control>
		</control>
	</controls>
</window>
