<app>
  <id>bollyverse</id>
  <name>Bollyverse</name>
  <version>1.08</version>
  <description>Indian Movies. Join. Pick. Play.</description>
  <thumb>http://api1.flickstream.tv/infini2/feeds/api/images/bollyversesquare.jpg</thumb>
  <repository>http://dir.boxee.tv/apps</repository>
  <media>video</media>
  <copyright>Flickstream.com</copyright>
  <email>support@flickstream.com</email>
  <type>skin</type>
  <startWindow>14000</startWindow>
  <platform>dlink.dsm380</platform>
  <minversion>1.2.1</minversion>
</app>