<?xml version="1.0" encoding="utf-8" ?>
<app>
    <id>motonet</id>
    <name>theMOTOnetwork</name>
    <version>1.06</version>
    <description>TheMotoNetwork.com is the premiere source of premium extreme motorsports videos on the internet. v1.06</description>
    <thumb>http://dir.nodplatform.com/apps/motonet/thumb.png</thumb>
    <repository>http://dir.boxee.tv/apps</repository>
    <media>video</media>
    <author>theNODplatform</author>
    <copyright>Opper Sports Inc</copyright>
    <email>dustin.hood@opperfilms.com</email>
    <type>skin</type>
    <startWindow>14000</startWindow>
    <platform>all</platform>
    <minversion>0.9.20</minversion>
</app>
