<?xml version="1.0" encoding="utf-8" ?>
<app>
  <id>thegymbox</id>
  <name>TheGymbox - New Weekly Workouts On Demand</name>
  <version>1.19</version>
  <description>New Weekly Workouts On Demand.  Get weekly updated workouts in a variety of popular formats including yoga, pilates, kickboxing, step aerobics, cycle, treadmill, strength training, core conditioning, stretch, dance, and aerobic endurance.</description>
  <thumb>http://thegymbox.s3.amazonaws.com/assets/images/thumb.png</thumb>
  <media>video</media>
  <copyright>TheGymbox LLC</copyright>
  <email>support@thegymbox.com</email>
  <type>skin</type>
  <startWindow>14000</startWindow>
  <platform>all</platform>
  <minversion>0.9.20</minversion>
  <repository>http://dir.boxee.tv/apps</repository>
</app>
