<app>
  <id>sf4</id>
  <name>SF4Tube</name>
  <version>1.3</version>
  <description>Browse a well-organized repository of Street Fighter IV YouTube videos.  Watch matches of your favorite characters and professional players, learn advanced techniques from in-depth tutorials, and view interviews and music videos from the Street Fighter community.
STREET FIGHTER® IV © CAPCOM U.S.A., INC. ALL RIGHTS RESERVED.</description>
  <thumb>http://www.sf4tube.com/resources/images/boxee_thumb.png</thumb>
  <repository>http://dir.boxee.tv/apps</repository>
  <media>video</media>
  <copyright>langdonx</copyright>
  <email>langdon+sf4tube@langdonx.com</email>
  <type>skin</type>
  <startWindow>14001</startWindow>
  <platform>all</platform>
  <minversion>0.9.11</minversion>
</app>
