<window type="window" id="14080">
	<?xml version="1.0"?>
	<defaultcontrol always="true">9005</defaultcontrol>
	<allowoverlay>no</allowoverlay>
	<onload lang="python"><![CDATA[
items = RestService.GetVODPackages('1','')

global packageitemindex 

if packageitemindex == None:
	index = 0
else:
	index = packageitemindex
	
packageitem = items[index]
mc.GetWindow(14080).GetImage(9919).SetTexture(items[index].GetThumbnail())
mc.GetWindow(14080).GetLabel(9920).SetLabel(items[index].GetProperty('description'))
mc.GetWindow(14080).GetLabel(9921).SetLabel(items[index].GetProperty('price'))
mc.GetWindow(14080).GetLabel(9923).SetLabel(items[index].GetProperty('uid'))
mc.GetWindow(14080).GetLabel(9998).SetLabel(items[index].GetLabel())
mc.GetWindow(14080).GetButton(9922).SetFocus()

mc.GetActiveWindow().GetList(10093).SetItems(items)

]]></onload>
	<controls>
		<control type="group">
      		<animation type="WindowOpen">
            	<effect type="fade" start="0" end="100" time="200" />
         	</animation>
          	<control type="image">
            	<posx>0</posx>
             	<posy>0</posy>
             	<width>1280</width>
             	<height>720</height>
             	<texture>background.jpg</texture>
          	</control>
          	<control type="image">
             	<posx>0</posx>
             	<posy>0</posy>
             	<width>1280</width>
             	<height>83</height>
             	<texture>Header-Logo.jpg</texture>
         	</control>
		 	<control type="image">
            	<posx>0</posx>
            	<posy>83</posy>
            	<width>1280</width>
            	<height>49</height>
         		<texture>Header-menu.jpg</texture>
         	</control>
         	<control type="grouplist" id="9000" description="nav bar">
		 		<posx>32</posx>
				<posy>90</posy>
				<width>1200</width>
				<height>33</height>
				<itemgap>18</itemgap>
				<orientation>horizontal</orientation>
				<usecontrolcoords>false</usecontrolcoords>
				<onleft>9000</onleft>
				<onright>9000</onright>
				<control type="group">
					<width>36</width>
					<height>36</height>
					<visible>Control.IsVisible(9001)</visible>
					<control type="button" id="9001">
						<posx>0</posx>
						<posy>0</posy>
						<width>36</width>
						<height>36</height>
						<onright>9002</onright>
						<onup>-</onup>
						<ondown>9999</ondown>
						<texturenofocus>Home.png</texturenofocus>
						<texturefocus>Home-Over.png</texturefocus>
						<onclick lang="python"><![CDATA[
mc.ActivateWindow(14000)
]]></onclick>
					</control>
				</control>
				<control type="group">
					<width>102</width>
					<height>36</height>
					<visible>Control.IsVisible(9002)</visible>
					<control type="button" id="9002">
						<posx>0</posx>
						<posy>0</posy>
						<width>102</width>
						<height>36</height>
						<onright>9003</onright>
						<onleft>9001</onleft>
						<onup>-</onup>
						<ondown>9999</ondown>
						<texturenofocus>liveTV.png</texturenofocus>
						<texturefocus>liveTV-Over.png</texturefocus>
						<onclick lang="python"><![CDATA[
mc.ActivateWindow(14001)
]]></onclick>
					</control>
				</control>
				<control type="group">
					<width>143</width>
					<height>36</height>
					<visible>Control.IsVisible(9003)</visible>
					<control type="button" id="9003">
						<posx>0</posx>
						<posy>0</posy>
						<width>143</width>
						<height>36</height>
						<onleft>9002</onleft>
						<onright>9004</onright>
						<onup>-</onup>
						<ondown>9999</ondown>
						<texturenofocus>VODcatalog.png</texturenofocus>
						<texturefocus>VODcatalog-Over.png</texturefocus>
						<onclick lang="python"><![CDATA[
mc.ActivateWindow(14002)
]]></onclick>
					</control>
				</control>
				<control type="group">
					<width>110</width>
					<height>36</height>
					<visible>Control.IsVisible(9004)</visible>
					<control type="button" id="9004">
						<posx>0</posx>
						<posy>0</posy>
						<width>110</width>
						<height>36</height>
						<onleft>9003</onleft>
						<onright>9005</onright>
						<onup>-</onup>
						<ondown>9999</ondown>
						<texturenofocus>myVOD.png</texturenofocus>
						<texturefocus>myVOD-Over.png</texturefocus>
						<onclick lang="python"><![CDATA[
mc.ActivateWindow(14003)
]]></onclick>
					</control>
				</control>
				<control type="group">
					<width>110</width>
					<height>36</height>
					<visible>Control.IsVisible(9005)</visible>
					<control type="button" id="9005">
						<posx>0</posx>
						<posy>0</posy>
						<width>110</width>
						<height>36</height>
						<onleft>9004</onleft>
						<onright>9006</onright>
						<onup>-</onup>
						<ondown>9999</ondown>
						<texturenofocus>hotDeals.png</texturenofocus>
						<texturefocus>hotDeals-Over.png</texturefocus>
						<onclick lang="python"><![CDATA[
global packageitemindex
packageitemindex = 0
mc.ActivateWindow(14080)
]]></onclick>
					</control>
				</control>
				<control type="group">
					<width>116</width>
					<height>36</height>
					<visible>Control.IsVisible(9006)</visible>
					<control type="button" id="9006">
						<posx>0</posx>
						<posy>0</posy>
						<width>116</width>
						<height>36</height>
						<onleft>9005</onleft>
						<onright>-</onright>
						<onup>-</onup>
						<ondown>9999</ondown>
						<texturenofocus>search.png</texturenofocus>
						<texturefocus>search-Over.png</texturefocus>
						<onclick lang="python"><![CDATA[
#mc.ActivateWindow(15000)
response = mc.ShowDialogKeyboard("Enter title", "", False)
search.Search(response)
]]></onclick>
					</control>
				</control>
			</control>
			<control type="group" id="9999" description="group for hot deals">
			    <visible>true</visible>
				<width>1200</width>
				<height>498</height>
				<control type="label" id="9998">
		            <posx>32</posx>
		            <posy>145</posy>
		            <width>800</width>
		            <height>49</height>
		            <font>font28b</font>
		         	<label></label>
		        </control>
				<control type="image">
		            <posx>32</posx>
		            <posy>190</posy>
					<width>1200</width>
					<height>2</height>
					<texture>line_search.png</texture>
					<aspectratio>keep</aspectratio>
	    		</control>
	    		<control type="group" id="9991" description="group for special package details">
	    		    <control type="largeimage" id="9919">
						<description>The image of the selected special package</description>
						<posx>72</posx>
						<posy>206</posy>
						<width>248</width>
						<height>206</height>
						<bordersize>4</bordersize>
					</control>
					<control type="image">
						<posx>72</posx>
						<posy>206</posy>
						<width>248</width>
						<height>206</height>
						<texture>package-image-big.png</texture>
					</control>
	    		    <control type="label" id="9920">
						<description>The description of the selected special package</description>
						<posx>350</posx>
						<posy>206</posy>
						<width>800</width>
						<height>206</height>
						<align>left</align>
		            	<font>font20</font>
		         		<label></label>
		         		<wrapmultiline>true</wrapmultiline>
					</control>
	    		    <control type="label">
						<description>The price of the selected special package</description>
						<posx>350</posx>
						<posy>325</posy>
						<width>10</width>
						<height>50</height>
						<align>left</align>
		            	<font>font25</font>
		            	<textcolor>yellow</textcolor>
		         		<label>$</label>
					</control>
	    		    <control type="label" id="9921">
						<description>The price of the selected special package</description>
						<posx>360</posx>
						<posy>312</posy>
						<width>100</width>
						<height>50</height>
						<align>left</align>
		            	<font>font30b</font>
		            	<textcolor>yellow</textcolor>
		         		<label></label>
					</control>
					<control type="button" id="9922">
						<posx>350</posx>
						<posy>360</posy>
						<width>167</width>
						<height>48</height>
						<onleft>-</onleft>
						<onright>-</onright>
						<onup>9005</onup>
						<ondown>SetFocus(10093)</ondown>
						<texturenofocus>ViewContent.png</texturenofocus>
						<texturefocus>ViewContent-over.png</texturefocus>
						<onclick lang="python"><![CDATA[
try:
	mc.ShowDialogWait()
	label = mc.GetActiveWindow().GetLabel(9923)
	mc.ActivateWindow(14097)
except:
	mc.LogInfo('error loading vod package')
	mc.HideDialogWait()
]]></onclick>
					</control>
					<control type="label" id="9923">
						<description>The id of the selected special package</description>
						<posx>360</posx>
						<posy>312</posy>
						<width>100</width>
						<height>50</height>
						<align>left</align>
		            	<font>font30b</font>
		            	<textcolor>white</textcolor>
		         		<label></label>
		         		<visible>false</visible>
					</control>
	    		</control>
	    		<control type="group" id="10090" description="group for special packages list">
	    		    <posx>72</posx>
					<posy>500</posy>
					<control type="label" id="10091">
			            <posx>0</posx>
			            <posy>0</posy>
			            <width>500</width>
			            <height>49</height>
			            <font>font28b</font>
			         	<label>Special Offers</label>
			        </control>
			        <control type="image" id="10092">
						<posx>0</posx>
						<posy>50</posy>
						<height>1</height>
						<texture>separator.png</texture>
					</control>
					<control type="list" id="10093" description="special packages list">
					 	<posx>0</posx>
						<posy>60</posy>
						<width>950</width>
						<height>200</height>
						<orientation>horizontal</orientation>
						<ondown>-</ondown>
						<onup>9922</onup>
						<onleft>11000</onleft>
						<onright>11000</onright>
						<itemlayout width="140" height="100">
							<control type="largeimage">
								<width>100</width>
								<height>100</height>
								<visible>true</visible>
								<aspectratio>keep</aspectratio>
								<texture>$INFO[ListItem.Thumb]</texture>
							</control>
						    <control type="image">
								<width>100</width>
								<height>100</height>
								<texture>ChannelFrame.png</texture>
								<aspectratio>keep</aspectratio>
			    			</control>
							<control type="label">
							    <posx>0</posx>
							    <posy>135</posy>
			            		<width>100</width>
			            		<height>49</height>
			            		<font>font12b</font>
			         			<label>$INFO[ListItem.Label]</label>
			        		</control>
						</itemlayout>
						<focusedlayout width="140" height="100">
							<control type="largeimage">
								<width>100</width>
								<height>100</height>
								<visible>true</visible>
								<aspectratio>keep</aspectratio>
								<texture>$INFO[ListItem.Thumb]</texture>
							</control>
							<!--control type="image">
								<width>100</width>
								<height>100</height>
								<texture>ChannelFrame.png</texture>
								<aspectratio>keep</aspectratio>
			    			</control>-->
							<control type="image">
								<width>100</width>
								<height>100</height>
								<texture>ChannelFrame-Over.png</texture>
								<aspectratio>keep</aspectratio>
			    			</control>
							<control type="label">
			            		<posx>0</posx>
							    <posy>135</posy>
			            		<width>100</width>
			            		<height>49</height>
			            		<font>font12b</font>
			         			<label>$INFO[ListItem.Label]</label>
			        		</control>
						</focusedlayout>
						<content type="action">
						<onclick lang="python"><![CDATA[
n = mc.GetActiveWindow().GetList(10093).GetFocusedItem()
global packageitemindex
packageitemindex = n
mc.ActivateWindow(14080)
]]></onclick>
						</content>
					</control>
	    		</control>
			</control>
		</control>
	</controls>
</window>