<window type="window" id="14099">
<?xml version="1.0"?>
   <defaultcontrol always="true">9000</defaultcontrol>
   <previouswindow>14000</previouswindow>
   <allowoverlay>no</allowoverlay>
   <onload lang="python"><![CDATA[
mc.GetActiveWindow().GetLabel(901).SetLabel(RestService.GetLinkingCode())
]]></onload>
 
   <controls>
      <control type="group">
      	 <animation type="WindowOpen">
            <effect type="fade" start="0" end="100" time="200" />
         </animation>
          <control type="image">
             <posx>0</posx>
             <posy>0</posy>
             <width>1280</width>
             <height>720</height>
             <texture>background.jpg</texture>
          </control>
          <control type="image">
             <posx>0</posx>
             <posy>0</posy>
             <width>1280</width>
             <height>83</height>
             <texture>Header-Logo.jpg</texture>
         </control>
		 <control type="image">
            <posx>0</posx>
            <posy>83</posy>
            <width>1280</width>
            <height>49</height>
         	<texture>Header-menu.jpg</texture>
         </control>
    	<control id="100" type="image">
    		<posx>37</posx>
    		<posy>157</posy>
    		<width>1218</width>
    		<height>513</height>
    		<texture>linkyourdevice.png</texture>
    	</control>
    		
		<control type="button" id="9000">
			<description>Proceed to linking hides information image and show linking screen</description>
			<posx>790</posx>
			<posy>620</posy>
			<width>174</width>
			<height>52</height>
       		<textcolor>white</textcolor>
       		<texturefocus>proceed-over.png</texturefocus>
       		<texturenofocus>proceed.png</texturenofocus>
       		<disabledcolor>88FFFFFF</disabledcolor>
       		<align>center</align>
       		<aligny>center</aligny>
       		<visible>Control.IsVisible(100)</visible>
			<onclick lang="python"><![CDATA[
import threading
try:
	if mc.GetActiveWindow().GetControl(100).IsVisible():
		mc.GetActiveWindow().GetControl(100).SetVisible(False) 
		mc.GetActiveWindow().GetControl(9001).SetVisible(True)
 
		mc.ShowDialogWait()
		mc.GetActiveWindow().GetLabel(901).SetLabel(RestService.GetLinkingCode())
		mc.HideDialogWait()
		count = 0
		global timer
		global mcGlobal
		mcGlobal = mc
		def checkLink():
			try:
				mc.LogInfo('timer tick')
				pin = RestService.GetCustomerPin()
				if pin != None:
					mc.ShowDialogNotification('Your device was successfully linked')
					mcGlobal.ActivateWindow(14001)
				else:
					timer = threading.Timer(4.0, checkLink)
					timer.start()
			except:
				mc.LogInfo('timer exception ')
				pass
				
		timer = threading.Timer(4.0, checkLink)		
		timer.start()
		mc.GetActiveWindow().GetButton(9001).SetFocus()
except error:
	mc.LogInfo('Error in linking procedure')
]]></onclick>
		</control>  
		
		<control id="101" type="image">
			<description>An image to inform the user about the instructions to go to the website</description>
    		<posx>37</posx>
    		<posy>157</posy>
    		<width>1212</width>
    		<height>232</height>
    		<visible>Control.IsVisible(9001)</visible>
    		<texture>instructions.png</texture>
    	</control> 
    	<control id="901" type="label">
    		<description>Label Containing the Linking Code genereated by the preregistration call</description>
    		<posx>867</posx>
    		<posy>260</posy>
    		<width>180</width>
    		<height>100</height>
    		<font>font40</font>
    		<textcolor>FFFFFFFF</textcolor>
    		<label>Loading...</label>
    		<align>center</align>
    		<visible>Control.IsVisible(9001)</visible>
    	</control>
    	<control type="button" id="9001">
    		<description>A Button to generate a new token</description>
    		<width>174</width>
    		<height>52</height>
    		<posx>37</posx>
    		<posy>350</posy>
       		<disabledcolor>88FFFFFF</disabledcolor>
       		<align>center</align>
       		<aligny>center</aligny>    		
    		<texturefocus>button_newcode-over.png</texturefocus>
    		<texturenofocus>button_newcode-over.png</texturenofocus>
    		<visible>False</visible>
			<onclick lang="python"><![CDATA[
mc.ShowDialogNotification('Get new code')
mc.ShowDialogWait()
mc.GetActiveWindow().GetLabel(901).SetLabel(RestService.GetLinkingCode())
mc.HideDialogWait()
]]></onclick>    		
    	</control>
		
		 	
    </control>
   </controls>
</window>
