<window type="window" id="14000">
<?xml version="1.0"?>
   <defaultcontrol always="true">9000</defaultcontrol>
   <allowoverlay>no</allowoverlay>
   <onload lang="python"><![CDATA[
import RestService
import mc

mc.ShowDialogWait()

try:
	#getgenres.BindGenresHomepage()
	getchannels.BindChannels()
	getfeatured.BindFeatured()
except:
	mc.HideDialogWait()

mc.HideDialogWait()
]]></onload>
   <controls>
      <control type="group">
      	 <animation type="WindowOpen">
            <effect type="fade" start="0" end="100" time="200" />
         </animation>
          <control type="image">
             <posx>0</posx>
             <posy>0</posy>
             <width>1280</width>
             <height>720</height>
             <texture>background.jpg</texture>
          </control>
          <control type="image">
             <posx>0</posx>
             <posy>0</posy>
             <width>1280</width>
             <height>83</height>
             <texture>Header-Logo.jpg</texture>
         </control>
		 <control type="image">
            <posx>0</posx>
            <posy>83</posy>
            <width>1280</width>
            <height>49</height>
         	<texture>Header-menu.jpg</texture>
         </control>
         <control type="grouplist" id="9000" description="nav bar">
		 	<posx>32</posx>
			<posy>90</posy>
			<width>1200</width>
			<height>33</height>
			<itemgap>18</itemgap>
			<orientation>horizontal</orientation>
			<usecontrolcoords>false</usecontrolcoords>	 			
			<control type="group">
				<width>36</width>
				<height>36</height>
				<visible>Control.IsVisible(9001)</visible>	
				<control type="button" id="9001">
					<posx>0</posx>
					<posy>0</posy>
					<width>36</width>
					<height>36</height>
					<onleft>9006</onleft>
					<onright>9002</onright>
					<ondown>11000</ondown>
					<onup>10000</onup>				
					<texturenofocus>Home.png</texturenofocus>
					<texturefocus>Home-Over.png</texturefocus>
					<onclick lang="python"><![CDATA[
mc.ActivateWindow(14000)
]]></onclick>
				</control>
			</control>
			<control type="group">
				<width>102</width>
				<height>36</height>
				<visible>Control.IsVisible(9002)</visible>
				<control type="button" id="9002">
					<posx>0</posx>
					<posy>0</posy>
					<width>102</width>
					<height>36</height>
					<onright>9003</onright>
					<onleft>9001</onleft>
					<ondown>11000</ondown>
					<onup>10000</onup>
					<texturenofocus>liveTV.png</texturenofocus>
					<texturefocus>liveTV-Over.png</texturefocus>
					<onclick lang="python"><![CDATA[
mc.ActivateWindow(14001)
]]></onclick>
				</control>
			</control>
			<control type="group">
				<width>143</width>
				<height>36</height>
				<visible>Control.IsVisible(9003)</visible>
				<control type="button" id="9003">
					<posx>0</posx>
					<posy>0</posy>
					<width>143</width>
					<height>36</height>
					<onleft>9002</onleft>
					<onright>9004</onright>
					<ondown>11000</ondown>
					<onup>10000</onup>
					<texturenofocus>VODcatalog.png</texturenofocus>
					<texturefocus>VODcatalog-Over.png</texturefocus>
					<onclick lang="python"><![CDATA[
mc.ActivateWindow(14002)
]]></onclick>
				</control>
			</control>
			<control type="group">
				<width>110</width>
				<height>36</height>
				<visible>Control.IsVisible(9004)</visible>
				<control type="button" id="9004">
					<posx>0</posx>
					<posy>0</posy>
					<width>110</width>
					<height>36</height>
					<onleft>9003</onleft>
					<onright>9005</onright>
					<ondown>11000</ondown>
					<onup>10000</onup>
					<texturenofocus>myVOD.png</texturenofocus>
					<texturefocus>myVOD-Over.png</texturefocus>
					<onclick lang="python"><![CDATA[
print('open myvod window')
mc.ActivateWindow(14003)
]]></onclick>
				</control>
			</control>
			<control type="group">
				<width>110</width>
				<height>36</height>
				<visible>Control.IsVisible(9005)</visible>
				<control type="button" id="9005">
					<posx>0</posx>
					<posy>0</posy>
					<width>110</width>
					<height>36</height>
					<onleft>9004</onleft>
					<onright>9006</onright>
					<ondown>11000</ondown>
					<onup>10000</onup>
					<texturenofocus>hotDeals.png</texturenofocus>
					<texturefocus>hotDeals-Over.png</texturefocus>
					<onclick lang="python"><![CDATA[
global packageitemindex
packageitemindex = 0
mc.ActivateWindow(14080)
]]></onclick>
				</control>
			</control>
			<control type="group">
				<width>116</width>
				<height>36</height>
				<visible>Control.IsVisible(9006)</visible>
				<control type="button" id="9006">
					<posx>0</posx>
					<posy>0</posy>
					<width>116</width>
					<height>36</height>
					<onleft>9005</onleft>
					<onright>9001</onright>
					<ondown>11000</ondown>
					<onup>10000</onup>
					<texturenofocus>search.png</texturenofocus>
					<texturefocus>search-Over.png</texturefocus>
					<onclick lang="python"><![CDATA[
#mc.ActivateWindow(15000)
response = mc.ShowDialogKeyboard("Enter title", "", False)
search.Search(response)
]]></onclick>
				</control>
			</control>
			
		</control>
		<control type="grouplist" id="8000" description="genre & program type left menu">
		 	<posx>0</posx>
			<posy>200</posy>
			<width>180</width>
			<height>800</height>
			<itemgap>8</itemgap>
			<orientation>vertical</orientation>
			<usecontrolcoords>false</usecontrolcoords>
			<visible>false</visible>
			<control type="group">
				<width>126</width>
				<height>26</height>
				<control type="button" id="8001">
					<posx>0</posx>
					<posy>0</posy>
					<width>126</width>
					<height>24</height>
					<onleft>-</onleft>
					<onright>-</onright>
					<ondown>-</ondown>
					<onup>-</onup>
					<texturenofocus>Drama.jpg</texturenofocus>
					<texturefocus>Drama-Over.jpg</texturefocus>
					<onclick lang="python"><![CDATA[
if mc.GetActiveWindow().GetControl(8011).IsVisible():
	mc.GetActiveWindow().GetControl(8011).SetVisible(False)
else:
	mc.GetActiveWindow().GetControl(8011).SetVisible(True)
]]></onclick>
				</control>
				<control type="grouplist" id="8011">
					<width>200</width>
					<height>168</height>
					<posx>5</posx>
					<posy>26</posy>
					<orientation>vertical</orientation>
					<usecontrolcoords>false</usecontrolcoords>
					<visible>false</visible>
					<control type="label">
						<width>200</width>
						<height>24</height>
						<posx>5</posx>
						<posy>0</posy>
						<font>sans18</font>
						<align>left</align>
						<label>Egyptian Drama</label>
						<textcolor>white</textcolor>
					</control>
					<control type="label">
						<width>200</width>
						<height>24</height>
						<posx>5</posx>
						<posy>0</posy>
						<font>sans18</font>
						<align>left</align>
						<label>Syrian Drama</label>
						<textcolor>white</textcolor>
					</control>
					<control type="label">
						<width>200</width>
						<height>24</height>
						<posx>5</posx>
						<posy>0</posy>
						<font>sans18</font>
						<align>left</align>
						<label>Lebanese Drama</label>
						<textcolor>white</textcolor>
					</control>
					<control type="label">
						<width>200</width>
						<height>24</height>
						<posx>5</posx>
						<posy>0</posy>
						<font>sans18</font>
						<align>left</align>
						<label>Khaliji Drama</label>
						<textcolor>white</textcolor>
					</control>
					<control type="label">
						<width>200</width>
						<height>24</height>
						<posx>5</posx>
						<posy>0</posy>
						<font>sans18</font>
						<align>left</align>
						<label>Historical</label>
						<textcolor>white</textcolor>
					</control>
					<control type="label">
						<width>200</width>
						<height>24</height>
						<posx>5</posx>
						<posy>0</posy>
						<font>sans18</font>
						<align>left</align>
						<label>Dubbed</label>
						<textcolor>white</textcolor>
					</control>
					<control type="label">
						<width>200</width>
						<height>24</height>
						<posx>5</posx>
						<posy>0</posy>
						<font>sans18</font>
						<align>left</align>
						<label>TV Biopic</label>
						<textcolor>white</textcolor>
					</control>
				</control>
			</control>
			<control type="group">
				<width>126</width>
				<height>26</height>
				<control type="button" id="8002">
					<posx>0</posx>
					<posy>0</posy>
					<width>126</width>
					<height>24</height>
					<onleft>-</onleft>
					<onright>-</onright>
					<ondown>-</ondown>
					<onup>-</onup>
					<texturenofocus>Films.jpg</texturenofocus>
					<texturefocus>Films-Over.jpg</texturefocus>
					<onclick lang="python"><![CDATA[
if mc.GetActiveWindow().GetControl(8021).IsVisible():
	mc.GetActiveWindow().GetControl(8021).SetVisible(False)
else:
	mc.GetActiveWindow().GetControl(8021).SetVisible(True)
]]></onclick>
				</control>
				<control type="grouplist" id="8021">
					<width>200</width>
					<height>168</height>
					<posx>5</posx>
					<posy>26</posy>
					<orientation>vertical</orientation>
					<usecontrolcoords>false</usecontrolcoords>
					<visible>false</visible>
					<control type="label">
						<width>200</width>
						<height>24</height>
						<posx>5</posx>
						<posy>0</posy>
						<font>sans18</font>
						<align>left</align>
						<label>Classics</label>
						<textcolor>white</textcolor>
					</control>
					<control type="label">
						<width>200</width>
						<height>24</height>
						<posx>5</posx>
						<posy>0</posy>
						<font>sans18</font>
						<align>left</align>
						<label>Comedy</label>
						<textcolor>white</textcolor>
					</control>
					<control type="label">
						<width>200</width>
						<height>24</height>
						<posx>5</posx>
						<posy>0</posy>
						<font>sans18</font>
						<align>left</align>
						<label>Drama</label>
						<textcolor>white</textcolor>
					</control>
					<control type="label">
						<width>200</width>
						<height>24</height>
						<posx>5</posx>
						<posy>0</posy>
						<font>sans18</font>
						<align>left</align>
						<label>Action</label>
						<textcolor>white</textcolor>
					</control>
					<control type="label">
						<width>200</width>
						<height>24</height>
						<posx>5</posx>
						<posy>0</posy>
						<font>sans18</font>
						<align>left</align>
						<label>Romance</label>
						<textcolor>white</textcolor>
					</control>
					<control type="label">
						<width>200</width>
						<height>24</height>
						<posx>5</posx>
						<posy>0</posy>
						<font>sans18</font>
						<align>left</align>
						<label>Short Film</label>
						<textcolor>white</textcolor>
					</control>
				</control>
			</control>
			<control type="group">
				<width>126</width>
				<height>26</height>
				<control type="button" id="8003">
					<posx>0</posx>
					<posy>0</posy>
					<width>126</width>
					<height>24</height>
					<onleft>-</onleft>
					<onright>-</onright>
					<ondown>-</ondown>
					<onup>-</onup>
					<texturenofocus>Comedy.jpg</texturenofocus>
					<texturefocus>Comedy-Over.jpg</texturefocus>
					<onclick lang="python"><![CDATA[
if mc.GetActiveWindow().GetControl(8031).IsVisible():
	mc.GetActiveWindow().GetControl(8031).SetVisible(False)
else:
	mc.GetActiveWindow().GetControl(8031).SetVisible(True)
]]></onclick>
				</control>
				<control type="grouplist" id="8031">
					<width>200</width>
					<height>168</height>
					<posx>5</posx>
					<posy>26</posy>
					<orientation>vertical</orientation>
					<usecontrolcoords>false</usecontrolcoords>
					<visible>false</visible>
					<control type="label">
						<width>200</width>
						<height>24</height>
						<posx>5</posx>
						<posy>0</posy>
						<font>sans18</font>
						<align>left</align>
						<label>Sitcom</label>
						<textcolor>white</textcolor>
					</control>
					<control type="label">
						<width>200</width>
						<height>24</height>
						<posx>5</posx>
						<posy>0</posy>
						<font>sans18</font>
						<align>left</align>
						<label>TV Shows</label>
						<textcolor>white</textcolor>
					</control>
					<control type="label">
						<width>200</width>
						<height>24</height>
						<posx>5</posx>
						<posy>0</posy>
						<font>sans18</font>
						<align>left</align>
						<label>Plays</label>
						<textcolor>white</textcolor>
					</control>
					<control type="label">
						<width>200</width>
						<height>24</height>
						<posx>5</posx>
						<posy>0</posy>
						<font>sans18</font>
						<align>left</align>
						<label>TV Series</label>
						<textcolor>white</textcolor>
					</control>
				</control>
			</control>
			<control type="group">
				<width>126</width>
				<height>26</height>
				<control type="button" id="8004">
					<posx>0</posx>
					<posy>0</posy>
					<width>126</width>
					<height>24</height>
					<onleft>-</onleft>
					<onright>-</onright>
					<ondown>-</ondown>
					<onup>-</onup>
					<texturenofocus>Entertain.jpg</texturenofocus>
					<texturefocus>Entertain-Over.jpg</texturefocus>
					<onclick lang="python"><![CDATA[
if mc.GetActiveWindow().GetControl(8041).IsVisible():
	mc.GetActiveWindow().GetControl(8041).SetVisible(False)
else:
	mc.GetActiveWindow().GetControl(8041).SetVisible(True)
]]></onclick>
				</control>
				<control type="grouplist" id="8041">
					<width>200</width>
					<height>168</height>
					<posx>5</posx>
					<posy>26</posy>
					<orientation>vertical</orientation>
					<usecontrolcoords>false</usecontrolcoords>
					<visible>false</visible>
					<control type="label">
						<width>200</width>
						<height>24</height>
						<posx>5</posx>
						<posy>0</posy>
						<font>sans18</font>
						<align>left</align>
						<label>TV Shows</label>
						<textcolor>white</textcolor>
					</control>
					<control type="label">
						<width>200</width>
						<height>24</height>
						<posx>5</posx>
						<posy>0</posy>
						<font>sans18</font>
						<align>left</align>
						<label>Reality TV</label>
						<textcolor>white</textcolor>
					</control>
					<control type="label">
						<width>200</width>
						<height>24</height>
						<posx>5</posx>
						<posy>0</posy>
						<font>sans18</font>
						<align>left</align>
						<label>Music</label>
						<textcolor>white</textcolor>
					</control>
				</control>
			</control>
			<control type="group">
				<width>126</width>
				<height>26</height>
				<control type="button" id="8005">
					<posx>0</posx>
					<posy>0</posy>
					<width>126</width>
					<height>24</height>
					<onleft>-</onleft>
					<onright>-</onright>
					<ondown>-</ondown>
					<onup>-</onup>
					<texturenofocus>Political.jpg</texturenofocus>
					<texturefocus>Political-Over.jpg</texturefocus>
					<onclick lang="python"><![CDATA[
if mc.GetActiveWindow().GetControl(8051).IsVisible():
	mc.GetActiveWindow().GetControl(8051).SetVisible(False)
else:
	mc.GetActiveWindow().GetControl(8051).SetVisible(True)
]]></onclick>
				</control>
				<control type="grouplist" id="8051">
					<width>200</width>
					<height>168</height>
					<posx>5</posx>
					<posy>26</posy>
					<orientation>vertical</orientation>
					<usecontrolcoords>false</usecontrolcoords>
					<visible>false</visible>
					<control type="label">
						<width>200</width>
						<height>24</height>
						<posx>5</posx>
						<posy>0</posy>
						<font>sans18</font>
						<align>left</align>
						<label>TV Shows</label>
						<textcolor>white</textcolor>
					</control>
					<control type="label">
						<width>200</width>
						<height>24</height>
						<posx>5</posx>
						<posy>0</posy>
						<font>sans18</font>
						<align>left</align>
						<label>Political Archives</label>
						<textcolor>white</textcolor>
					</control>
				</control>
			</control>
			<control type="group">
				<width>126</width>
				<height>26</height>
				<control type="button" id="8006">
					<posx>0</posx>
					<posy>0</posy>
					<width>126</width>
					<height>24</height>
					<onleft>-</onleft>
					<onright>-</onright>
					<ondown>-</ondown>
					<onup>-</onup>
					<texturenofocus>Lifestyle.jpg</texturenofocus>
					<texturefocus>Lifestyle-Over.jpg</texturefocus>
					<onclick lang="python"><![CDATA[
if mc.GetActiveWindow().GetControl(8061).IsVisible():
	mc.GetActiveWindow().GetControl(8061).SetVisible(False)
else:
	mc.GetActiveWindow().GetControl(8061).SetVisible(True)
]]></onclick>
				</control>
				<control type="grouplist" id="8061">
					<width>200</width>
					<height>168</height>
					<posx>5</posx>
					<posy>26</posy>
					<orientation>vertical</orientation>
					<usecontrolcoords>false</usecontrolcoords>
					<visible>false</visible>
					<control type="label">
						<width>200</width>
						<height>24</height>
						<posx>5</posx>
						<posy>0</posy>
						<font>sans18</font>
						<align>left</align>
						<label>Cooking</label>
						<textcolor>white</textcolor>
					</control>
					<control type="label">
						<width>200</width>
						<height>24</height>
						<posx>5</posx>
						<posy>0</posy>
						<font>sans18</font>
						<align>left</align>
						<label>Family</label>
						<textcolor>white</textcolor>
					</control>
					<control type="label">
						<width>200</width>
						<height>24</height>
						<posx>5</posx>
						<posy>0</posy>
						<font>sans18</font>
						<align>left</align>
						<label>Beauty</label>
						<textcolor>white</textcolor>
					</control>
					<control type="label">
						<width>200</width>
						<height>24</height>
						<posx>5</posx>
						<posy>0</posy>
						<font>sans18</font>
						<align>left</align>
						<label>Fashion</label>
						<textcolor>white</textcolor>
					</control>
					<control type="label">
						<width>200</width>
						<height>24</height>
						<posx>5</posx>
						<posy>0</posy>
						<font>sans18</font>
						<align>left</align>
						<label>Health</label>
						<textcolor>white</textcolor>
					</control>
				</control>
			</control>
			<control type="group">
				<width>126</width>
				<height>26</height>
				<control type="button" id="8007">
					<posx>0</posx>
					<posy>0</posy>
					<width>126</width>
					<height>24</height>
					<onleft>-</onleft>
					<onright>-</onright>
					<ondown>-</ondown>
					<onup>-</onup>
					<texturenofocus>Docs.jpg</texturenofocus>
					<texturefocus>Docs-Over.jpg</texturefocus>
					<onclick lang="python"><![CDATA[
if mc.GetActiveWindow().GetControl(8071).IsVisible():
	mc.GetActiveWindow().GetControl(8071).SetVisible(False)
else:
	mc.GetActiveWindow().GetControl(8071).SetVisible(True)
]]></onclick>
				</control>
				<control type="grouplist" id="8071">
					<width>200</width>
					<height>168</height>
					<posx>5</posx>
					<posy>26</posy>
					<orientation>vertical</orientation>
					<usecontrolcoords>false</usecontrolcoords>
					<visible>false</visible>
					<control type="label">
						<width>200</width>
						<height>24</height>
						<posx>5</posx>
						<posy>0</posy>
						<font>sans18</font>
						<align>left</align>
						<label>TV Shows</label>
						<textcolor>white</textcolor>
					</control>
					<control type="label">
						<width>200</width>
						<height>24</height>
						<posx>5</posx>
						<posy>0</posy>
						<font>sans18</font>
						<align>left</align>
						<label>Political</label>
						<textcolor>white</textcolor>
					</control>
					<control type="label">
						<width>200</width>
						<height>24</height>
						<posx>5</posx>
						<posy>0</posy>
						<font>sans18</font>
						<align>left</align>
						<label>Biography</label>
						<textcolor>white</textcolor>
					</control>
					<control type="label">
						<width>200</width>
						<height>24</height>
						<posx>5</posx>
						<posy>0</posy>
						<font>sans18</font>
						<align>left</align>
						<label>History</label>
						<textcolor>white</textcolor>
					</control>
					<control type="label">
						<width>200</width>
						<height>24</height>
						<posx>5</posx>
						<posy>0</posy>
						<font>sans18</font>
						<align>left</align>
						<label>Religion</label>
						<textcolor>white</textcolor>
					</control>
					<control type="label">
						<width>200</width>
						<height>24</height>
						<posx>5</posx>
						<posy>0</posy>
						<font>sans18</font>
						<align>left</align>
						<label>Arts and culture</label>
						<textcolor>white</textcolor>
					</control>
					<control type="label">
						<width>200</width>
						<height>24</height>
						<posx>5</posx>
						<posy>0</posy>
						<font>sans18</font>
						<align>left</align>
						<label>Science and technology</label>
						<textcolor>white</textcolor>
					</control>
					<control type="label">
						<width>200</width>
						<height>24</height>
						<posx>5</posx>
						<posy>0</posy>
						<font>sans18</font>
						<align>left</align>
						<label>Nature</label>
						<textcolor>white</textcolor>
					</control>
					<control type="label">
						<width>200</width>
						<height>24</height>
						<posx>5</posx>
						<posy>0</posy>
						<font>sans18</font>
						<align>left</align>
						<label>Social</label>
						<textcolor>white</textcolor>
					</control>
				</control>
			</control>
			<control type="group">
				<width>126</width>
				<height>26</height>
				<control type="button" id="8008">
					<posx>0</posx>
					<posy>0</posy>
					<width>126</width>
					<height>24</height>
					<onleft>-</onleft>
					<onright>-</onright>
					<ondown>-</ondown>
					<onup>-</onup>
					<texturenofocus>Kids.jpg</texturenofocus>
					<texturefocus>Kids-Over.jpg</texturefocus>
					<onclick lang="python"><![CDATA[
if mc.GetActiveWindow().GetControl(8081).IsVisible():
	mc.GetActiveWindow().GetControl(8081).SetVisible(False)
else:
	mc.GetActiveWindow().GetControl(8081).SetVisible(True)
]]></onclick>
				</control>
				<control type="grouplist" id="8081">
					<width>200</width>
					<height>168</height>
					<posx>5</posx>
					<posy>26</posy>
					<orientation>vertical</orientation>
					<usecontrolcoords>false</usecontrolcoords>
					<visible>false</visible>
					<control type="label">
						<width>200</width>
						<height>24</height>
						<posx>5</posx>
						<posy>0</posy>
						<font>sans18</font>
						<align>left</align>
						<label>Animation</label>
						<textcolor>white</textcolor>
					</control>
					<control type="label">
						<width>200</width>
						<height>24</height>
						<posx>5</posx>
						<posy>0</posy>
						<font>sans18</font>
						<align>left</align>
						<label>Plays</label>
						<textcolor>white</textcolor>
					</control>
				</control>
			</control>
			<control type="group">
				<width>126</width>
				<height>26</height>
				<control type="button" id="8009">
					<posx>0</posx>
					<posy>0</posy>
					<width>126</width>
					<height>24</height>
					<onleft>-</onleft>
					<onright>-</onright>
					<ondown>-</ondown>
					<onup>-</onup>
					<texturenofocus>Sports.jpg</texturenofocus>
					<texturefocus>Sports-Over.jpg</texturefocus>
					<onclick lang="python"><![CDATA[
if mc.GetActiveWindow().GetControl(8091).IsVisible():
	mc.GetActiveWindow().GetControl(8091).SetVisible(False)
else:
	mc.GetActiveWindow().GetControl(8091).SetVisible(True)
]]></onclick>
				</control>
				<control type="grouplist" id="8091">
					<width>200</width>
					<height>168</height>
					<posx>5</posx>
					<posy>26</posy>
					<orientation>vertical</orientation>
					<usecontrolcoords>false</usecontrolcoords>
					<visible>false</visible>
					<control type="label">
						<width>200</width>
						<height>24</height>
						<posx>5</posx>
						<posy>0</posy>
						<font>sans18</font>
						<align>left</align>
						<label>Sports Show</label>
						<textcolor>white</textcolor>
					</control>
					<control type="label">
						<width>200</width>
						<height>24</height>
						<posx>5</posx>
						<posy>0</posy>
						<font>sans18</font>
						<align>left</align>
						<label>Sports Games</label>
						<textcolor>white</textcolor>
					</control>
				</control>
			</control>
			<control type="group">
				<width>126</width>
				<height>26</height>
				<control type="button" id="8010">
					<posx>0</posx>
					<posy>0</posy>
					<width>126</width>
					<height>24</height>
					<onleft>-</onleft>
					<onright>-</onright>
					<ondown>-</ondown>
					<onup>-</onup>
					<texturenofocus>Religious.jpg</texturenofocus>
					<texturefocus>Religious-Over.jpg</texturefocus>
					<onclick lang="python"><![CDATA[
if mc.GetActiveWindow().GetControl(8101).IsVisible():
	mc.GetActiveWindow().GetControl(8101).SetVisible(False)
else:
	mc.GetActiveWindow().GetControl(8101).SetVisible(True)
]]></onclick>
				</control>
				<control type="grouplist" id="8101">
					<width>200</width>
					<height>168</height>
					<posx>5</posx>
					<posy>26</posy>
					<orientation>vertical</orientation>
					<usecontrolcoords>false</usecontrolcoords>
					<visible>false</visible>
					<control type="label">
						<width>200</width>
						<height>24</height>
						<posx>5</posx>
						<posy>0</posy>
						<font>sans18</font>
						<align>left</align>
						<label>TV Shows</label>
						<textcolor>white</textcolor>
					</control>
					<control type="label">
						<width>200</width>
						<height>24</height>
						<posx>5</posx>
						<posy>0</posy>
						<font>sans18</font>
						<align>left</align>
						<label>Special Holidays</label>
						<textcolor>white</textcolor>
					</control>
					<control type="label">
						<width>200</width>
						<height>24</height>
						<posx>5</posx>
						<posy>0</posy>
						<font>sans18</font>
						<align>left</align>
						<label>Music Videos</label>
						<textcolor>white</textcolor>
					</control>
					<control type="label">
						<width>200</width>
						<height>24</height>
						<posx>5</posx>
						<posy>0</posy>
						<font>sans18</font>
						<align>left</align>
						<label>Islamic</label>
						<textcolor>white</textcolor>
					</control>
					<control type="label">
						<width>200</width>
						<height>24</height>
						<posx>5</posx>
						<posy>0</posy>
						<font>sans18</font>
						<align>left</align>
						<label>Christian</label>
						<textcolor>white</textcolor>
					</control>
				</control>
			</control>
		</control>
		 
		<control type="group" id="9999" description="group for featured VODs and Channels">
		    <visible>true</visible>
			<width>1200</width>
			<height>498</height>
			<onleft>8000</onleft>
			<control type="label">
	            <posx>160</posx>
	            <posy>450</posy>
	            <width>200</width>
	            <height>49</height>
	            <font>font28b</font>
	         	<label>Featured VOD</label>
	        </control>
	        <control type="image">
				<posx>160</posx>
				<posy>500</posy>
				<width>39</width>
				<height>146</height>
				<texture>VideoOnDemandTittle.png</texture>
			</control>
	        <control type="button">
				<posx>210</posx>
				<posy>545</posy>
				<width>21</width>
				<height>33</height>
				<texturenofocus>ArrowLeft.png</texturenofocus>
				<texturefocus>ArrowLeft.png</texturefocus>
				<onclick lang="python"><![CDATA[
mc.GetActiveWindow().GetList(10000).ScrollPageUp()
]]></onclick>
			</control>
	        <control type="list" id="10000" description="featured VOD">
			 	<posx>240</posx>
				<posy>500</posy>
				<width>1000</width>
				<height>200</height>
				<orientation>horizontal</orientation> 
				<ondown>9000</ondown>
				<onup>11000</onup>
				<itemlayout width="200" height="140">
					<control type="largeimage">
						<width>177</width>
						<height>140</height>
						<visible>true</visible>
						<aspectratio>keep</aspectratio>
						<texture>$INFO[ListItem.Thumb]</texture>
					</control>
					<control type="label">
					    <posx>0</posx>
					    <posy>145</posy>
	            		<width>177</width>
	            		<height>49</height>
	            		<font>font12b</font>
	         			<label>$INFO[ListItem.Label]</label>
	        		</control>
				    <control type="image">
						<width>177</width>
						<height>140</height>
						<texture>VODFrame.png</texture>
						<aspectratio>keep</aspectratio>
	    			</control>
				</itemlayout>
				<focusedlayout width="200" height="140">
					<control type="largeimage">
						<width>177</width>
						<height>140</height>
						<visible>true</visible>
						<aspectratio>keep</aspectratio>
						<texture>$INFO[ListItem.Thumb]</texture>
					</control>
					<control type="label">
	            		<posx>0</posx>
					    <posy>145</posy>
	            		<width>177</width>
	            		<height>49</height>
	            		<font>font12b</font>
	         			<label>$INFO[ListItem.Label]</label>
	         		 
	        		</control>
	        		<control type="image">
						<width>177</width>
						<height>140</height>
						<texture>VODFrame.png</texture>
						<aspectratio>keep</aspectratio>
	    			</control>
					<control type="image">
						<width>177</width>
						<height>140</height>
						<texture>VODFrame-Over.png</texture>
						<aspectratio>keep</aspectratio>
						<visible>Control.HasFocus(10000)</visible>
	    			</control>
				</focusedlayout>
				<content type="action">
				<onclick lang="python"><![CDATA[
global videoitem
n = mc.GetWindow(14000).GetList(10000).GetFocusedItem()
item = mc.GetWindow(14000).GetList(10000).GetItem(n)
videoitem = item
mc.ActivateWindow(14004)
]]></onclick>
				</content>
			</control>
			 			
	        <control type="button">
				<posx>1230</posx>
				<posy>545</posy>
				<width>21</width>
				<height>33</height>
				<texturenofocus>ArrowRight.png</texturenofocus>
				<texturefocus>ArrowRight.png</texturefocus>
				<onclick lang="python"><![CDATA[
mc.GetActiveWindow().GetList(10000).ScrollPageDown()
]]></onclick>
			</control>
	        <control type="label">
	            <posx>160</posx>
	            <posy>145</posy>
	            <width>200</width>
	            <height>49</height>
	            <font>font28b</font>
	         	<label>Live Channels</label>
	        </control>
	        <control type="image">
				<posx>160</posx>
				<posy>200</posy>
				<width>39</width>
				<height>146</height>
				<texture>LiveTVTittle.png</texture>
			</control>
	        <control type="button">
				<posx>210</posx>
				<posy>250</posy>
				<width>21</width>
				<height>33</height>
				<texturenofocus>ArrowLeft.png</texturenofocus>
				<texturefocus>ArrowLeft.png</texturefocus>
				<onclick lang="python"><![CDATA[
mc.GetActiveWindow().GetList(11000).ScrollPageUp()
]]></onclick>
			</control>
	        <control type="list" id="11000" description="Live Channels">
			 	<posx>240</posx>
				<posy>200</posy>
				<width>950</width>
				<height>200</height>
				<orientation>horizontal</orientation>
				<ondown>10000</ondown>
				<onup>9000</onup>
				<onleft>8000</onleft>
				<itemlayout width="140" height="100">
					<control type="largeimage">
						<width>100</width>
						<height>100</height>
						<visible>true</visible>
						<aspectratio>keep</aspectratio>
						<texture>$INFO[ListItem.Thumb]</texture>
					</control>
				    <control type="image">
						<width>100</width>
						<height>100</height>
						<texture>ChannelFrame.png</texture>
						<aspectratio>keep</aspectratio>
	    			</control>
					<control type="label">
					    <posx>0</posx>
					    <posy>135</posy>
	            		<width>100</width>
	            		<height>49</height>
	            		<font>font12b</font>
	         			<label>$INFO[ListItem.Label]</label>
	        		</control>
				</itemlayout>
				<focusedlayout width="140" height="100">
					<control type="largeimage">
						<width>100</width>
						<height>100</height>
						<visible>true</visible>
						<aspectratio>keep</aspectratio>
						<texture>$INFO[ListItem.Thumb]</texture>
					</control>
					<control type="image">
						<width>100</width>
						<height>100</height>
						<texture>ChannelFrame.png</texture>
						<aspectratio>keep</aspectratio>
	    			</control>
					<control type="image">
						<width>100</width>
						<height>100</height>
						<texture>ChannelFrame-Over.png</texture>
						<aspectratio>keep</aspectratio>
						<visible>Control.HasFocus(11000)</visible>
	    			</control>
					<control type="label">
	            		<posx>0</posx>
					    <posy>135</posy>
	            		<width>100</width>
	            		<height>49</height>
	            		<font>font12b</font>
	         			<label>$INFO[ListItem.Label]</label>
	        		</control>
				</focusedlayout>
				<content type="action">
				<onclick lang="python"><![CDATA[
mc.ShowDialogWait()
panel = mc.GetActiveWindow().GetList(11000)
index = panel.GetFocusedItem()
item = panel.GetItem(index)
if RestService.CanPlayChannel(item.GetProperty('uid')):
	myTVPlayer.PlayChannel(item.GetProperty('uid'), item.GetLabel())
else:	
	mc.HideDialogWait()
	mc.ActivateWindow(14001)
]]></onclick>
				</content>
			</control>
	         
	        <control type="button">
				<posx>1230</posx>
				<posy>250</posy>
				<width>21</width>
				<height>33</height>
				<texturenofocus>ArrowRight.png</texturenofocus>
				<texturefocus>ArrowRight.png</texturefocus>
				<onclick lang="python"><![CDATA[
mc.GetActiveWindow().GetList(11000).ScrollPageDown()
]]></onclick>
			</control>
		</control>
    </control>
   </controls>
</window>