<?xml version="1.0"?>
<window type="window" id="14097">
	<defaultcontrol always="true">120</defaultcontrol>
	<allowoverlay>no</allowoverlay>
	<onload lang="python"><![CDATA[
try:

	import RestService
	import mc
	list = mc.GetWindow(14097).GetList(130)
	mc.GetWindow(14097).GetList(130).SetItems(mc.ListItems())
	mc.GetWindow(14097).GetList(140).SetItems(mc.ListItems())
	global packageitem
	if packageitem == None:
		mc.LogInfo('global packageitem is none')
	else:
		mc.LogInfo('global packageitem is available')
		mc.ShowDialogWait()
		mc.GetActiveWindow().GetImage(100).SetTexture(packageitem.GetThumbnail())
	 	mc.GetActiveWindow().GetLabel(101).SetLabel(packageitem.GetLabel())
	 	mc.GetActiveWindow().GetLabel(102).SetLabel(packageitem.GetProperty('description'))
	 	
	 	if packageitem.GetProperty('type') == 'livepackage':
	 		items = RestService.GetMyTVChannels(packageitem.GetProperty('uid'))
	 		mc.GetActiveWindow().GetList(130).SetItems(items)
	 	else:
	 		items = RestService.GetVODPackageChannels(packageitem.GetProperty('uid'))
	 		print('bind channels')
	 		mc.GetActiveWindow().GetList(130).SetItems(items)
	 			
			videos = RestService.GetVODPackageVideos(packageitem.GetProperty('uid'))
			print('bind programs and episodes')
			mc.GetActiveWindow().GetList(140).SetItems(videos)
				
	 	mc.HideDialogWait()
except:
	mc.HideDialogWait()

]]></onload>
	<controls>
		<control type="group">
			<animation type="WindowOpen">
				<effect type="fade" start="0" end="100" time="200" />
			</animation>
			<control type="image">
				<posx>0</posx>
				<posy>0</posy>
				<width>1280</width>
				<height>720</height>
				<texture>background.jpg</texture>
			</control>
			<control type="image">
				<posx>0</posx>
				<posy>0</posy>
				<width>1280</width>
				<height>83</height>
				<texture>Header-Logo.jpg</texture>
			</control>
			<control type="image">
				<posx>0</posx>
				<posy>83</posy>
				<width>1280</width>
				<height>49</height>
				<texture>Header-menu.jpg</texture>
			</control>
			<control type="grouplist" id="9000" description="nav bar">
				<posx>32</posx>
				<posy>90</posy>
				<width>1200</width>
				<height>33</height>
				<itemgap>18</itemgap>
				<orientation>horizontal</orientation>
				<usecontrolcoords>false</usecontrolcoords>
				<ondown>120</ondown>
				<control type="group">
					<width>36</width>
					<height>36</height>
					<visible>Control.IsVisible(9001)</visible>
					<control type="button" id="9001">
						<posx>0</posx>
						<posy>0</posy>
						<width>36</width>
						<height>36</height>
						<!-- <onleft>ActivateWindow(467)</onleft> -->
						<onright>9002</onright>
						<onup>-</onup>
						<ondown>120</ondown>
						<texturenofocus>Home.png</texturenofocus>
						<texturefocus>Home-Over.png</texturefocus>
						<onclick lang="python"><![CDATA[
mc.ActivateWindow(14000)
]]></onclick>
					</control>
				</control>
				<control type="group">
					<width>102</width>
					<height>36</height>
					<visible>Control.IsVisible(9002)</visible>
					<control type="button" id="9002">
						<posx>0</posx>
						<posy>0</posy>
						<width>102</width>
						<height>36</height>
						<onright>9003</onright>
						<onleft>9001</onleft>
						<onup>-</onup>
						<ondown>120</ondown>
						<texturenofocus>liveTV.png</texturenofocus>
						<texturefocus>liveTV-Over.png</texturefocus>
						<onclick lang="python"><![CDATA[
mc.ActivateWindow(14001)
]]></onclick>
					</control>
				</control>
				<control type="group">
					<width>143</width>
					<height>36</height>
					<visible>Control.IsVisible(9003)</visible>
					<control type="button" id="9003">
						<posx>0</posx>
						<posy>0</posy>
						<width>143</width>
						<height>36</height>
						<onleft>9002</onleft>
						<onright>9004</onright>
						<ondown>120</ondown>
						<onup>-</onup>
						<texturenofocus>VODcatalog.png</texturenofocus>
						<texturefocus>VODcatalog-Over.png</texturefocus>
						<onclick lang="python"><![CDATA[
mc.ActivateWindow(14002)
]]></onclick>
					</control>
				</control>
				<control type="group">
					<width>110</width>
					<height>36</height>
					<visible>Control.IsVisible(9004)</visible>
					<control type="button" id="9004">
						<posx>0</posx>
						<posy>0</posy>
						<width>110</width>
						<height>36</height>
						<onleft>9003</onleft>
						<onright>9005</onright>
						<onup>-</onup>
						<ondown>120</ondown>
						<texturenofocus>myVOD.png</texturenofocus>
						<texturefocus>myVOD-Over.png</texturefocus>
						<onclick lang="python"><![CDATA[
mc.ActivateWindow(14003)
]]></onclick>
					</control>
				</control>
				<control type="group">
					<width>110</width>
					<height>36</height>
					<visible>Control.IsVisible(9005)</visible>
					<control type="button" id="9005">
						<posx>0</posx>
						<posy>0</posy>
						<width>110</width>
						<height>36</height>
						<onleft>9004</onleft>
						<onright>9006</onright>
						<onup>-</onup>
						<ondown>120</ondown>
						<texturenofocus>hotDeals.png</texturenofocus>
						<texturefocus>hotDeals-Over.png</texturefocus>
						<onclick lang="python"><![CDATA[
global packageitemindex
packageitemindex = 0
mc.ActivateWindow(14080)
]]></onclick>
					</control>
				</control>
				<control type="group">
					<width>116</width>
					<height>36</height>
					<visible>Control.IsVisible(9006)</visible>
					<control type="button" id="9006">
						<posx>0</posx>
						<posy>0</posy>
						<width>116</width>
						<height>36</height>
						<onleft>9005</onleft>
						<onright>-</onright>
						<ondown>9999</ondown>
						<onup>9999</onup>
						<texturenofocus>search.png</texturenofocus>
						<texturefocus>search-Over.png</texturefocus>
						<onclick lang="python"><![CDATA[
#mc.ActivateWindow(15000)
response = mc.ShowDialogKeyboard("Enter title", "", False)
search.Search(response)
]]></onclick>
					</control>
				</control>
			</control>
			<control type="image" id="100">
				<description>The image of the selected package</description>
				<posx>50</posx>
				<posy>162</posy>
				<width>110</width>
				<height>110</height>
				<bordersize>4</bordersize>
				<bordertexture>info_cover_border.png</bordertexture>				
			</control>
			<control type="label" id="101">
				<description>The title of the selected package</description>
				<posx>170</posx>
				<posy>162</posy>
				<width>800</width>
				<height>40</height>
				<textcolor>white</textcolor>				
			</control>
			<control type="label" id="102">
				<description>The description of the selected package</description>
				<posx>170</posx>
				<posy>202</posy>
				<width>800</width>
				<height>100</height>
				<textcolor>white</textcolor>	
				<wrapmultiline>true</wrapmultiline>			
			</control>
			<control type="button" id="120">
				<description>Proceed to linking hides information image and show linking screen</description>
				<posx>1000</posx>
				<posy>202</posy>
				<width>180</width>
				<height>36</height>
	       		<textcolor>white</textcolor>
	       		<ondown>130</ondown>
	       		<onup>9000</onup>
	       		<label>Purchase</label>
	       		<disabledcolor>88FFFFFF</disabledcolor>
	       		<align>center</align>
	       		<aligny>center</aligny>
<onclick lang="python"><![CDATA[
try:
	mc.ShowDialogWait()
	pin = RestService.GetCustomerPin()
	if pin == None:
		mc.ActivateWindow(14099)
	else:
		mc.ActivateWindow(14096)
	mc.HideDialogWait()
except error:
	mc.LogInfo('Error in package details purchase')
]]></onclick>	       		
       		</control>
			<control type="panel" id="130">
				<posx>50</posx>
				<posy>302</posy>
				<width>1176</width>
				<height>150</height>
				<onup>120</onup>
				<ondown>140</ondown>
				<scrolltime>200</scrolltime>
				<pagecontrol>60</pagecontrol>
				<orientation>horizontal</orientation>
				<itemlayout width="294" height="150">
					<control type="image">
						<posx>2</posx>
						<posy>2</posy>
						<width>290</width>
						<height>132</height>
						<texture>list_frame_device.png</texture>
					</control>
					<control type="image">
						<posx>16</posx>
						<posy>16</posy>
						<width>110</width>
						<height>110</height>
						<info>ListItem.Icon</info>
						<bordersize>4</bordersize>
						<bordertexture>info_cover_border.png</bordertexture>
						<visible>!IsEmpty(ListItem.Thumb)</visible>
					</control>
					<control type="image">
						<posx>16</posx>
						<posy>16</posy>
						<width>110</width>
						<height>110</height>
						<info>ListItem.Icon</info>
						<visible>IsEmpty(ListItem.Thumb)</visible>
					</control>
					<control type="label">
						<posx>130</posx>
						<posy>40</posy>
						<width>160</width>
						<height>40</height>
						<font>font18</font>
						<align>left</align>
						<wrapmultiline>true</wrapmultiline>
						<info>ListItem.Label</info>
						<textcolor>white</textcolor>
						<selectedcolor>green</selectedcolor>
					</control>
				</itemlayout>
				<focusedlayout width="294" height="136">
					<control type="image">
						<posx>2</posx>
						<posy>2</posy>
						<width>290</width>
						<height>132</height>
						<texture>list_frame_device.png</texture>
					</control>
					<control type="image">
						<posx>0</posx>
						<posy>0</posy>
						<width>294</width>
						<height>136</height>
						<texture>list_frame_device_white.png</texture>
						<animation type="Focus">
							<effect type="fade" start="60" time="120" />
							<effect type="zoom" start="99,97" center="auto" time="120"
								delay="60" />
						</animation>
					</control>
					<control type="image">
						<posx>16</posx>
						<posy>16</posy>
						<width>110</width>
						<height>110</height>
						<info>ListItem.Icon</info>
						<bordersize>4</bordersize>
						<bordertexture>info_cover_border.png</bordertexture>
						<visible>!IsEmpty(ListItem.Thumb)</visible>
					</control>
					<control type="image">
						<posx>16</posx>
						<posy>16</posy>
						<width>110</width>
						<height>110</height>
						<info>ListItem.Icon</info>
						<visible>IsEmpty(ListItem.Thumb)</visible>
					</control>
					<control type="label">
						<posx>130</posx>
						<posy>40</posy>
						<width>160</width>
						<height>80</height>
						<font>font18</font>
						<align>left</align>
						<info>ListItem.Label</info>
						<wrapmultiline>true</wrapmultiline>
						<textcolor>black</textcolor>
						<selectedcolor>green</selectedcolor>
					</control>				
				</focusedlayout>
				<content type="action">
					<onclick lang="python"><![CDATA[
mc.GetActiveWindow().PushState()
panel = mc.GetActiveWindow().GetList(130)
index = panel.GetFocusedItem()
item = panel.GetItem(index)
mc.GetActiveWindow().GetImage(100).SetTexture(item.GetThumbnail())
mc.GetActiveWindow().GetLabel(101).SetLabel(item.GetLabel())
mc.GetActiveWindow().GetLabel(102).SetLabel(item.GetDescription())
]]></onclick>
				</content>
			</control>
			<control type="scrollbar" id="60">
				<description>scroll bar indicator for lists</description>
				<visible>Control.IsVisible(120)</visible>
				<posx>50</posx>
				<posy>470</posy>
				<width>1176</width>
				<height>8</height>
				<texturesliderbackground border="4">scrollbar_vertical_bg.png</texturesliderbackground>
				<texturesliderbar border="4">scrollbar_vertical_nib.png</texturesliderbar>
				<texturesliderbarfocus border="4">scrollbar_vertical_nib.png</texturesliderbarfocus>
				<orientation>horizontal</orientation>
				<showonepage>false</showonepage>
			</control>
			<control type="panel" id="140">
				<posx>50</posx>
				<posy>500</posy>
				<width>1176</width>
				<height>150</height>
				<onup>130</onup>
				<ondown>-</ondown>
				<scrolltime>200</scrolltime>
				<pagecontrol>70</pagecontrol>
				<orientation>horizontal</orientation>
				<itemlayout width="294" height="150">
					<control type="image">
						<posx>2</posx>
						<posy>2</posy>
						<width>290</width>
						<height>132</height>
						<texture>list_frame_device.png</texture>
					</control>
					<control type="image">
						<posx>16</posx>
						<posy>16</posy>
						<width>110</width>
						<height>110</height>
						<info>ListItem.Icon</info>
						<bordersize>4</bordersize>
						<bordertexture>info_cover_border.png</bordertexture>
						<visible>!IsEmpty(ListItem.Thumb)</visible>
					</control>
					<control type="image">
						<posx>16</posx>
						<posy>16</posy>
						<width>110</width>
						<height>110</height>
						<info>ListItem.Icon</info>
						<visible>IsEmpty(ListItem.Thumb)</visible>
					</control>
					<control type="label">
						<posx>130</posx>
						<posy>40</posy>
						<width>160</width>
						<height>40</height>
						<font>font18</font>
						<align>left</align>
						<wrapmultiline>true</wrapmultiline>
						<info>ListItem.Label</info>
						<textcolor>white</textcolor>
						<selectedcolor>green</selectedcolor>
					</control>
				</itemlayout>
				<focusedlayout width="294" height="136">
					<control type="image">
						<posx>2</posx>
						<posy>2</posy>
						<width>290</width>
						<height>132</height>
						<texture>list_frame_device.png</texture>
					</control>
					<control type="image">
						<posx>0</posx>
						<posy>0</posy>
						<width>294</width>
						<height>136</height>
						<texture>list_frame_device_white.png</texture>
						<animation type="Focus">
							<effect type="fade" start="60" time="120" />
							<effect type="zoom" start="99,97" center="auto" time="120"
								delay="60" />
						</animation>
					</control>
					<control type="image">
						<posx>16</posx>
						<posy>16</posy>
						<width>110</width>
						<height>110</height>
						<info>ListItem.Icon</info>
						<bordersize>4</bordersize>
						<bordertexture>info_cover_border.png</bordertexture>
						<visible>!IsEmpty(ListItem.Thumb)</visible>
					</control>
					<control type="image">
						<posx>16</posx>
						<posy>16</posy>
						<width>110</width>
						<height>110</height>
						<info>ListItem.Icon</info>
						<visible>IsEmpty(ListItem.Thumb)</visible>
					</control>
					<control type="label">
						<posx>130</posx>
						<posy>40</posy>
						<width>160</width>
						<height>80</height>
						<font>font18</font>
						<align>left</align>
						<info>ListItem.Label</info>
						<wrapmultiline>true</wrapmultiline>
						<textcolor>black</textcolor>
						<selectedcolor>green</selectedcolor>
					</control>				
				</focusedlayout>
				<content type="action">
					<onclick lang="python"><![CDATA[
mc.GetActiveWindow().PushState()
panel = mc.GetActiveWindow().GetList(140)
index = panel.GetFocusedItem()
item = panel.GetItem(index)
mc.GetActiveWindow().GetImage(100).SetTexture(item.GetThumbnail())
mc.GetActiveWindow().GetLabel(101).SetLabel(item.GetLabel())
mc.GetActiveWindow().GetLabel(102).SetLabel(item.GetDescription())
]]></onclick>
				</content>
			</control>
			<control type="scrollbar" id="70">
				<description>scroll bar indicator for lists</description>
				<visible>Control.IsVisible(140)</visible>
				<posx>50</posx>
				<posy>680</posy>
				<width>1176</width>
				<height>8</height>
				<texturesliderbackground border="4">scrollbar_vertical_bg.png</texturesliderbackground>
				<texturesliderbar border="4">scrollbar_vertical_nib.png</texturesliderbar>
				<texturesliderbarfocus border="4">scrollbar_vertical_nib.png</texturesliderbarfocus>
				<orientation>horizontal</orientation>
				<showonepage>false</showonepage>
			</control>
		</control>
	</controls>
</window>