<?xml version="1.0"?>
<window type="window" id="14098">
	<allowoverlay>no</allowoverlay>
	<previouswindow>14000</previouswindow>
	<onload lang="python"><![CDATA[
import RestService
import mc
list = mc.GetWindow(14098).GetList(120)
if len(list.GetItems()) == 0:
	mc.ShowDialogWait()
	items = RestService.GetMyTVPackages()
	if items == None:	 
		mc.HideDialogWait()
		mc.ShowDialogOk('Error', 'The service is currently unavailable.')
		mc.CloseWindow()
	else:
		list.SetItems(items)
		list.SetVisible(True)
		list.SetFocus()
	mc.HideDialogWait()
]]></onload>
	<controls>
		<control type="group">
			<animation type="WindowOpen">
				<effect type="fade" start="0" end="100" time="200" />
			</animation>
			<control type="image">
				<posx>0</posx>
				<posy>0</posy>
				<width>1280</width>
				<height>720</height>
				<texture>background.jpg</texture>
			</control>
			<control type="image">
				<posx>0</posx>
				<posy>0</posy>
				<width>1280</width>
				<height>83</height>
				<texture>Header-Logo.jpg</texture>
			</control>
			<control type="image">
				<posx>0</posx>
				<posy>83</posy>
				<width>1280</width>
				<height>49</height>
				<texture>Header-menu.jpg</texture>
			</control>
			<control type="grouplist" id="9000" description="nav bar">
				<posx>32</posx>
				<posy>90</posy>
				<width>1200</width>
				<height>33</height>
				<itemgap>18</itemgap>
				<orientation>horizontal</orientation>
				<usecontrolcoords>false</usecontrolcoords>
				<ondown>120</ondown>
				<control type="group">
					<width>36</width>
					<height>36</height>
					<visible>Control.IsVisible(9001)</visible>
					<control type="button" id="9001">
						<posx>0</posx>
						<posy>0</posy>
						<width>36</width>
						<height>36</height>	 
						<onright>9002</onright>
						<onup>-</onup>
						<ondown>120</ondown>
						<texturenofocus>Home.png</texturenofocus>
						<texturefocus>Home-Over.png</texturefocus>
						<onclick lang="python"><![CDATA[
mc.ActivateWindow(14000)
]]></onclick>
					</control>
				</control>
				<control type="group">
					<width>102</width>
					<height>36</height>
					<visible>Control.IsVisible(9002)</visible>
					<control type="button" id="9002">
						<posx>0</posx>
						<posy>0</posy>
						<width>102</width>
						<height>36</height>
						<onleft>9001</onleft>
						<onright>9003</onright>
						<onup>-</onup>
						<ondown>120</ondown>
						<texturenofocus>liveTV.png</texturenofocus>
						<texturefocus>liveTV-Over.png</texturefocus>
						<onclick lang="python"><![CDATA[
mc.ActivateWindow(14001)
]]></onclick>
					</control>
				</control>
				<control type="group">
					<width>143</width>
					<height>36</height>
					<visible>Control.IsVisible(9003)</visible>
					<control type="button" id="9003">
						<posx>0</posx>
						<posy>0</posy>
						<width>143</width>
						<height>36</height>
						<onleft>9002</onleft>
						<onright>9004</onright>
						<ondown>120</ondown>
						<onup>-</onup>
						<texturenofocus>VODcatalog.png</texturenofocus>
						<texturefocus>VODcatalog-Over.png</texturefocus>
						<onclick lang="python"><![CDATA[
mc.ActivateWindow(14002)
]]></onclick>
					</control>
				</control>
				<control type="group">
					<width>110</width>
					<height>36</height>
					<visible>Control.IsVisible(9004)</visible>
					<control type="button" id="9004">
						<posx>0</posx>
						<posy>0</posy>
						<width>110</width>
						<height>36</height>
						<onleft>9003</onleft>
						<onright>9005</onright>
						<onup>-</onup>
						<ondown>120</ondown>
						<texturenofocus>myVOD.png</texturenofocus>
						<texturefocus>myVOD-Over.png</texturefocus>
						<onclick lang="python"><![CDATA[
mc.ActivateWindow(14003)
]]></onclick>
					</control>
				</control>
				<control type="group">
					<width>110</width>
					<height>36</height>
					<visible>Control.IsVisible(9005)</visible>
					<control type="button" id="9005">
						<posx>0</posx>
						<posy>0</posy>
						<width>110</width>
						<height>36</height>
						<onleft>9004</onleft>
						<onright>9006</onright>
						<onup>-</onup>
						<ondown>120</ondown>
						<texturenofocus>hotDeals.png</texturenofocus>
						<texturefocus>hotDeals-Over.png</texturefocus>
						<onclick lang="python"><![CDATA[
global packageitemindex
packageitemindex = 0
mc.ActivateWindow(14080)
]]></onclick>
					</control>
				</control>
				<control type="group">
					<width>116</width>
					<height>36</height>
					<visible>Control.IsVisible(9006)</visible>
					<control type="button" id="9006">
						<posx>0</posx>
						<posy>0</posy>
						<width>116</width>
						<height>36</height>
						<onleft>9005</onleft>
						<onright>-</onright>
						<ondown>9999</ondown>
						<onup>9999</onup>
						<texturenofocus>search.png</texturenofocus>
						<texturefocus>search-Over.png</texturefocus>
						<onclick lang="python"><![CDATA[
#mc.ActivateWindow(15000)
response = mc.ShowDialogKeyboard("Enter title", "", False)
search.Search(response)
]]></onclick>
					</control>
				</control>
			</control>
			<control type="panel" id="120">
				<posx>50</posx>
				<posy>162</posy>
				<width>1176</width>
				<height>544</height>
				<onright>-</onright>
				<onup>9000</onup>
				<ondown>-</ondown>
				<scrolltime>200</scrolltime>
				<pagecontrol>60</pagecontrol>
				<orientation>vertical</orientation>
				<itemlayout width="294" height="150">
					<control type="image">
						<posx>2</posx>
						<posy>2</posy>
						<width>290</width>
						<height>132</height>
						<texture>list_frame_device.png</texture>
					</control>
					<control type="image">
						<posx>16</posx>
						<posy>16</posy>
						<width>110</width>
						<height>110</height>
						<info>ListItem.Icon</info>
						<bordersize>4</bordersize>
						<bordertexture>info_cover_border.png</bordertexture>
						<visible>!IsEmpty(ListItem.Thumb)</visible>
					</control>
					<control type="image">
						<posx>16</posx>
						<posy>16</posy>
						<width>110</width>
						<height>110</height>
						<info>ListItem.Icon</info>
						<visible>IsEmpty(ListItem.Thumb)</visible>
					</control>
					<control type="label">
						<posx>130</posx>
						<posy>40</posy>
						<width>160</width>
						<height>40</height>
						<font>font18</font>
						<align>left</align>
						<wrapmultiline>true</wrapmultiline>
						<info>ListItem.Label</info>
						<textcolor>white</textcolor>
						<selectedcolor>green</selectedcolor>
					</control>
					<control type="label">
						<posx>130</posx>
						<posy>80</posy>
						<width>160</width>
						<height>40</height>
						<font>font18</font>
						<align>left</align>
						<wrapmultiline>true</wrapmultiline>
						<label>$ $INFO[ListItem.Property(custom:price)]</label>
						<textcolor>white</textcolor>
						<selectedcolor>green</selectedcolor>
					</control>
				</itemlayout>
				<focusedlayout width="294" height="136">
					<control type="image">
						<posx>2</posx>
						<posy>2</posy>
						<width>290</width>
						<height>132</height>
						<texture>list_frame_device.png</texture>
					</control>
					<control type="image">
						<posx>0</posx>
						<posy>0</posy>
						<width>294</width>
						<height>136</height>
						<texture>list_frame_device_white.png</texture>
						<animation type="Focus">
							<effect type="fade" start="60" time="120" />
							<effect type="zoom" start="99,97" center="auto" time="120"
								delay="60" />
						</animation>
					</control>
					<control type="image">
						<posx>16</posx>
						<posy>16</posy>
						<width>110</width>
						<height>110</height>
						<info>ListItem.Icon</info>
						<bordersize>4</bordersize>
						<bordertexture>info_cover_border.png</bordertexture>
						<visible>!IsEmpty(ListItem.Thumb)</visible>
					</control>
					<control type="image">
						<posx>16</posx>
						<posy>16</posy>
						<width>110</width>
						<height>110</height>
						<info>ListItem.Icon</info>
						<visible>IsEmpty(ListItem.Thumb)</visible>
					</control>
					<control type="label">
						<posx>130</posx>
						<posy>40</posy>
						<width>160</width>
						<height>80</height>
						<font>font18</font>
						<align>left</align>
						<info>ListItem.Label</info>
						<wrapmultiline>true</wrapmultiline>
						<textcolor>black</textcolor>
						<selectedcolor>green</selectedcolor>
					</control>
					<control type="label">
						<posx>130</posx>
						<posy>80</posy>
						<width>160</width>
						<height>40</height>
						<font>font18</font>
						<align>left</align>
						<wrapmultiline>true</wrapmultiline>
						<label>$ $INFO[ListItem.Property(custom:price)]</label>
						<textcolor>black</textcolor>
						<selectedcolor>green</selectedcolor>
					</control>					
				</focusedlayout>
				<content type="action">
					<onclick lang="python"><![CDATA[
panel = mc.GetActiveWindow().GetList(120)
index = panel.GetFocusedItem()
item = panel.GetItem(index)
global packageitem 
packageitem = item
mc.ActivateWindow(14097)
]]></onclick>
				</content>
			</control>
			<control type="scrollbar" id="60">
				<description>scroll bar indicator for lists</description>
				<visible>Control.IsVisible(120)</visible>
				<posx>1228</posx>
				<posy>162</posy>
				<width>8</width>
				<height>544</height>
				<texturesliderbackground border="4">scrollbar_vertical_bg.png
				</texturesliderbackground>
				<texturesliderbar border="4">scrollbar_vertical_nib.png
				</texturesliderbar>
				<texturesliderbarfocus border="4">scrollbar_vertical_nib.png
				</texturesliderbarfocus>
				<orientation>vertical</orientation>
				<showonepage>false</showonepage>
			</control>
		</control>
	</controls>
</window>