<?xml version="1.0"?>
<window type="dialog" id="14091">
	<allowoverlay>no</allowoverlay>
	<defaultcontrol always="true">120</defaultcontrol>
	<onload lang="python"><![CDATA[
import RestService
import mc
import xbmc
mc.ShowDialogWait()
list = mc.GetWindow(14091).GetList(120)
if len(list.GetItems()) == 0:
	items = mc.ListItems()
	for k in [1,2,3,4,5,6,7,8,9]:
		item = mc.ListItem(mc.ListItem.MEDIA_UNKNOWN)
		item.SetLabel(str(k))
		items.append(item)
	itemDel = mc.ListItem(mc.ListItem.MEDIA_UNKNOWN)
	itemDel.SetLabel('DEL')
	items.append(itemDel)
	item0 = mc.ListItem(mc.ListItem.MEDIA_UNKNOWN)
	item0.SetLabel('0')
	items.append(item0)
	itemOk = mc.ListItem(mc.ListItem.MEDIA_UNKNOWN)
	itemOk.SetLabel('OK')
	items.append(itemOk)
	list.SetItems(items)
global customerinfo 
customerinfo = RestService.GetCustomerInfo()
mc.HideDialogWait()
if customerinfo != None and customerinfo['Pin'] != None:
	mc.LogInfo('Pin is available and customer can proceed to purchase')
else:
	xbmc.executebuiltin("Dialog.Close(14091)")
	mc.ShowDialogOk('Attention', 'Your device is not linked.')
	mc.ActivateWindow(14099)
]]></onload>
	<controls>
		<control type="group">
			<animation type="WindowOpen">
				<effect type="fade" start="0" end="100" time="200" />
			</animation>
			<control type="label" id="1">
				<posx>210</posx>
				<posy>20</posy>
				<width>0</width>
				<height>0</height>
				<font>font18</font>
				<align>left</align>
				<wrapmultiline>true</wrapmultiline>
				<label></label>
				<textcolor>white</textcolor>
				<selectedcolor>green</selectedcolor>
			</control>
			<control type="image">
	             <posx>330</posx>
	             <posy>210</posy>
	             <width>660</width>
	             <height>400</height>
	             <texture>background.jpg</texture>
          	</control>
			<control type="label">
				<posx>570</posx>
				<posy>205</posy>
				<width>200</width>
				<height>40</height>
				<font>font22</font>
				<align>left</align>
				<label>Enter Your PIN</label>
				<textcolor>white</textcolor>
				<selectedcolor>green</selectedcolor>
				<align>center</align>
			</control>
			<control type="label" id="100">
				<posx>0</posx>
				<posy>-50</posy>
				<width>0</width>
				<height>0</height>
				<align>left</align>
				<label></label>
				<textcolor>white</textcolor>
				<selectedcolor>green</selectedcolor>
			</control>
			<control type="label" id="101">
				<posx>570</posx>
				<posy>255</posy>
				<width>200</width>
				<height>40</height>
				<font>font32</font>
				<align>left</align>
				<label></label>
				<textcolor>white</textcolor>
				<selectedcolor>green</selectedcolor>
			</control>			
		 	<control type="panel" id="120">
				<posx>350</posx>
				<posy>300</posy>
				<width>640</width>
				<height>280</height>
	 			<scrolltime>200</scrolltime> 
				<orientation>vertical</orientation>
				<itemlayout width="210" height="70">
				    <control type="image">
						<width>209</width>
						<height>74</height>
						<texture>TrayButton.png</texture>
						<aspectratio>keep</aspectratio>
	    			</control>
					<control type="label">
						<posx>100</posx>
						<posy>0</posy>
						<font>font32</font>
						<width>200</width>
						<height>60</height> 
   						<align>center</align>
   						<aligny>center</aligny>
   						<label>$INFO[ListItem.Label]</label>
					</control>	
				</itemlayout>	
				<focusedlayout width="210" height="70">
				    <control type="image">
						<width>209</width>
						<height>74</height>
						<texture>TrayButton-Over.png</texture>
						<aspectratio>keep</aspectratio>
	    			</control>
					<control type="label">
						<posx>100</posx>
						<posy>0</posy>
						<font>font32</font>
						<width>200</width>
						<height>60</height> 
   						<align>center</align>
   						<aligny>center</aligny>
   						<label>$INFO[ListItem.Label]</label>
					</control>	
				</focusedlayout>	
				<content type="action">
					<onclick lang="python"><![CDATA[
import xbmc
panel = mc.GetWindow(14091).GetList(120)
index = panel.GetFocusedItem()
item = panel.GetItem(index)
label = mc.GetWindow(14091).GetLabel(100)
displaylabel = mc.GetWindow(14091).GetLabel(101)
value = item.GetLabel()
if value == 'OK':
	if customerinfo['Pin'] ==  label.GetLabel():
		label.SetLabel('')
		displaylabel.SetLabel('')
		mc.ShowDialogWait()
		if buyitemtype == 'program':
			success = RestService.BuyProgram(buyitemid, customerinfo['Billing'])
		elif buyitemtype == 'video':
			success = RestService.BuyVOD(buyitemid, customerinfo['Billing'])
		mc.LogInfo('success is ' + str(success))
		if success == 'success':
			xbmc.executebuiltin("Dialog.Close(14091)")
			mc.ShowDialogOk('Purchase', 'Successfully Purchased')
			if buyitemtype == 'program':
				mc.LogInfo('program')
				mc.GetWindow(14004).GetButton(1204).SetVisible(False)
	 			mc.GetWindow(14004).GetButton(1203).SetVisible(True)
	 			mc.GetWindow(14004).GetControl(1202).SetVisible(False)
				mc.GetWindow(14004).GetControl(1201).SetVisible(False)
	 			mc.GetWindow(14004).GetButton(1203).SetFocus()
				mc.GetActiveWindow().GetLabel(104).SetVisible(False)
			elif buyitemtype == 'video':
				mc.LogInfo('vod buttons')
				mc.GetWindow(14004).GetControl(1202).SetVisible(True)
				mc.GetWindow(14004).GetControl(1201).SetVisible(False)
				mc.GetWindow(14004).GetButton(1204).SetVisible(False)
	 			mc.GetWindow(14004).GetButton(1203).SetVisible(False)
				mc.GetWindow(14004).GetButton(1202).SetFocus()
				mc.GetActiveWindow().GetLabel(104).SetVisible(False)	
		else:
			mc.ShowDialogNotification(success)			
		mc.HideDialogWait()
	else:
		mc.ShowDialogNotification('Invalid PIN')
		label.SetLabel('')
		displaylabel.SetLabel('')	 
else:
	if value == 'DEL':
		label.SetLabel(label.GetLabel()[0:-1])
		displaylabel.SetLabel('*****'[0:len(label.GetLabel())])
	else:
		if len(label.GetLabel()) <= 4:
			label.SetLabel(label.GetLabel() + value)
			displaylabel.SetLabel('*****'[0:len(label.GetLabel())])
		else:
			mc.ShowDialogNotification('PIN is a 5 digits number')


]]></onclick>
				</content>								
			</control>	
		 </control>
	</controls>
</window>