<?xml version="1.0"?>
<window type="window" id="14004">
	<defaultcontrol always="true">120</defaultcontrol>
	<allowoverlay>yes</allowoverlay>
	<onload lang="python"><![CDATA[
try:
	mc.LogInfo('program details loading...')
	global videoitem
	videoitem2 = None
	if videoitem == None:
		mc.LogInfo('global videoitem is none')
	else:
		mc.GetWindow(14004).GetControl(1202).SetVisible(False)
		mc.GetWindow(14004).GetControl(1201).SetVisible(False)
				
		mc.LogInfo('global videoitem is available')
		
		mc.GetWindow(14004).GetLabel(1001).SetLabel('')
		mc.GetWindow(14004).GetLabel(1002).SetLabel('')
		mc.GetWindow(14004).GetImage(100).SetVisible(False)
		mc.GetWindow(14004).GetLabel(101).SetLabel('')
	 	mc.GetWindow(14004).GetLabel(102).SetLabel('')
	 	ppt = mc.ListItems()
	 	mc.GetWindow(14004).GetList(190).SetItems(ppt)
	 	mc.GetWindow(14004).GetLabel(103).SetVisible(False)
	 	mc.GetWindow(14004).GetLabel(103).SetLabel('')
	 	mc.GetWindow(14004).GetList(140).SetItems(ppt)
	 	mc.GetWindow(14004).GetButton(1201).SetVisible(False)
		mc.GetWindow(14004).GetButton(1202).SetVisible(False)
		mc.GetWindow(14004).GetButton(1203).SetVisible(False)
		mc.GetWindow(14004).GetButton(1204).SetVisible(False)
	 	
		try:
			mc.LogInfo('global video item id is ' + videoitem.GetProperty('uid'))
			mc.LogInfo('global video item type is ' + videoitem.GetProperty('type'))
			mc.LogInfo('global video item postertype is ' + videoitem.GetProperty('postertype'))
		except:
			mc.LogInfo('error in displaying global video item info')
		mc.ShowDialogWait()
		if videoitem.GetProperty('type') == 'program':
			videoitem2 = getgenres.GetProgram(videoitem.GetProperty('uid'))
		else:
			uid = videoitem.GetProperty('uid')
			#videoitem = None
			mc.LogInfo('before get episode')
			videoitem2 = RestService.GetEpisode(uid)	
			mc.LogInfo('after get episode')
			
		mc.LogInfo('set some information')
		mc.GetWindow(14004).GetList(140).SetItems(mc.ListItems())
		mc.LogInfo('set some information:visibility')
		mc.GetWindow(14004).GetLabel(103).SetVisible(False)
		
		mc.LogInfo('set some information:idtype'   )
		mc.LogInfo(str(videoitem2.GetProperty('uid')))
		mc.LogInfo( str(videoitem2.GetProperty('type')) )
		mc.GetWindow(14004).GetLabel(1001).SetLabel(videoitem2.GetProperty('uid'))
		mc.GetWindow(14004).GetLabel(1002).SetLabel(videoitem2.GetProperty('type'))
		mc.LogInfo('set some information:texture')
		mc.GetWindow(14004).GetImage(100).SetVisible(True)
		mc.GetWindow(14004).GetImage(100).SetTexture(videoitem2.GetThumbnail())
	 	mc.GetWindow(14004).GetLabel(101).SetLabel(videoitem2.GetLabel())
	 	mc.GetWindow(14004).GetLabel(102).SetLabel(videoitem2.GetProperty('description'))
	 	mc.LogInfo('end set some information')
	 	posterpairs = RestService.GetVideoPosterPairs(videoitem2)
	 	mc.GetWindow(14004).GetList(190).SetItems(posterpairs)
	 	if videoitem2.GetProperty('type') == 'program':
	 		programvods = RestService.GetProgramVODs(videoitem2.GetProperty('uid'))
	 		epnumber = mc.GetWindow(14004).GetLabel(103)
	 		epnumber.SetVisible(True)
	 		epnumber.SetLabel(str(len(programvods)) + ' Episodes')
	 		mc.GetWindow(14004).GetList(140).SetItems(programvods)
	 		isprogrampurchased = RestService.IsProgramPurchased(videoitem2.GetProperty('uid'))
	 		if isprogrampurchased:
	 			print('Program Purchased')
	 			mc.GetWindow(14004).GetButton(1203).SetVisible(False)
	 			mc.GetWindow(14004).GetButton(1204).SetVisible(True)
	 			mc.GetWindow(14004).GetControl(1202).SetVisible(False)
				mc.GetWindow(14004).GetControl(1201).SetVisible(False)
	 			mc.GetWindow(14004).GetButton(1204).SetFocus()
	 		else:
	 			if float(videoitem2.GetProperty('price')) != 0:
	 				mc.GetWindow(14004).GetButton(1204).SetVisible(False)
	 				mc.GetWindow(14004).GetButton(1203).SetVisible(True)
	 				mc.GetWindow(14004).GetControl(1202).SetVisible(False)
					mc.GetWindow(14004).GetControl(1201).SetVisible(False)
	 				mc.GetWindow(14004).GetButton(1203).SetFocus()
	 				
	 				mc.GetWindow(14004).GetLabel(104).SetVisible(True)
	 				mc.GetWindow(14004).GetLabel(104).SetLabel(str(videoitem2.GetProperty('price')))
	 			else:
	 				mc.GetWindow(14004).GetList(140).SetFocus()
	 				mc.GetWindow(14004).GetLabel(104).SetVisible(False)
	 	else:
	 		mc.LogInfo('check if vod is purchased')
	 		isvodpurchased = RestService.IsVODPurchased(videoitem2.GetProperty('uid'))
	 		if isvodpurchased:
	 			print('VOD Purchased')
				mc.GetWindow(14004).GetControl(1202).SetVisible(True)
				mc.GetWindow(14004).GetControl(1201).SetVisible(False)
				mc.GetWindow(14004).GetButton(1204).SetVisible(False)
	 			mc.GetWindow(14004).GetButton(1203).SetVisible(False)
				mc.GetWindow(14004).GetButton(1202).SetFocus()
			else:
				if videoitem2.GetProperty('canbuyepisode') == '1':
					mc.GetWindow(14004).GetControl(1202).SetVisible(False) 			
					mc.GetWindow(14004).GetControl(1201).SetVisible(True)
					mc.GetWindow(14004).GetButton(1204).SetVisible(False)
	 				mc.GetWindow(14004).GetButton(1203).SetVisible(False)
					mc.GetWindow(14004).GetButton(1201).SetFocus()
					
					mc.GetWindow(14004).GetLabel(104).SetVisible(True)
					mc.GetWindow(14004).GetLabel(104).SetLabel(str(videoitem2.GetProperty('price')))		
				else:
					mc.GetWindow(14004).GetLabel(104).SetVisible(False)
 
	 	mc.HideDialogWait()
	 	videoitem = None
except:
	mc.LogInfo('error in program details loading...')
	raise

]]></onload>
	<controls>
		<control type="group">
			<animation type="WindowOpen">
				<effect type="fade" start="0" end="100" time="200" />
			</animation>
			<control type="image">
				<posx>0</posx>
				<posy>0</posy>
				<width>1280</width>
				<height>720</height>
				<texture>background.jpg</texture>
			</control>
			<control type="image">
				<posx>0</posx>
				<posy>0</posy>
				<width>1280</width>
				<height>83</height>
				<texture>Header-Logo.jpg</texture>
			</control>
			<control type="image">
				<posx>0</posx>
				<posy>83</posy>
				<width>1280</width>
				<height>49</height>
				<texture>Header-menu.jpg</texture>
			</control>
			<control type="label" id="1001">
				<posx>0</posx>
				<posx>0</posx>
				<width>100</width>
				<height>100</height>
				<visible>False</visible>
			</control>
			<control type="label" id="1002">
				<posx>0</posx>
				<posx>0</posx>
				<width>100</width>
				<height>100</height>
				<visible>False</visible>
			</control>
			<control type="grouplist" id="9000" description="nav bar">
				<posx>32</posx>
				<posy>90</posy>
				<width>1200</width>
				<height>33</height>
				<itemgap>18</itemgap>
				<orientation>horizontal</orientation>
				<usecontrolcoords>false</usecontrolcoords>
				<ondown>120</ondown>
				<control type="group">
					<width>36</width>
					<height>36</height>
					<visible>Control.IsVisible(9001)</visible>
					<control type="button" id="9001">
						<posx>0</posx>
						<posy>0</posy>
						<width>36</width>
						<height>36</height>
						<onright>9002</onright>
						<onup>-</onup>
						<ondown>120</ondown>
						<texturenofocus>Home.png</texturenofocus>
						<texturefocus>Home-Over.png</texturefocus>
						<onclick lang="python"><![CDATA[
mc.ActivateWindow(14000)
]]></onclick>
					</control>
				</control>
				<control type="group">
					<width>102</width>
					<height>36</height>
					<visible>Control.IsVisible(9002)</visible>
					<control type="button" id="9002">
						<posx>0</posx>
						<posy>0</posy>
						<width>102</width>
						<height>36</height>
						<onright>9003</onright>
						<onleft>9001</onleft>
						<onup>-</onup>
						<ondown>120</ondown>
						<texturenofocus>liveTV.png</texturenofocus>
						<texturefocus>liveTV-Over.png</texturefocus>
						<onclick lang="python"><![CDATA[
mc.ActivateWindow(14001)
]]></onclick>
					</control>
				</control>
				<control type="group">
					<width>143</width>
					<height>36</height>
					<visible>Control.IsVisible(9003)</visible>
					<control type="button" id="9003">
						<posx>0</posx>
						<posy>0</posy>
						<width>143</width>
						<height>36</height>
						<onleft>9002</onleft>
						<onright>9004</onright>
						<ondown>120</ondown>
						<onup>-</onup>
						<texturenofocus>VODcatalog.png</texturenofocus>
						<texturefocus>VODcatalog-Over.png</texturefocus>
						<onclick lang="python"><![CDATA[
mc.ActivateWindow(14002)
]]></onclick>
					</control>
				</control>
				<control type="group">
					<width>110</width>
					<height>36</height>
					<visible>Control.IsVisible(9004)</visible>
					<control type="button" id="9004">
						<posx>0</posx>
						<posy>0</posy>
						<width>110</width>
						<height>36</height>
						<onleft>9003</onleft>
						<onright>9005</onright>
						<onup>-</onup>
						<ondown>120</ondown>
						<texturenofocus>myVOD.png</texturenofocus>
						<texturefocus>myVOD-Over.png</texturefocus>
						<onclick lang="python"><![CDATA[
mc.ActivateWindow(14003)
]]></onclick>
					</control>
				</control>
				<control type="group">
					<width>110</width>
					<height>36</height>
					<visible>Control.IsVisible(9005)</visible>
					<control type="button" id="9005">
						<posx>0</posx>
						<posy>0</posy>
						<width>110</width>
						<height>36</height>
						<onleft>9004</onleft>
						<onright>9006</onright>
						<onup>-</onup>
						<ondown>120</ondown>
						<texturenofocus>hotDeals.png</texturenofocus>
						<texturefocus>hotDeals-Over.png</texturefocus>
						<onclick lang="python"><![CDATA[
global packageitemindex
packageitemindex = 0
mc.ActivateWindow(14080)
]]></onclick>
					</control>
				</control>
				<control type="group">
					<width>116</width>
					<height>36</height>
					<visible>Control.IsVisible(9006)</visible>
					<control type="button" id="9006">
						<posx>0</posx>
						<posy>0</posy>
						<width>116</width>
						<height>36</height>
						<onleft>9005</onleft>
						<onright>-</onright>
						<ondown>9999</ondown>
						<onup>9999</onup>
						<texturenofocus>search.png</texturenofocus>
						<texturefocus>search-Over.png</texturefocus>
						<onclick lang="python"><![CDATA[
#mc.ActivateWindow(15000)
response = mc.ShowDialogKeyboard("Enter title", "", False)
search.Search(response)
]]></onclick>
					</control>
				</control>
			</control>
			<control type="largeimage" id="100">
				<description>The image of the selected package</description>
				<posx>72</posx>
				<posy>206</posy>
				<width>248</width>
				<height>217</height>
				<bordersize>4</bordersize>			
			</control>
			<control type="label" id="101">
				<description>The title of the selected video</description>
				<posx>33</posx>
				<posy>146</posy>
				<width>800</width>
				<height>40</height>
				<textcolor>white</textcolor>				
			</control>
			<control type="image">
				<description>A seperator line to be displayed under the title</description>
				<posx>33</posx>
				<posy>187</posy>
				<width>1212</width>
				<height>1</height>
				<disabledcolor>00FFFFFF</disabledcolor>
				<texture>titlesepline.png</texture>
				<aspectration align="right">scale</aspectration>
			</control>
			<control type="label">
				<description>A label to precede the number of episodes</description>
				<posx>915</posx>
				<posy>146</posy>
				<width>200</width>
				<height>40</height>
				<textcolor>white</textcolor>				
				<label>This Program has</label>
				<visible>Control.IsVisible(103)</visible>
			</control>
			<control type="label" id="103">
				<description>A label to display the number of episodes</description>
				<posx>1100</posx>
				<posy>146</posy>
				<width>800</width>
				<height>40</height>
				<fontsize>22</fontsize>
				<visible>False</visible>
				<textcolor>FF006891</textcolor>				
				<label></label>
			</control>
			<control type="label">
				<description>A label to precede the synopsis</description>
				<posx>785</posx>
				<posy>202</posy>
				<width>422</width>
				<height>20</height>
				<textcolor>FF006891</textcolor>
				<label>Synopsis</label>
				<visible>!IsEmpty(mc.GetWindow(14004).GetLabel(102).GetLabel())</visible>
			</control>
			<control type="label" id="102">
				<description>The description of the selected package</description>
				<posx>785</posx>
				<posy>230</posy>
				<width>450</width>
				<height>360</height>
				<textcolor>white</textcolor>	
				<wrapmultiline>true</wrapmultiline>			
			</control>
			<control type="panel" id="190">
				<posx>359</posx>
				<posy>203</posy>
				<width>410</width>
				<height>360</height>
				<onup>120</onup>
				<ondown>9000</ondown>
				<orientation>vertical</orientation>
				<itemlayout width="400" height="40"> 
					<control type="label">
						<posx>0</posx>
						<posy>0</posy>
						<width>80</width>
						<height>40</height>
						<font>font18</font>
						<align>left</align>
						<info>ListItem.Label</info>
						<textcolor>FF006891</textcolor>
						<selectedcolor>green</selectedcolor>
					</control>
					<control type="label">
						<posx>95</posx>
						<posy>0</posy>
						<width>305</width>
						<height>40</height>
						<font>font18</font>
						<align>left</align>
						<info>ListItem.Property(custom:display)</info>
						<textcolor>FFFFFFFF</textcolor> 
					</control>
				</itemlayout>
				<focusedlayout width="400" height="40">
				    <control type="label">
						<posx>0</posx>
						<posy>0</posy>
						<width>80</width>
						<height>40</height>
						<font>font18</font>
						<align>left</align>
						<info>ListItem.Label</info>
						<textcolor>FF006891</textcolor>
						<selectedcolor>green</selectedcolor>
					</control>
					<control type="label">
						<posx>95</posx>
						<posy>0</posy>
						<width>305</width>
						<height>40</height>
						<font>font18</font>
						<align>left</align>
						<info>ListItem.Property(custom:display)</info>
						<textcolor>FFFFFFFF</textcolor> 
					</control> 
				</focusedlayout>				
			</control>
			<control type="grouplist" id="120" description="buttonbar">
				<posx>205</posx>
				<posy>448</posy>
				<width>111</width>
				<height>33</height>
				<itemgap>18</itemgap>
				<orientation>horizontal</orientation>
				<usecontrolcoords>false</usecontrolcoords>
				<onup>9000</onup>
				<ondown>140</ondown>
				<control type="group">
					<width>111</width>
					<height>33</height>
					<visible>Control.IsVisible(1201)</visible>
					<control type="button" id="1201">
						<posx>0</posx>
						<posy>0</posy>
						<width>111</width>
						<height>33</height>			
						<onup>9000</onup>
						<ondown>140</ondown>								 
						<texturenofocus>BuyEpisode.png</texturenofocus>
						<texturefocus>BuyEpisode-Over.png</texturefocus>
						<onclick lang="python"><![CDATA[
global buyitemid
global buyitemtype
buyitemid = mc.GetActiveWindow().GetLabel(1001).GetLabel()
buyitemtype = mc.GetActiveWindow().GetLabel(1002).GetLabel()
mc.ActivateWindow(14091)
]]></onclick>
					</control>
				</control>
				<control type="group">
					<width>111</width>
					<height>33</height>
					<visible>Control.IsVisible(1202)</visible>
					<control type="button" id="1202">
						<posx>0</posx>
						<posy>0</posy>
						<width>111</width>
						<height>33</height>
						<onup>9000</onup>
						<ondown>140</ondown>		 
						<texturenofocus>Play.png</texturenofocus>
						<texturefocus>Play-Over.png</texturefocus>
						<onclick lang="python"><![CDATA[
try:
	mc.ShowDialogWait()
	label = mc.GetActiveWindow().GetLabel(1001)
	myTVPlayer.PlayEpisode(label.GetLabel())
except:
	mc.LogInfo('error playing episode')
	mc.HideDialogWait()
]]></onclick>
					</control>
				</control>
				<control type="group">
					<width>111</width>
					<height>33</height>
					<visible>Control.IsVisible(1203)</visible>
					<control type="button" id="1203">
						<posx>0</posx>
						<posy>0</posy>
						<onup>9000</onup>
						<ondown>140</ondown>							
						<width>111</width>
						<height>33</height>				
						<texturenofocus>BuyProgram.png</texturenofocus>
						<texturefocus>BuyProgram-Over.png</texturefocus>
						<onclick lang="python"><![CDATA[
global buyitemid
global buyitemtype
buyitemid = mc.GetActiveWindow().GetLabel(1001).GetLabel()
buyitemtype = mc.GetActiveWindow().GetLabel(1002).GetLabel()
mc.ActivateWindow(14091)
]]></onclick>
					</control>
				</control>
				<control type="group">
					<width>111</width>
					<height>33</height>
					<visible>Control.IsVisible(1204)</visible>
					<control type="button" id="1204">
						<posx>0</posx>
						<posy>0</posy>
						<width>111</width>
						<height>33</height>
						<onup>9000</onup>
						<ondown>140</ondown>			 
						<texturenofocus>PlayAll.png</texturenofocus>
						<texturefocus>PlayAll-Over.png</texturefocus>
						<onclick lang="python"><![CDATA[
try:
	mc.ShowDialogWait()
	label = mc.GetActiveWindow().GetLabel(1001)
	myTVPlayer.PlayProgram(label.GetLabel())
except:
	mc.LogInfo('error playing program')
	mc.HideDialogWait()
]]></onclick>
					</control>
				</control>				
			</control>			
			<control type="label">
				<posx>68</posx>
				<posy>450</posy>
				<width>40</width>
				<height>40</height>
				<label>$</label>
				<color>FFEAA708</color>
				<visible>Control.IsVisible(104)</visible>
			</control>			 
			<control type="label" id="104">
				<posx>82</posx>
				<posy>438</posy>
				<width>250</width>
				<height>40</height>
				<font>font32</font>
				<color>yellow</color>
				<visible>False</visible>
			</control>
			 
			<control type="panel" id="140">
				<posx>50</posx>
				<posy>520</posy>
				<width>1176</width>
				<height>160</height>
				<onup>120</onup>
				<ondown>9000</ondown>
				<scrolltime>200</scrolltime>
				<pagecontrol>70</pagecontrol>
				<orientation>horizontal</orientation>
				<itemlayout width="140" height="100">
					<control type="largeimage">
						<width>100</width>
						<height>100</height>
						<visible>true</visible>
						<aspectratio>keep</aspectratio>
						<texture>$INFO[ListItem.Thumb]</texture>
					</control>
				    <control type="image">
						<width>100</width>
						<height>100</height>
						<texture>ChannelFrame.png</texture>
						<aspectratio>keep</aspectratio>
	    			</control>
					<control type="label">
					    <posx>0</posx>
					    <posy>135</posy>
	            		<width>100</width>
	            		<height>49</height>
	            		<font>font12b</font>
	         			<label>$INFO[ListItem.Label]</label>
	        		</control>
				</itemlayout>
				<focusedlayout width="140" height="100">
					<control type="largeimage">
						<width>100</width>
						<height>100</height>
						<visible>true</visible>
						<aspectratio>keep</aspectratio>
						<texture>$INFO[ListItem.Thumb]</texture>
					</control>
					<control type="image">
						<width>100</width>
						<height>100</height>
						<texture>ChannelFrame-Over.png</texture>
						<aspectratio>keep</aspectratio>
	    			</control>
					<control type="label">
	            		<posx>0</posx>
					    <posy>135</posy>
	            		<width>100</width>
	            		<height>49</height>
	            		<font>font12b</font>
	         			<label>$INFO[ListItem.Label]</label>
	        		</control>
				</focusedlayout>
				<content type="action">
					<onclick lang="python"><![CDATA[
mc.GetActiveWindow().PushState()
panel = mc.GetActiveWindow().GetList(140)
index = panel.GetFocusedItem()
item = panel.GetItem(index)
panel.SetVisible(False)
mc.GetWindow(14004).GetLabel(1001).SetLabel(item.GetProperty('uid'))
mc.GetWindow(14004).GetLabel(1002).SetLabel(item.GetProperty('type'))
mc.GetActiveWindow().GetImage(100).SetTexture(item.GetThumbnail())
mc.GetActiveWindow().GetLabel(101).SetLabel(item.GetLabel())
mc.GetActiveWindow().GetLabel(102).SetLabel(item.GetDescription())
mc.GetActiveWindow().GetLabel(103).SetVisible(False)
mc.GetWindow(14004).GetButton(1203).SetVisible(False)
mc.GetWindow(14004).GetButton(1204).SetVisible(False)
mc.ShowDialogWait()
posterpairs = RestService.GetVideoPosterPairs(item)
mc.GetWindow(14004).GetList(190).SetItems(posterpairs)
if RestService.IsVODPurchased(item.GetProperty('uid')):
	mc.GetWindow(14004).GetButton(1202).SetVisible(True)
else:
	if item.GetProperty('canbuyepisode') == '1': 			
		mc.GetWindow(14004).GetButton(1201).SetVisible(True)
		mc.GetWindow(14004).GetButton(1201).SetFocus()
		mc.GetWindow(14004).GetLabel(104).SetVisible(True)
		mc.GetWindow(14004).GetLabel(104).SetLabel(str(item.GetProperty('price')))		
	else:
		mc.GetWindow(14004).GetLabel(104).SetVisible(False)
mc.HideDialogWait()
]]></onclick>
				</content>
			</control>
			<control type="scrollbar" id="70">
				<description>scroll bar indicator for lists</description>
				<visible>Control.IsVisible(140)</visible>
				<posx>50</posx>
				<posy>680</posy>
				<width>1176</width>
				<height>8</height>
				<texturesliderbackground border="4">scrollbar_vertical_bg.png</texturesliderbackground>
				<texturesliderbar border="4">scrollbar_vertical_nib.png</texturesliderbar>
				<texturesliderbarfocus border="4">scrollbar_vertical_nib.png</texturesliderbarfocus>
				<orientation>horizontal</orientation>
				<showonepage>false</showonepage>
			</control>
		</control>
	</controls>
</window>