<window type="window" id="14002">
<?xml version="1.0"?>
   <defaultcontrol always="true">100</defaultcontrol>
   <allowoverlay>no</allowoverlay>
   <onload lang="python"><![CDATA[
mc.ShowDialogWait()

try:
	mc.GetActiveWindow().GetControl(14000).SetVisible(False)
	getfeatured.BindFeatured()
	getnewreleases.BindNewReleases()
except:
	mc.HideDialogWait()
	mc.GetActiveWindow().GetControl(14000).SetVisible(False)
	
mc.GetActiveWindow().GetControl(9001).SetFocus()	
mc.HideDialogWait()
]]></onload>
   <controls>
      <control type="group">
      	 <animation type="WindowOpen">
            <effect type="fade" start="0" end="100" time="200" />
         </animation>
          <control type="image">
             <posx>0</posx>
             <posy>0</posy>
             <width>1280</width>
             <height>720</height>
             <texture>background.jpg</texture>
          </control>
          <control type="image">
             <posx>0</posx>
             <posy>0</posy>
             <width>1280</width>
             <height>83</height>
             <texture>Header-Logo.jpg</texture>
         </control>
		 <control type="image">
            <posx>0</posx>
            <posy>83</posy>
            <width>1280</width>
            <height>49</height>
         	<texture>Header-menu.jpg</texture>
         </control>
         <control type="grouplist" id="9000" description="nav bar">
		 	<posx>32</posx>
			<posy>90</posy>
			<width>1200</width>
			<height>33</height>
			<itemgap>18</itemgap>
			<orientation>horizontal</orientation>
			<usecontrolcoords>false</usecontrolcoords>
			<control type="group">
				<width>36</width>
				<height>36</height>
				<visible>Control.IsVisible(9001)</visible>
				<control type="button" id="9001">
					<posx>0</posx>
					<posy>0</posy>
					<width>36</width>
					<height>36</height>
					<onleft>9006</onleft>
					<onright>9002</onright>
					<onup>-</onup>
					<ondown>10000</ondown>
					<texturenofocus>Home.png</texturenofocus>
					<texturefocus>Home-Over.png</texturefocus>
					<onclick lang="python"><![CDATA[
mc.ActivateWindow(14000)
]]></onclick>
				</control>
			</control>
			<control type="group">
				<width>102</width>
				<height>36</height>
				<visible>Control.IsVisible(9002)</visible>
				<control type="button" id="9002">
					<posx>0</posx>
					<posy>0</posy>
					<width>102</width>
					<height>36</height>
					<onright>9003</onright>
					<onleft>9001</onleft>
					<onup>-</onup>
					<ondown>10000</ondown>
					<texturenofocus>liveTV.png</texturenofocus>
					<texturefocus>liveTV-Over.png</texturefocus>
					<onclick lang="python"><![CDATA[
mc.ActivateWindow(14001)
]]></onclick>
				</control>
			</control>
			<control type="group">
				<width>143</width>
				<height>36</height>
				<visible>Control.IsVisible(9003)</visible>
				<control type="button" id="9003">
					<posx>0</posx>
					<posy>0</posy>
					<width>143</width>
					<height>36</height>
					<onleft>9002</onleft>
					<onright>9004</onright>
					<onup>-</onup>
					<ondown>10000</ondown>
					<texturenofocus>VODcatalog.png</texturenofocus>
					<texturefocus>VODcatalog-Over.png</texturefocus>
					<onclick lang="python"><![CDATA[
mc.ActivateWindow(14002)
]]></onclick>
				</control>
			</control>
			<control type="group">
				<width>110</width>
				<height>36</height>
				<visible>Control.IsVisible(9004)</visible>
				<control type="button" id="9004">
					<posx>0</posx>
					<posy>0</posy>
					<width>110</width>
					<height>36</height>
					<onleft>9003</onleft>
					<onright>9005</onright>
					<onup>-</onup>
					<ondown>10000</ondown>
					<texturenofocus>myVOD.png</texturenofocus>
					<texturefocus>myVOD-Over.png</texturefocus>
					<onclick lang="python"><![CDATA[
mc.ActivateWindow(14003)
]]></onclick>
				</control>
			</control>
			<control type="group">
				<width>110</width>
				<height>36</height>
				<visible>Control.IsVisible(9005)</visible>
				<control type="button" id="9005">
					<posx>0</posx>
					<posy>0</posy>
					<width>110</width>
					<height>36</height>
					<onleft>9004</onleft>
					<onright>9006</onright>
					<onup>-</onup>
					<ondown>10000</ondown>
					<texturenofocus>hotDeals.png</texturenofocus>
					<texturefocus>hotDeals-Over.png</texturefocus>
					<onclick lang="python"><![CDATA[
global packageitemindex
packageitemindex = 0
mc.ActivateWindow(14080)
]]></onclick>
				</control>
			</control>
			<control type="group">
				<width>116</width>
				<height>36</height>
				<visible>Control.IsVisible(9006)</visible>
				<control type="button" id="9006">
					<posx>0</posx>
					<posy>0</posy>
					<width>116</width>
					<height>36</height>
					<onleft>9005</onleft>
					<onright>9001</onright>
					<onup>-</onup>
					<ondown>10000</ondown>
					<texturenofocus>search.png</texturenofocus>
					<texturefocus>search-Over.png</texturefocus>
					<onclick lang="python"><![CDATA[
#mc.ActivateWindow(15000)
response = mc.ShowDialogKeyboard("Enter title", "", False)
search.Search(response)
]]></onclick>
					</control>
			</control>
		</control>
		<control type="group" id="9999" description="group for featured and new releases VODs">
		    <visible>true</visible>
			<width>1200</width>
			<height>498</height>
			<control type="label">
	            <posx>32</posx>
	            <posy>145</posy>
	            <width>200</width>
	            <height>49</height>
	            <font>font28b</font>
	         	<label>Featured VOD</label>
	        </control>
	        <control type="button">
				<posx>15</posx>
				<posy>250</posy>
				<width>21</width>
				<height>33</height>
				<texturenofocus>ArrowLeft.png</texturenofocus>
				<texturefocus>ArrowLeft.png</texturefocus>
				<onclick lang="python"><![CDATA[
mc.GetActiveWindow().GetList(10000).ScrollPageUp()
]]></onclick>
			</control>
	        <control type="list" id="10000" description="featured VOD">
			 	<posx>50</posx>
				<posy>200</posy>
				<width>1200</width>
				<height>200</height>
				<orientation>horizontal</orientation>
				<onleft>10000</onleft>
				<onright>10000</onright>
				<ondown>11000</ondown>
				<onup>9000</onup>
				<itemlayout width="200" height="140">
					<control type="largeimage">
						<width>177</width>
						<height>140</height>
						<visible>true</visible>
						<aspectratio>keep</aspectratio>
						<texture>$INFO[ListItem.Thumb]</texture>
					</control>
				    <control type="image">
						<width>177</width>
						<height>140</height>
						<texture>VODFrame.png</texture>
						<aspectratio>keep</aspectratio>
	    			</control>
					<control type="label">
					    <posx>0</posx>
					    <posy>145</posy>
	            		<width>177</width>
	            		<height>49</height>
	            		<font>font12b</font>
	         			<label>$INFO[ListItem.Label]</label>
	        		</control>
				</itemlayout>
				<focusedlayout width="200" height="140">
					<control type="largeimage">
						<width>177</width>
						<height>140</height>
						<visible>true</visible>
						<aspectratio>keep</aspectratio>
						<texture>$INFO[ListItem.Thumb]</texture>
					</control>					
					<control type="label">
	            		<posx>0</posx>
					    <posy>145</posy>
	            		<width>177</width>
	            		<height>49</height>
	            		<font>font12b</font>
	         			<label>$INFO[ListItem.Label]</label>
	        		</control>
	        		<control type="image">
						<width>177</width>
						<height>140</height>
						<texture>VODFrame.png</texture>
						<aspectratio>keep</aspectratio>
	    			</control>
					<control type="image">
						<width>177</width>
						<height>140</height>
						<texture>VODFrame-Over.png</texture>
						<aspectratio>keep</aspectratio>
						<visible>Control.HasFocus(10000)</visible>
	    			</control>
				</focusedlayout>
				<content type="action">
					<onclick lang="python"><![CDATA[
n = mc.GetWindow(14002).GetList(10000).GetFocusedItem()
item = mc.GetWindow(14002).GetList(10000).GetItem(n)
global videoitem
videoitem = item
mc.ActivateWindow(14004)
]]></onclick>
				</content>
			</control>
			<control type="button">
				<posx>1240</posx>
				<posy>250</posy>
				<width>21</width>
				<height>33</height>
				<texturenofocus>ArrowRight.png</texturenofocus>
				<texturefocus>ArrowRight.png</texturefocus>
				<onclick lang="python"><![CDATA[
mc.GetActiveWindow().GetList(10000).ScrollPageDown()
]]></onclick>
			</control>
			<control type="label">
	            <posx>32</posx>
	            <posy>400</posy>
	            <width>200</width>
	            <height>49</height>
	            <font>font28b</font>
	         	<label>New Releases</label>
	        </control>
	        <control type="button">
				<posx>15</posx>
				<posy>500</posy>
				<width>21</width>
				<height>33</height>
				<texturenofocus>ArrowLeft.png</texturenofocus>
				<texturefocus>ArrowLeft.png</texturefocus>
				<onclick lang="python"><![CDATA[
mc.GetActiveWindow().GetList(11000).ScrollPageUp()
]]></onclick>
			</control>
	        <control type="list" id="11000" description="new releases">
			 	<posx>50</posx>
				<posy>450</posy>
				<width>1200</width>
				<height>200</height>
				<orientation>horizontal</orientation>
				<onleft>11000</onleft>
				<onright>11000</onright>
				<ondown>8882</ondown>
				<onup>10000</onup>
				<itemlayout width="200" height="140">
					<control type="largeimage">
						<width>177</width>
						<height>140</height>
						<visible>true</visible>
						<aspectratio>keep</aspectratio>
						<texture>$INFO[ListItem.Thumb]</texture>
					</control>
					<control type="label">
	            		<posx>0</posx>
					    <posy>145</posy>
	            		<width>177</width>
	            		<height>49</height>
	            		<font>font12b</font>
	         			<label>$INFO[ListItem.Label]</label>
	        		</control>
	        		<control type="image">
						<width>177</width>
						<height>140</height>
						<texture>VODFrame.png</texture>
						<aspectratio>keep</aspectratio>
	    			</control>
				</itemlayout>
				<focusedlayout width="200" height="140">
					<control type="largeimage">
						<width>177</width>
						<height>140</height>
						<visible>true</visible>
						<aspectratio>keep</aspectratio>
						<texture>$INFO[ListItem.Thumb]</texture>
					</control>
					<control type="label">
	            		<posx>0</posx>
					    <posy>145</posy>
	            		<width>177</width>
	            		<height>49</height>
	            		<font>font12b</font>
	         			<label>$INFO[ListItem.Label]</label>
	        		</control>
	        		<control type="image">
						<width>177</width>
						<height>140</height>
						<texture>VODFrame.png</texture>
						<aspectratio>keep</aspectratio>
	    			</control>
					<control type="image">
						<width>177</width>
						<height>140</height>
						<texture>VODFrame-Over.png</texture>
						<aspectratio>keep</aspectratio>
						<visible>Control.HasFocus(11000)</visible>
	    			</control>
				</focusedlayout>
				<content type="action">
					<onclick lang="python"><![CDATA[
global videoitem
n = mc.GetWindow(14002).GetList(11000).GetFocusedItem()
item = mc.GetWindow(14002).GetList(11000).GetItem(n)
videoitem = item
mc.ActivateWindow(14004)
]]></onclick>
				</content>
			</control>
			<control type="button">
				<posx>1240</posx>
				<posy>500</posy>
				<width>21</width>
				<height>33</height>
				<texturenofocus>ArrowRight.png</texturenofocus>
				<texturefocus>ArrowRight.png</texturefocus>
				<onclick lang="python"><![CDATA[
mc.GetActiveWindow().GetList(11000).ScrollPageDown()
]]></onclick>
			</control>
		</control>
		<control type="group" id="8888" description="group for programs">
		    <visible>false</visible>
			<width>1200</width>
			<height>498</height>
			<control type="label" id="8881">
	            <posx>32</posx>
	            <posy>145</posy>
	            <width>800</width>
	            <height>49</height>
	            <font>font28b</font>
	         	<label></label>
	        </control>
	        <control type="panel" id="8882" description="Panel for Programs">
	            <posx>32</posx>
				<posy>190</posy>
				<width>1200</width>
				<height>480</height>
				<onright>8882</onright>
				<onup>10000</onup>
				<ondown>12000</ondown>
				<scrolltime>200</scrolltime>
				<pagecontrol>60</pagecontrol>
				<orientation>vertical</orientation>
				<visible>false</visible>
				<itemlayout width="200" height="170">
					<control type="largeimage">
						<width>177</width>
						<height>140</height>
						<visible>true</visible>
						<aspectratio>keep</aspectratio>
						<texture>$INFO[ListItem.Thumb]</texture>
					</control>
					<control type="label">
	            		<posx>0</posx>
					    <posy>145</posy>
	            		<width>177</width>
	            		<height>49</height>
	            		<font>font12b</font>
	         			<label>$INFO[ListItem.Label]</label>
	        		</control>
	        		<control type="image">
						<width>177</width>
						<height>140</height>
						<texture>VODFrame.png</texture>
						<aspectratio>keep</aspectratio>
	    			</control>
				</itemlayout>
				<focusedlayout width="200" height="170">
					<control type="largeimage">
						<width>177</width>
						<height>140</height>
						<visible>true</visible>
						<aspectratio>keep</aspectratio>
						<texture>$INFO[ListItem.Thumb]</texture>
					</control>
					<control type="label">
	            		<posx>0</posx>
					    <posy>145</posy>
	            		<width>177</width>
	            		<height>49</height>
	            		<font>font12b</font>
	         			<label>$INFO[ListItem.Label]</label>
	        		</control>
	        		<control type="image">
						<width>177</width>
						<height>140</height>
						<texture>VODFrame.png</texture>
						<aspectratio>keep</aspectratio>
	    			</control>
	        		<control type="image">
						<width>177</width>
						<height>140</height>
						<texture>VODFrame-Over.png</texture>
						<aspectratio>keep</aspectratio>
						<visible>Control.HasFocus(8882)</visible>
	    			</control>
				</focusedlayout>
				<content type="action">
				<onclick lang="python"><![CDATA[
n = mc.GetActiveWindow().GetList(8882).GetFocusedItem()
item = mc.GetActiveWindow().GetList(8882).GetItem(n)
global videoitem
videoitem = item
mc.ActivateWindow(14004)
]]></onclick>
				</content>
			</control>
	    </control>
		<control type="image">
            <posx>0</posx>
            <posy>686</posy>
            <width>1280</width>
            <height>34</height>
         	<texture>Footer.jpg</texture>
         </control>
		<control type="grouplist" id="12000" description="footer nav bar">
		 	<posx>1050</posx>
			<posy>660</posy>
			<width>300</width>
			<height>33</height>
			<itemgap>2</itemgap>
			<orientation>horizontal</orientation>
			<usecontrolcoords>false</usecontrolcoords>
			<onleft>12000</onleft>
			<onright>12000</onright>
			<control type="group">
				<width>98</width>
				<height>25</height>
				<visible>Control.IsVisible(12001)</visible>
				<control type="button" id="12001">
					<posx>0</posx>
					<posy>0</posy>
					<width>98</width>
					<height>25</height>
					<onright>12002</onright>
					<onup>8882</onup>
					<onleft>12002</onleft>
					<texturenofocus>country.png</texturenofocus>
					<texturefocus>country-Over.png</texturefocus>
					<onclick lang="python"><![CDATA[
mc.GetActiveWindow().PushState()
getcountries.BindCountries()
]]></onclick>
				</control>
			</control>
			<control type="group">
				<width>82</width>
				<height>25</height>
				<visible>Control.IsVisible(12002)</visible>
				<control type="button" id="12002">
					<posx>0</posx>
					<posy>0</posy>
					<width>82</width>
					<height>25</height>
					<onright>12001</onright>
					<onup>8882</onup>
					<onleft>12001</onleft>
					<texturenofocus>genre.png</texturenofocus>
					<texturefocus>genre-Over.png</texturefocus>
					<onclick lang="python"><![CDATA[
mc.GetActiveWindow().PushState()
getgenres.BindGenres()
]]></onclick>
				</control>
			</control>
		</control>
		<control type="grouplist" id="15000" description="footer nav bar up">
		 	<posx>1050</posx>
			<posy>390</posy>
			<width>300</width>
			<height>33</height>
			<itemgap>2</itemgap>
			<orientation>horizontal</orientation>
			<usecontrolcoords>false</usecontrolcoords>
			<onup>-</onup>
			<onleft>15000</onleft>
			<onright>15000</onright>
			<visible>false</visible>
			<control type="group">
				<width>98</width>
				<height>25</height>
				<visible></visible>
				<control type="button" id="15001">
					<posx>0</posx>
					<posy>0</posy>
					<width>98</width>
					<height>25</height>
					<onright>15002</onright>
					<onleft>15002</onleft>
					<ondown>14000</ondown>
					<onup>-</onup>
					<texturenofocus>countrytop.png</texturenofocus>
					<texturefocus>countrytop-over.png</texturefocus>
					<onclick lang="python"><![CDATA[
mc.GetActiveWindow().PopState()
]]></onclick>
				</control>
			</control>
			<control type="group">
				<width>82</width>
				<height>25</height>
				<visible></visible>
				<control type="button" id="15002">
					<posx>0</posx>
					<posy>0</posy>
					<width>82</width>
					<height>25</height>
					<onright>15001</onright>
					<onleft>15001</onleft>
					<ondown>14000</ondown>
					<onup>-</onup>
					
					<texturenofocus>genretop.png</texturenofocus>
					<texturefocus>genretop-over.png</texturefocus>
					<onclick lang="python"><![CDATA[
mc.GetActiveWindow().PopState()
]]></onclick>
				</control>
			</control>
		</control>
		<control type="group" id="14000" description="Group for Genres and Countries">
		    <posx>0</posx>
		    <posy>407</posy>
		    <width>1278</width>
			<height>313</height>
			<visible>false</visible>
			<control type="image">
				<width>1278</width>
				<height>313</height>
				<texture>TrayOpen.jpg</texture>
				<aspectratio>keep</aspectratio>
    		</control>
			<control type="label" id="13999">
			    <posx>30</posx>
			    <posy>30</posy>
            	<width>700</width>
            	<height>49</height>
            	<font>font23b</font>
         		<label></label>
        	</control>
			<control type="panel" id="14001" description="Panel for Genres">
	            <posx>30</posx>
				<posy>100</posy>
				<width>1100</width>
				<height>220</height>
				<onright>-</onright>
				<onup>15000</onup>
				<ondown>-</ondown>
				<scrolltime>200</scrolltime>
				<pagecontrol>60</pagecontrol>
				<orientation>vertical</orientation>
				<visible>false</visible>
				<itemlayout width="220" height=90>
				    <control type="image">
						<width>209</width>
						<height>74</height>
						<texture>TrayButton.png</texture>
					</control>
					<control type="label">
						<width>200</width>
						<height>70</height>
						<posx>100</posx>
						<posy>0</posy>
						<font>sans18</font>
						<align>center</align>
						<aligny>center</aligny>
						<label>$INFO[ListItem.Label]</label>
						<textcolor>white</textcolor>
					</control>
	            </itemlayout>
				<focusedlayout width="220" height="90">
				    <control type="image">
						<width>209</width>
						<height>74</height>
						<texture>TrayButton-Over.png</texture>
					</control>
					<control type="label">
						<width>200</width>
						<height>70</height>
						<posx>100</posx>
						<posy>0</posy>
						<font>sans18</font>
						<align>center</align>
						<aligny>center</aligny>
						<label>$INFO[ListItem.Label]</label>
						<textcolor>white</textcolor>
					</control>
				</focusedlayout>
				<content type="action">
				<onclick lang="python"><![CDATA[
try:
    n = mc.GetWindow(14002).GetList(14001).GetFocusedItem()
    item = mc.GetWindow(14002).GetList(14001).GetItem(n)
except:
    item = mc.GetWindow(14002).GetList(14001).GetFocused()
 
mc.GetActiveWindow().GetLabel(13999).SetLabel('')
mc.ShowDialogWait()

try:
	countryid = item.GetProperty('countryid')
	if countryid != '':
		getcountries.BindProgramTypes(countryid, item.GetProperty('uid'))
		GenreName = item.GetProperty('GenreName')
		CountryName = item.GetProperty('CountryName')
		rc = []
		rc.append(CountryName)
		rc.append(" - ")
		rc.append(GenreName)
		mc.GetActiveWindow().GetLabel(13999).SetLabel(''.join(rc))
		mc.GetActiveWindow().GetLabel(13999).SetVisible(True)
	else:
		getgenres.BindProgramTypes(item.GetProperty('uid'))
		GenreName = item.GetProperty('Label')
		mc.GetActiveWindow().GetLabel(13999).SetLabel(GenreName)
		mc.GetActiveWindow().GetLabel(13999).SetVisible(True)
except:
	mc.GetActiveWindow().GetControl(14000).SetVisible(False)
	
mc.HideDialogWait()

]]></onclick>
				</content>
			</control>
			<control type="panel" id="14002" description="Panel for Countries">
	            <posx>30</posx>
				<posy>100</posy>
				<width>1100</width>
				<height>220</height>
				<onright>-</onright>
				<onup>15000</onup>
				<ondown>-</ondown>
				<scrolltime>200</scrolltime>
				<pagecontrol>60</pagecontrol>
				<orientation>vertical</orientation>
				<visible>false</visible>
				<itemlayout width="220" height="60">
				    <control type="image">
						<width>209</width>
						<height>54</height>
						<texture>TrayCountryButton.png</texture>
					</control>
					<control type="label">
						<width>200</width>
						<height>50</height>
						<posx>100</posx>
						<posy>0</posy>
						<font>sans18</font>
						<align>center</align>
						<aligny>center</aligny>
						<label>$INFO[ListItem.Label]</label>
						<textcolor>white</textcolor>
					</control>
	            </itemlayout>
				<focusedlayout width="220" height="60">
				    <control type="image">
						<width>209</width>
						<height>54</height>
						<texture>TrayCountryButton-Over.png</texture>
					</control>
					<control type="label">
						<width>200</width>
						<height>50</height>
						<posx>100</posx>
						<posy>0</posy>
						<font>sans18</font>
						<align>center</align>
						<aligny>center</aligny>
						<label>$INFO[ListItem.Label]</label>
						<textcolor>white</textcolor>
					</control>
				</focusedlayout>
				<content type="action">
				<onclick lang="python"><![CDATA[
try:
    n = mc.GetWindow(14002).GetList(14002).GetFocusedItem()
    item = mc.GetWindow(14002).GetList(14002).GetItem(n)
except:
    item = mc.GetWindow(14002).GetList(14002).GetFocused()
 
mc.GetActiveWindow().GetLabel(13999).SetLabel('')
mc.ShowDialogWait()

try:
	getcountries.BindGenres(item.GetProperty('uid'))
	CountryName = item.GetProperty('Label')
	mc.GetActiveWindow().GetLabel(13999).SetLabel(CountryName)
	mc.GetActiveWindow().GetLabel(13999).SetVisible(True)
except:
	mc.GetActiveWindow().GetControl(14000).SetVisible(False)
	
mc.HideDialogWait()

]]></onclick>
				</content>
			</control>
			<control type="panel" id="14003" description="Panel for Program Types">
	            <posx>30</posx>
				<posy>100</posy>
				<width>1100</width>
				<height>220</height>
				<onright>-</onright>
				<onup>15000</onup>
				<ondown>-</ondown>
				<scrolltime>200</scrolltime>
				<pagecontrol>60</pagecontrol>
				<orientation>vertical</orientation>
				<visible>false</visible>
				<itemlayout width="220" height=90>
				    <control type="image">
						<width>209</width>
						<height>74</height>
						<texture>TrayButton.png</texture>
					</control>
					<control type="label">
						<width>200</width>
						<height>70</height>
						<posx>100</posx>
						<posy>0</posy>
						<font>sans18</font>
						<align>center</align>
						<aligny>center</aligny>
						<label>$INFO[ListItem.Label]</label>
						<textcolor>white</textcolor>
					</control>
	            </itemlayout>
				<focusedlayout width="220" height="90">
				    <control type="image">
						<width>209</width>
						<height>74</height>
						<texture>TrayButton-Over.png</texture>
					</control>
					<control type="label">
						<width>200</width>
						<height>70</height>
						<posx>100</posx>
						<posy>0</posy>
						<font>sans18</font>
						<align>center</align>
						<aligny>center</aligny>
						<label>$INFO[ListItem.Label]</label>
						<textcolor>white</textcolor>
					</control>
				</focusedlayout>
				<content type="action">
				<onclick lang="python"><![CDATA[
try:
    n = mc.GetWindow(14002).GetList(14003).GetFocusedItem()
    item = mc.GetWindow(14002).GetList(14003).GetItem(n)
except:
    item = mc.GetWindow(14002).GetList(14003).GetFocused()
mc.LogInfo('get parameters in vod window')    
GenreName = item.GetProperty('genrename')
GenreId = item.GetProperty('genreid')
CountryName = item.GetProperty('countryname')
CountryId = item.GetProperty('countryid')

mc.ShowDialogWait()

if countryid != '':
	mc.LogInfo('getCountries.BindPrograms in vod window')
	getcountries.BindPrograms(CountryId, GenreId, item.GetProperty('uid'))
	
	rc = []
	rc.append(CountryName)
	rc.append(' - ')
	rc.append(GenreName)
	rc.append(' - ')
	rc.append(item.GetProperty('programtypename'))

	mc.GetActiveWindow().GetControl(9999).SetVisible(False)
	mc.GetActiveWindow().GetControl(8888).SetVisible(True)
	mc.GetActiveWindow().GetLabel(8881).SetLabel(''.join(rc))
	mc.GetActiveWindow().GetLabel(8881).SetVisible(True)
else:
	rc = []
	rc.append(GenreName)
	rc.append(' - ')
	rc.append(item.GetProperty('programtypename'))

	mc.GetActiveWindow().GetControl(9999).SetVisible(False)
	mc.GetActiveWindow().GetControl(8888).SetVisible(True)
	mc.GetActiveWindow().GetLabel(8881).SetLabel(''.join(rc))
	mc.GetActiveWindow().GetLabel(8881).SetVisible(True)
	
	getgenres.BindPrograms(GenreId, item.GetProperty('uid'))
	
mc.HideDialogWait()

]]></onclick>
				</content>
			</control>
    	</control>
    </control>
   </controls>
</window>