<?xml version="1.0"?>
<window type="window" id="14097">
	<defaultcontrol always="true">120</defaultcontrol>
	<allowoverlay>no</allowoverlay>
	<previouswindow>14098</previouswindow>
	<controls>
		<control type="group">
			<animation type="WindowOpen">
				<effect type="fade" start="0" end="100" time="200" />
			</animation>
			<control type="image">
				<posx>0</posx>
				<posy>0</posy>
				<width>1280</width>
				<height>720</height>
				<texture>background.jpg</texture>
			</control>
			<control type="image">
				<posx>0</posx>
				<posy>0</posy>
				<width>1280</width>
				<height>83</height>
				<texture>Header-Logo.jpg</texture>
			</control>
			<control type="image">
				<posx>0</posx>
				<posy>83</posy>
				<width>1280</width>
				<height>49</height>
				<texture>Header-menu.jpg</texture>
			</control>
			<control type="grouplist" id="9000" description="nav bar">
				<posx>32</posx>
				<posy>90</posy>
				<width>1200</width>
				<height>33</height>
				<itemgap>18</itemgap>
				<orientation>horizontal</orientation>
				<usecontrolcoords>false</usecontrolcoords>
				<ondown>120</ondown>
				<control type="group">
					<width>36</width>
					<height>36</height>
					<visible>Control.IsVisible(9001)</visible>
					<control type="button" id="9001">
						<posx>0</posx>
						<posy>0</posy>
						<width>36</width>
						<height>36</height>
						<!-- <onleft>ActivateWindow(467)</onleft> -->
						<onright>9002</onright>
						<onup>-</onup>
						<ondown>120</ondown>
						<texturenofocus>Home.png</texturenofocus>
						<texturefocus>Home-Over.png</texturefocus>
						<onclick lang="python"><![CDATA[
mc.ActivateWindow(14000)
]]></onclick>
					</control>
				</control>
				<control type="group">
					<width>102</width>
					<height>36</height>
					<visible>Control.IsVisible(9002)</visible>
					<control type="button" id="9002">
						<posx>0</posx>
						<posy>0</posy>
						<width>102</width>
						<height>36</height>
						<onright>9003</onright>
						<onleft>9001</onleft>
						<onup>-</onup>
						<ondown>120</ondown>
						<texturenofocus>liveTV.png</texturenofocus>
						<texturefocus>liveTV-Over.png</texturefocus>
						<onclick lang="python"><![CDATA[
mc.ActivateWindow(14001)
]]></onclick>
					</control>
				</control>
				<control type="group">
					<width>143</width>
					<height>36</height>
					<visible>Control.IsVisible(9003)</visible>
					<control type="button" id="9003">
						<posx>0</posx>
						<posy>0</posy>
						<width>143</width>
						<height>36</height>
						<onleft>9002</onleft>
						<onright>9004</onright>
						<ondown>120</ondown>
						<onup>-</onup>
						<texturenofocus>VODcatalog.png</texturenofocus>
						<texturefocus>VODcatalog-Over.png</texturefocus>
						<onclick lang="python"><![CDATA[
mc.ActivateWindow(14002)
]]></onclick>
					</control>
				</control>
				<control type="group">
					<width>110</width>
					<height>36</height>
					<visible>Control.IsVisible(9004)</visible>
					<control type="button" id="9004">
						<posx>0</posx>
						<posy>0</posy>
						<width>110</width>
						<height>36</height>
						<onleft>9003</onleft>
						<onright>9005</onright>
						<onup>-</onup>
						<ondown>120</ondown>
						<texturenofocus>myVOD.png</texturenofocus>
						<texturefocus>myVOD-Over.png</texturefocus>
						<onclick lang="python"><![CDATA[
mc.ActivateWindow(14003)
]]></onclick>
					</control>
				</control>
				<control type="group">
					<width>110</width>
					<height>36</height>
					<visible>Control.IsVisible(9005)</visible>
					<control type="button" id="9005">
						<posx>0</posx>
						<posy>0</posy>
						<width>110</width>
						<height>36</height>
						<onleft>9004</onleft>
						<onright>9006</onright>
						<onup>-</onup>
						<ondown>120</ondown>
						<texturenofocus>hotDeals.png</texturenofocus>
						<texturefocus>hotDeals-Over.png</texturefocus>
						<onclick lang="python"><![CDATA[
global packageitemindex
packageitemindex = 0
mc.ActivateWindow(14080)
]]></onclick>
					</control>
				</control>
				<control type="group">
					<width>116</width>
					<height>36</height>
					<visible>Control.IsVisible(9006)</visible>
					<control type="button" id="9006">
						<posx>0</posx>
						<posy>0</posy>
						<width>116</width>
						<height>36</height>
						<onleft>9005</onleft>
						<onright>-</onright>
						<ondown>9999</ondown>
						<onup>9999</onup>
						<texturenofocus>search.png</texturenofocus>
						<texturefocus>search-Over.png</texturefocus>
						<onclick lang="python"><![CDATA[
#mc.ActivateWindow(15000)
response = mc.ShowDialogKeyboard("Enter title", "", False)
search.Search(response)
]]></onclick>
					</control>
				</control>
			</control>
			<control type="image" id="100">
				<description>The image of the selected package</description>
				<posx>50</posx>
				<posy>162</posy>
				<width>783</width>
				<height>233</height>
				<bordersize>4</bordersize>
				<texture>goandpurchase.png</texture>
				<bordertexture>info_cover_border.png</bordertexture>				
			</control> 
			 
			 
		</control>
	</controls>
</window>