<app>
  <id>auto-tunethenews</id>
  <name>Auto-Tune The News</name>
  <version>3.1</version>
  <description>Everything sounds better auto-tuned.</description>
  <thumb>http://dir.boxee.tv/apps/auto-tunethenews/images/thumb.png</thumb>
  <repository>http://dir.boxee.tv/apps</repository>
  <media>video</media>
  <copyright>Rob Spectre</copyright>
  <email>rob.spectre@gmail.com</email>
  <type>skin</type>
  <startWindow>14000</startWindow>
  <platform>all</platform>
  <minversion>0.9.30</minversion>
</app>
