<?xml version="1.0"?>
<window type="window" id="14000">
	<defaultcontrol always="true">50</defaultcontrol>
	<allowoverlay>no</allowoverlay>
	<onload lang="python"><![CDATA[
win = mc.GetActiveWindow()
win.GetList(130).SetItems(mc.ListItems())
config = mc.GetApp().GetLocalConfig()
if config.GetValue("authenticated"):
	win.GetButton(202).SetLabel("LOGOUT")
else:
	win.GetButton(202).SetLabel("LOGIN")
]]></onload>
	<controls>
		<control type="image">
			<width>1280</width>
			<height>720</height>
			<texture>sg_background.png</texture>
		</control>
		<control type="label" id="40">
			<visible>!Container(130).IsEmpty + !Control.HasFocus(121) + !Control.HasFocus(981)</visible>
		</control>
		<control type="group" id="129">
			<visible>!Container(130).IsEmpty + !Control.HasFocus(121) + !Control.HasFocus(981)</visible>
			<animation type="Visible" reversible="true">
			  <effect type="fade" start="0" end="100" delay="0" time="300" />
			  <effect type="slide" tween="quadratic" easing="in" start="0,0" end="0,160" time="500" />
			</animation>
			<animation type="Hidden" reversible="true">
			  <effect type="fade" start="100" end="0" delay="0" time="300" />
			  <effect type="slide" tween="quadratic" easing="out" start="0,160" end="0,0" time="500" />
			</animation>
			<control type="image">
				<width>1280</width>
				<height>155</height>
				<texture>sg_search_background.png</texture>
				<aspectratio aligny="bottom">scale</aspectratio>
			</control>
			<control type="group">
				<visible>!Container(130).IsEmpty + !Control.HasFocus(121) + !Control.HasFocus(981)</visible>
				<animation effect="fade" start="0" end="100" delay="100" time="500">Visible</animation>
				<animation effect="fade" start="100" end="0" delay="0" time="300">Hidden</animation>
				<control type="image">
					<posx>20</posx>
					<posy>60</posy>
					<width>22</width>
					<height>25</height>
					<texture flipx="true">sg_search_arrow.png</texture>
					<visible>Container(130).HasPrevious</visible>
				</control>
				<control type="image">
					<posx>1238</posx>
					<posy>60</posy>
					<width>22</width>
					<height>25</height>
					<texture>sg_search_arrow.png</texture>
					<visible>Container(130).HasNext</visible>
				</control>
			</control>
			<control type="list" id="130">
				<posy>15</posy>
				<posx>62</posx>
				<visible>!Container(130).IsEmpty + !Control.HasFocus(121) + !Control.HasFocus(981)</visible>
				<animation effect="fade" start="0" end="100" delay="100" time="500">Visible</animation>
				<animation effect="fade" start="100" end="0" delay="0" time="300">Hidden</animation>
				<width>1170</width>
				<height>134</height>
				<onleft>-</onleft>
				<onright>-</onright>
				<onup>50</onup>
				<ondown>121</ondown>
				<preloaditems>3</preloaditems>
				<orientation>horizontal</orientation>
				<itemlayout width="195" height="121">
					<control type="image">
						<width>181</width>
						<height>116</height>
						<texture diffuse="sg_search_diffuse.png">$INFO[Listitem.thumb]</texture>
						<aspectratio scalediffuse="false">scale</aspectratio>
					</control>
					<control type="image">
						<posy>89</posy>
						<posx>0</posx>
						<width>181</width>
						<height>21</height>
						<texture>sg_search_name.png</texture>
					</control>
					<control type="label">
						<posy>89</posy>
						<posx>15</posx>
						<width>181</width>
						<height>21</height>
						<font>serif16b</font>
						<aligny>top</aligny>
						<textoffsety>3</textoffsety>
						<textcolor>ffffffff</textcolor>
						<info>Listitem.Label</info>
					</control>
					<control type="image">
						<width>181</width>
						<height>116</height>
						<texture>sg_search_off.png</texture>
					</control>
				</itemlayout>
				<focusedlayout width="195" height="121">
					<control type="image">
						<width>181</width>
						<height>116</height>
						<texture diffuse="sg_search_diffuse.png">$INFO[Listitem.thumb]</texture>
						<aspectratio scalediffuse="false">scale</aspectratio>
					</control>
					<control type="image">
						<posy>89</posy>
						<posx>0</posx>
						<width>181</width>
						<height>21</height>
						<texture>sg_search_name.png</texture>
					</control>
					<control type="group">
						<visible>!Control.HasFocus(130)</visible>
						<control type="image">
							<width>181</width>
							<height>116</height>
							<texture>sg_search_off.png</texture>
						</control>
						<control type="label">
							<posy>89</posy>
							<posx>15</posx>
							<width>181</width>
							<height>21</height>
							<font>serif16b</font>
							<aligny>top</aligny>
							<textoffsety>3</textoffsety>
							<textcolor>ffffffff</textcolor>
							<info>Listitem.Label</info>
						</control>
					</control>
					<control type="group">
						<visible>Control.HasFocus(130)</visible>
						<control type="image">
							<width>181</width>
							<height>116</height>
							<texture>sg_search_on.png</texture>
						</control>
						<control type="label">
							<posy>89</posy>
							<posx>15</posx>
							<width>181</width>
							<height>21</height>
							<font>serif16b</font>
							<aligny>top</aligny>
							<textoffsety>3</textoffsety>
							<textcolor>ffdb86b0</textcolor>
							<info>Listitem.Label</info>
						</control>
					</control>
				</focusedlayout>
				<content type="action">
					<onclick lang="python"><![CDATA[
win = mc.GetActiveWindow()
list = win.GetList(130)
item = list.GetItem( list.GetFocusedItem() )
item.Dump()
reg = mc.GetApp().GetLocalConfig()
if not reg.GetValue("authenticated"):
	mc.ShowDialogNotification("You must be logged in to perform this action.", "sg_icon_notification.png")
else:
	win = mc.GetActiveWindow()
	list = win.GetList(130)
	item = list.GetItem( list.GetFocusedItem() )
	#item.Dump()
	#mc.ShowDialogNotification(str(item.GetImage(1)))
	params = {
		"url":			item.GetPath(),
		"model":		item.GetLabel(),
		"thumb":		item.GetThumbnail()
		}
	sg.launch(14002, params)
]]></onclick>
				</content>
			</control>
		</control>
		<control type="group" id="50">
			<!-- Top Menu Bar -->
			<control type="image">
				<width>1280</width>
				<height>173</height>
				<texture>sg_topbar.png</texture>
			</control>
			<control type="image">
				<posy>5</posy>
				<posx>30</posx>
				<width>213</width>
				<height>145</height>
				<texture>sg_logo.png</texture>
			</control>
			<control type="group">
				<!-- Main Menu -->
				<posy>122</posy>
				<posx>265</posx>
				<control type="image">
					<width>270</width>
					<height>40</height>
					<texture>sg_menu_ends.png</texture>
				</control>
				<control type="grouplist" id="400">
					<posx>1</posx>
					<itemgap>2</itemgap>
					<ondown>130</ondown>
					<onup>202</onup>
					<onleft>-</onleft>
					<onright>301</onright>
					<orientation>horizontal</orientation>
					<control type="button" id="401">
						<width>88</width>
						<height>39</height>
						<label>GIRLS</label>
						<align>center</align>
						<aligny>center</aligny>
						<font>sans21</font>
						<textcolor>ffffffff</textcolor>
						<texturefocus>sg_menuitem_on.png</texturefocus>
						<texturenofocus>-</texturenofocus>
						<visible>App.HasSetting(authenticated)</visible>
						<onclick lang="python"><![CDATA[
import sg
if sg.hasAuth():
	sg.launch(14001, {"url": "rss://dir.boxee.tv/apps/suicidegirls/girls"})
]]></onclick>
					</control>
					<control type="button" id="402">
						<width>88</width>
						<height>39</height>
						<label>HOME</label>
						<align>center</align>
						<aligny>center</aligny>
						<font>sans21</font>
						<textcolor>ffffffff</textcolor>
						<focusedcolor>ff000000</focusedcolor>
						<texturefocus>sg_menuitem_on.png</texturefocus>
						<texturenofocus>sg_menuitem_active.png</texturenofocus>
						<visible>!App.HasSetting(authenticated)</visible>
						<onclick lang="python"><![CDATA[
import sg
sg.quickLaunch(14000)
]]></onclick>
					</control>
					<control type="togglebutton" id="403">
						<width>88</width>
						<height>39</height>
						<label>PICS</label>
						<align>center</align>
						<aligny>center</aligny>
						<font>sans21</font>
						<textcolor>ffffffff</textcolor>
						<focusedcolor>ff000000</focusedcolor>
						<texturefocus>sg_menuitem_on.png</texturefocus>
						<texturenofocus>-</texturenofocus>
						<alttexturefocus>sg_menuitem_on.png</alttexturefocus>
						<alttexturenofocus>sg_menuitem_active.png</alttexturenofocus>
						<usealttexture>App.HasSetting(authenticated)</usealttexture>
						<onclick lang="python"><![CDATA[
import sg
if sg.hasAuth():
	sg.quickLaunch(14000)
else:
	sg.launch(14003, {"url":"rss://dir.boxee.tv/apps/suicidegirls/free","model":"SuicideGirls","set":"Free Album Set"})
]]></onclick>
					</control>
					<control type="button" id="404">
						<width>88</width>
						<height>39</height>
						<label>VIDEO</label>
						<align>center</align>
						<aligny>center</aligny>
						<font>sans21</font>
						<textcolor>ffffffff</textcolor>
						<focusedcolor>ff000000</focusedcolor>
						<texturefocus>sg_menuitem_on.png</texturefocus>
						<texturenofocus>-</texturenofocus>
						<onclick lang="python"><![CDATA[sg.quickLaunch(14004)]]></onclick>
					</control>
				</control>
			</control>
			<control type="group" id="300">
				<!-- Search / Sort By -->
				<posy>97</posy>
				<posx>730</posx>
				<control type="image">
					<width>93</width>
					<height>22</height>
					<texture>sg_tag_search.png</texture>
				</control>
				<control type="edit" id="301">
					<posy>27</posy>
					<width>200</width>
					<height>32</height>
					<onleft>404</onleft>
					<onright>302</onright>
					<onup>202</onup>
					<ondown>130</ondown>
					<onprev>-</onprev>
					<onnext>-</onnext>
					<label>-</label>
					<textoffsetx>15</textoffsetx>
					<align>left</align>
					<aligny>center</aligny>
					<textcolor>ffffffff</textcolor>
					<focusedcolor>ff000000</focusedcolor>
					<texturenofocus>sg_input_search.png</texturenofocus>
					<texturefocus>sg_input_search_on.png</texturefocus>
					<font>sans16b</font>
					<ontextchange lang="python"><![CDATA[
search = mc.GetActiveWindow().GetEdit(301).GetText()
sg.search_sg(search)
mc.GetActiveWindow().GetControl(130).SetVisible(True)
]]></ontextchange>
				</control>
				<control type="group">
					<posx>240</posx>
					<visible>App.HasSetting(authenticated)</visible>
					<control type="image">
						<width>93</width>
						<height>22</height>
						<texture>sg_tag_sortby.png</texture>
					</control>
					<control type="button" id="302">
						<posy>27</posy>
						<width>200</width>
						<height>32</height>
						<onleft>301</onleft>
						<onright>-</onright>
						<onup>202</onup>
						<ondown>130</ondown>
						<onprev>-</onprev>
						<onnext>-</onnext>
						<font>sans16b</font>
						<label>Most Recent</label>
						<textoffsetx>15</textoffsetx>
						<align>left</align>
						<aligny>center</aligny>
						<textcolor>ffffffff</textcolor>
						<focusedcolor>ff000000</focusedcolor>
						<texturenofocus>sg_input_sortby.png</texturenofocus>
						<texturefocus>sg_input_sortby_on.png</texturefocus>
						<onclick lang="python"><![CDATA[
mc.GetActiveWindow().GetControl(1301).SetFocus()
mc.GetActiveWindow().GetControl(1300).SetVisible(True)
]]></onclick>
					</control>
				</control>
			</control>
		</control>
		<control type="group" id="200">
			<!-- Login Panel -->
			<posy>25</posy>
			<posx>983</posx>
			<control type="image">
				<width>297</width>
				<height>41</height>
				<texture>sg_login_bar.png</texture>
			</control>
			<control type="label" id="201">
				<posx>15</posx>
				<width>162</width>
				<height>41</height>
				<font>font18b</font>
				<aligny>center</aligny>
				<label>$INFO[App.string(username)]</label>
				<textcolor>ffffffff</textcolor>
				<visible>App.HasSetting(username)</visible>
			</control>
			<control type="label" id="203">
				<posx>15</posx>
				<width>162</width>
				<height>39</height>
				<font>sans14b</font>
				<aligny>center</aligny>
				<label>you are not logged in</label>
				<textcolor>ff8E8E8E</textcolor>
				<visible>!App.HasSetting(username)</visible>
			</control>
			<control type="button" id="202">
				<posx>198</posx>
				<width>77</width>
				<height>39</height>
				<font>sans14b</font>
				<align>center</align>
				<aligny>center</aligny>
				<label></label>
				<ondown>50</ondown>
				<textoffsety>4</textoffsety>
				<textcolor>ffffffff</textcolor>
				<focusedcolor>ff000000</focusedcolor>
				<texturefocus>sg_menuitem_on.png</texturefocus>
				<texturenofocus>-</texturenofocus>
				<onclick lang="python"><![CDATA[
win = mc.GetActiveWindow()
config = mc.GetApp().GetLocalConfig()
if config.GetValue("authenticated"): sg.logout_sg()
else:
	win = mc.GetActiveWindow()
	win.PushState()
	win.GetControl(700).SetVisible(True)
	win.GetControl(701).SetFocus()
]]></onclick>
			</control>
		</control>
		<control type="group" id="990">
			<posy>168</posy>
			<visible>App.HasSetting(authenticated)</visible>
			<animation effect="slide" tween="quadratic" easing="in" start="0,0" end="0,70" time="500" condition="Control.IsVisible(40)" reversible="true">Conditional</animation>
			<animation effect="slide" tween="quadratic" easing="out" start="0,70" end="0,0" time="500" condition="!Control.IsVisible(40)" reversible="true">Conditional</animation>
			<control type="label" id="139">
				<posy>3</posy>
				<posx>21</posx>
				<font>serif36</font>
				<textcolor>ffFFC0CB</textcolor>
				<label>Most Recent</label>
			</control>
			<control type="panel" id="121">
				<posx>21</posx>
				<posy>55</posy>
				<width>1248</width>
				<height>560</height>
				<onup>130</onup>
				<onleft>400</onleft>
				<onright>400</onright>
				<ondown>981</ondown>
				<scrolltime>200</scrolltime>
				<pagecontrol>60</pagecontrol>
				<orientation>vertical</orientation>
				<preloaditems>1</preloaditems>
				<include>BrowseListAnimation</include>
				<itemlayout width="312" height="196">
					<control type="image">
						<width>302</width>
						<height>186</height>
						<texture diffuse="sg_search_diffuse.png">$INFO[Listitem.thumb]</texture>
						<aspectratio scalediffuse="false">scale</aspectratio>
					</control>
					<control type="image">
						<width>302</width>
						<height>186</height>
						<texture>sg_search_off_large.png</texture>
					</control>
					<control type="image">
						<posy>150</posy>
						<posx>0</posx>
						<width>302</width>
						<height>30</height>
						<texture>sg_search_name.png</texture>
					</control>
					<control type="label">
						<posy>150</posy>
						<posx>15</posx>
						<width>272</width>
						<height>30</height>
						<font>serif18b</font>
						<aligny>center</aligny>
						<textoffsety>3</textoffsety>
						<textcolor>ffffffff</textcolor>
						<info>Listitem.Label</info>
					</control>
				</itemlayout>
				<focusedlayout width="312" height="196">
					<control type="image">
						<width>302</width>
						<height>186</height>
						<texture diffuse="sg_search_diffuse.png">$INFO[Listitem.thumb]</texture>
						<aspectratio scalediffuse="false">scale</aspectratio>
					</control>
					<control type="image">
						<posy>150</posy>
						<posx>0</posx>
						<width>302</width>
						<height>30</height>
						<texture>sg_search_name.png</texture>
					</control>
					<control type="group">
						<visible>!Control.HasFocus(121)</visible>
						<control type="image">
							<width>302</width>
							<height>186</height>
							<texture>sg_search_off_large.png</texture>
						</control>
						<control type="label">
							<posy>150</posy>
							<posx>15</posx>
							<width>272</width>
							<height>30</height>
							<scroll>true</scroll>
							<font>serif18b</font>
							<aligny>center</aligny>
							<textcolor>ffffffff</textcolor>
							<info>Listitem.Label</info>
						</control>
					</control>
					<control type="group">
						<visible>Control.HasFocus(121)</visible>
						<control type="image">
							<width>302</width>
							<height>186</height>
							<texture>sg_search_on_large.png</texture>
						</control>
						<control type="label">
							<posy>150</posy>
							<posx>15</posx>
							<width>272</width>
							<height>30</height>
							<scroll>true</scroll>
							<font>serif18b</font>
							<aligny>center</aligny>
							<textcolor>ffdb86b0</textcolor>
							<info>Listitem.Label</info>
						</control>
					</control>
				</focusedlayout>
				<content type="url" url="rss://dir.boxee.tv/apps/suicidegirls/sotd-sorted/recent">
					<onclick lang="python"><![CDATA[
config = mc.GetApp().GetLocalConfig()
if config.GetValue("authenticated"):
	list =  mc.GetActiveWindow().GetList(121)
	item = list.GetItem( list.GetFocusedItem() )
	model,set = item.GetLabel().split(": ")
	params = {"url":item.GetPath(),"model":model,"set":set}
	sg.launch(14003, params)
else:
	mc.ShowDialogNotification('Please sign in to view this set and others.', "sg_icon_notification.png")
]]></onclick>
				</content>
			</control>
		</control>
		<control type="group" id="980">
			<!-- Content Panel -->
			<posy>195</posy>
			<visible>!App.HasSetting(authenticated)</visible>
			<animation effect="slide" tween="quadratic" easing="in" start="0,0" end="0,25" time="500" condition="Control.IsVisible(40)" reversible="true">Conditional</animation>
			<animation effect="slide" tween="quadratic" easing="out" start="0,25" end="0,0" time="500" condition="!Control.IsVisible(40)" reversible="true">Conditional</animation>
			<control type="group">
				<!-- Content -->
				<posy>53</posy>
				<posx>0</posx>
				<control type="image">
					<posx>0</posx>
					<posy>0</posy>
					<width>1280</width>
					<height>411</height>
					<texture>launch_content.png</texture>
					<aspectratio>keep</aspectratio>
				</control>
				<control type="grouplist" id="981">
					<posy>340</posy>
					<posx>752</posx>
					<itemgap>10</itemgap>
					<onup>121</onup>
					<orientation>horizontal</orientation>
					<control type="button" id="982">
						<width>230</width>
						<height>41</height>
						<texturefocus>sg_video_btn_on.png</texturefocus>
						<texturenofocus>sg_video_btn.png</texturenofocus>
						<onclick lang="python"><![CDATA[sg.launch(14004, mc.ListItems())]]></onclick>
					</control>
					<control type="button" id="983">
						<width>210</width>
						<height>41</height>
						<texturefocus>sg_free_btn_on.png</texturefocus>
						<texturenofocus>sg_free_btn.png</texturenofocus>
						<onclick lang="python"><![CDATA[
params = {"url":"rss://dir.boxee.tv/apps/suicidegirls/free","model":"SuicideGirls","set":"Free Album Set"}
sg.launch(14003, params)
]]></onclick>
					</control>
				</control>
			</control>
		</control>
		<control type="group" id="700">
			<posy>16</posy>
			<posx>1280</posx>
			<visible>false</visible>
			<animation effect="slide" tween="quadratic" easing="in" start="0,0" end="-370,0" time="300" reversible="true" condition="Control.IsVisible(700)">Conditional</animation>
			<control type="image">
				<width>360</width>
				<height>252</height>
				<texture>sg_login.png</texture>
			</control>
			<control type="edit" id="701">
				<posx>41</posx>
				<posy>81</posy>
				<width>240</width>
				<height>33</height>
				<onleft>-</onleft>
				<onright>-</onright>
				<onup>-</onup>
				<ondown>702</ondown>
				<onprev>-</onprev>
				<onnext>702</onnext>
				<label>-</label>
				<textoffsetx>8</textoffsetx>
				<align>left</align>
				<aligny>center</aligny>
				<font>sans21</font>
				<textcolor>black</textcolor>
			</control>
			<control type="edit" id="702">
				<posx>41</posx>
				<posy>151</posy>
				<width>240</width>
				<height>33</height>
				<onleft>-</onleft>
				<onright>-</onright>
				<onup>701</onup>
				<ondown>703</ondown>
				<onprev>701</onprev>
				<onnext>703</onnext>
				<textoffsetx>8</textoffsetx>
				<align>left</align>
				<aligny>center</aligny>
				<font>sans21</font>
				<textcolor>black</textcolor>
				<password>true</password>
			</control>
			<control type="button" id="703">
				<posx>38</posx>
				<posy>200</posy>
				<width>128</width>
				<height>41</height>
				<onleft>-</onleft>
				<onright>-</onright>
				<onup>702</onup>
				<ondown>-</ondown>
				<label>SUBMIT</label>
				<font>sans14b</font>
				<align>center</align>
				<aligny>center</aligny>
				<textcolor>ffffffff</textcolor>
				<focusedcolor>ffdb86b0</focusedcolor>
				<texturefocus>sg_login_button_on.png</texturefocus>
				<texturenofocus>sg_login_button.png</texturenofocus>
				<onclick lang="python"><![CDATA[
import sg
win = mc.GetActiveWindow()
user = win.GetEdit(701).GetText()
password = win.GetEdit(702).GetText()
if sg.login_sg(user, password):
	sg.clear_login()
	win.GetControl(700).SetVisible(False)
	win.GetControl(202).SetFocus()
	win.GetLabel(201).SetLabel(user.lower())
	win.GetButton(202).SetLabel("LOGOUT")
else:
	sg.clear_login()
	win.GetEdit(701).SetFocus()
]]></onclick>
			</control>
		</control>
		<control type="group" id="1300">
			<posy>155</posy>
			<posx>982</posx>
			<visible>false</visible>
			<control type="image">
				<width>186</width>
				<height>213</height>
				<texture>sg_dropdown_bg.png</texture>
			</control>
			<control type="image">
				<width>186</width>
				<height>213</height>
				<texture>sg_dropdown_bg.png</texture>
				<animation effect="fade" start="40" end="40" time="0" condition="true">Conditional</animation>
			</control>
			<control type="list" id="1301">
				<posy>2</posy>
				<width>186</width>
				<height>207</height>
				<onleft lang="python"><![CDATA[
mc.GetActiveWindow().GetControl(1300).SetVisible(False)
mc.GetActiveWindow().GetControl(301).SetFocus()
]]></onleft>
				<onright lang="python"><![CDATA[
mc.GetActiveWindow().GetControl(1300).SetVisible(False)
mc.GetActiveWindow().GetControl(302).SetFocus()
]]></onright>
				<ondown lang="python"><![CDATA[
mc.GetActiveWindow().GetControl(1300).SetVisible(False)
mc.GetActiveWindow().GetControl(121).SetFocus()
]]></ondown>
				<onup lang="python"><![CDATA[
mc.GetActiveWindow().GetControl(1300).SetVisible(False)
mc.GetActiveWindow().GetControl(302).SetFocus()
]]></onup>
				<orientation>vertical</orientation>
				<itemlayout width="186" height="26">
					<control type="label">
						<posx>10</posx>
						<width>186</width>
						<height>26</height>
						<font>sans16b</font>
						<aligny>center</aligny>
						<info>Listitem.label</info>
						<textcolor>ffffffff</textcolor>
					</control>
				</itemlayout>
				<focusedlayout width="186" height="26">
					<control type="image">
						<width>186</width>
						<height>26</height>
						<texture>sg_pink_border.png</texture>
					</control>
					<control type="label">
						<posx>10</posx>
						<width>186</width>
						<height>26</height>
						<font>sans16b</font>
						<aligny>center</aligny>
						<info>Listitem.label</info>
						<textcolor>black</textcolor>
					</control>
				</focusedlayout>
				<content type="action">
					<onclick lang="python"><![CDATA[
win = mc.GetActiveWindow()
label = mc.GetInfoString("Container(1301).Listitem.label")
sort = mc.GetInfoString("Container(1301).Listitem.label2")
list = mc.GetActiveWindow().GetList(121).SetContentURL("rss://dir.boxee.tv/apps/suicidegirls/"+sort.replace("amp;",""))
win.GetButton(302).SetLabel(label)
win.GetLabel(139).SetLabel(label)
mc.GetActiveWindow().GetControl(1300).SetVisible(False)
mc.GetActiveWindow().GetControl(302).SetFocus()
]]></onclick>
					<item>
						<label>Most Recent</label>
						<label2>sotd-sorted/recent</label2>
						<thumb>-</thumb>
						<onclick>-</onclick>
					</item>
					<item>
						<label>Loved 7 Days</label>
						<label2>sotd-sorted/sort=loved&amp;filter=7day</label2>
						<thumb>-</thumb>
						<onclick>-</onclick>
					</item>
					<item>
						<label>Loved 30 Days</label>
						<label2>sotd-sorted/sort=loved&amp;filter=30day</label2>
						<thumb>-</thumb>
						<onclick>-</onclick>
					</item>
					<item>
						<label>Loved 6 Months</label>
						<label2>sotd-sorted/sort=loved&amp;filter=6month</label2>
						<thumb>-</thumb>
						<onclick>-</onclick>
					</item>
					<item>
						<label>Loved 1 Year</label>
						<label2>sotd-sorted/sort=loved&amp;filter=1yr</label2>
						<thumb>-</thumb>
						<onclick>-</onclick>
					</item>
					<item>
						<label>Loved 2 Years</label>
						<label2>sotd-sorted/sort=loved&amp;filter=2yr</label2>
						<thumb>-</thumb>
						<onclick>-</onclick>
					</item>
					<item>
						<label>Loved All Time</label>
						<label2>sotd-sorted/sort=loved&amp;filter=all</label2>
						<thumb>-</thumb>
						<onclick>-</onclick>
					</item>
					<item>
						<label>Commented 24 Hours</label>
						<label2>sotd-sorted/sort=24hr</label2>
						<thumb>-</thumb>
						<onclick>-</onclick>
					</item>
					<item>
						<label>Commented 7 Days</label>
						<label2>sotd-sorted/sort=7day</label2>
						<thumb>-</thumb>
						<onclick>-</onclick>
					</item>
					<item>
						<label>Commented 30 Days</label>
						<label2>sotd-sorted/sort=30day</label2>
						<thumb>-</thumb>
						<onclick>-</onclick>
					</item>
					<item>
						<label>Commented 6 Months</label>
						<label2>sotd-sorted/sort=6month</label2>
						<thumb>-</thumb>
						<onclick>-</onclick>
					</item>
					<item>
						<label>Commented 1 Year</label>
						<label2>sotd-sorted/sort=1yr</label2>
						<thumb>-</thumb>
						<onclick>-</onclick>
					</item>
					<item>
						<label>Commented All Time</label>
						<label2>sotd-sorted/sort=all</label2>
						<thumb>-</thumb>
						<onclick>-</onclick>
					</item>
				</content>
			</control>
		</control>
		<control type="label">
			<animation effect="fade" time="100">VisibleChange</animation>
			<posx>540</posx>
			<posy>320</posy>
			<width>200</width>
			<height>20</height>
			<align>center</align>
			<aligny>center</aligny>
			<font>title18b</font>
			<textcolor>title</textcolor>
			<label>[UPPERCASE]Loading[/UPPERCASE]</label>
			<visible>Container(121).IsLoading</visible>
		</control>
		<control type="multiimage">
			<posx>540</posx>
			<posy>348</posy>
			<width>200</width>
			<height>24</height>
			<imagepath>loading</imagepath>
			<timeperimage>12</timeperimage>
			<fadetime>4</fadetime>
			<pauseatend>0</pauseatend>
			<randomize>false</randomize>
			<loop>yes</loop>
			<aspectratio>keep</aspectratio>
			<colordiffuse>title</colordiffuse>
			<visible>Container(121).IsLoading</visible>
		</control>
	</controls>
</window>
