<?xml version="1.0"?>
<window type="window" id="14003">
	<defaultcontrol always="true">50</defaultcontrol>
	<allowoverlay>no</allowoverlay>
	<onload lang="python"><![CDATA[
win = mc.GetActiveWindow()
win.GetList(130).SetItems(mc.ListItems())
config = mc.GetApp().GetLocalConfig()
if config.GetValue("authenticated"):
	win.GetButton(202).SetLabel("LOGOUT")
else:
	win.GetButton(202).SetLabel("LOGIN")
]]></onload>
	<controls>
		<control type="image">
			<width>1280</width>
			<height>720</height>
			<texture>sg_background.png</texture>
		</control>
		<control type="label" id="40">
			<visible>!Container(130).IsEmpty + !Control.HasFocus(121) + !Control.HasFocus(950)</visible>
		</control>
		<control type="group" id="129">
			<visible>!Container(130).IsEmpty + !Control.HasFocus(121) + !Control.HasFocus(950)</visible>
			<animation type="Visible" reversible="true">
			  <effect type="fade" start="0" end="100" delay="0" time="300" />
			  <effect type="slide" tween="quadratic" easing="in" start="0,0" end="0,160" time="500" />
			</animation>
			<animation type="Hidden" reversible="true">
			  <effect type="fade" start="100" end="0" delay="0" time="300" />
			  <effect type="slide" tween="quadratic" easing="out" start="0,160" end="0,0" time="500" />
			</animation>
			<control type="image">
				<width>1280</width>
				<height>155</height>
				<texture>sg_search_background.png</texture>
				<aspectratio aligny="bottom">scale</aspectratio>
			</control>
			<control type="group">
				<visible>!Container(130).IsEmpty + !Control.HasFocus(121) + !Control.HasFocus(950)</visible>
				<animation effect="fade" start="0" end="100" delay="100" time="500">Visible</animation>
				<animation effect="fade" start="100" end="0" delay="0" time="300">Hidden</animation>
				<control type="image">
					<posx>20</posx>
					<posy>60</posy>
					<width>22</width>
					<height>25</height>
					<texture flipx="true">sg_search_arrow.png</texture>
					<visible>Container(130).HasPrevious</visible>
				</control>
				<control type="image">
					<posx>1238</posx>
					<posy>60</posy>
					<width>22</width>
					<height>25</height>
					<texture>sg_search_arrow.png</texture>
					<visible>Container(130).HasNext</visible>
				</control>
			</control>
			<control type="list" id="130">
				<posy>15</posy>
				<posx>62</posx>
				<visible>!Container(130).IsEmpty + !Control.HasFocus(121) + !Control.HasFocus(950)</visible>
				<animation effect="fade" start="0" end="100" delay="100" time="500">Visible</animation>
				<animation effect="fade" start="100" end="0" delay="0" time="300">Hidden</animation>
				<width>1170</width>
				<height>134</height>
				<onleft>-</onleft>
				<onright>-</onright>
				<onup>50</onup>
				<ondown>950</ondown>
				<preloaditems>3</preloaditems>
				<orientation>horizontal</orientation>
				<itemlayout width="195" height="121">
					<control type="image">
						<width>181</width>
						<height>116</height>
						<texture diffuse="sg_search_diffuse.png">$INFO[Listitem.thumb]</texture>
						<aspectratio scalediffuse="false">scale</aspectratio>
					</control>
					<control type="image">
						<posy>89</posy>
						<posx>0</posx>
						<width>181</width>
						<height>21</height>
						<texture>sg_search_name.png</texture>
					</control>
					<control type="label">
						<posy>89</posy>
						<posx>15</posx>
						<width>181</width>
						<height>21</height>
						<font>serif16b</font>
						<aligny>top</aligny>
						<textoffsety>3</textoffsety>
						<textcolor>ffffffff</textcolor>
						<info>Listitem.Label</info>
					</control>
					<control type="image">
						<width>181</width>
						<height>116</height>
						<texture>sg_search_off.png</texture>
					</control>
				</itemlayout>
				<focusedlayout width="195" height="121">
					<control type="image">
						<width>181</width>
						<height>116</height>
						<texture diffuse="sg_search_diffuse.png">$INFO[Listitem.thumb]</texture>
						<aspectratio scalediffuse="false">scale</aspectratio>
					</control>
					<control type="image">
						<posy>89</posy>
						<posx>0</posx>
						<width>181</width>
						<height>21</height>
						<texture>sg_search_name.png</texture>
					</control>
					<control type="group">
						<visible>!Control.HasFocus(130)</visible>
						<control type="image">
							<width>181</width>
							<height>116</height>
							<texture>sg_search_off.png</texture>
						</control>
						<control type="label">
							<posy>89</posy>
							<posx>15</posx>
							<width>181</width>
							<height>21</height>
							<font>serif16b</font>
							<aligny>top</aligny>
							<textoffsety>3</textoffsety>
							<textcolor>ffffffff</textcolor>
							<info>Listitem.Label</info>
						</control>
					</control>
					<control type="group">
						<visible>Control.HasFocus(130)</visible>
						<control type="image">
							<width>181</width>
							<height>116</height>
							<texture>sg_search_on.png</texture>
						</control>
						<control type="label">
							<posy>89</posy>
							<posx>15</posx>
							<width>181</width>
							<height>21</height>
							<font>serif16b</font>
							<aligny>top</aligny>
							<textoffsety>3</textoffsety>
							<textcolor>ffdb86b0</textcolor>
							<info>Listitem.Label</info>
						</control>
					</control>
				</focusedlayout>
				<content type="action">
					<onclick lang="python"><![CDATA[
win = mc.GetActiveWindow()
list = win.GetList(130)
item = list.GetItem( list.GetFocusedItem() )
item.Dump()
reg = mc.GetApp().GetLocalConfig()
if not reg.GetValue("authenticated"):
	mc.ShowDialogNotification("You must be logged in to perform this action.", "sg_icon_notification.png")
else:
	win = mc.GetActiveWindow()
	list = win.GetList(130)
	item = list.GetItem( list.GetFocusedItem() )
	#item.Dump()
	#mc.ShowDialogNotification(str(item.GetImage(1)))
	params = {
		"url":			item.GetPath(),
		"model":		item.GetLabel(),
		"thumb":		item.GetThumbnail()
		}
	sg.launch(14002, params)
]]></onclick>
				</content>
			</control>
		</control>
		<control type="group" id="50">
			<!-- Top Menu Bar -->
			<control type="image">
				<width>1280</width>
				<height>173</height>
				<texture>sg_topbar.png</texture>
			</control>
			<control type="image">
				<posy>5</posy>
				<posx>30</posx>
				<width>213</width>
				<height>145</height>
				<texture>sg_logo.png</texture>
			</control>
			<control type="group">
				<!-- Main Menu -->
				<posy>122</posy>
				<posx>265</posx>
				<control type="image">
					<width>270</width>
					<height>40</height>
					<texture>sg_menu_ends.png</texture>
				</control>
				<control type="grouplist" id="400">
					<posx>1</posx>
					<itemgap>2</itemgap>
					<ondown>130</ondown>
					<onup>202</onup>
					<onleft>-</onleft>
					<onright>301</onright>
					<orientation>horizontal</orientation>
					<control type="button" id="401">
						<width>88</width>
						<height>39</height>
						<label>GIRLS</label>
						<align>center</align>
						<aligny>center</aligny>
						<font>sans21</font>
						<textcolor>ffffffff</textcolor>
						<texturefocus>sg_menuitem_on.png</texturefocus>
						<texturenofocus>sg_menuitem_active.png</texturenofocus>
						<visible>App.HasSetting(authenticated)</visible>
						<onclick lang="python"><![CDATA[
import sg
if sg.hasAuth():
	sg.launch(14001, {"url": "rss://dir.boxee.tv/apps/suicidegirls/girls"})
]]></onclick>
					</control>
					<control type="button" id="402">
						<width>88</width>
						<height>39</height>
						<label>HOME</label>
						<align>center</align>
						<aligny>center</aligny>
						<font>sans21</font>
						<textcolor>ffffffff</textcolor>
						<focusedcolor>ff000000</focusedcolor>
						<texturefocus>sg_menuitem_on.png</texturefocus>
						<texturenofocus>-</texturenofocus>
						<visible>!App.HasSetting(authenticated)</visible>
						<onclick lang="python"><![CDATA[
import sg
sg.quickLaunch(14000)
]]></onclick>
					</control>
					<control type="togglebutton" id="403">
						<width>88</width>
						<height>39</height>
						<label>PICS</label>
						<align>center</align>
						<aligny>center</aligny>
						<font>sans21</font>
						<textcolor>ffffffff</textcolor>
						<focusedcolor>ff000000</focusedcolor>
						<texturefocus>sg_menuitem_on.png</texturefocus>
						<texturenofocus>-</texturenofocus>
						<alttexturefocus>sg_menuitem_on.png</alttexturefocus>
						<alttexturenofocus>sg_menuitem_active.png</alttexturenofocus>
						<usealttexture>!App.HasSetting(authenticated)</usealttexture>
						<onclick lang="python"><![CDATA[
import sg
if sg.hasAuth():
	sg.quickLaunch(14000)
else:
	sg.launch(14003, {"url":"rss://dir.boxee.tv/apps/suicidegirls/free","model":"SuicideGirls","set":"Free Album Set"})
]]></onclick>
					</control>
					<control type="button" id="404">
						<width>88</width>
						<height>39</height>
						<label>VIDEO</label>
						<align>center</align>
						<aligny>center</aligny>
						<font>sans21</font>
						<textcolor>ffffffff</textcolor>
						<focusedcolor>ff000000</focusedcolor>
						<texturefocus>sg_menuitem_on.png</texturefocus>
						<texturenofocus>-</texturenofocus>
						<onclick lang="python"><![CDATA[sg.quickLaunch(14004)]]></onclick>
					</control>
				</control>
			</control>
			<control type="group" id="300">
				<!-- Search / Sort By -->
				<posy>97</posy>
				<posx>730</posx>
				<control type="image">
					<width>93</width>
					<height>22</height>
					<texture>sg_tag_search.png</texture>
				</control>
				<control type="edit" id="301">
					<posy>27</posy>
					<width>200</width>
					<height>32</height>
					<onleft>404</onleft>
					<onright>302</onright>
					<onup>202</onup>
					<ondown>130</ondown>
					<onprev>-</onprev>
					<onnext>-</onnext>
					<label>-</label>
					<textoffsetx>15</textoffsetx>
					<align>left</align>
					<aligny>center</aligny>
					<textcolor>ffffffff</textcolor>
					<focusedcolor>ff000000</focusedcolor>
					<texturenofocus>sg_input_search.png</texturenofocus>
					<texturefocus>sg_input_search_on.png</texturefocus>
					<font>sans16b</font>
					<ontextchange lang="python"><![CDATA[
search = mc.GetActiveWindow().GetEdit(301).GetText()
sg.search_sg(search)
mc.GetActiveWindow().GetControl(130).SetVisible(True)
]]></ontextchange>
				</control>
			</control>
		</control>
		<control type="group" id="200">
			<!-- Login Panel -->
			<posy>25</posy>
			<posx>983</posx>
			<control type="image">
				<width>297</width>
				<height>41</height>
				<texture>sg_login_bar.png</texture>
			</control>
			<control type="label" id="201">
				<posx>15</posx>
				<width>162</width>
				<height>41</height>
				<font>font18b</font>
				<aligny>center</aligny>
				<label>$INFO[App.string(username)]</label>
				<textcolor>ffffffff</textcolor>
				<visible>App.HasSetting(username)</visible>
			</control>
			<control type="label" id="203">
				<posx>15</posx>
				<width>162</width>
				<height>39</height>
				<font>sans14b</font>
				<aligny>center</aligny>
				<label>you are not logged in</label>
				<textcolor>ff8E8E8E</textcolor>
				<visible>!App.HasSetting(username)</visible>
			</control>
			<control type="button" id="202">
				<posx>198</posx>
				<width>77</width>
				<height>39</height>
				<font>sans14b</font>
				<align>center</align>
				<aligny>center</aligny>
				<label></label>
				<ondown>50</ondown>
				<textoffsety>4</textoffsety>
				<textcolor>ffffffff</textcolor>
				<focusedcolor>ff000000</focusedcolor>
				<texturefocus>sg_menuitem_on.png</texturefocus>
				<texturenofocus>-</texturenofocus>
				<onclick lang="python"><![CDATA[
win = mc.GetActiveWindow()
config = mc.GetApp().GetLocalConfig()
if config.GetValue("authenticated"): sg.logout_sg()
else:
	win = mc.GetActiveWindow()
	win.PushState()
	win.GetControl(700).SetVisible(True)
	win.GetControl(701).SetFocus()
]]></onclick>
			</control>
		</control>
		<control type="group">
			<posy>168</posy>
			<animation effect="slide" tween="quadratic" easing="in" start="0,0" end="0,70" time="500" condition="Control.IsVisible(40)" reversible="true">Conditional</animation>
			<animation effect="slide" tween="quadratic" easing="out" start="0,70" end="0,0" time="500" condition="!Control.IsVisible(40)" reversible="true">Conditional</animation>
			<control type="group">
				<control type="group">
					<posy>3</posy>
					<posx>21</posx>
					<control type="label">
						<font>serif36</font>
						<textcolor>ffFFC0CB</textcolor>
						<label>$INFO[App.param(model)]</label>
					</control>
					<control type="label">
						<posx>30</posx>
						<posy>40</posy>
						<font>serif23b</font>
						<textcolor>ffffffff</textcolor>
						<label>$INFO[App.param(set)]</label>
					</control>
				</control>
				<control type="button" id="950">
					<posx>1115</posx>
					<posy>25</posy>
					<width>128</width>
					<height>41</height>
					<onup>130</onup>
					<onleft>-</onleft>
					<onright>-</onright>
					<ondown>121</ondown>
					<texturefocus>sg_pics_button_on.png</texturefocus>
					<texturenofocus>sg_pics_button.png</texturenofocus>
					<visible>App.HasSetting(authenticated)</visible>
					<onclick lang="python"><![CDATA[
params = mc.GetApp().GetLaunchedWindowParameters()
sg.launch(14002, {"url":"rss://dir.boxee.tv/apps/suicidegirls/girls/model="+params['model'], "model":params['model']})
]]></onclick>
				</control>
			</control>
			<control type="panel" id="121">
				<posx>80</posx>
				<posy>95</posy>
				<width>1120</width>
				<height>500</height>
				<onup>950</onup>
				<onleft>950</onleft>
				<onright>950</onright>
				<ondown>-</ondown>
				<scrolltime>200</scrolltime>
				<pagecontrol>60</pagecontrol>
				<orientation>vertical</orientation>
				<include>BrowseListAnimation</include>
				<itemlayout width="80" height="108">
					<control type="image">
						<width>75</width>
						<height>102</height>
						<texture>black.png</texture>
					</control>
					<control type="image">
						<width>75</width>
						<height>102</height>
						<texture>$INFO[Listitem.thumb]</texture>
						<aspectratio>scale</aspectratio>
					</control>
					<control type="image">
						<width>75</width>
						<height>102</height>
						<texture>sg_thumb_sm_off.png</texture>
					</control>
				</itemlayout>
				<focusedlayout width="80" height="108">
					<control type="image">
						<width>75</width>
						<height>102</height>
						<texture>black.png</texture>
					</control>
					<control type="group">
						<control type="image">
							<width>75</width>
							<height>102</height>
							<texture>$INFO[Listitem.thumb]</texture>
							<aspectratio>scale</aspectratio>
							<animation effect="zoom" center="auto" start="100" end="115" time="200">Focus</animation>
							<animation effect="zoom" center="auto" start="115" end="100" time="200">UnFocus</animation>
						</control>
						<control type="image">
							<width>75</width>
							<height>102</height>
							<texture>sg_thumb_sm_off.png</texture>
							<animation effect="zoom" center="auto" start="100" end="115" time="200">Focus</animation>
							<animation effect="zoom" center="auto" start="115" end="100" time="200">UnFocus</animation>
						</control>
						<control type="image">
							<width>75</width>
							<height>102</height>
							<texture>sg_thumb_sm_on.png</texture>
							<animation type="Focus" reversible="true">
								<effect type="fade" start="0" end="100" delay="0" time="200" />
								<effect type="zoom" center="auto" start="100" end="115" time="200" />
							</animation>
							<animation type="UnFocus" reversible="true">
								<effect type="fade" start="100" end="0" delay="0" time="200" />
								<effect type="zoom" center="auto" start="115" end="100" time="200" />
							</animation>
						</control>
					</control>
				</focusedlayout>
				<content type="url" url="$INFO[App.Param(url)]">
					<onclick lang="python"><![CDATA[
win = mc.GetActiveWindow()
params = mc.GetApp().GetLaunchedWindowParameters()
focused = win.GetList(121).GetFocusedItem()
win.GetList(5001).SetContentURL(params['url']+"/all")
win.GetEdit(301).SetText('')
win.GetList(130).SetItems(mc.ListItems())
win.GetControl(130).SetVisible(False)
win.PushState()
win.GetControl(121).SetVisible(False)
win.GetControl(5000).SetVisible(True)
win.GetControl(5001).SetFocus()
win.GetList(140).SetFocusedItem(focused)
win.GetList(5001).SetFocusedItem(focused)
]]></onclick>
				</content>
			</control>
		</control>
		<control type="group" id="700">
			<posy>16</posy>
			<posx>1280</posx>
			<visible>false</visible>
			<animation effect="slide" tween="quadratic" easing="in" start="0,0" end="-370,0" time="300" reversible="true" condition="Control.IsVisible(700)">Conditional</animation>
			<control type="image">
				<width>360</width>
				<height>252</height>
				<texture>sg_login.png</texture>
			</control>
			<control type="edit" id="701">
				<posx>41</posx>
				<posy>81</posy>
				<width>240</width>
				<height>33</height>
				<onleft>-</onleft>
				<onright>-</onright>
				<onup>-</onup>
				<ondown>702</ondown>
				<onprev>-</onprev>
				<onnext>702</onnext>
				<label>-</label>
				<textoffsetx>8</textoffsetx>
				<align>left</align>
				<aligny>center</aligny>
				<font>sans21</font>
				<textcolor>black</textcolor>
			</control>
			<control type="edit" id="702">
				<posx>41</posx>
				<posy>151</posy>
				<width>240</width>
				<height>33</height>
				<onleft>-</onleft>
				<onright>-</onright>
				<onup>701</onup>
				<ondown>703</ondown>
				<onprev>701</onprev>
				<onnext>703</onnext>
				<textoffsetx>8</textoffsetx>
				<align>left</align>
				<aligny>center</aligny>
				<font>sans21</font>
				<textcolor>black</textcolor>
				<password>true</password>
			</control>
			<control type="button" id="703">
				<posx>38</posx>
				<posy>200</posy>
				<width>128</width>
				<height>41</height>
				<onleft>-</onleft>
				<onright>-</onright>
				<onup>702</onup>
				<ondown>-</ondown>
				<label>SUBMIT</label>
				<font>sans14b</font>
				<align>center</align>
				<aligny>center</aligny>
				<textcolor>ffffffff</textcolor>
				<focusedcolor>ffdb86b0</focusedcolor>
				<texturefocus>sg_login_button_on.png</texturefocus>
				<texturenofocus>sg_login_button.png</texturenofocus>
				<onclick lang="python"><![CDATA[
import sg
win = mc.GetActiveWindow()
user = win.GetEdit(701).GetText()
password = win.GetEdit(702).GetText()
if sg.login_sg(user, password):
	sg.clear_login()
	win.GetControl(700).SetVisible(False)
	win.GetControl(202).SetFocus()
	win.GetLabel(201).SetLabel(user.lower())
	win.GetButton(202).SetLabel("LOGOUT")
	sg.quickLaunch(14000)
else:
	sg.clear_login()
	win.GetEdit(701).SetFocus()
]]></onclick>
			</control>
		</control>
		<control type="group" id="5000">
			<!-- SLIDESHOW -->
			<visible>false</visible>
			<!--<animation effect="fade" start="100" end="0" time="400" reversible="true" condition="!Control.IsVisible(5000)">Conditional</animation>-->
			<!--<animation effect="fade" start="0" end="100" time="400" reversible="true" condition="Control.IsVisible(5000)">Conditional</animation>-->
			<control type="image">
				<width>1280</width>
				<height>720</height>
				<texture>sg_show_background.png</texture>
			</control>
			<control type="label">
				<width>1280</width>
				<height>720</height>
				<font>serif28b</font>
				<align>center</align>
				<aligny>center</aligny>
				<textcolor>50ffffff</textcolor>
				<label>[I]Loading...[/I]</label>
				<visible>!Container(5001).OnNext + !Container(5001).OnPrevious</visible>
				<animation effect="fade" start="0" end="100" delay="200" time="200">Visible</animation>
			</control>
			<control type="group">
				<posx>25</posx>
				<posy>347</posy>
				<visible>!Container(5001).IsEmpty + Control.HasFocus(5001)</visible>
				<animation effect="fade" start="40" end="40" condition="true">Conditional</animation>
				<control type="image">
					<width>22</width>
					<height>25</height>
					<texture flipx="true">sg_search_arrow.png</texture>
					<visible>Container(5001).HasPrevious</visible>
				</control>
				<control type="image">
					<posx>1210</posx>
					<width>22</width>
					<height>25</height>
					<texture>sg_search_arrow.png</texture>
					<visible>Container(5001).HasNext</visible>
				</control>
			</control>
			<control type="list" id="5001">
				<width>1280</width>
				<height>720</height>
				<ondown lang="python"><![CDATA[
win = mc.GetActiveWindow()
win.GetControl(140).SetFocus()
win.GetList(140).SetFocusedItem(win.GetList(5001).GetFocusedItem())
]]></ondown>
				<onup>-</onup>
				<preloaditems>3</preloaditems>
				<orientation>horizontal</orientation>
				<scrolltime>0</scrolltime>
				<itemlayout width="1200" height="700">
					<control type="largeimage">
						<posy>30</posy>
						<posx>65</posx>
						<width>1150</width>
						<height>660</height>
						<texture>$INFO[Listitem.property(Image0)]</texture>
						<bordersize>5</bordersize>
						<bordertexture>sg_faded_border.png</bordertexture>
						<aspectratio align="center" aligny="center">keep</aspectratio>
						<visible>ListItem.property(isloaded) + !Control.HasFocus(5001)</visible>
					</control>
				</itemlayout>
				<focusedlayout width="1200" height="700">
					<control type="largeimage">
						<posy>30</posy>
						<posx>65</posx>
						<width>1150</width>
						<height>660</height>
						<texture>$INFO[Listitem.property(Image0)]</texture>
						<bordersize>5</bordersize>
						<bordertexture>sg_faded_border.png</bordertexture>
						<aspectratio align="center" aligny="center">keep</aspectratio>
						<animation effect="fade" start="0" end="100" time="300">Focus</animation>
						<!--<animation effect="fade" start="100" end="0" time="100">UnFocus</animation>-->
						<visible>ListItem.property(isloaded)</visible>
					</control>
				</focusedlayout>
				<content type="url" url="">
					<onclick lang="python"><![CDATA[]]></onclick>
				</content>
			</control>
			<control type="image">
				<posx>45</posx>
				<posy>665</posy>
				<width>114</width>
				<height>31</height>
				<texture>sg_show_thumb_indicator.png</texture>
				<visible>!Control.HasFocus(140)</visible>
				<animation effect="fade" start="100" end="0" time="100" reversible="true">Hidden</animation>
				<animation effect="fade" start="0" end="100" time="200" delay="300" reversible="true">Visible</animation>
			</control>
			<!--<control type="group">-->
			<!--	<posx>30</posx>-->
			<!--	<posy>12</posy>-->
			<!--	<control type="image">-->
			<!--		<width>177</width>-->
			<!--		<height>136</height>-->
			<!--		<texture>sg_show_counter.png</texture>-->
			<!--	</control>-->
			<!--</control>-->
			<control type="group">
				<posx>0</posx>
				<posy>693</posy>
				<animation effect="slide" tween="quadratic" easing="in" start="0,0" end="0,-70" time="400" condition="Control.HasFocus(140)" reversible="true">Conditional</animation>
				<animation effect="slide" tween="quadratic" easing="out" start="0,-70" end="0,0" time="400" condition="!Control.HasFocus(140)" reversible="true">Conditional</animation>
				<control type="image">
					<posy>27</posy>
					<height>140</height>
					<width>1280</width>
					<texture>black.png</texture>
					<animation effect="fade" start="70" end="70" time="0" condition="true">Conditional</animation>
				</control>
				<control type="group">
					<posx>10</posx>
					<posy>47</posy>
					<control type="label">
						<width>160</width>
						<height>40</height>
						<font>font21</font>
						<align>center</align>
						<aligny>center</aligny>
						<textcolor>FFFFC0CB</textcolor>
						<scroll>true</scroll>
						<label>$INFO[App.param(model)]</label>
					</control>
					<control type="label">
						<posy>23</posy>
						<width>160</width>
						<height>40</height>
						<font>font18</font>
						<align>center</align>
						<aligny>center</aligny>
						<textcolor>ffffffff</textcolor>
						<label>$INFO[App.param(set)]</label>
					</control>
					<control type="label">
						<posy>53</posy>
						<width>160</width>
						<height>30</height>
						<font>serif21</font>
						<align>center</align>
						<aligny>center</aligny>
						<textcolor>ffffffff</textcolor>
						<label>[B]$INFO[Container(5001).Listitem.property(custom:index)] of $INFO[Container(5001).NumItems][/B]</label>
					</control>
				</control>
				<control type="group">
					<visible>!Container(140).IsEmpty + [Control.HasFocus(140) | Control.HasFocus(140)]</visible>
					<animation effect="fade" start="0" end="100" delay="100" time="500">Visible</animation>
					<animation effect="fade" start="100" end="0" delay="0" time="300">Hidden</animation>
					<control type="image">
						<posx>170</posx>
						<posy>82</posy>
						<width>22</width>
						<height>25</height>
						<texture flipx="true">sg_search_arrow.png</texture>
						<visible>Container(140).HasPrevious</visible>
					</control>
					<control type="image">
						<posx>1248</posx>
						<posy>82</posy>
						<width>22</width>
						<height>25</height>
						<texture>sg_search_arrow.png</texture>
						<visible>Container(140).HasNext</visible>
					</control>
				</control>
				<control type="fixedlist" id="140">
					<posy>45</posy>
					<posx>200</posx>
					<width>1040</width>
					<height>108</height>
					<onup>5001</onup>
					<onleft>-</onleft>
					<onright>-</onright>
					<preloaditems>3</preloaditems>
					<orientation>horizontal</orientation>
					<itemlayout width="80" height="108">
						<control type="image">
							<width>75</width>
							<height>103</height>
							<texture diffuse="sg_thumb_diffuse_sm.png">black.png</texture>
							<aspectratio scalediffuse="false">keep</aspectratio>
						</control>
						<control type="image">
							<width>75</width>
							<height>103</height>
							<texture diffuse="sg_thumb_diffuse_sm.png">$INFO[Listitem.thumb]</texture>
							<aspectratio scalediffuse="false">keep</aspectratio>
						</control>
						<control type="image">
							<width>75</width>
							<height>103</height>
							<texture>sg_thumb_sm_off.png</texture>
						</control>
					</itemlayout>
					<focusedlayout width="80" height="108">
						<control type="image">
							<width>75</width>
							<height>103</height>
							<texture diffuse="sg_thumb_diffuse_sm.png">black.png</texture>
							<aspectratio scalediffuse="false">keep</aspectratio>
						</control>
						<control type="group">
							<control type="image">
								<width>75</width>
								<height>103</height>
								<texture diffuse="sg_thumb_diffuse_sm.png">$INFO[Listitem.thumb]</texture>
								<aspectratio scalediffuse="false">keep</aspectratio>
								<animation type="Focus" reversible="true">
									<!--<effect type="fade" start="70" end="100" delay="0" time="200" />-->
									<effect type="zoom" center="auto" start="100" end="115" time="200" />
								</animation>
								<animation type="UnFocus" reversible="true">
									<!--<effect type="fade" start="100" end="70" delay="0" time="200" />-->
									<effect type="zoom" center="auto" start="115" end="100" time="200" />
								</animation>
							</control>
							<control type="image">
								<width>75</width>
								<height>103</height>
								<texture>sg_thumb_sm_off.png</texture>
								<animation effect="zoom" center="auto" start="100" end="115" time="200">Focus</animation>
								<animation effect="zoom" center="auto" start="115" end="100" time="200">UnFocus</animation>
							</control>
							<control type="image">
								<width>75</width>
								<height>103</height>
								<texture>sg_thumb_sm_on.png</texture>
								<animation type="Focus" reversible="true">
									<effect type="fade" start="0" end="100" delay="0" time="200" />
									<effect type="zoom" center="auto" start="100" end="115" time="200" />
								</animation>
								<animation type="UnFocus" reversible="true">
									<effect type="fade" start="100" end="0" delay="0" time="200" />
									<effect type="zoom" center="auto" start="115" end="100" time="200" />
								</animation>
							</control>
						</control>
					</focusedlayout>
					<content type="url" url="$INFO[App.Param(url)]">
					<onclick lang="python"><![CDATA[
list = mc.GetActiveWindow().GetList(140)
item = list.GetFocusedItem()
mc.GetActiveWindow().GetList(5001).SetFocus()
mc.GetActiveWindow().GetList(5001).SetFocusedItem(item)
]]></onclick>
					</content>
				</control>
			</control>
		</control>
	</controls>
</window>
