<app>
  <id>rssfeeds-german</id>
  <name>Deutsche Inhalte</name>
  <version>1.1</version>
  <description>Hier findest du Unterhaltungssendungen, Nachrichten und vieles mehr! Von D-Link zusammengestellt anhand der Daten im Miro Guide - ein Klick und los geht's. Viel Spaß beim Stöbern!</description>
  <thumb>http://boxee.dlink.de/repo/thumbs/inhaltdeu.png</thumb>
  <media>video</media>
  <copyright>Alexander Koller @ D-Link</copyright> 
  <email>akoller@dlink.de</email> 
  <type>skin</type>
  <startWindow>rss</startWindow>
  <platform>all</platform>
  <minversion>0.9.30</minversion>
  <country-allow>de at ch</country-allow>
  <repository>http://dir.boxee.tv/apps</repository>
</app>
