<app>
	<id>mexicanfood</id>
  	<name>Mexican Food</name>
  	<version>1.0</version>
  	<description>Mexican Food by ifood.tv brings thousands of food videos on Mexican cooking for you. Enjoy recipes for Mexican Burrito, Enchilada, Quesadilla, Taco, Salsa, Desserts, Drinks, Kids, Healthy, Easy, Vegetarian and other foods you will love. Learn cooking delicious Mexican dishes.</description>
  	<thumb>http://thumbs.ifood.tv/files/images/iptv/mexican/boxee/mexican.png</thumb>
  	<platform>all</platform>
	<copyright>Future Today Inc</copyright>
	<type>skin</type>
	<media>video</media>
  	<email>Admin@ifood.tv</email>
  	<startWindow>14000</startWindow>
  	<minversion>0.9.11</minversion>
  	<repository>http://dir.boxee.tv/apps</repository>
</app>
