<app>
  <id>tvokidstwo</id>
  <name>TVOKids 2-5</name>
  <version>1.2</version>
  <description>Gisèle's Big Backyard is a preschool paradise - where every child under six is sure to feel at home, and where parents, grandparents and caregivers are always welcome.
  
 This TVOKids Boxee channel features podcasts for children 2-5 years of age.</description>
  <thumb>http://alpha.tvo.org/boxee/tvo_channels_tvokids_gbb.png</thumb>
  <repository>http://dir.boxee.tv/apps</repository>
  <media>video</media>
  <copyright>TVO</copyright>
  <email>ideashaker@tvontario.org</email>
  <type>skin</type>
  <startWindow>14000</startWindow>
  <platform>all</platform>
  <minversion>0.9.20</minversion>
</app>
