<app>
	<id>mormonchannel</id>
    <name>The Unofficial Mormon Channel</name>
    <version>0.9</version>
    <description>Watch Video from the Church of Jesus Christ of Latter-Day Saints</description>
    <thumb>http://apptree.me/dir/images/mormonchannel.png</thumb>
    <media>video</media>
    <author>apptree</author>
    <copyright>LDS.org</copyright>
    <email>circa1978@gmail.com</email>
    <type>skin</type>
    <startWindow>14000</startWindow>
    <platform>all</platform>
    <minversion>0.9.10</minversion>
</app>
