<app>
    <id>yui-theater</id>
    <name>YUI Theater</name>
    <version>2.0</version>
    <description>Watch videos from the Yahoo! YUI Theater</description>
    <thumb>http://veedios.appspot.com/images/yuitheater/ydn.png</thumb>
    <repository>http://dir.boxee.tv/apps</repository>
    <media>video</media>
    <copyright>Brilaps, LLC</copyright>
    <email>code@brilaps.com</email>
    <type>skin</type>
    <startWindow>14000</startWindow>
    <platform>all</platform>
    <minversion>0.9.11</minversion>
</app>