<app>
  <id>improveverywhere</id>
  <name>Improv Everywhere</name>
  <version>1.51</version>
  <description>Videos from New York's premier flash mob / culture jamming crew.</description>
  <thumb>http://boxee.dreamnotoftoday.com/improveverywhere/images/thumb.png</thumb>
  <repository>http://dir.boxee.tv/apps</repository>
  <media>video</media>
  <copyright>Rob Spectre</copyright>
  <email>rob.spectre@gmail.com</email>
  <type>skin</type>
  <startWindow>14000</startWindow>
  <platform>all</platform>
  <minversion>0.9.20</minversion>
</app>
