<app>
      <id>hk-bbtv</id>
      <name>bbTV</name>
      <version>1.2</version>
      <description>bbTV HK BroadBand</description>
      <thumb>http://dm4xpphs7efkx.cloudfront.net/boxeedemoapp/logo1.png</thumb>
      <repository>http://dir.boxee.tv/apps</repository>
      <media>video</media>
      <copyright>City Telecom(HK) Ltd and its subsidiary 2011.All Rights Reserved</copyright>
      <email>yonghua530@gmail.com</email>
      <type>skin</type>
      <startWindow>14000</startWindow>
      <platform>all</platform>
      <minversion>1.2</minversion>
</app>
