<app>
    <id>headweb</id>
    <name>Headweb</name>
    <version>1.56</version>
    <description>Your new video store, streaming thousands of movies.</description>
    <thumb>http://sc.headweb.com/boxee/boxee_icon.png</thumb>
    <repository>http://dir.boxee.tv/apps</repository>
    <media>video</media>
    <author>Headweb</author>
    <copyright>Headweb</copyright>
    <email>boxee@headweb.com</email>
    <type>skin</type>
    <startWindow>launch</startWindow>
    <platform>all</platform>
    <minversion>0.9.11</minversion>
    <country-allow>se no dk fi</country-allow>
	 
</app>
