<app>
  <id>petercoffin</id>
  <name>Peter Coffin</name>
  <version>1.0</version>
  <description>Peter Coffin is a national treasure. He reads to the homeless and feeds the illiterate. And makes comedy videos.</description>
  <thumb>http://apps.gonzee.tv/petercoffin/images/thumb.png</thumb>
  <repository>http://dir.boxee.tv/apps</repository>
  <media>video</media>
  <copyright>Rob Spectre</copyright>
  <email>rob.spectre@gmail.com</email>
  <type>skin</type>
  <startWindow>14000</startWindow>
  <platform>all</platform>
  <minversion>0.9.11</minversion>
</app>
