<app>
	<id>simplyvegetarian</id>
  	<name>Simply Vegetarian</name>
  	<version>1.0</version>
  	<description>Vegetarian Food by ifood.tv brings thousands of vegetarian and vegan cooking video to you. Enjoy recipes for Vegetarian Salad, Soup, Desserts, Drinks, Curries, Sandwiches, Smoothies, Raw, Kids, Easy and other foods you will love. Make and enjoy healthy environment friendly food.</description>
  	<thumb>http://thumbs.ifood.tv/files/images/iptv/vegetarian/boxee/vegetarian.png</thumb>
  	<platform>all</platform>
	<copyright>Future Today Inc</copyright>
	<type>skin</type>
	<media>video</media>
  	<email>Admin@ifood.tv</email>
  	<startWindow>14000</startWindow>
  	<minversion>0.9.11</minversion>
  	<repository>http://dir.boxee.tv/apps</repository>
</app>
