<app>
  <id>dormlife</id>
  <name>Dorm Life</name>
  <version>1.1</version>
  <description>Dorm Life is a mockumentary series that follows the lives of 10 college students on the same dorm floor, 5 South.</description>
  <thumb>http://www.attentionspan.tv/boxee/thumb.png</thumb>
  <repository>http://dir.boxee.tv/apps</repository>
  <media>video</media>
  <copyright>Attention Span Media</copyright>
  <email>videosites@attentionspan.tv</email>
  <type>skin</type>
  <startWindow>14000</startWindow>
  <platform>all</platform>
  <minversion>0.9.20</minversion>
</app>
