<app>
  <id>vimeo-couchmode</id>
  <name>Vimeo</name>
  <version>1.11</version>
  <description>Vimeo is a respectful community of creative people who are passionate about sharing the videos they make. We provide the best tools and highest quality video in the universe.</description>
  <thumb>http://dir.boxee.tv/apps/vimeo-couchmode/thumb.png</thumb>
  <repository>http://dir.boxee.tv/apps</repository>
  <media>video</media>
  <copyright>Boxee</copyright>
  <type>html</type>
  <email>support@boxee.tv</email>
  <url>http://www.vimeo.com/couchmode</url>
  <platform>dlink.dsm380,intel.ce4100,iomega.zt,iomega.z1</platform>
  <minversion>1.0.3</minversion>
</app>
