<?xml version="1.0"?>
   <window type="window" id="14006">
   <defaultcontrol always="true">201</defaultcontrol>
   <allowoverlay>no</allowoverlay>
   <controls>
      <control type="group">
          <control type="image">
             <posx>0</posx>
             <posy>0</posy>
             <width>1280</width>
             <height>720</height>
             <texture>BackgroundWithOverhang.png</texture>
          </control>
      </control>
      
      <control type="group">
	      <control type="button" id ="201">
	      	  <onright>202</onright>
    	      <posx>280</posx>
         	  <posy>300</posy>
          	  <width>320</width>
          	  <height>240</height>
          	  <texturefocus>LiveFeedOn.png</texturefocus>
          	  <texturenofocus>LiveFeedOff.png</texturenofocus>
          	  <onclick lang="python"><![CDATA[
from urllib import quote_plus, urlencode
import httplib, socket
path = 'wealthtv.apple-vod-geo.adaptive.level3.net/metadata/boxee/live_feed.xml'
params = mc.GetApp().GetLaunchedWindowParameters()
deviceid = params['deviceid']
path = '/content/live_feed.php?deviceid='+deviceid
host = 'www.wealthtv.com'
headers = {"Content-type": "application/x-www-form-urlencoded","Accept": "text/plain"}
try:
    conn = httplib.HTTPConnection(host)
    conn.request("GET", path)
except StandError:
    mc.ShowDialogOk("Wealthtv", "Internet Connection Problem")
response = conn.getresponse()
data = response.read()
conn.close()

params = { 'live':'1' }
playlist_url = "playlist://%s?%s" % (quote_plus(data), urlencode(params))
item = mc.ListItem(mc.ListItem.MEDIA_VIDEO_EPISODE)
item.SetPath(playlist_url)
item.SetLabel('WealthTV 24/7')
item.SetContentType = 'application/vnd.apple.mpegurl'
mc.GetPlayer().Play(item)]]>
          	  </onclick>
      	  </control>
		  <control type="button" id="202">
		  	  <onleft>201</onleft>
    	      <posx>650</posx>
         	  <posy>300</posy>
          	  <width>320</width>
          	  <height>240</height>
          	  <texturefocus>VODOn.png</texturefocus>
          	  <texturenofocus>VODOff.png</texturenofocus>
          	  <onclick lang="python"><![CDATA[
params = mc.GetApp().GetLaunchedWindowParameters()
mc.GetApp().ActivateWindow(14002, params)]]>
          	  </onclick>
      	  </control>      	  
      </control>
   </controls>
   </window>