<?xml version="1.0"?>
   <window type="window" id="14000">
   <defaultcontrol always="true">201</defaultcontrol>
   <allowoverlay>no</allowoverlay>
   <onload lang="python">
<![CDATA[
import auth
auth.launch(True)
]]>
   </onload>
   <controls>
      <control type="group">
          <control type="image">
             <posx>0</posx>
             <posy>0</posy>
             <width>1280</width>
             <height>720</height>
             <texture>BackgroundWithOverhang.png</texture>
          </control>
      </control>
   </controls>
   </window>