<?xml version="1.0"?>
   <window type="window" id="14004">
   <defaultcontrol always="true">202</defaultcontrol>
   <allowoverlay>no</allowoverlay>
   <onload lang="python">
<![CDATA[
import mc
params = mc.GetApp().GetLaunchedWindowParameters()
mc.ShowDialogWait()
items = mc.GetDirectory(params['path'])
w = mc.GetActiveWindow()
w.GetList(202).SetItems(items)
w.GetList(202).SetFocusedItem(0)
w.GetControl(202).SetVisible(True)
mc.HideDialogWait()
]]>
   </onload>
   <controls>
   		<control type="group">
   			<control type="image" id="201">
            	<posx>0</posx>
             	<posy>0</posy>
            	<width>1280</width>
	            <height>720</height>
    	        <texture>BackgroundWithOverhang.png</texture>
          	</control>
			<control type="fixedlist" id="202">
            	<posx>40</posx>
            	<posy>180</posy>
            	<width>1280</width>
            	<height>600</height>
            	<focusposition>1</focusposition>
            	<pinposition>true</pinposition>
            	<scrolltime>500</scrolltime>
            	<preloaditems>1</preloaditems>
            	<orientation>horizontal</orientation>
            	<itemlayout width="320" height="280">
            		<control type="group">
            			<posx>17</posx>
            			<posy>35</posy>
            			<control type="image">
            				<width>224</width>
            				<height>168</height>
            				<texture>$INFO[ListItem.Property(Image0)]</texture>
            			</control>            			
            		</control>            		
            	</itemlayout>
            	<focusedlayout width="350" height="280">
            		<control type="group">
            			<posx>10</posx>
            			<posy>15</posy>
            			<control type="image">
	            			<posx>17</posx>
    	        			<posy>0</posy>
            				<width>260</width>
            				<height>195</height>
            				<texture>$INFO[ListItem.Property(Image0)]</texture>
            			</control>
            			<control type="image">
            				<posx>10</posx>
	            			<posy>-4</posy>
            				<width>280</width>
            				<height>206 </height>
            				<texture>frame2.png</texture>
            			</control>
            		</control>
            	</focusedlayout>

            	<content type="action">
            		<onclick lang="python">
<![CDATA[
import mc
import base64
import sys

from urllib import quote_plus, urlencode
#params = mc.GetApp().GetLaunchedWindowParameters()
mc.ShowDialogWait()
#items = mc.GetDirectory(params['path'])

stream_url = mc.GetInfoString("Container(202).ListItem.property(videoLink)")
#decode = base64.b64decode(stream_url)
params = { 'live':'0' }
playlist_url = "playlist://%s?%s" % (quote_plus(stream_url), urlencode(params))
item = mc.ListItem(mc.ListItem.MEDIA_VIDEO_EPISODE)
item.SetPath(playlist_url)
item.SetLabel(mc.GetInfoString("Container(202).ListItem.title"))
item.SetContentType = 'application/vnd.apple.mpegurl'
player = mc.GetPlayer()
player.Play(item)
if player.IsForwarding():
    print "---------------------------forwarding disabled---------------------------"
    #player.PlayNext()
elif player.IsRewinding():
    player.PlayPrevious()
]]>
            		</onclick>
            	</content>
            </control>
            <control type="group">
                <posx>90</posx>
                <posy>450</posy>               
                <control type="label">
                    <posx>0</posx>
                    <posy>0</posy>
                    <height>40</height>
                    <width>900</width>
                    <font>serif30b</font>
                    <align>center</align>
                    <aligny>top</aligny>
                    <textcolor>black</textcolor>
                    <label>$INFO[Container(202).ListItem.Property(title)]</label>
                    <wrapmultiline>true</wrapmultiline>
                </control>
                <control type="label">
                    <visible>Control.HasFocus(202)</visible>
                    <posx>0</posx>
                    <posy>50</posy>
                    <height>150</height>
                    <width>900</width>
                    <font>serif28</font>
                    <align>center</align>
                    <aligny>top</aligny>
                    <textcolor>black</textcolor>
                    <label>$INFO[Container(202).ListItem.Property(description)]</label>
                    <wrapmultiline>true</wrapmultiline>
                </control>
            </control>
        </control>
   </controls>
   </window>