<?xml version="1.0"?>
   <window type="window" id="14002">
   <defaultcontrol always="true">202</defaultcontrol>
   <allowoverlay>no</allowoverlay>
   <onload lang="python">
        <![CDATA[
mc.ShowDialogWait()
items = mc.GetDirectory('http://wealthtv.apple-vod-geo.adaptive.level3.net/metadata/boxee/vod1.xml')
mc.GetActiveWindow().GetList(202).SetItems(items)
mc.GetActiveWindow().GetList(202).SetFocusedItem(1)
mc.GetActiveWindow().GetControl(202).SetVisible(True)
mc.HideDialogWait()
]]>
   </onload>
   <controls>
   		<control type="group">
   			<control type="image" id="201">
            	<posx>0</posx>
             	<posy>0</posy>
            	<width>1280</width>
	            <height>720</height>
    	        <texture>BackgroundWithOverhang.png</texture>
          	</control>
			<control type="fixedlist" id="202">
            	<posx>40</posx>
            	<posy>180</posy>
            	<width>1250</width>
            	<height>600</height>
            	<focusposition>1</focusposition>
            	<pinposition>false</pinposition>
            	<pagecontrol></pagecontrol>
            	<scrolltime>500</scrolltime>
            	<preloaditems>1</preloaditems>
            	<orientation>horizontal</orientation>
            	<itemlayout width="320" height="280">
            		<control type="group">
            			<posx>17</posx>
            			<posy>35</posy>
            			<control type="image">
            				<width>224</width>
            				<height>168</height>
            				<texture>$INFO[ListItem.Property(Image0)]</texture>
            			</control>            			
            		</control>            		
            	</itemlayout>
            	<focusedlayout width="350" height="280">
            		<control type="group">
            			<posx>10</posx>
            			<posy>15</posy>
            			<control type="image">
	            			<posx>17</posx>
    	        			<posy>0</posy>
            				<width>260</width>
            				<height>195</height>
            				<texture>$INFO[ListItem.Property(Image0)]</texture>
            			</control>
            			<control type="image">
            				<posx>12</posx>
	            			<posy>-4</posy>
            				<width>274</width>
            				<height>208</height>
            				<texture>frame2.png</texture>
            			</control>
            		</control>
            	</focusedlayout>
            	<content type="action">
            		<onclick lang="python">
<![CDATA[
mc.ShowDialogWait()
parameters = mc.GetApp().GetLaunchedWindowParameters()
deviceid = parameters['deviceid']
list = mc.GetActiveWindow().GetList(202)
itemNumber = list.GetFocusedItem()
vod = mc.GetInfoString("Container(202).ListItem.property(vod)")
params = mc.Parameters()
#params['path'] = 'www.wealthtv.com/content/'+vod+'.php?deviceid='+deviceid
params['path']= 'http://www.wealthtv.com/content/'+vod+'.php?deviceid='+deviceid
print params['path']
mc.GetApp().ActivateWindow(14004, params)
mc.HideDialogWait()
]]>
            		</onclick>
            	</content>
            </control>
            <control type="group">
                <posx>90</posx>
                <posy>450</posy>               
                <control type="label">
                    <posx>0</posx>
                    <posy>0</posy>
                    <height>40</height>
                    <width>900</width>
                    <font>serif30b</font>
                    <align>center</align>
                    <aligny>top</aligny>
                    <textcolor>black</textcolor>
                    <label>$INFO[Container(202).ListItem.Property(title)]</label>
                    <wrapmultiline>true</wrapmultiline>
                </control>
                <control type="label">
                    <visible>Control.HasFocus(202)</visible>
                    <posx>0</posx>
                    <posy>50</posy>
                    <height>150</height>
                    <width>900</width>
                    <font>serif28</font>
                    <align>center</align>
                    <aligny>top</aligny>
                    <textcolor>black</textcolor>
                    <label>$INFO[Container(202).ListItem.Property(description)]</label>
                    <wrapmultiline>true</wrapmultiline>
                </control>
            </control>
   		</control>
   </controls>
   </window>