<app>
  <id>stuffwelike</id>
  <name>StuffWeLike</name>
  <version>2.0</version>
  <description>Watch all the videos from StuffWeLike.com</description>
  <thumb>http://www.stuffwelike.com/boxee/boxeethumbnail.png</thumb>
  <repository>http://dir.boxee.tv/apps</repository>
  <media>video</media>
  <copyright>StuffWeLike.com</copyright>
  <email>davidrodriguez@stuffwelike.com</email>
  <type>skin</type>
  <startWindow>14000</startWindow>
  <platform>all</platform>
  <minversion>0.9.20</minversion>
</app>
