<?xml version="1.0"?>
<window type="window" id="14000">
   <defaultcontrol always="true">120</defaultcontrol>
   <allowoverlay>no</allowoverlay>
   <controls>
      <include>Common_Background</include>
      <control type="image">
         <width>1280</width>
         <height>720</height>
         <texture>background.png</texture>
      </control>
      <control type="label">
         <posx>375</posx>
         <posy>45</posy>
         <width>800</width>
         <height>120</height>
         <align>left</align>
         <aligny>center</aligny>
         <font>font20</font>
         <textcolor>white</textcolor>
         <label>The world's top companies are hiring and only CareerDashTV can take you inside. Offering unprecedented access to today's top employers, our library of day in the life videos will inform, inspire and motivate you to fulfill your career dreams.</label>
         <wrapmultiline>true</wrapmultiline>
      </control>    
      <control type="group">
         <posy>-11</posy>
         <include>Common_Status</include>
      </control>
      <control type="group" id="9000">
         <posy>280</posy>
         <onright>SetFocus(6001)</onright>
         <onup>SetFocus(6001)</onup>
         <control type="fixedlist" id="120">
            <posx>26</posx>
            <posy>14</posy>
            <width>560</width>
            <height>415</height>
            <onup>6001</onup>
            <ondown>-</ondown>
            <onleft>-</onleft>
            <onright>6001</onright>
            <scrolltime>200</scrolltime>
            <pagecontrol>60</pagecontrol>
            <orientation>vertical</orientation>
            <focusposition>4</focusposition>
            <preloaditems>2</preloaditems>
            <include>BrowseListAnimation</include>
            <offsety>4</offsety>
            <itemlayout height="40">
               <control type="label">
                  <posx>36</posx>
                  <posy>0</posy>
                  <width>490</width>
                  <height>40</height>
                  <font>font22</font>
                  <align>left</align>
                  <aligny>center</aligny>
                  <info>ListItem.Label</info>
                  <textcolor>66ffffff</textcolor>
                  <selectedcolor>white</selectedcolor>
               </control>
            </itemlayout>
            <focusedlayout height="40">
               <control type="group">
                  <visible>Control.HasFocus(120)</visible>
                  <control type="image">
                     <posx>0</posx>
                     <posy>-19</posy>
                     <width>560</width>
                     <height>78</height>
                     <texture border="39">line_view_on.png</texture>
                  </control>
                  <control type="label">
                     <posx>36</posx>
                     <posy>0</posy>
                     <width>490</width>
                     <height>40</height>
                     <font>font22b</font>
                     <align>left</align>
                     <aligny>center</aligny>
                     <info>ListItem.Label</info>
                     <textcolor>white</textcolor>
                     <selectedcolor>white</selectedcolor>
                     <scroll>true</scroll>
                  </control>
               </control>
               <control type="label">
                  <visible>!Control.HasFocus(120)</visible>
                  <posx>36</posx>
                  <posy>0</posy>
                  <width>490</width>
                  <height>40</height>
                  <font>font22</font>
                  <align>left</align>
                  <aligny>center</aligny>
                  <info>ListItem.Label</info>
                  <textcolor>66ffffff</textcolor>
                  <selectedcolor>66ffffff</selectedcolor>
               </control>
            </focusedlayout>
			<content type="url" url="http://backlot.ooyala.com/syndication/boxee?id=8a73f40c-1fa8-4ec6-bd3b-db3a415c4af8" />
         </control>
         <control type="scrollbar" id="60">
            <visible>Control.IsVisible(120)</visible>
            <posx>590</posx>
            <posy>14</posy>
            <width>28</width>
            <height>415</height>
            <texturesliderbackground border="14">scrollbar_bg.png</texturesliderbackground>
            <textureslidernib>-</textureslidernib>
            <textureslidernibfocus>-</textureslidernibfocus>
            <texturesliderbar diffuse="nofocus.png" border="14">scrollbar_slider.png</texturesliderbar>
            <texturesliderbarfocus diffuse="nofocus.png" border="14">scrollbar_slider.png</texturesliderbarfocus>
            <orientation>vertical</orientation>
            <showonepage>false</showonepage>
         </control>
         <control type="grouplist">
            <posx>640</posx>
	    <posy>-100</posy>
            <itemgap>0</itemgap>
            <visible>!Container(120).IsLoading | !Container(120).IsEmpty | !Window.IsVisible(DialogProgress.xml)</visible>
            <control type="group">
               <height>335</height>
               <control type="image">
                  <width>551</width>
                  <height>335</height>
                  <texture>image_shadow.png</texture>
               </control>
               <control type="largeimage">
                  <posx>15</posx>
                  <posy>16</posy>
                  <width>551</width>
                  <height>310</height>
                  <texture diffuse="template_image_diffuse.png">$INFO[Container(120).ListItem.Thumb]</texture>
                  <aspectratio scalediffuse="false">scale</aspectratio>
               </control>
               <visible>!IsEmpty(Container(120).ListItem.Thumb)</visible>
            </control>
            <control type="group">
               <height>300</height>
               <control type="grouplist">
                  <posx>10</posx>
                  <itemgap>4</itemgap>
                  <control type="label">
                     <width>452</width>
                     <height>21</height>
                     <align>left</align>
                     <aligny>center</aligny>
                     <font>font16</font>
                     <textcolor>55ffffff</textcolor>
                     <label>[B]$INFO[Container(120).ListItem.duration][/B] // [B]$INFO[Container(120).ListItem.date][/B]</label>
                     <visible>!IsEmpty(Container(120).ListItem.duration)</visible>
                  </control>
                  <control type="label">
                     <width>551</width>
                     <height>160</height>
                     <align>left</align>
                     <aligny>top</aligny>
                     <font>font21</font>
                     <textcolor>ffffffff</textcolor>
                     <wrapmultiline>true</wrapmultiline>
                     <info>Container(120).ListItem.property(description)</info>
                     <visible>!IsEmpty(Container(120).ListItem.property(description))</visible>
                  </control>
               </control>
            </control>
         </control>
      </control>
      <control type="group" id="6001">
         <ondown>SetFocus(9000)</ondown>
         <onleft>SetFocus(9000)</onleft>
         <include>Common_Now_Playing</include>
      </control>
   </controls>
</window>
