<app>
	<id>aolhd</id>
	<name>AOL HD</name>
	<version>1.46</version>
	<description>Welcome to AOL HD – We have all the latest in entertainment, technology and home.  Terms of service available at http://hd.aol.com/tos</description>
	<thumb>http://o.aolcdn.com/os/iptv/boxee/boxee_main_logo.png</thumb>
	<repository>http://dir.boxee.tv/apps</repository>
	<media>video</media>
	<copyright>Boxee</copyright>
	<email>Rob.Gould@teamaol.com</email>
	<type>skin</type>
	<startWindow>loader</startWindow>
	<platform>all</platform>
	<minversion>0.9.20</minversion>
</app>
