<app>
  <id>noobtoob</id>
  <name>noobtoob</name>
  <version>0.1</version>
  <description>A Weekly Independent Gaming Podcast By Gamers For Gamers</description>
  <thumb>http://www.noobtoob.com/wp-content/themes/noobtoob/images/logo.png</thumb>
  <repository>http://dir.boxee.tv/apps</repository>
  <media>video</media>
  <copyright>Roggy</copyright>
  <email>rogard7759@gmail.com</email>
  <type>skin</type>
  <startWindow>14000</startWindow>
  <platform>all</platform>
  <minversion>0.9.11</minversion>
</app>