<?xml version="1.0"?>
<window type="window" id="14000">
	 <defaultcontrol always="true">120</defaultcontrol>
	 <allowoverlay>no</allowoverlay>
	 <controls>
			<include>Common_Background</include>
			<control type="image">
				 <width>1280</width>
				 <height>720</height>
				 <texture>template_background.png</texture>
			</control>
			<control type="label">
				 <posx>1260</posx>
				 <posy>105</posy>
				 <width>350</width>
				 <height>120</height>
				 <align>right</align>
				 <aligny>center</aligny>
				 <font>font28b</font>
				 <textcolor>white</textcolor>
				 <label>The leading source for political news.</label>
				 <wrapmultiline>true</wrapmultiline>
			</control>
			<control type="image">
				 <width>1280</width>
				 <height>720</height>
				 <texture>template_top_overlay.png</texture>
			</control>
			<control type="image">
				 <posy>49</posy>
				 <width>1280</width>
				 <height>2</height>
				 <texture>template_black.png</texture>
			</control>
			<control type="image">
				 <width>1280</width>
				 <height>720</height>
				 <texture>template_bottom_overlay.png</texture>
			</control>
			<control type="image">
				 <posy>272</posy>
				 <width>1280</width>
				 <height>2</height>
				 <texture>template_black.png</texture>
			</control>
			<control type="image">
				 <posx>10</posx>
				 <posy>9</posy>
				 <width>137</width>
				 <height>36</height>
				 <texture>politico_upper_left.png</texture>
			</control>
			<control type="group">
				 <posy>-11</posy>
				 <include>Common_Status</include>
			</control>
			<control type="group" id="9000">
				 <posy>280</posy>
				 <onright>SetFocus(6001)</onright>
				 <onup>SetFocus(6001)</onup>
				 <control type="fixedlist" id="120">
						<posx>26</posx>
						<posy>14</posy>
						<width>560</width>
						<height>415</height>
						<onup>6001</onup>
						<ondown>-</ondown>
						<onleft>-</onleft>
						<onright>6001</onright>
						<scrolltime>200</scrolltime>
						<pagecontrol>60</pagecontrol>
						<orientation>vertical</orientation>
						<focusposition>4</focusposition>
						<preloaditems>2</preloaditems>
						<include>BrowseListAnimation</include>
						<offsety>4</offsety>
						<itemlayout height="40">
							 <control type="label">
									<posx>36</posx>
									<posy>0</posy>
									<width>490</width>
									<height>40</height>
									<font>font22</font>
									<align>left</align>
									<aligny>center</aligny>
									<info>ListItem.Label</info>
									<textcolor>66ffffff</textcolor>
									<selectedcolor>white</selectedcolor>
							 </control>
						</itemlayout>
						<focusedlayout height="40">
							 <control type="group">
										 <visible>Control.HasFocus(120)</visible>
									<control type="image">
										 <posx>0</posx>
										 <posy>-19</posy>
										 <width>560</width>
										 <height>78</height>
										 <texture border="39">line_view_on.png</texture>
									</control>
									<control type="label">
										 <posx>36</posx>
										 <posy>0</posy>
										 <width>490</width>
										 <height>40</height>
										 <font>font22b</font>
										 <align>left</align>
										 <aligny>center</aligny>
										 <info>ListItem.Label</info>
										 <textcolor>white</textcolor>
										 <selectedcolor>white</selectedcolor>
										 <scroll>true</scroll>
									</control>
							 </control>
							 <control type="label">
									<visible>!Control.HasFocus(120)</visible>
									<posx>36</posx>
									<posy>0</posy>
									<width>490</width>
									<height>40</height>
									<font>font22</font>
									<align>left</align>
									<aligny>center</aligny>
									<info>ListItem.Label</info>
									<textcolor>66ffffff</textcolor>
									<selectedcolor>66ffffff</selectedcolor>
							 </control>
						</focusedlayout>
						<content type="url" url="http://dir.boxee.tv/apps/brightcove/bcfeed.php?user=politico&playlistid=1118312213001&token=vCi5hvIKrwF__Ur0QqwaMXBgVbkiwnlY6SeDa_mrO9o." />
				 </control>
				 <control type="scrollbar" id="60">
						<visible>Control.IsVisible(120)</visible>
						<posx>590</posx>
						<posy>14</posy>
						<width>28</width>
						<height>415</height>
						<texturesliderbackground border="14">scrollbar_bg.png</texturesliderbackground>
						<textureslidernib>-</textureslidernib>
						<textureslidernibfocus>-</textureslidernibfocus>
						<texturesliderbar diffuse="nofocus.png" border="14">scrollbar_slider.png</texturesliderbar>
						<texturesliderbarfocus diffuse="nofocus.png" border="14">scrollbar_slider.png</texturesliderbarfocus>
						<orientation>vertical</orientation>
						<showonepage>false</showonepage>
				 </control>
				 <control type="grouplist">
						<posx>765</posx>
						<itemgap>0</itemgap>
						<visible>!Container(120).IsLoading | !Container(120).IsEmpty | !Window.IsVisible(DialogProgress.xml)</visible>
						<control type="group">
							 <height>287</height>
							 <control type="image">
									<width>472</width>
									<height>287</height>
									<texture>template_image_shadow.png</texture>
							 </control>
							 <control type="largeimage">
									<posx>15</posx>
									<posy>16</posy>
									<width>442</width>
									<height>255</height>
									<texture diffuse="template_image_diffuse.png">$INFO[Container(120).ListItem.Thumb]</texture>
									<aspectratio scalediffuse="false">scale</aspectratio>
							 </control>
						</control>
						<control type="group">
							 <height>300</height>
							 <control type="grouplist">
									<posx>10</posx>
									<itemgap>4</itemgap>
									<control type="label">
										 <width>452</width>
										 <height>21</height>
										 <align>left</align>
										 <aligny>center</aligny>
										 <font>font21</font>
										 <textcolor>55ffffff</textcolor>
										 <label>[B]$INFO[Container(120).ListItem.duration][/B]</label>
									</control>
									<control type="label">
										 <width>452</width>
										 <height>21</height>
										 <align>left</align>
										 <aligny>center</aligny>
										 <font>font21</font>
										 <textcolor>55ffffff</textcolor>
										 <label>[B]$INFO[Container(120).ListItem.date][/B]</label>
									</control>
									<control type="label">
										 <width>452</width>
										 <height>80</height>
										 <align>left</align>
										 <aligny>top</aligny>
										 <font>font21</font>
										 <textcolor>ffffffff</textcolor>
										 <wrapmultiline>true</wrapmultiline>
										 <info>Container(120).ListItem.property(description)</info>
									</control>
							 </control>
						</control>
				 </control>
			</control>
			<control type="group" id="6001">
				 <ondown>SetFocus(9000)</ondown>
				 <onleft>SetFocus(9000)</onleft>
				 <include>Common_Now_Playing</include>
			</control>
	 </controls>
</window>
