<?xml version="1.0"?>
<window type="window" id="14000">
	<defaultcontrol always="true">8000</defaultcontrol>
	<allowoverlay>yes</allowoverlay>

	<onload lang="python"><![CDATA[
import theguild
import sys

try:
    mc.ShowDialogWait()
    shows = theguild.get_theguild()
    items = mc.ListItems()

    for season in sorted(shows.keys()):
        item = mc.ListItem(mc.ListItem.MEDIA_UNKNOWN)
        item.SetLabel(str(season))
        items.append(item)
        
    # put the season names in the list and set the focus to the first item in the list
    season_list = mc.GetWindow(14000).GetList(8100)
    season_list.SetItems(items)
    season_list.SetFocusedItem(0)
    season_list.SetFocus()
    mc.HideDialogWait()
except:
    exinfo=str(sys.exc_info()[1])
    mc.ShowDialogOk("Error!",exinfo)

]]></onload>
	<controls>
		<control type="group">
			<control type="image">
				<posx>0</posx>
				<posy>0</posy>
				<width>1280</width>
				<height>720</height>
				<texture>home_bg.png</texture>
			</control>
			<control type="group">
				<include>Main_Menu_Fade_Animation</include>
				<include>Window_Fade_Animation</include>
				<animation type="Conditional" condition="Window.IsVisible(DialogProgress.xml)">
					<effect type="fade" start="100" end="20" time="200"/>
				</animation>
				<control type="image">
					<posx>50</posx>
					<posy>10</posy>
					<width>120</width>
					<height>120</height>
					<texture>theguild_logo.png</texture>
					<aspectratio>scale</aspectratio>
				</control>
				<control type="group" id="9000">
					<posx>230</posx>
					<posy>10</posy>
					<control type="image">
						<posx>0</posx>
						<posy>0</posy>
						<width>1010</width>
						<height>120</height>
						<texture>theguild_banner.png</texture>
					</control>
				</control>
				<control type="group" id="8000">
					<control type="list" id="8100">
						<posx>20</posx>
						<posy>150</posy>
						<width>190</width>
						<height>520</height>
						<onleft>-</onleft>
						<onright>8200</onright>
						<onup>7000</onup>
						<ondown>-</ondown>
						<scrolltime>200</scrolltime>
						<pagecontrol>60</pagecontrol>
						<orientation>vertical</orientation>
						<itemlayout width="190" height="40">
							<control type="image">
								<posx>0</posx>
								<posy>0</posy>
								<width>190</width>
								<height>40</height>
								<texture>navmid.png</texture>
							</control>
							<control type="label">
								<posx>10</posx>
								<posy>0</posy>
								<width>180</width>
								<height>40</height>
								<font>font28</font>
								<align>left</align>
								<aligny>center</aligny>
								<label>$INFO[ListItem.Label]</label>
								<textcolor>white</textcolor>
								<selectedcolor>yellow</selectedcolor>
								<wrapmultiline>false</wrapmultiline>
							</control>
						</itemlayout>
						<focusedlayout width="190" height="40">
							<control type="image">
								<posx>0</posx>
								<posy>0</posy>
								<width>190</width>
								<height>40</height>
								<texture>navmid.png</texture>
							</control>
							<control type="image">
								<visible>Control.HasFocus(8100)</visible>
								<posx>0</posx>
								<posy>0</posy>
								<width>190</width>
								<height>40</height>
								<texture>nnnblue.png</texture>
							</control>
							<control type="label">
								<visible>!Control.HasFocus(8100)</visible>
								<posx>10</posx>
								<posy>0</posy>
								<width>180</width>
								<height>40</height>
								<font>font28</font>
								<align>left</align>
								<aligny>center</aligny>
								<label>$INFO[ListItem.Label]</label>
								<textcolor>white</textcolor>
								<selectedcolor>yellow</selectedcolor>
								<wrapmultiline>false</wrapmultiline>
							</control>
							<control type="label">
								<visible>Control.HasFocus(8100)</visible>
								<posx>10</posx>
								<posy>0</posy>
								<width>180</width>
								<height>40</height>
								<font>font28</font>
								<align>left</align>
								<aligny>center</aligny>
								<label>$INFO[ListItem.Label]</label>
								<textcolor>black</textcolor>
								<selectedcolor>yellow</selectedcolor>
								<wrapmultiline>false</wrapmultiline>
							</control>
						</focusedlayout>
						<content type="action">
    						<onclick lang="python"><![CDATA[
try:
    mc.ShowDialogWait()
    n = mc.GetWindow(14000).GetList(8100).GetFocusedItem()
    item = mc.GetWindow(14000).GetList(8100).GetItem(n)
    season = item.GetLabel()
    items = mc.ListItems()
    print str(shows[season])
    for video in shows[season]:
        item = mc.ListItem(mc.ListItem.MEDIA_VIDEO_CLIP)
        item.SetLabel(str(video.title))
        item.SetTitle(str(video.title))
        try: item.SetDescription(str(video.description))
        except: pass
        item.SetThumbnail(str(video.thumb_path))
        item.SetPath(str(video.video_path))
        item.SetDuration(int(video.duration))
        item.SetContentType('video/x-flv')
        items.append(item)
    video_list = mc.GetWindow(14000).GetList(8200)
    video_list.SetItems(items)
    video_list.SetFocusedItem(0)
    video_list.SetFocus()
    mc.HideDialogWait()
except:
    exinfo=str(sys.exc_info()[1])
    mc.ShowDialogOk("Error!",exinfo)
]]></onclick>
    					</content>				
					</control>
					<control type="button" id="7000">
						<posx>20</posx>
						<posy>10</posy>
						<width>192</width>
						<height>120</height>
						<texturenofocus>181818.png</texturenofocus>
						<texturefocus>nnnblue.png</texturefocus>
						<font>font23</font>
						<textcolor>yellow</textcolor>
						<focusedcolor>green</focusedcolor>
						<visible>Player.HasVideo</visible>
						<onclick>ActivateWindow(FullscreenVideo)</onclick>
						<ondown>8100</ondown>
						<onright>9100</onright>
					</control>
					<control type="label">
						<posx>15</posx>
						<posy>105</posy>
						<width>192</width>
						<height>28</height>
   						<font>font10</font>
						<align>center</align>
						<label>Now Playing</label>
						<textcolor>white</textcolor>
						<visible>Player.HasVideo</visible>
					</control>
					<control type="videowindow">
						<posx>20</posx>
						<posy>9</posy>
						<width>192</width>
						<height>100</height>
					</control>
					<control type="group">
						<posx>230</posx>
						<posy>150</posy>
						<control type="image">
							<posx>0</posx>
							<posy>0</posy>
							<width>1010</width>
							<height>520</height>
							<texture>theguild_pan.png</texture>
							<visible>Container(8200).IsEmpty</visible>
						</control>
						<control type="image">
							<posx>0</posx>
							<posy>0</posy>
							<width>1010</width>
							<height>520</height>
							<texture>browsecontentbg2.png</texture>
							<visible>!Container(8200).IsEmpty</visible>
						</control>
						<control type="panel" id="8200">
							<posx>0</posx>
							<posy>40</posy>
							<width>1020</width>
							<height>450</height>
							<onleft>8100</onleft>
							<onright>8300</onright>
							<onup>9100</onup>
							<ondown>-</ondown>
							<scrolltime>200</scrolltime>
							<pagecontrol>60</pagecontrol>
							<orientation>vertical</orientation>
							<itemlayout width="320" height="150">
							<control type="image">
								<posx>10</posx>
								<posy>10</posy>
								<width>320</width>
								<height>100</height>
								<info>ListItem.Icon</info>
								<bordersize>2</bordersize>
								<bordertexture>grey.png</bordertexture>
								<visible>!IsEmpty(ListItem.Thumb)</visible>
							</control>
							<control type="image">
								<posx>10</posx>
								<posy>10</posy>
								<width>320</width>
								<height>100</height>
								<info>ListItem.Icon</info>
								<visible>IsEmpty(ListItem.Thumb)</visible>
							</control>
								<control type="label">
									<posx>165</posx>
									<posy>110</posy>
									<width>310</width>
									<height>50</height>
									<font>font23</font>
									<align>center</align>
									<label>$INFO[ListItem.Label]</label>
									<textcolor>white</textcolor>
									<selectedcolor>green</selectedcolor>
									<wrapmultiline>true</wrapmultiline>
								</control>
							</itemlayout>
							<focusedlayout width="320" height="120">
								<control type="image">
									<posx>67</posx>
									<posy>5</posy>
									<width>206</width>
									<height>110</height>
									<texture>nnnblue.png</texture>
									<visible>Control.HasFocus(8200)</visible>
								</control>
								<control type="image">
									<posx>10</posx>
									<posy>10</posy>
									<width>320</width>
									<height>100</height>
									<info>ListItem.Icon</info>
									<bordersize>2</bordersize>
									<bordertexture>white.png</bordertexture>
									<visible>!IsEmpty(ListItem.Thumb)</visible>
								</control>
								<control type="image">
									<posx>10</posx>
									<posy>10</posy>
									<width>320</width>
									<height>100</height>
									<info>ListItem.Icon</info>
									<visible>IsEmpty(ListItem.Thumb)</visible>
								</control>
								<control type="label">
									<visible>!Control.HasFocus(8200)</visible>
									<posx>165</posx>
									<posy>110</posy>
									<width>310</width>
									<height>40</height>
									<font>font23</font>
									<align>center</align>
									<label>$INFO[ListItem.Label]</label>
									<textcolor>white</textcolor>
									<selectedcolor>green</selectedcolor>
									<wrapmultiline>true</wrapmultiline>
								</control>
								<control type="label">
									<visible>Control.HasFocus(8200)</visible>
									<posx>165</posx>
									<posy>110</posy>
									<width>310</width>
									<height>40</height>
									<font>font23</font>
									<align>center</align>
									<label>$INFO[ListItem.Label]</label>
									<textcolor>white</textcolor>
									<selectedcolor>green</selectedcolor>
									<wrapmultiline>true</wrapmultiline>
								</control>
							</focusedlayout>
						</control>
						<control type="image">
							<posx>490</posx>
							<posy>10</posy>
							<width>30</width>
							<height>30</height>
							<texture>nnn_scroll_up.png</texture>
							<visible>Container(8200).HasPrevious</visible>
						</control>
						<control type="image">
							<posx>490</posx>
							<posy>480</posy>
							<width>30</width>
							<height>30</height>
							<texture>nnn_scroll_down.png</texture>
							<visible>Container(8200).HasNext</visible>
						</control>
					</control>
				</control>
			</control>
		</control>
	</controls>
</window>
