<app>
  <id>livestation</id>
  <name>Live TV News</name>
  <version>1.8</version>
  <description>Livestation - the home of live TV news online.</description>
  <platform>all</platform>
  <thumb>http://dir.boxee.tv/apps/livestation/images/thumb.png</thumb>
  <repository>http://dir.boxee.tv/apps</repository>
  <media>video</media>
  <copyright>Livestation, Ltd.</copyright>
  <email>rob.spectre@gmail.com</email>
  <type>skin</type>
  <platform>all</platform>
  <minversion>0.9.30</minversion>
  <startWindow>start</startWindow>
</app>
