<app>
  <id>filmomentum</id>
  <name>Filmomentum TV</name>
  <version>1.6</version>
  <description>A showcase of self-taught, independent filmmakers’ short projects from Spain, Argentina, Mexico and Canada. Una muestra del trabajo realizado por productores independientes y autodidactas de España, Argentina, México y Canadá.</description>
  <thumb>http://dir.conkersoftware.co.uk/Apps/filmomentum/thumb.png</thumb>
  <media>video</media>
  <author>Great Boxee</author>
  <copyright>WorldTV</copyright>
  <email>tom@greatboxee.com</email>
  <type>skin</type>
  <startWindow>14000</startWindow>
  <platform>all</platform>
  <minversion>0.9.20</minversion>
  <repository>http://dir.boxee.tv/apps</repository>
</app>
