<app>
    <id>blinkxtv</id>
    <name>blinkx</name>
    <version>0.1</version>
    <description>Watch the hottest videos on blinkx - the world’s largest online video search engine!</description>
    <thumb>http://www.blinkx.com/thirdparty/boxee/blinkx_logo.png</thumb>
    <repository>http://dir.boxee.tv/apps</repository>
    <media>video</media>
    <copyright>blinkx</copyright>
    <email>feedback@blinkx.com</email>
    <type>skin</type>
    <startWindow>14000</startWindow>
    <platform>all</platform>
    <minversion>0.9.11</minversion>
</app>
