<app>
  <id>parkview</id>
  <name>Parkview Christian Church</name>
  <version>0.5</version>
  <description>At Parkview, we know church isn't about being 'good enough' because we know none of us are. It’s about meeting a loving God who cares about us, and who desires to have a relationship with us that extends beyond this earth.</description>
  <thumb>http://b.vimeocdn.com/ps/337/337683_300.jpg</thumb>
  <repository>http://dir.boxee.tv/apps</repository>
  <media>video</media>
  <email>stevo81989@gmail.com</email>
  <type>skin</type>
  <startWindow>14000</startWindow>
  <platform>all</platform>
  <minversion>0.5</minversion>
  <copyright>Copyright Parkview Christian Church, 2011</copyright>
</app>
