<app>
  <id>dspproject</id>
  <name>The DSP Project</name>
  <version>1.2</version>
  <description>The DSP Project is all about music production and technology in the studio and on the stage. Host Rupert Brown reviews audio gear, gives tips &amp; tutorials on electronic music production with Ableton Live as well as interviewing a range of music producers, audio engineers and other interesting people.</description>
  <thumb>http://dir.conkersoftware.co.uk/Apps/DSPProject/thumb.png</thumb>
  <media>video</media>
  <author>Great Boxee</author>
  <copyright>The DSP Project</copyright>
  <email>tom@greatboxee.com</email>
  <type>skin</type>
  <startWindow>14000</startWindow>
  <platform>all</platform>
  <minversion>0.9.20</minversion>
  <repository>http://dir.boxee.tv/apps</repository>
</app>
