<?xml version="1.0"?>
<window type="window" id="14001">
	<defaultcontrol>150</defaultcontrol>
	<allowoverlay>no</allowoverlay>
	<controls>
		<control type="group">
			<include>Window_Fade_Animation</include>
			<animation type="Conditional" condition="Window.IsVisible(DialogProgress.xml)">
				<effect type="fade" start="100" end="20" time="200"/>
			</animation>
			<control type="image">
				<posx>0</posx>
				<posy>0</posy>
				<width>1280</width>
				<height>720</height>
				<texture>black.png</texture>
			</control>
			<control type="group">
				<visible>Control.IsVisible(150)</visible>
				<posx>500</posx>
				<posy>350</posy>
				<control type="label">
					<posx>0</posx>
					<posy>0</posy>
					<width>280</width>
					<height>20</height>
					<font>light28</font>
					<align>center</align>
					<aligny>center</aligny>
					<label>No results found.</label>
					<textcolor>grey</textcolor>
					<visible>Container(150).IsEmpty + !Container(150).IsLoading</visible>
				</control>
			</control>
			<control type="list" id="150">
				<posx>0</posx>
				<posy>0</posy>
				<width>1280</width>
				<height>720</height>
				<onleft>-</onleft>
				<onright>-</onright>
				<onup>-</onup>
				<ondown>-</ondown>
				<scrolltime>200</scrolltime>
				<pagecontrol>-</pagecontrol>
				<orientation>horizontal</orientation>
				<itemlayout width="1280" height="720">
					<control type="image">
						<posx>0</posx>
						<posy>0</posy>
						<width>1280</width>
						<height>720</height>
						<texture>$INFO[ListItem.Property(image0)]</texture>
						<aspectratio>scale</aspectratio>
					</control>
				</itemlayout>
				<focusedlayout width="1280" height="720">
					<control type="image">
						<posx>0</posx>
						<posy>0</posy>
						<width>1280</width>
						<height>720</height>
						<texture>$INFO[ListItem.Property(image0)]</texture>
						<aspectratio>scale</aspectratio>
					</control>
                                        <control type="image">
						<animation type="Focus">
							<effect type="fade" start="0" end="100" time="100" delay="1000"/>
						</animation>
                                                <visible>Control.IsVisible(110)</visible>
                                                <posx>0</posx>
                                                <posy>500</posy>
                                                <width>1280</width>
                                                <height>220</height>
                                                <texture>black.png</texture>
                                                <colordiffuse>CCFFFFFF</colordiffuse>
                                        </control>
					<control type="label">
						<posx>20</posx>
						<posy>10</posy>
						<width>1200</width>
						<height>100</height>
						<font>font23</font>
						<align>left</align>
						<aligny>top</aligny>
						<label>-</label>
						<textcolor>white</textcolor>
					</control>
					<control type="textbox">
						<animation type="Focus">
							<effect type="fade" start="0" end="100" time="100" delay="1000"/>
						</animation>
						<visible>Control.IsVisible(110)</visible>
						<posx>20</posx>
						<posy>505</posy>
						<width>1240</width>
						<height>215</height>
						<font>font28</font>
						<align>left</align>
						<aligny>top</aligny>
						<wrapmultiline>true</wrapmultiline>
                                                <info>ListItem.Property(description)</info>
						<textcolor>white</textcolor>
                                                <autoscroll delay="10000" time="1000" repeat="10000">true</autoscroll>
						<visible>!IsEmpty(ListItem.Property(description))</visible>
					</control>
				</focusedlayout>
				<content type="url" url="$INFO[app.Param(link)]">
					<onclick lang="python"><![CDATA[
import xbmc
import xbmcgui

if not xbmc.getInfoLabel('App.String(info)'):
    xbmc.executebuiltin( 'SetVisible(110)' )
    xbmc.executebuiltin( 'App.SetString(info,true)' )
else:
    xbmc.executebuiltin( 'SetHidden(110)' )
    xbmc.executebuiltin( 'App.Reset(info)' )
]]></onclick>
				</content>
			</control>
                        <control type="group">
                            <visible>!Window.IsVisible(DialogProgress.xml) + !Container(150).OnNext + !Container(150).OnPrevious</visible>
                            <animation type="Visible" reversible="false">
                              <effect type="fade" start="0" end = "100" time="0" delay="0" />
                              <effect type="fade" start="100" end = "0" time="100" delay="2000" />
                            </animation>
                            <control type="image">
                                    <posx>600</posx>
                                    <posy>320</posy>
                                    <width>80</width>
                                    <height>80</height>
                                    <texture>info.png</texture>
                            </control>
                            <control type="image">
                                    <posx>10</posx>
                                    <posy>320</posy>
                                    <width>80</width>
                                    <height>80</height>
                                    <texture>left.png</texture>
                                    <visible>Container(150).HasPrevious</visible>
                            </control>
                            <control type="image">
                                    <posx>1190</posx>
                                    <posy>320</posy>
                                    <width>80</width>
                                    <height>80</height>
                                    <texture>right.png</texture>
                                    <visible>Container(150).HasNext</visible>
                            </control>
                        </control>
			<control type="label" id="110">
				<visible>false</visible>
				<posx>0</posx>
				<posy>0</posy>
				<width>10</width>
				<height>10</height>
				<font>font23</font>
				<align>left</align>
				<aligny>top</aligny>
				<label>-</label>
				<textcolor>white</textcolor>
			</control>
		</control>
	</controls>
</window>
