<app>
  <id>bild</id>
	<name>BILD.de</name>
	<version>1.1</version>
	<description>Aktuelle Nachrichten von Bild.de</description>
	<thumb>http://json.bild.de/tv/bild_thumbnail.png</thumb>
	<repository>http://dir.boxee.tv/apps</repository>
	<media>video</media>
	<copyright>BILD digital GmbH und Co. KG</copyright>
	<type>html</type>
	<controller>http://json.bild.de/tv/boxee.js</controller>
	<url>http://json.bild.de/tv/index_960.html</url>
	<platform>all</platform>
	<minversion>1.1</minversion>
	<email>bjoern.muenchau@meta-morph.de</email>
</app>