<app>
	<id>estv0531</id>
	<name>ES.TV</name>
	<version>2.14</version>
	<description>Visit www.smarttv.com for pricing information</description>
	<thumb>http://csassets.mediafly.com/8850a80108b740d281d4319c0d690b47/appThumb-200x200.png</thumb>
	<repository>http://dir.boxee.tv/apps</repository>
	<media>video</media>
	<copyright>Mediafly</copyright>
	<author>Mike McMullin</author>
	<email>support@mediafly.com</email>
	<type>skin</type>
	<startWindow>Launch</startWindow>
	<platform>all</platform>
	<minversion>0.9.22</minversion>
</app>
