<app>
      <id>rp</id>
      <name>Radio Paradise</name>
      <version>0.17</version>
      <description>Radio Paradise HTML5 HD Stream App v0.17</description>
      <thumb>https://lh4.googleusercontent.com/-h8JPS1b5rRo/TxZcuRVsazI/AAAAAAAADT8/KXd5Xwz6AGM/s200/rp-radio-paradise.jpg</thumb>
      <repository>http://dir.boxee.tv/apps</repository>
      <author>mofriedbiscuits</author>
      <copyright>mofriedbiscuits</copyright>
      <email>shelhorse@gmail.com</email>
      <type>html</type>
      <media>video</media>
      <url>http://www.radioparadise.com/rphd.php</url>
      <controller>http://dir.boxee.tv/apps/helper2/new/custom/youtube-leanback.js</controller>
      <platform>all</platform>
      <minversion>1.0</minversion>
</app>
