<?xml version="1.0"?>
<window type="window" id="14000">
	<defaultcontrol always="true">100</defaultcontrol>
	<allowoverlay>no</allowoverlay>
	<controls>
		<control type="image">
			<posx>0</posx>
			<posy>0</posy>
			<width>1280</width>
			<height>720</height>
			<texture>background.png</texture>
		</control>
		<control type="image">
			<posx>185</posx>
			<posy>40</posy>
			<width>199</width>
			<height>60</height>
			<texture>vice_logo.png</texture>
		</control>
		<!--begin features list-->
		<control type="list" id="200">
			<posx>190</posx>
			<posy>150</posy>
			<width>900</width>
			<height>416</height>
			<onright>-</onright>
			<onleft>-</onleft>
			<onup>-</onup>
			<ondown>300</ondown>
			<orientation>horizontal</orientation>
			<itemlayout width="300" height="200">
				<control type="image">
					<visible>IsEmpty(ListItem.Thumb)</visible>
					<posx>10</posx>
					<posy>0</posy>
					<width>280</width>
					<height>160</height>
					<texture>white.png</texture>
					<colordiffuse>FF303030</colordiffuse>
				</control>
				<control type="label">
					<posx>10</posx>
					<posy>168</posy>
					<width>280</width>
					<height>14</height>
					<font>font14b</font>
					<align>left</align>
					<aligny>center</aligny>
					<label>$INFO[ListItem.Label]</label>
					<textcolor>white</textcolor>
				</control>
				<control type="image">
					<posx>10</posx>
					<posy>0</posy>
					<width>280</width>
					<height>160</height>
					<texture>$INFO[ListItem.Thumb]</texture>
					<aspectratio>scale</aspectratio>
				</control>
			</itemlayout>
			<focusedlayout width="300" height="200">
				<control type="image">
					<posx>10</posx>
					<posy>0</posy>
					<width>280</width>
					<height>160</height>
					<texture>white.png</texture>
					<colordiffuse>FF303030</colordiffuse>
				</control>
				<control type="label">
					<visible>!Control.HasFocus(200)</visible>
					<posx>10</posx>
					<posy>168</posy>
					<width>280</width>
					<height>14</height>
					<font>font14b</font>
					<align>left</align>
					<aligny>center</aligny>
					<label>$INFO[ListItem.Label]</label>
					<textcolor>white</textcolor>
				</control>
				<control type="image">
					<visible>!Control.HasFocus(200)</visible>
					<posx>10</posx>
					<posy>0</posy>
					<width>280</width>
					<height>160</height>
					<texture>$INFO[ListItem.Thumb]</texture>
					<aspectratio>scale</aspectratio>
				</control>
				<control type="label">
					<visible>Control.HasFocus(200)</visible>
					<posx>20</posx>
					<posy>6</posy>
					<width>260</width>
					<height>148</height>
					<font>font14</font>
					<align>left</align>
					<aligny>top</aligny>
					<label>[B]$INFO[ListItem.Label][/B][CR]$INFO[ListItem.property(description)]</label>
					<textcolor>white</textcolor>
					<wrapmultiline>true</wrapmultiline>
				</control>
			</focusedlayout>
			<content type="url" url="http://dir.boxee.tv/apps/common/ooyalafeed.php?id=rAUuHKuXsI&amp;format=source">
            </content>
		</control>
		<control type="image">
			<posx>130</posx>
			<posy>190</posy>
			<width>22</width>
			<height>86</height>
			<texture>arrow_left.png</texture>
			<visible>Container(200).HasPrevious</visible>
		</control>
		<control type="image">
			<posx>1128</posx>
			<posy>190</posy>
			<width>22</width>
			<height>86</height>
			<texture>arrow_right.png</texture>
			<visible>Container(200).HasNext</visible>
		</control>
		<!--end features list-->
		<!--Begin CATEGORY List-->
		<control type="list" id="300">
			<posx>199</posx>
			<posy>390</posy>
			<width>882</width>
			<height>30</height>
			<orientation>horizontal</orientation>
			<ondown>100</ondown>
			<onup>200</onup>
			<onright>-</onright>
			<onleft>-</onleft>
			<itemlayout width="126" height="30">
				<control type="image">
					<posx>0</posx>
					<posy>0</posy>
					<width>126</width>
					<height>30</height>
					<texture>white.png</texture>
					<colordiffuse>black</colordiffuse>
				</control>
				<control type="label">
					<posx>63</posx>
					<posy>0</posy>
					<width>126</width>
					<height>30</height>
					<font>font14b</font>
					<align>center</align>
					<aligny>center</aligny>
					<label>$INFO[ListItem.Label]</label>
					<textcolor>white</textcolor>
				</control>
			</itemlayout>
			<focusedlayout width="126" height="30">
				<control type="image">
					<visible>!Control.HasFocus(300)</visible>
					<posx>0</posx>
					<posy>0</posy>
					<width>126</width>
					<height>30</height>
					<texture>white.png</texture>
					<colordiffuse>black</colordiffuse>
				</control>
				<control type="image">
					<visible>Control.HasFocus(300)</visible>
					<posx>0</posx>
					<posy>0</posy>
					<width>126</width>
					<height>30</height>
					<texture>white.png</texture>
					<colordiffuse>FF505050</colordiffuse>
				</control>
				<control type="label">
					<posx>63</posx>
					<posy>0</posy>
					<width>126</width>
					<height>30</height>
					<font>font14b</font>
					<align>center</align>
					<aligny>center</aligny>
					<label>$INFO[ListItem.Label]</label>
					<textcolor>white</textcolor>
				</control>
			</focusedlayout>
			<content type="url" url="http://xbmc.viceland.com/xbmc/categories.xml">
				<onclick lang="python"><![CDATA[
try:
    list = mc.GetWindow(14000).GetList(300)
    listitems = list.GetItems()
    listitem = listitems[list.GetFocusedItem()]
    params = mc.Parameters()
    params["title"] = str( listitem.GetLabel() )
    params["description"] = str( listitem.GetDescription() )
    params["link"] = str( listitem.GetPath() )
    mc.GetWindow(14000).GetList(100).SetContentURL(params["link"])
except Exception, e:
    print "Main page error: " + str( e )
]]></onclick>
			</content>
		</control>
		<!--End CATEGORY List-->
		<!--Begin shows list-->
		<control type="list" id="100">
			<posx>190</posx>
			<posy>430</posy>
			<width>900</width>
			<height>416</height>
			<onup>300</onup>
			<onright>-</onright>
			<onleft>-</onleft>
			<ondown>-</ondown>
			<orientation>horizontal</orientation>
			<itemlayout width="180" height="210">
				<control type="image">
					<visible>IsEmpty(ListItem.Thumb)</visible>
					<posx>10</posx>
					<posy>0</posy>
					<width>160</width>
					<height>210</height>
					<texture>white.png</texture>
					<colordiffuse>FF303030</colordiffuse>
				</control>
				<control type="label">
					<visible>IsEmpty(ListItem.Thumb)</visible>
					<posx>20</posx>
					<posy>6</posy>
					<width>140</width>
					<height>198</height>
					<font>font20b</font>
					<align>left</align>
					<aligny>top</aligny>
					<wrapmultiline>true</wrapmultiline>
					<label>$INFO[ListItem.Label]</label>
					<textcolor>white</textcolor>
				</control>
				<control type="image">
					<posx>10</posx>
					<posy>0</posy>
					<width>160</width>
					<height>210</height>
					<texture>$INFO[ListItem.Thumb]</texture>
					<aspectratio>scale</aspectratio>
				</control>
			</itemlayout>
			<focusedlayout width="180" height="210">
				<control type="image">
					<visible>!Control.HasFocus(100)</visible>
					<visible>IsEmpty(ListItem.Thumb)</visible>
					<posx>10</posx>
					<posy>0</posy>
					<width>160</width>
					<height>210</height>
					<texture>white.png</texture>
					<colordiffuse>FF303030</colordiffuse>
				</control>
				<control type="label">
					<visible>!Control.HasFocus(100)</visible>
					<visible>IsEmpty(ListItem.Thumb)</visible>
					<posx>20</posx>
					<posy>6</posy>
					<width>140</width>
					<height>198</height>
					<font>font20b</font>
					<align>left</align>
					<aligny>top</aligny>
					<label>$INFO[ListItem.Label]</label>
					<wrapmultiline>true</wrapmultiline>
					<textcolor>white</textcolor>
				</control>
				<control type="image">
					<visible>!Control.HasFocus(100)</visible>
					<posx>10</posx>
					<posy>0</posy>
					<width>160</width>
					<height>210</height>
					<texture>$INFO[ListItem.Thumb]</texture>
					<aspectratio>scale</aspectratio>
				</control>
				<control type="image">
					<visible>Control.HasFocus(100)</visible>
					<posx>10</posx>
					<posy>0</posy>
					<width>160</width>
					<height>210</height>
					<texture>white.png</texture>
					<colordiffuse>FF303030</colordiffuse>
				</control>
				<control type="label">
					<visible>Control.HasFocus(100)</visible>
					<posx>20</posx>
					<posy>6</posy>
					<width>140</width>
					<height>198</height>
					<font>font14</font>
					<align>left</align>
					<aligny>top</aligny>
					<label>[B]$INFO[ListItem.Label][/B][CR]$INFO[ListItem.property(description)]</label>
					<textcolor>white</textcolor>
					<wrapmultiline>true</wrapmultiline>
				</control>
			</focusedlayout>
			<content type="url" url="http://xbmc.viceland.com/xbmc/shows.xml">
				<onclick lang="python"><![CDATA[
try:
    list = mc.GetWindow(14000).GetList(100)
    listitems = list.GetItems()
    listitem = listitems[list.GetFocusedItem()]
    params = mc.Parameters()
    params["title"] = str( listitem.GetLabel() )
    params["description"] = str( listitem.GetDescription() )
    params["link"] = str( listitem.GetPath() )
    params["thumbnail"] = str( listitem.GetThumbnail() )
    mc.GetApp().ActivateWindow( 14001, params )
except Exception, e:
    print "Main page error: " + str( e )
]]></onclick>
			</content>
		</control>
		<!--Arrow nav for menu-->
		<control type="image">
			<posx>130</posx>
			<posy>490</posy>
			<width>22</width>
			<height>86</height>
			<texture>arrow_left.png</texture>
			<visible>Container(100).HasPrevious</visible>
		</control>
		<control type="image">
			<posx>1128</posx>
			<posy>490</posy>
			<width>22</width>
			<height>86</height>
			<texture>arrow_right.png</texture>
			<visible>Container(100).HasNext</visible>
		</control>
		<!--End Show list-->
	</controls>
</window>
