<?xml version="1.0"?>
<window type="window" id="14001">
	<defaultcontrol always="true">8200</defaultcontrol>
	<allowoverlay>no</allowoverlay>
	<onload lang="python"><![CDATA[
try:
    print "Show page loading..."
    params = mc.GetApp().GetLaunchedWindowParameters()
    print str(params["thumbnail"])
    print str(params["title"])
    print str(params["description"])
    print str(params["link"])
    mc.GetWindow(14001).GetLabel(110).SetLabel( str( params["title"] ) )
    mc.GetWindow(14001).GetList(8200).SetContentURL( str( params["link"] ) )
except Exception, e:
    print "Show page error: " + str( e )
]]></onload>
	<controls>
		<control type="image">
			<posx>0</posx>
			<posy>0</posy>
			<width>1280</width>
			<height>720</height>
			<texture>background.png</texture>
		</control>
		<control type="image">
			<posx>185</posx>
			<posy>40</posy>
			<width>199</width>
			<height>60</height>
			<texture>vice_logo.png</texture>
		</control>
		<control type="label" id="110">
			<posx>200</posx>
			<posy>110</posy>
			<width>360</width>
			<height>115</height>
			<font>font28b</font>
			<align>left</align>
			<aligny>top</aligny>
			<background>grey</background>
			<textcolor>white</textcolor>
		</control>
		<control type="list" id="8200">
			<posx>190</posx>
			<posy>150</posy>
			<width>900</width>
			<height>200</height>
			<onup>-</onup>
			<onright>-</onright>
			<onleft>-</onleft>
			<ondown>-</ondown>
			<orientation>horizontal</orientation>
			<itemlayout width="180" height="200">
				<control type="image">
					<posx>10</posx>
					<posy>0</posy>
					<align>left</align>
					<width>160</width>
					<height>90</height>
					<texture>$INFO[ListItem.Thumb]</texture>
					<aspectratio>scale</aspectratio>
				</control>
				<control type="label">
					<posx>10</posx>
					<posy>96</posy>
					<width>160</width>
					<height>70</height>
					<font>font14b</font>
					<align>left</align>
					<aligny>top</aligny>
					<wrapmultiline>true</wrapmultiline>
					<label>$INFO[ListItem.Label]</label>
					<textcolor>white</textcolor>
				</control>
			</itemlayout>
			<focusedlayout width="180" height="200">
				<control type="image">
					<posx>10</posx>
					<posy>0</posy>
					<width>160</width>
					<height>200</height>
					<texture>white.png</texture>
					<colordiffuse>FF303030</colordiffuse>
				</control>
				<control type="label">
					<visible>Control.HasFocus(8200)</visible>
					<posx>20</posx>
					<posy>6</posy>
					<width>140</width>
					<height>188</height>
					<font>font14</font>
					<align>left</align>
					<aligny>top</aligny>
					<label>[B]$INFO[ListItem.Label][/B][CR]$INFO[ListItem.property(description)]</label>
					<textcolor>white</textcolor>
					<wrapmultiline>true</wrapmultiline>
					<selectedcolor>DD171717</selectedcolor>
				</control>
			</focusedlayout>
		</control>
		<control type="image">
			<posx>130</posx>
			<posy>152</posy>
			<width>22</width>
			<height>86</height>
			<texture>arrow_left.png</texture>
			<visible>Container(8200).HasPrevious</visible>
		</control>
		<control type="image">
			<posx>1128</posx>
			<posy>152</posy>
			<width>22</width>
			<height>86</height>
			<texture>arrow_right.png</texture>
			<visible>Container(8200).HasNext</visible>
		</control>
		<control type="multiimage" id="6000">
			<description>loading control</description>
			<visible>Container(8200).IsLoading + !Window.IsVisible(DialogProgress.xml)</visible>
			<animation effect="fade" time="200">VisibleChange</animation>
			<include>Loading_Animation</include>
		</control>
		<!--BEGIN DESCRIPTION SECTION-->
		<control type="group">
			<posx>200</posx>
			<posy>430</posy>
			<control type="image">
				<posx>0</posx>
				<posy>0</posy>
				<width>374</width>
				<height>210</height>
				<texture>$INFO[Container(8200).ListItem.Thumb]</texture>
				<aspectratio>scale</aspectratio>
			</control>
			<control type="label">
				<posx>400</posx>
				<posy>0</posy>
				<width>480</width>
				<height>210</height>
				<font>font22</font>
				<label>[B]$INFO[Container(8200).ListItem.Label][/B][CR]$INFO[Container(8200).ListItem.property(description)]</label>
				<align>left</align>
				<aligny>top</aligny>
				<textcolor>white</textcolor>
				<wrapmultiline>true</wrapmultiline>
			</control>
		</control>
		<!--END DESCRIPTION SECTION-->
	</controls>
</window>
