<?xml version="1.0"?>
   <window type="window" id="14000">
   <defaultcontrol always="true">110</defaultcontrol>
   <allowoverlay>yes</allowoverlay>
   <backgroundcolor>ff00ff00</backgroundcolor>
   	<onload lang="python"><![CDATA[
import Account
win = mc.GetWindow(14000)
win.ClearStateStack()

if not Account.user.isLoggedIn:
     win.GetButton(8056).SetLabel('Login')   
else:
     win.GetButton(8056).SetLabel('Logout')
     
if  not win.GetControl(100).IsVisible():
  
  win.GetControl(8000).SetFocus()
]]></onload>
   	<onunload lang="python"><![CDATA[
if mc.GetPlayer().IsPlaying():
  print ''
else:  
  mc.GetApp().Close()
]]></onunload>
 
   <controls>
    <!-- Splashscreen start -->
		<control type="group" id="100">
		 <defaultcontrol>110</defaultcontrol>
         <control type="image">
					<posx>0</posx>
					<posy>0</posy>
					<width>1280</width>
					<height>720</height>
					<texture>Background_Begin.png</texture>
					</control>
			   <control type="label" id="101">
        		<posx>270</posx>
        		<posy>270</posy>
        		<width>720</width>
        		<height>30</height>
        		<label>[B][COLOR pink]WARNING: This App contains explicit adult material.[/COLOR][/B]</label>
        		<font>light23</font>
        		<align>center</align>
        	</control>
	
        	<control type="label" id="102">
        		<posx>280</posx>
        		<posy>320</posy>
        		<width>720</width>
        		<height>105</height>
        		<label>You may only enter this App if you are at least 18 years of age, or at least the age of majority in the jurisdiction where you reside or from which you access this App. If you do not meet these requirements, then you do not have permission to use the App.</label>
        		<font>sans18</font>
        		<align>center</align>
        		<wrapmultiline>true</wrapmultiline>
        	</control>
        			
		
			<control type="button" id="110">
			<animation effect="zoom" end="108" center="auto" time="60" reversable="true">Focus</animation>
				<posx>500</posx>
				<posy>470</posy>
				<width>110</width>
				<height>35</height>
				<label>Enter</label>
				<font>light23</font>
				<textcolor>black</textcolor>
				<focusedcolor>white</focusedcolor>
				<disabledcolor>disabled</disabledcolor>
			  <texturefocus>Button_focus.png</texturefocus>
			  <texturenofocus>Button.png</texturenofocus>
				<align>center</align>
				<aligny>center</aligny>
				<onright>120</onright>
				<onleft>120</onleft>
				<onclick lang="python"><![CDATA[
win = mc.GetWindow(14000)
win.GetControl(100).SetVisible(False)
win.GetControl(200).SetVisible(True)
import Account
try:
  mc.ShowDialogWait()
  cat_items = mc.ListItems()
  import Browse
  cat_items = Browse.get_categories(cat_items)
  win.GetList(6001).SetItems(cat_items)
   
  
  if not Account.user.isLoggedIn:
      
      #win.GetControl(7000).SetEnabled(False)
      win.GetControl(8004).SetEnabled(False)
      win.GetButton(8056).SetLabel('Login')
      
  else:                   
      
      #win.GetControl(7000).SetEnabled(True)
      win.GetControl(8004).SetEnabled(True)
      win.GetButton(8056).SetLabel('Logout')

  
  listitems = Browse.getVideoList('New')

  win.GetList(9001).SetItems(listitems)

  if len(listitems) == 0:
    win.GetControl(7000).SetVisible(False)
  else:
    win.GetControl(7000).SetVisible(True)
  
  win.GetLabel(205).SetLabel('FEATURED')
  win.GetControl(205).SetVisible(True)

except Exception, e:
    Account.log(e, False, "")    	

if len(listitems) == 0:
  win.GetControl(8000).SetFocus()
else:  
  win.GetControl(9001).SetFocus()

mc.HideDialogWait()

]]></onclick>
	<!---->
			</control>
			<control type="button" id="120">
			<animation effect="zoom" end="108" center="auto" time="60" reversable="true">Focus</animation>
				<posx>660</posx>
				<posy>470</posy>
				<width>110</width>
				<height>35</height>
				<label>Leave</label>
				<font>light23</font>
				<textcolor>black</textcolor>
				<focusedcolor>white</focusedcolor>
				<disabledcolor>disabled</disabledcolor>
        <texturefocus>Button_focus.png</texturefocus>
				<texturenofocus>Button.png</texturenofocus>
				<align>center</align>
				<aligny>center</aligny>
				<onright>110</onright>
				<onleft>110</onleft>
				<onclick lang="python"><![CDATA[
mc.CloseWindow()
]]></onclick>
		</control>
		</control>
		<!-- Splashscreen end -->
		
		<control type="group" id="200">
		  <description>MainVisible group</description>
	     <animation type="Conditional" condition="Window.IsVisible(DialogProgress.xml)">
  		   <effect type="fade" start="100" end="70" time="200"/>
			</animation>
			<visible>false</visible>
			<!--<defaultcontrol>8001</defaultcontrol>-->
    		<control type="image">
					<posx>0</posx>
					<posy>0</posy>
					<width>1280</width>
					<height>720</height>
					<texture>Background_Main.png</texture>
				</control>

        <control type="label" id="205">
           <description>Title List</description>
           <posx>400</posx>
           <posy>65</posy>
           <width>400</width>
           <height>40</height>
           <align>right</align>
           <aligny>center</aligny>
           <scroll>true</scroll>
           <label></label>
           <font>sans28</font>
           <textcolor>FFD30277</textcolor>
           <shadowcolor>white</shadowcolor>
        </control>
        <!-- Banner panel-->
        <control type="panel" id="206">
                 <posx>66</posx>
                 <posy>654</posy>
                 <width>606</width>
                 <height>66</height>
                 <onup>-</onup>
                 <ondown>-</ondown>
                 <onleft>-</onleft>
                 <onright>-</onright>
                 <pagecontrol>-</pagecontrol>
                 <scrolltime>200</scrolltime>
                 <focusposition>4</focusposition>
                 <preloaditems>1</preloaditems>
                 <orientation>vertical</orientation>
                 <include>contentpanelslide</include>
                 <itemlayout width="606" height="66">
                    <control type="image">
                    		<visible>!IsEmpty(ListItem.Thumb)</visible>
                   			<posx>0</posx>
                  			<posy>0</posy>
                  			<width>606</width>
                  			<height>66</height>
                  			<texture blend="false">$INFO[ListItem.Thumb]</texture>
                  			<aspectratio>scale</aspectratio>
                  			
                  	  </control>
                   </itemlayout>
                   <focusedlayout width="606" height="66">
                     <control type="image">
                	   	<visible>!IsEmpty(ListItem.Thumb)</visible>
                			<posx>0</posx>
          						<posy>0</posy>
                			<width>606</width>
                			<height>66</height>
                			<texture blend="false">$INFO[ListItem.Thumb]</texture>
                			<aspectratio>scale</aspectratio>
                		
                	  </control>
              </focusedlayout>
              <content type="url" url="http://89.188.139.150/media/boxeeAdvImage/logoAppGlam.xml"></content>
            </control> 
        <control type="label" id="207">
					<posx>960</posx>
					<posy>5</posy>
          <width>200</width>
					<height>-</height>

					<font>sans16b</font>
           <textcolor>FFD30277</textcolor>
           <shadowcolor>white</shadowcolor>
					<label>Remaining credit: $INFO[App.String(credit)]</label>
          <wrapmultiline>true</wrapmultiline>
				</control>	
    		
    		<control type="group" id="9000">
    		<description>Video thumb Panel</description>
        	<animation type="Conditional" condition="Account.user.isLoggedIn">
				      <effect type="fade" start="100" end="60" time="200"/>    
			     </animation>
			  <animation type="Conditional" condition="Control.IsVisible(6000)">
				<effect type="fade" start="100" end="50" time="200"/>
			 </animation>
			 <animation type="Conditional" condition="Control.Isvisible(4000)">
  		   <effect type="fade" start="100" end="50" time="200"/>
			 </animation> 
			 <animation type="Conditional" condition="Control.HasFocus(8000)">
  		   <effect type="fade" start="100" end="80" time="200"/>
			 </animation> 
			
			  <texture>ListBackground.png</texture>
        <defaultcontrol>9001</defaultcontrol>
    		
    		   <control type="panel" id="9001">
                 <posx>10</posx>
                 <posy>100</posy>
                 <width>800</width>
                 <height>550</height>
                 <onup>8000</onup>
                 <ondown>-</ondown>
                 <onleft>-</onleft>
                 <onright>-</onright>
                 <pagecontrol>-</pagecontrol>
                 <onfocus lang="python"><![CDATA[
items = mc.GetWindow(14000).GetList(9001).GetItems()
if len(items) == 0:
  win.GetControl(8000).SetFocus()
]]></onfocus>
                 <scrolltime>200</scrolltime>
                 <focusposition>4</focusposition>
                 <preloaditems>2</preloaditems>
                 <orientation>vertical</orientation>
                 <include>contentpanelslide</include>
                 <itemlayout width="155" height="175">
            
                            <control type="image">
                        		<visible>!IsEmpty(ListItem.Thumb)</visible>
                        			<posx>15</posx>
                        			<posy>15</posy>
                        			<width>150</width>
                        			<height>170</height>
                        			<texture blend="false">$INFO[ListItem.Thumb]</texture>
                        			<bordertexture border="12">-</bordertexture>
                        			<bordersize>2</bordersize>
                        			<aspectratio>scale</aspectratio>
                        	  </control>
                        	  
                    		    <control type="image">
                    						<visible>IsEmpty(ListItem.Thumb)</visible>
                    						<posx>15</posx>
                    						<posy>15</posy>
                    					  <width>150</width>
                    			      <height>170</height>
                    						<texture blend="false">Thumbnail.png</texture>
                    						<bordertexture border="12">-</bordertexture>
                    						<bordersize>2</bordersize>
                    						<aspectratio>scale</aspectratio>
                    				</control>
                   </itemlayout>
                   <focusedlayout width="150" height="170">
                        
                               <!--control type="image">
                              	<posx>15</posx>
                						    <posy>15</posy>
                                <width>150</width>
                                <height>170</height>
                                <texture>ListSelectedItem.png</texture>
                               </control-->
                               <control type="image">
                          	   	<visible>!IsEmpty(ListItem.Thumb)</visible>
                          			<posx>15</posx>
                    						<posy>15</posy>
                          			<width>155</width>
                          			<height>175</height>
                          			<texture blend="false">$INFO[ListItem.Thumb]</texture>
                          			<bordertexture border="12">ListSelectedItem.png</bordertexture>
                          			<bordersize>4</bordersize>
                          			<aspectratio>scale</aspectratio>
                          	  </control>
                    		      <control type="image">
                    						<visible>IsEmpty(ListItem.Thumb)</visible>
                    						<posx>15</posx>
                    						<posy>15</posy>
                    						<width>155</width>
                          			<height>175</height>
                    						<texture blend="false">Thumbnail.png</texture>
                    						<bordertexture border="12">ListSelectedItem.png</bordertexture>
                    						<bordersize>4</bordersize>
                    						<aspectratio>scale</aspectratio>
                    				</control>
                   </focusedlayout>
              <!--<content type="url" url="http://coderslab.it/boxee/Video.xml"> -->
                  <content type="action">
						<onclick lang="python"><![CDATA[
mc.GetActiveWindow().PushState()
mc.GetWindow(14000).GetControl(7002).SetFocus()
]]></onclick>
					</content>
             
            </control> 
    		</control>
         <!--End group 9000-->
    		
    			<!--BOTTONI begin -->
			<control type="group" id="8000">
				<animation type="Conditional" condition="Window.IsVisible(DialogProgress.xml)">
					<effect type="fade" start="100" end="20" time="200"/>
				</animation>
				<animation type="Conditional" condition="Control.Isvisible(4000)">
  		   <effect type="fade" start="100" end="50" time="200"/>
			 </animation>
			 
        <defaultcontrol>8020</defaultcontrol>
				<description>Navigation</description>
				<control type="image">
         <posx>270</posx>
         <posy>10</posy>
         <width>1280</width>
		     <height>40</height>
		       
         <!--texture>Viola.png</texture-->
         <bordersize>0</bordersize>
        </control>
        
        <control type="grouplist" id="8020">
              
		    	    <onup>-</onup>
		    	    <ondown>9000</ondown>
		    	    <onleft>-</onleft>
		    	    <onright>8030</onright>
					    <posx>275</posx>
					    <posy>32</posy>
					    <width>-</width>
					    <height>32</height>
					    <itemgap>0</itemgap>
					    <orientation>horizontal</orientation>
					   
					<control type="button" id="8001">
						  <animation effect="zoom" end="108" center="auto" time="60" reversable="true">Focus</animation>
              <width>90</width>
						  <height>30</height>
						  <font>sans16</font>
						<label>Free</label>
            <textcolor>white</textcolor>
            <align>center</align>
            <aligny>center</aligny>
						<texturefocus>Button_focus.png</texturefocus>
						<texturenofocus>Button.png</texturenofocus>
            <onclick lang="python"><![CDATA[
import Browse
listitems = Browse.getVideoList('Free')
win.GetList(9001).SetItems(listitems)
if len(listitems) == 0:
    win.GetControl(7000).SetVisible(False)
else:
    win.GetControl(7000).SetVisible(True)
win.GetLabel(205).SetLabel('Free')
win.GetControl(205).SetVisible(True)	
					
]]></onclick>
				</control>
					   
					<control type="button" id="8002">
						  <animation effect="zoom" end="108" center="auto" time="60" reversable="true">Focus</animation>
              <width>90</width>
						  <height>30</height>
						  <font>sans16</font>
						  <label>Featured</label>
              <textcolor>white</textcolor>
              <align>center</align> 
              <aligny>center</aligny>
						  <texturefocus>Button_focus.png</texturefocus>
						  <texturenofocus>Button.png</texturenofocus>
						 
						  
              <onclick lang="python"><![CDATA[
import Account            
#if not Account.user.isLoggedIn:
#  mc.ShowDialogOk('Login!','You must be autenticated. Please Login.')
#else:              
import Browse
listitems = Browse.getVideoList('New')
win.GetList(9001).SetItems(listitems)
if len(listitems) == 0:
    win.GetControl(7000).SetVisible(False)
else:
    win.GetControl(7000).SetVisible(True)
win.GetLabel(205).SetLabel('FEATURED')
win.GetControl(205).SetVisible(True)
]]></onclick>
					</control>
					
					<control type="button" id="8003">
					<animation effect="zoom" end="108" center="auto" time="60" reversable="true">Focus</animation>
					  <width>110</width>
						<height>30</height>
	          <font>sans16</font>
						<label>Popular</label>
            <textcolor>white</textcolor>
            <align>center</align> 
            <aligny>center</aligny>
						<texturefocus>Button_focus.png</texturefocus>
						<texturenofocus>Button.png</texturenofocus>
							<onclick lang="python"><![CDATA[
#import Account            
#if not Account.user.isLoggedIn:
#  mc.ShowDialogOk('Login!','You must be autenticated. Please Login.')
#else:              
import Browse
#listitems = Browse.getmostviewed()
listitems = Browse.getVideoList('MostViewed')
if len(listitems) == 0:
    win.GetControl(7000).SetVisible(False)
else:
    win.GetControl(7000).SetVisible(True)
win.GetList(9001).SetItems(listitems)
win.GetLabel(205).SetLabel('Popular')
win.GetControl(205).SetVisible(True)						
]]></onclick>
					</control>		
					<control type="button" id="8004">
        <animation effect="zoom" end="108" center="auto" time="60" reversable="true">Focus</animation>
           <width>90</width>
	          <height>30</height>
	          <font>sans16</font>
	          <aligny>center</aligny>
						<label>Purchased</label>
						<disabledcolor>80FFFFFF</disabledcolor>
            <textcolor>white</textcolor>
            <align>center</align>
						<texturefocus>Button_focus.png</texturefocus>
						<texturenofocus>Button.png</texturenofocus>
						<alttexturefocus>Button.png</alttexturefocus>
            <onclick lang="python"><![CDATA[
import Account            
if not Account.user.isLoggedIn:
  mc.ShowDialogOk('Login!','You must be autenticated. Please Login.')
else:              
  import Browse
#  listitems = Browse.getpurshased()
  listitems = Browse.getVideoList('Purchased')
  if len(listitems) == 0:
    win.GetControl(7000).SetVisible(False)
  else:
    win.GetControl(7000).SetVisible(True)
  win.GetList(9001).SetItems(listitems)
  win.GetLabel(205).SetLabel('PURCHASED')
  win.GetControl(205).SetVisible(True)
]]></onclick>

				</control>
			</control>
			
				<control type="grouplist" id="8030">
				 <posx>655</posx>
					<posy>32</posy>
					<onup>-</onup>
		    	<ondown>9000</ondown>
          <onleft>8004</onleft>
          <onright>8040</onright>
		    	<width>-</width>
					<height>32</height>
					<itemgap>0</itemgap>
					<orientation>horizontal</orientation> 
      
      <control type="togglebutton" id="8031">
      <animation effect="zoom" end="108" center="auto" time="60" reversable="true">Focus</animation>
				<width>200</width>
				<height>30</height>
    		<align>center</align>
        <aligny>center</aligny>
        <textcolor>white</textcolor>
        <ondown>7000</ondown>
				<onleft>7000</onleft>
				<onright>8000</onright>
				<onup>-</onup>
				<label>$INFO[Container(6001).ListItem.Label]</label>
				<altlabel>$INFO[Container(6001).ListItem.Label]</altlabel>
				<font>sans16</font>
				<textcolor>white</textcolor>
				<focusedcolor>white</focusedcolor>
				<align>left</align>
				<textoffsetx>2</textoffsetx>
				<aligny>center</aligny>
				<!--textoffsety>4</textoffsety-->
				<texturenofocus>Combo.png</texturenofocus>
				<texturefocus>Combo_focused.png</texturefocus>
				<alttexturenofocus>Combo_Selected.png</alttexturenofocus>
				<alttexturefocus>Combo_Selected.png</alttexturefocus>
				<usealttexture>GetWindow(14000).GetToggleButton(8031).IsSelected()</usealttexture>
				<onclick lang="python"><![CDATA[
mc.GetWindow(14000).GetControl(6000).SetVisible(True)
mc.GetWindow(14000).GetControl(6001).SetFocus()
]]></onclick>
<altclick lang="python"><![CDATA[
mc.GetWindow(14000).GetControl(6000).SetVisible(False)
]]></altclick>
			</control>
      </control>
      
  <control type="grouplist" id="8040">
         <description>Search panel</description>
          <posx>870</posx>
					<posy>32</posy>
					<onup>-</onup>
		    	<ondown>9000</ondown>
          <onleft>8030</onleft>
          <onright>8050</onright>
		    	<width>-</width>
					<height>32</height>
					<itemgap>0</itemgap>
					<orientation>horizontal</orientation>         
		<control type="edit" id="8041">
						<posx>2</posx>
					  <posy>3</posy>
            <width>240</width>
						<height>30</height>
						<onleft>8030</onleft>
						<onright>8042</onright>
						<onup>-</onup>
						<ondown>9000</ondown>
						<onprev></onprev>
						<onnext></onnext>
						<label>Search...</label>
						<textoffsetx>8</textoffsetx>
						<align>left</align>
						<aligny>center</aligny>
						<font>sans16</font>
						<textcolor>white</textcolor>
           <focusedcolor>white</focusedcolor>
           <disabledcolor>white</disabledcolor>
           <texturenofocus>EditOF.png</texturenofocus>
           <texturefocus>Edit.png</texturefocus> 
					</control>
					<control type="button" id="8042">
					<animation effect="zoom" end="108" center="auto" time="60" reversable="true">Focus</animation>
            <width>70</width>
						<height>30</height>
	          <posx>3</posx>
					  <posy>40</posy> 
						<label>Search</label>
							<font>sans16</font>
            <textcolor>white</textcolor>
            <align>center</align>
            <aligny>center</aligny>
						<texturefocus>Button_focus.png</texturefocus>
						<texturenofocus>Button.png</texturenofocus>
            <onclick lang="python"><![CDATA[
#if not Account.user.isLoggedIn:
#  mc.ShowDialogOk('Login!','You must be autenticated. Please Login.')
#else:              
text = mc.GetWindow(14000).GetEdit(8041).GetText()

n = mc.GetWindow(14000).GetList(6001).GetFocusedItem()

#Account.user.category = Selected_category.GetLabel()


import Browse
listitems = Browse.search(text)
win.GetList(9001).SetItems(listitems)
win.GetLabel(205).SetLabel('Search by :"' + text +'"')
win.GetControl(205).SetVisible(True)

]]></onclick>  
	</control>
		</control>
      
        <control type="grouplist" id="8050">
          <posx>900</posx>
					<posy>32</posy>
          <align>right</align>
					<onup>-</onup>
		    	<ondown>7002</ondown>
          <onleft>8040</onleft>
          <onright>-</onright>
		    	<width>-</width>
					<height>32</height>
					<itemgap>0</itemgap>
					<orientation>horizontal</orientation>
             
            <control type="button" id="8056">
            <animation effect="zoom" end="108" center="auto" time="60" reversable="true">Focus</animation>
            <width>100</width>
            <height>30</height>
            <font>sans16b</font>
            <aligny>center</aligny>
  					<label>Login</label>
            <textcolor>white</textcolor>
            <align>center</align>
  					<texturefocus>Button_focus.png</texturefocus>
  					<texturenofocus>Button.png</texturenofocus>
					  <onclick lang="python"><![CDATA[
import Account
win = mc.GetActiveWindow()
win.PushState()
try:
  if Account.user.isLoggedIn:
     mc.ShowDialogWait()
     mc.ShowDialogNotification("Logging out...", 'LogoApp.png')
     res = Account.user.commitLogout()
     if res: 
#       Account.log('Not logged', True,'')
       win.GetButton(8056).SetLabel('Login')
       win.GetControl(8004).SetEnabled(False)
       mc.ShowDialogNotification("Logout successful!", 'LogoApp.png')

  else:                   
     win.GetControl(4000).SetVisible(True)
     win.GetControl(4001).SetFocus()
 
except Exception, e:
    Account.log(e, False, "")

mc.HideDialogWait()    	    	
]]></onclick>
				 </control>    

				</control>
	    </control>
   <!-- BottoniEnd -->
   <!-- Begin Description - Play -->
   
    <control type="group" id="7000">
			<animation type="Conditional" condition="Window.IsVisible(DialogProgress.xml)">
					<effect type="fade" start="100" end="20" time="200"/>
				</animation>
			<animation type="Conditional" condition="Control.IsVisible(6000)">
				<effect type="fade" start="100" end="50" time="200"/>
			</animation>
			<animation type="Conditional" condition="Control.IsVisible(4000)">
  		   <effect type="fade" start="100" end="50" time="200"/>
      </animation>
				<description>Description-play</description>
				<posx>850</posx>
        <posy>115</posy>
        <width>150</width>
				<height>500</height>
				<control type="grouplist" id="7010">
		    	    <onup>3000</onup>
		    	    <ondown>9000</ondown>
		    	    <onleft>9000</onleft>
		    	    <onright>3000</onright>
					    <posx>0</posx>
					    <posy>0</posy>
					    <width>-</width>
					    <height>1000</height>
					    <itemgap>10</itemgap>
					    <orientation>vertical</orientation>
				    
        <control type="image" id="7003">
         <width>350</width>
		     <height>200</height>
         <texture>$INFO[Container(9001).ListItem.Thumb]</texture>
         <colordiffuse>-</colordiffuse>
         </control>
        
        <control type="button" id="7002">
        <animation effect="zoom" end="108" center="auto" time="60" reversable="true">Focus</animation>

						<width>110</width>
						<height>50</height>
						<!--visible>true</visible-->
						<visible>!StringCompare(Container(9001).ListItem.property(custom:videoid),)</visible>
						<texturefocus>play_selected.png</texturefocus>
						<texturenofocus>Play.png</texturenofocus>
						
						<onclick lang="python"><![CDATA[
import Account
import Browse						
try:
  win =  mc.GetWindow(14000)
  items = win.GetList(9001).GetItems()
  n = win.GetList(9001).GetFocusedItem()
  vid =  items[n].GetProperty("videoid")
  mc.GetActiveWindow().PushState()
  if Account.user.isLoggedIn:
 
     response = Browse.getcontentinfo(vid)

     if response:   						
        VideoUrl = Browse.getMovieUrl(items[n].GetProperty("videoid"))
        
        if(VideoUrl != ""): 
              
              listItem = mc.ListItem(mc.ListItem.MEDIA_VIDEO_CLIP)
              listItem.SetPath(VideoUrl)
              listItem.SetLabel(items[n].GetLabel())
              player = mc.GetPlayer()
              if player.IsPlaying():
                 player.Stop()
              player.Play(listItem)
  else:
#if user is not logged in show login form 
     Browse.FocusedItem = win.GetList(9001).GetFocusedItem()  
     win.GetControl(4000).SetVisible(True)
     win.GetControl(4001).SetFocus()     
  
except Exception, e:
    Account.log(str(e), False, 'Play')	   					
]]></onclick>
						<onclick> 
</onclick>
				</control>  
				<control type="label" id="7001">
					<width>400</width>
					<height>-</height>
					<font>sans12</font>
					<label>[B]$INFO[Container(9001).ListItem.property(title), ][/B][CR] $INFO[Container(9001).ListItem.property(custom:credit) , Price: , credits]  [CR][CR] $INFO[Container(9001).ListItem.property(description),][CR]
          $INFO[Container(9001).ListItem.property(duration), Total time: ]
          [CR]</label>
          <wrapmultiline>true</wrapmultiline>
				</control>
				
      </control>
      
			</control>
      	
   <!-- End Description - Play -->
   
   <!-- begin aggiunto da JELENA--> 
			
				<!-- Combo delle categorie-->
	   		
      <control type="group" id="6000">
      <posx>655</posx>
		  <posy>62</posy>
		  <description>Lista delle categorie</description>
			<defaultcontrol>6001</defaultcontrol>
			<visible>false</visible>
			<texture>ee577c.png</texture>
			<onfocus>SetFocus(6001)</onfocus>
      <fadetime>500</fadetime>
        <control type="list" id="6001">
        <posx>2</posx>
				<posy>2</posy>
        <width>250</width>
				<height>520</height>
				
        <onleft lang="python"><![CDATA[
win = mc.GetWindow(14000)
win.GetControl(6000).SetVisible(False)
win.GetControl(8000).SetEnabled(True)
win.GetToggleButton(8031).SetSelected(False)
win.GetControl(8031).SetFocus()
]]></onleft>    
        <onright lang="python"><![CDATA[
win = mc.GetWindow(14000)
win.GetControl(6000).SetVisible(False)
win.GetControl(8000).SetEnabled(True)
win.GetToggleButton(8031).SetSelected(False)
win.GetControl(8031).SetFocus()
]]></onright>
        <onup lang="python"><![CDATA[
win = mc.GetWindow(14000)
win.GetControl(6000).SetVisible(False)
win.GetControl(8000).SetEnabled(True)
win.GetToggleButton(8031).SetSelected(False)
win.GetControl(8031).SetFocus()
]]></onup>    
        <scrolltime>200</scrolltime>
  			<orientation>vertical</orientation>
        <itemlayout height="30" width="250">
 
					<control type="image">
						<posx>0</posx>
						<posy>1</posy>
						<width>200</width>
						<height>30</height>
						<texture>Combo_Button.png</texture>
						
					</control>
					<control type="label">
					  <posx>12</posx>
					  <posy>0</posy>
						<width>200</width>
						<height>30</height>
						<font>font18</font>
						<textcolor>black</textcolor>
						<align>left</align>
						<aligny>center</aligny>
						<label>$INFO[ListItem.Label]</label>
					</control>
				</itemlayout>
				<focusedlayout height="30" width="250">
					<control type="image">
						<width>200</width>
						<height>30</height>
						<texture>Combo_Button_Selected.png</texture>
					</control>
					<control type="label">
					  <posx>12</posx>
					  <posy>0</posy>
						<width>200</width>
						<height>30</height>
						<font>font20</font>
						<textcolor>black</textcolor>
						<align>left</align>
						<aligny>center</aligny>
            <scroll>true</scroll>
						<label>$INFO[ListItem.Label]</label>
					 </control>
				</focusedlayout>
				<content type="action">
			 	<onclick lang="python"><![CDATA[
import mc
import Browse
import Account
try:
  win = mc.GetWindow(14000)
  win.GetControl(6000).SetVisible(False)
  win.GetControl(8000).SetEnabled(True)
  win.GetToggleButton(8031).SetSelected(False)
  win.GetControl(8031).SetFocus()
  
  n = win.GetList(6001).GetFocusedItem()
  Selected_category = mc.GetWindow(14000).GetList(6001).GetItem(n)
 
  if n != 0: 
    Account.user.category = Selected_category.GetLabel()
  else:
    Account.user.category= ""
  search = win.GetEdit(8041).GetText()
  items = Browse.search(search)
  win.GetList(9001).SetItems(items)

  win.GetLabel(205).SetLabel("Category: " + str(Account.user.category))
  win.GetControl(205).SetVisible(True)
except Exception, e:
    Account.log(e, False, "")   
]]></onclick>
				</content>
			
			</control>
      
    
      
		</control>
    <!-- END Combo delle categorie-->      
  <!-- Panello -->   
    <control type="group" id="5000">
      <animation type="Conditional" condition="Window.IsVisible(DialogProgress.xml)">
  		   <effect type="fade" start="100" end="25" time="200"/>
			</animation>
			<animation type="Conditional" condition="Control.HasFocus(8002)">
  		   <effect type="fade" start="100" end="50" time="200"/>
			</animation>
			<animation type="Conditional" condition="Control.Isvisible(4000)">
  		   <effect type="fade" start="100" end="50" time="200"/>
			 </animation>
			 
      <posx>900</posx>
			<posy>600</posy>
			<width>420</width>
			<height>100</height>
			<defaultcontrol>5001</defaultcontrol>
			<visible>true</visible>
      <fadetime>500</fadetime>
      
      
    </control>
  <!-- Panello login-->
  	<control type="group" id="4000">
			<posy>16</posy>
			<posx>1280</posx>
			<defaultcontrol>4001</defaultcontrol>
			<visible>false</visible>
			<onfocus>SetFocus(4001)</onfocus>
			<animation effect="slide" tween="quadratic" easing="in" start="0,0" end="-700,0" time="300" reversible="true" condition="Control.IsVisible(4000)">Conditional</animation>
			<control type="image">
				<width>700</width>
				<height>500</height>
				<texture>login.png</texture>
        <bordersize>2</bordersize> 
			</control>
			<control type="label">
				<posx>170</posx>
				<posy>10</posy>
				<width>500</width>
			  <height>70</height>
				<font>sans28</font>
				<align>left</align>
				<aligny>top</aligny>
				<label>Members</label>
				<textcolor>FF9E004B</textcolor>
        <shadowcolor>black</shadowcolor>
				<wrapmultiline>true</wrapmultiline>
			</control>
			<control type="label">
				<posx>450</posx>
				<posy>10</posy>
				<width>500</width>
			  <height>70</height>
				<font>sans28</font>
				<align>left</align>
				<aligny>top</aligny>
				<label>Free account</label>
				<textcolor>FF9E004B</textcolor>
        <shadowcolor>black</shadowcolor>
				<wrapmultiline>true</wrapmultiline>
			</control>
			<control type="edit" id="4001">
				<posx>160</posx>
				<posy>100</posy>
				<width>190</width>
				<height>30</height>
				<onleft>-</onleft>
				<onright>4004</onright>
				<onup>-</onup>
				<ondown>4002</ondown>
				<onprev>-</onprev>
				<onnext>4002</onnext>
				<label>-</label>
				<textoffsetx>8</textoffsetx>
				<textcolor>white</textcolor>
			  <texturenofocus>EditOF.png</texturenofocus>
				<texturefocus>Edit.png</texturefocus>
				<align>left</align>
				<aligny>center</aligny>
				<font>sans21</font>
				<textcolor>black</textcolor>
			</control>
				<control type="label">
				<posx>160</posx>
				<posy>75</posy>
				<width>500</width>
			  <height>70</height>
				<font>sans18</font>
				<align>left</align>
				<aligny>top</aligny>
				<label>UserName</label>
				<textcolor>FF9E004B</textcolor>
        <shadowcolor>black</shadowcolor>
				<wrapmultiline>true</wrapmultiline>
			</control>
			<control type="edit" id="4002">
				<posx>160</posx>
				<posy>180</posy>
				<width>190</width>
				<height>30</height>
				<onleft>-</onleft>
				<onright>4005</onright>
				<onup>4001</onup>
				<ondown>4003</ondown>
				<onprev>4001</onprev>
				<onnext>4003</onnext>
				
				<textoffsetx>8</textoffsetx>
 	  		<texturenofocus>EditOF.png</texturenofocus>
				<texturefocus>Edit.png</texturefocus>
				<align>left</align>
				<aligny>center</aligny>
				<font>sans18</font>
				<textcolor>white</textcolor>
				<password>true</password>
			</control>
				<control type="label">
						<posx>160</posx>
						<posy>155</posy>
						<width>500</width>
						<height>70</height>
						<font>sans18</font>
						<align>left</align>
						<aligny>top</aligny>
						<label>Password</label>
					  <textcolor>FF9E004B</textcolor>
            <shadowcolor>black</shadowcolor>
					  <wrapmultiline>true</wrapmultiline>
			</control>
			<control type="button" id="4003">
			<animation effect="zoom" end="108" center="auto" time="60" reversable="true">Focus</animation>
				<posx>260</posx>
				<posy>340</posy>
				<width>100</width>
				<height>30</height>
				<onleft>-</onleft>
				<onright>4006</onright>
				<onup>4002</onup>
				<ondown>-</ondown>
				<label>Login</label>
				<font>sans16b</font>
				<align>center</align>
				<aligny>center</aligny>
				<textcolor>ffffffff</textcolor>
				<focusedcolor>F3000000</focusedcolor>
				<texturefocus>Button.png</texturefocus>
				<texturenofocus>Button_Select.png</texturenofocus>
				<onclick lang="python"><![CDATA[
mc.ShowDialogWait()
mc.ShowDialogNotification("Logging in...", 'LogoApp.png')
import Account
try:  
  win = mc.GetActiveWindow()
  user = win.GetEdit(4001).GetText()
  password = win.GetEdit(4002).GetText()
  
  Account.user.commitLogin(user, password)
  if Account.user.isLoggedIn:
    win.GetControl(4000).SetVisible(False)
    win.GetControl(9001).SetFocus()
    win.GetControl(200).SetVisible(True)
    myButton = win.GetButton(8056)
    myButton.SetLabel('Logout')
    
    win.GetControl(8020).SetEnabled(True)
    win.GetControl(8030).SetEnabled(True)
    win.GetControl(8005).SetEnabled(True)
    #win.GetControl(7000).SetEnabled(True)
    mc.ShowDialogNotification("Login successful!", 'LogoApp.png')
    if Browse.FocusedItem != -1:
      win.GetList(9001).SetFocusedItem(Browse.FocusedItem)
except Exception, e:
    Account.log(e, False, "")
mc.HideDialogWait()    	
]]></onclick>
			</control>
	<!-- SIGN NOW -->		
			<control type="label">
						<posx>435</posx>
						<posy>75</posy>
						<width>500</width>
						<height>70</height>
						<font>sans18</font>
						<align>left</align>
						<aligny>top</aligny>
						<label>UserName</label>
					 <textcolor>FF9E004B</textcolor>
           <shadowcolor>black</shadowcolor>
					<wrapmultiline>true</wrapmultiline>
			</control>
      <control type="edit" id="4004">
				<posx>435</posx>
				<posy>100</posy>
				<width>190</width>
				<height>30</height>
				<onleft>4001</onleft>
				<onright>-</onright>
				<onup>-</onup>
				<ondown>4005</ondown>
				<onprev>4003</onprev>
				<onnext>4005</onnext>
  			<textoffsetx>8</textoffsetx>
 	  		<texturenofocus>EditOF.png</texturenofocus>
				<texturefocus>Edit.png</texturefocus>
				<align>left</align>
				<aligny>center</aligny>
				<font>sans18</font>
				<textcolor>white</textcolor>
				<password>false</password>
			</control>       
			<control type="label">
						<posx>435</posx>
						<posy>140</posy>
						<width>500</width>
						<height>70</height>
						<font>sans18</font>
						<align>left</align>
						<aligny>top</aligny>
						<label>Email</label>
					 <textcolor>FF9E004B</textcolor>
           <shadowcolor>black</shadowcolor>
					<wrapmultiline>true</wrapmultiline>
			</control>
      <control type="edit" id="4005">
				<posx>435</posx>
				<posy>165</posy>
				<width>190</width>
				<height>30</height>
				<onleft>4002</onleft>
				<onright>-</onright>
				<onup>4004</onup>
				<ondown>4006</ondown>
				<onprev>4004</onprev>
				<onnext>4006</onnext>
  			<textoffsetx>8</textoffsetx>
 	  		<texturenofocus>EditOF.png</texturenofocus>
				<texturefocus>Edit.png</texturefocus>
				<align>left</align>
				<aligny>center</aligny>
				<font>sans18</font>
				<textcolor>white</textcolor>
				<password>false</password>
			</control>
				<control type="label">
						<posx>435</posx>
						<posy>205</posy>
						<width>500</width>
						<height>70</height>
						<font>sans18</font>
						<align>left</align>
						<aligny>top</aligny>
						<label>Password</label>
					 <textcolor>FF9E004B</textcolor>
           <shadowcolor>black</shadowcolor>
					<wrapmultiline>true</wrapmultiline>
			</control>
      <control type="edit" id="4006">
				<posx>435</posx>
				<posy>230</posy>
				<width>190</width>
				<height>30</height>
				<onleft>4003</onleft>
				<onright>-</onright>
				<onup>4005</onup>
				<ondown>4008</ondown>
				<onprev>4005</onprev>
				<onnext>4008</onnext>
  			<textoffsetx>8</textoffsetx>
 	  		<texturenofocus>EditOF.png</texturenofocus>
				<texturefocus>Edit.png</texturefocus>
				<align>left</align>
				<aligny>center</aligny>
				<font>sans18</font>
				<textcolor>white</textcolor>
				<password>true</password>
			</control>
		 <control type="label">
						<posx>435</posx>
						<posy>270</posy>
						<width>500</width>
						<height>70</height>
						<font>sans18</font>
						<align>left</align>
						<aligny>top</aligny>
						<label>Verify Password</label>
					 <textcolor>FF9E004B</textcolor>
           <shadowcolor>black</shadowcolor>
					<wrapmultiline>true</wrapmultiline>
			</control>
			 <control type="edit" id="4008">
				<posx>435</posx>
				<posy>295</posy>
				<width>190</width>
				<height>30</height>
				<onleft>4003</onleft>
				<onright>-</onright>
				<onup>4006</onup>
				<ondown>4007</ondown>
				<onprev>4006</onprev>
				<onnext>4007</onnext>
  			<textoffsetx>8</textoffsetx>
 	  		<texturenofocus>EditOF.png</texturenofocus>
				<texturefocus>Edit.png</texturefocus>
				<align>left</align>
				<aligny>center</aligny>
				<font>sans18</font>
				<textcolor>white</textcolor>
				<password>true</password>
			</control>
			
				<control type="button" id="4007">
			<animation effect="zoom" end="108" center="auto" time="60" reversable="true">Focus</animation>
				<posx>480</posx>
				<posy>340</posy>
				<width>100</width>
				<height>30</height>
				<onleft>4003</onleft>
				<onright>-</onright>
				<onup>4008</onup>
				<ondown>-</ondown>
				<label>Create</label>
				<font>sans16b</font>
				<align>center</align>
				<aligny>center</aligny>
				<textcolor>ffffffff</textcolor>
				<focusedcolor>F3000000</focusedcolor>
		    <texturefocus>Button.png</texturefocus>
				<texturenofocus>Button_Select.png</texturenofocus>
				
				<onclick lang="python"><![CDATA[
mc.ShowDialogWait()				
import Account
win = mc.GetActiveWindow()
if win.GetEdit(4006).GetText() != win.GetEdit(4008).GetText():
   mc.ShowDialogNotification("Confirmation password is not identical!", 'LogoApp.png')
else:
  try:  
  
    user = win.GetEdit(4004).GetText()
    email = win.GetEdit(4005).GetText()
    password = win.GetEdit(4006).GetText()
    
    Account.user.Register(user, password, email)
    if Account.user.isLoggedIn:
      win.GetControl(4000).SetVisible(False)
      win.GetControl(9001).SetFocus()
      win.GetControl(200).SetVisible(True)
      myButton = win.GetButton(8056)
      myButton.SetLabel('Logout')
      
      win.GetControl(8020).SetEnabled(True)
      win.GetControl(8030).SetEnabled(True)
      win.GetControl(8004).SetEnabled(True)
      mc.ShowDialogNotification("Registration successful!", 'LogoApp.png')

  except Exception, e:
      Account.log(e, False, "")
mc.HideDialogWait()          	
]]></onclick>
			</control>
			
		</control>
<!--           -->
<control type="group" id = "3000">
		<visible>Player.HasMedia + !Window.IsVisible(DialogProgress.xml)</visible>
		<animation effect="fade" time="200">VisibleChange</animation>
		<posx>980</posx>
		<posy>60</posy>
		<control type="button" id="3001">
			<visible>Player.HasVideo</visible>
			<posx>0</posx>
			<posy>0</posy>
			<width>308</width>
			<height>76</height>
			<onleft>9000</onleft>
			<onright>8050</onright>
			<onup>8050</onup>
			<ondown>7000</ondown>
			<font>title16b</font>
			<align>left</align>
			<aligny>top</aligny>
			<label>[UPPERCASE]$LOCALIZE[52110][/UPPERCASE]</label>
			<textcolor>80000000</textcolor>
			<focusedcolor>white</focusedcolor>
			<textoffsetx>70</textoffsetx>
			<textoffsety>16</textoffsety>
			<texturenofocus>button_now_playing.png</texturenofocus>
			<texturefocus>button_now_playing_on.png</texturefocus>
			<textureclick>button_now_playing_on.png</textureclick>
			<onclick>ActivateWindow(FullscreenVideo)</onclick>
			<pulseonselect>no</pulseonselect>
		</control>
		<control type="fadelabel">
			<visible>!IsEmpty(VideoPlayer.TVShowTitle)</visible>
			<posx>70</posx>
			<posy>42</posy>
			<width>185</width>
			<height>20</height>
			<font>title20b</font>
			<align>left</align>
			<aligny>center</aligny>
			<label>[UPPERCASE]$INFO[VideoPlayer.TVShowTitle][/UPPERCASE]</label>
			<label>[UPPERCASE]$INFO[VideoPlayer.Title][/UPPERCASE]</label>
			<textcolor>black</textcolor>
			<scroll>true</scroll>
			<scrollout>false</scrollout>
			<scrollspeed>40</scrollspeed>
			<pauseatend>4000</pauseatend>
		</control>
		<control type="fadelabel">
			<visible>IsEmpty(VideoPlayer.TVShowTitle)</visible>
			<posx>70</posx>
			<posy>42</posy>
			<width>185</width>
			<height>20</height>
			<font>title20b</font>
			<align>left</align>
			<aligny>center</aligny>
			<label>[UPPERCASE]$INFO[VideoPlayer.Title][/UPPERCASE]</label>
			<textcolor>black</textcolor>
			<scroll>true</scroll>
			<scrollout>false</scrollout>
			<scrollspeed>40</scrollspeed>
			<pauseatend>4000</pauseatend>
		</control>
		<control type="fadelabel">
			<visible>!IsEmpty(MusicPlayer.Artist)</visible>
			<posx>70</posx>
			<posy>42</posy>
			<width>185</width>
			<height>20</height>
			<font>title20b</font>
			<align>left</align>
			<aligny>center</aligny>
			<label>[UPPERCASE]$INFO[MusicPlayer.Artist][/UPPERCASE]</label>
			<label>[UPPERCASE]$INFO[MusicPlayer.Title][/UPPERCASE]</label>
			<textcolor>black</textcolor>
			<scroll>true</scroll>
			<scrollout>false</scrollout>
			<scrollspeed>40</scrollspeed>
			<pauseatend>4000</pauseatend>
		</control>
		<control type="label">
			<posx>200</posx>
			<posy>16</posy>
			<width>100</width>
			<height>20</height>
			<font>title16b</font>
			<align>left</align>
			<aligny>right</aligny>
			<label>[UPPERCASE]$INFO[Player.Time][/UPPERCASE]</label>
			<textcolor>black</textcolor>
	</control>
	</control>
<!-- play now --> 	  	
    
   
   </control>
   
   	
</controls>
</window>

