<?xml version="1.0"?>

<app>
  <id>creators-project</id>
  <name>CREATORS</name>
  <version>1.2</version>
  <description>The Creators Project is a global network dedicated to the celebration of creativity, culture and technology.</description>
  <thumb>http://mobile.thecreatorsproject.com/boxee/boxeeLogo.png</thumb>
  <repository>http://dir.boxee.tv/apps</repository>
  <media>video</media>
  <copyright>Fever Creative</copyright>
  <email>dave@fevercreative.com</email>
  <type>skin</type>
  <startWindow>start</startWindow>
  <platform>all</platform>
  <minversion>0.9.11</minversion>
</app>