<?xml version="1.0"?>
<window type="dialog" id="14001">
	<defaultcontrol always="true">100</defaultcontrol>
	<allowoverlay>no</allowoverlay>
	<onload lang="python"></onload>
	<controls>
		<!-- fade bg -->
		<control type="image">
			<posx>-5</posx>
			<posy>-5</posy>
			<width>1290</width>
			<height>730</height>
			<colordiffuse>AA000000</colordiffuse>
			<texture border="8">com.mediafly-square.png</texture>
			<animation effect="fade" time="250">WindowClose</animation>
		</control>
		<!-- splash -->
		<control type="largeimage" id="100">
			<width>1280</width>
			<height>720</height>
			<info>App.String(contentsource_asset_splash)</info>
			<animation effect="fade" time="250">WindowClose</animation>
		</control>
	</controls>
</window>