<app>
    <id>aux-tv</id>
    <name>AUX</name>
    <version>1.22</version>
    <description>Raw, authentic and intimate, AUX is the emerging and diverging music channel, digging deep into music culture and uncovering some of the best artists from indie rock to hip hop.</description>
    <thumb>http://dir.boxee.tv/apps/aux-tv/thumb.png</thumb>
    <repository>http://dir.boxee.tv/apps/</repository>
    <media>video</media>
    <copyright>GlassBOX Television Inc.</copyright>
    <email>simon@bite.ca</email>
    <type>skin</type>
    <startWindow>14000</startWindow>
    <platform>all</platform>
    <minversion>0.9.20</minversion>
    <!--<test-app>true</test-app>-->
</app>
