<?xml version="1.0"?>
<window type="window" id="14000">
    <defaultcontrol always="true">130</defaultcontrol>
    <onload lang="python">
<![CDATA[
import mc
import time
import veedios

def get_window_pagination(fetcher):
	cachedObject = fetcher.get_cached_window_params(windowId)
	if cachedObject is not False:
		fetcher.pages = cachedObject
		pagination = fetcher.pages.pop()
		
		#clear after restore
		fetcher.clear_window_params_cache(windowId)
	else:
		pagination = fetcher.get_pagination()
	return pagination
	
def get_start_position(fetcher):
	cachedObject = fetcher.get_cached_window_params(windowId)
	
	if cachedObject and cachedObject[-1] and 'start' in cachedObject[-1]:
		return cachedObject[-1]["start"]
	else:
		return 0

def render(fetcher):
    pagination = get_window_pagination(fetcher)

    if pagination['start'] > 0:
            #show the prev button
            activewindow.GetButton(140).SetVisible(True)
    else:
            #hide the prev button
            activewindow.GetButton(140).SetVisible(False)

    if pagination['hasmore'] == True:
            #show the next button
            activewindow.GetButton(150).SetVisible(True)
    else:
            #hide the prev button
            activewindow.GetButton(150).SetVisible(False)

    listitems = fetcher.feed_entries_to_listitems(feed['entries'])
    list = activewindow.GetList(130)
    list.SetItems(listitems)

    activewindow.GetControl(130).SetFocus()

#Begin
mc.ShowDialogWait()
windowId = "14000"
activewindow = mc.GetActiveWindow()
params = mc.GetApp().GetLaunchedWindowParameters()
categoryTitle = "Videos" #Default title for 1 category template

fetcher = veedios.Fetcher()
startPositon = int(get_start_position(fetcher))
pagination = get_window_pagination(fetcher)

feedInfo = fetcher.get_feed_keyinfo(categoryTitle)
feedTitle = str(feedInfo[0])
feedKey = feedInfo[1]
feed = fetcher.fetch_feeditems(feedKey, startPositon)
if (feed != False):
    render(fetcher)

activewindow.GetLabel(105).SetLabel(categoryTitle.upper() + ": " + feedTitle.upper())

mc.HideDialogWait()
]]>
    </onload>
    <controls>
        <control type="group">
            <control type="image">
                <width>1280</width>
                <height>720</height>
				<texture>background.png</texture>
            </control>
			<control type="videowindow">
                <posx>930</posx>
                <posy>-50</posy>
                <width>300</width>
                <height>300</height>
            </control>
			<!--This next images is missing on purpose (YUI Hack) -->
			<control type="image">
                <posx>25</posx>
                <posy>10</posy>
				<texture>logo.png</texture>
            </control>
			<control type="image">
                <posx>25</posx>
                <posy>225</posy>
				<width>600</width>
                <height>430</height>
				<texture>main-list-wrapper.png</texture>
            </control>
			<control type="image">
                <posx>25</posx>
                <posy>10</posy>
				<texture>logo.png</texture>
            </control>
        </control>

		<control type="group">
			<control type="button" id="115">
			   <description>search button control</description>
               <posx>1160</posx>
               <posy>290</posy>
               <width>75</width>
               <height>80</height>
               <visible>true</visible>
               <colordiffuse>FFFFFFFF</colordiffuse>
               <texturefocus>search.png</texturefocus>
               <texturenofocus>search.png</texturenofocus>
               <label>Search</label>
               <font>font20b</font>
               <textcolor>-</textcolor>
			   <focusedcolor>FF424242</focusedcolor>
               <align>center</align>
               <aligny>top</aligny>
               <textoffsetx>-</textoffsetx>
               <textoffsety>80</textoffsety>
               <onfocus>-</onfocus>
               <ondown>110</ondown>
               <onleft>130</onleft>
               <onright>-</onright>
               	<onup lang="python">
<![CDATA[
pagination = fetcher.get_pagination()
if pagination:
	#Cache so that we can restore
	fetcher.cache_window_params(windowId, fetcher.pages)

#If a video is playing in background go back to fullscreen
player = mc.GetPlayer()
if player.IsPlayingVideo():
   mc.ActivateWindow(12005)
]]>
               </onup>
               <onclick lang="python">
<![CDATA[
searchString = mc.ShowDialogKeyboard("Enter Search String", "", False)

if searchString:
    params = mc.Parameters()
    params["search_string"] = searchString

    mc.GetApp().ActivateWindow(14003, params)
]]>
               </onclick>
            </control>
			<control type="button" id="110">
			   <description>browse button control</description>
               <posx>1160</posx>
               <posy>420</posy>
               <width>75</width>
               <height>80</height>
               <visible>true</visible>
               <colordiffuse>FFFFFFFF</colordiffuse>
               <texturefocus>tag.png</texturefocus>
               <texturenofocus>tag.png</texturenofocus>
               <label>Browse</label>
               <font>font20b</font>
               <textcolor>-</textcolor>
			   <focusedcolor>FF424242</focusedcolor>
               <align>center</align>
               <aligny>top</aligny>
               <textoffsetx>-</textoffsetx>
               <textoffsety>80</textoffsety>
               <onfocus>-</onfocus>
               <onup>115</onup>
               <ondown>-</ondown>
               <onleft>130</onleft>
               <onright>-</onright>
               <onclick lang="python">
<![CDATA[
params = mc.Parameters()
mc.GetApp().ActivateWindow(14001, params)
]]>
               </onclick>
            </control>
        </control>

        <control type="group">
            <control type="label">
                <visible>true</visible>
                <posx>30</posx>
                <posy>675</posy>
                <width>550</width>
                <height>25</height>
                <font>font18</font>
                <align>left</align>
                <aligny>center</aligny>
                <textcolor>FFFFFFFF</textcolor>
                <label>Copyright 2010 - Brilaps, LLC</label>
            </control>
            <control type="label">
                <visible>true</visible>
                <posx>1050</posx>
                <posy>675</posy>
                <width>550</width>
                <height>25</height>
                <font>font18</font>
                <align>left</align>
                <aligny>center</aligny>
                <textcolor>FFFFFFFF</textcolor>
                <label>Powered by Veedios</label>
            </control>
			<control type="image">
                <posx>1225</posx>
                <posy>670</posy>
				<width>20</width>
                <height>28</height>
				<texture>veedios-small.png</texture>
            </control>
        </control>

        <control type="group">
            <control type="image">
                <animation type="Conditional" condition="Window.IsVisible(DialogProgress.xml)">
                    <effect type="fade" start="100" end="20" time="200"/>
                </animation>
                <posx>915</posx>
                <posy>230</posy>
                <width>180</width>
                <height>120</height>
                <fadetime>200</fadetime>
                <texture>$INFO[Container(130).ListItem.Thumb]</texture>
            </control>
            <control type="label">
                <animation type="Conditional" condition="Window.IsVisible(DialogProgress.xml)">
                    <effect type="fade" start="100" end="20" time="200"/>
                </animation>
                <visible>true</visible>
                <posx>660</posx>
                <posy>235</posy>
                <width>475</width>
                <height>260</height>
                <font>font30b</font>
                <align>left</align>
                <aligny>top</aligny>
                <label>RELEASE DATE:</label>
                <textcolor>FF424242</textcolor>
                <wrapmultiline>true</wrapmultiline>
            </control>
            <control type="label">
                <animation type="Conditional" condition="Window.IsVisible(DialogProgress.xml)">
                    <effect type="fade" start="100" end="20" time="200"/>
                </animation>
                <visible>true</visible>
                <posx>660</posx>
                <posy>275</posy>
                <width>462</width>
                <height>260</height>
                <font>font24</font>
                <align>left</align>
                <aligny>top</aligny>
                <label>$INFO[Container(130).ListItem.property(releaseDate)]</label>
                <textcolor>FF424242</textcolor>
                <wrapmultiline>true</wrapmultiline>
            </control>
            <control type="label">
                <animation type="Conditional" condition="Window.IsVisible(DialogProgress.xml)">
                    <effect type="fade" start="100" end="20" time="200"/>
                </animation>
                <visible>true</visible>
                <posx>660</posx>
                <posy>312</posy>
                <width>550</width>
                <height>50</height>
                <font>font30b</font>
                <align>left</align>
                <aligny>center</aligny>
                <textcolor>FF424242</textcolor>
                <label>DESCRIPTION:</label>
            </control>
            <control type="label">
                <animation type="Conditional" condition="Window.IsVisible(DialogProgress.xml)">
                    <effect type="fade" start="100" end="20" time="200"/>
                </animation>
                <visible>true</visible>
                <posx>660</posx>
                <posy>355</posy>
                <width>475</width>
                <height>260</height>
                <font>font28</font>
                <align>left</align>
                <aligny>top</aligny>
                <label>$INFO[Container(130).ListItem.property(description)]</label>
                <textcolor>FF424242</textcolor>
                <wrapmultiline>true</wrapmultiline>
            </control>
        </control>
        <control type="group">
            <control type="label" id="105">
                <label></label>
                <posx>25</posx>
                <posy>175</posy>
                <width>700</width>
                <height>50</height>
                <font>font36b</font>
                <align>left</align>
                <aligny>center</aligny>
                <textcolor>FFFFFFFF</textcolor>
            </control>
			<control type="image">
                <posx>65</posx>
                <posy>250</posy>
                <width>520</width>
                <height>370</height>
				<texture>list-background.png</texture>
            </control>
            <control type="list" id="130">
                <animation type="Conditional" condition="Window.IsVisible(DialogProgress.xml)">
                    <effect type="fade" start="100" end="20" time="200"/>
                </animation>
                <posx>85</posx>
                <posy>275</posy>
                <width>475</width>
                <height>250</height>
                <content type="action">
                    <onclick lang="python">
<![CDATA[
if pagination:
	#Cache so that we can restore
	fetcher.cache_window_params(windowId, fetcher.pages)

list = mc.GetActiveWindow().GetList(130)
itemNumber = list.GetFocusedItem()
item = list.GetItem(itemNumber)
player = mc.GetPlayer()
fetcher.track(item)
player.Play(item)
]]>
                    </onclick>
                </content>
                <onleft>-</onleft>
                <onright>115</onright>
                <onup lang="python">
<![CDATA[
pagination = fetcher.get_pagination()
if pagination:
	#Cache so that we can restore
	fetcher.cache_window_params(windowId, fetcher.pages)

#If a video is playing in background go back to fullscreen
player = mc.GetPlayer()
if player.IsPlayingVideo():
    mc.ActivateWindow(12005)
]]>
                </onup>
                <ondown lang="python">
<![CDATA[
pagination = fetcher.get_pagination()
still_more_videos  = pagination['hasmore']

if still_more_videos == True:
    activewindow.GetControl(150).SetFocus()
else:
    activewindow.GetControl(140).SetFocus()
]]>
                </ondown>
                <scrolltime>200</scrolltime>
                <pagecontrol>-</pagecontrol>
                <orientation>vertical</orientation>
                <itemlayout width="475" height="28">
                    <control type="image">
                        <posx>0</posx>
                        <posy>0</posy>
                        <width>475</width>
                        <height>28</height>
                        <texture>list-background.png</texture>
                        <colordiffuse></colordiffuse>
                    </control>
                    <control type="label">
                        <posx>0</posx>
                        <posy>0</posy>
                        <width>475</width>
                        <height>28</height>
                        <font>font28b</font>
                        <align>left</align>
                        <aligny>center</aligny>
                        <label>[UPPERCASE]$INFO[ListItem.Label][/UPPERCASE]</label>
                        <textcolor>white</textcolor>
                        <selectedcolor>white</selectedcolor>
                    </control>
                </itemlayout>
                <focusedlayout width="475" height="28">
                    <control type="image">
                        <posx>0</posx>
                        <posy>0</posy>
                        <width>475</width>
                        <height>28</height>
                        <texture>list-item-selected.png</texture>
                        <colordiffuse></colordiffuse>
                    </control>
                    <control type="label">
                        <visible>true</visible>
                        <posx>0</posx>
                        <posy>0</posy>
                        <width>475</width>
                        <height>28</height>
                        <font>font28b</font>
                        <align>left</align>
                        <aligny>center</aligny>
                        <label>[UPPERCASE]$INFO[ListItem.Label][/UPPERCASE]</label>
                        <textcolor>white</textcolor>
                        <selectedcolor>white</selectedcolor>
                        <scroll>true</scroll>
                        <scrollspeed>30</scrollspeed>
                    </control>
                </focusedlayout>
                <content type="url" url=""></content>
            </control>
        </control>
        <control type="group">
            <control type="button" id="140">
                <description>Moves to previous page of content</description>
                <posx>30</posx>
                <posy>550</posy>
                <width>100</width>
                <height>100</height>
                <visible>false</visible>
                <colordiffuse>-</colordiffuse>
                <texturefocus>prev.png</texturefocus>
                <texturenofocus>prev.png</texturenofocus>
                <label>PREV</label>
                <font>font14</font>
                <textcolor>white</textcolor>
                <focusedcolor>FF636466</focusedcolor>
                <align>left</align>
                <aligny>center</aligny>
                <textoffsetx>35</textoffsetx>
                <textoffsety>-</textoffsety>
                <onfocus>-</onfocus>
                <onup>130</onup>
                <ondown>-</ondown>
                <onleft>-</onleft>
                <onright>150</onright>
                <onclick lang="python">
<![CDATA[
mc.ShowDialogWait()
feed = fetcher.prev(feedKey)
if (feed != False):
	render(fetcher)
mc.HideDialogWait()
]]>
                </onclick>
            </control>
            <control type="button" id="150">
                <description>Moves to next page of content</description>
                <posx>520</posx>
                <posy>550</posy>
                <width>100</width>
                <height>100</height>
                <visible>true</visible>
                <colordiffuse>-</colordiffuse>
                <texturefocus>next.png</texturefocus>
                <texturenofocus>next.png</texturenofocus>
                <label>NEXT</label>
                <font>font14</font>
                <textcolor>white</textcolor>
                <focusedcolor>FF636466</focusedcolor>
                <align>left</align>
                <aligny>center</aligny>
                <textoffsetx>30</textoffsetx>
                <textoffsety>-</textoffsety>
                <onfocus>-</onfocus>
                <onup>130</onup>
                <ondown>-</ondown>
                <onleft>140</onleft>
                <onright>-</onright>
                <onclick lang="python">
<![CDATA[
mc.ShowDialogWait()
feed = fetcher.next(feedKey)
if (feed != False):
	render(fetcher)
mc.HideDialogWait()
]]>
                </onclick>
            </control>
        </control>
    </controls>
</window>
