<?xml version="1.0"?>
<window type="window" id="14001">
    <defaultcontrol always="true">130</defaultcontrol>
    <onload lang="python">
<![CDATA[
import mc
import veedios

#Begin
mc.ShowDialogWait()
activewindow = mc.GetActiveWindow()

#Build up feed options based on previously selected category
fetcher = veedios.Fetcher()
tagList = fetcher.fetch_tag_listitems()
contentList = activewindow.GetList(130)
contentList.SetItems(tagList)

mc.HideDialogWait()
]]>
    </onload>
    <controls>
        <control type="group">
            <control type="image">
                <width>1280</width>
                <height>720</height>
				<texture>background.png</texture>
            </control>
			<control type="videowindow">
                <posx>930</posx>
                <posy>-50</posy>
                <width>300</width>
                <height>300</height>
            </control>
			<!--This next images is missing on purpose (YUI Hack) -->
			<control type="image">
                <posx>25</posx>
                <posy>10</posy>
				<texture>logo.png</texture>
            </control>
			<control type="image">
                <posx>30</posx>
                <posy>225</posy>
				<width>1220</width>
                <height>430</height>
				<texture>main-list-wrapper.png</texture>
            </control>
			<control type="image">
                <posx>25</posx>
                <posy>10</posy>
				<texture>logo.png</texture>
            </control>
        </control>
		<control type="group">
            <control type="label">
                <visible>true</visible>
                <posx>30</posx>
                <posy>675</posy>
                <width>550</width>
                <height>25</height>
                <font>font18</font>
                <align>left</align>
                <aligny>center</aligny>
                <textcolor>FFFFFFFF</textcolor>
                <label>Copyright 2010 - Brilaps, LLC</label>
            </control>
            <control type="label">
                <visible>true</visible>
                <posx>1050</posx>
                <posy>675</posy>
                <width>550</width>
                <height>25</height>
                <font>font18</font>
                <align>left</align>
                <aligny>center</aligny>
                <textcolor>FFFFFFFF</textcolor>
                <label>Powered by Veedios</label>
            </control>
			<control type="image">
                <posx>1225</posx>
                <posy>670</posy>
				<width>20</width>
                <height>28</height>
				<texture>veedios-small.png</texture>
            </control>
        </control>
        <control type="group">
            <control type="label" id="100">
                <label>BROWSE:</label>
                <posx>30</posx>
                <posy>175</posy>
                <width>700</width>
                <height>50</height>
                <font>font36b</font>
                <align>left</align>
                <aligny>center</aligny>
                <textcolor>FFFFFFFF</textcolor>
            </control>
            <control type="label" id="105">
                <label>POPULAR TAGS</label>
                <posx>200</posx>
                <posy>175</posy>
                <width>700</width>
                <height>50</height>
                <font>font36b</font>
                <align>left</align>
                <aligny>center</aligny>
                <textcolor>FFFFFFFF</textcolor>
            </control>
			<control type="image">
                <posx>65</posx>
                <posy>250</posy>
                <width>1150</width>
                <height>370</height>
				<texture>list-background.png</texture>
            </control>
            <control type="list" id="130">
                <animation type="Conditional" condition="Window.IsVisible(DialogProgress.xml)">
                    <effect type="fade" start="100" end="20" time="200"/>
                </animation>
                <posx>118</posx>
                <posy>260</posy>
                <width>1000</width>
                <height>350</height>
                <onleft>-</onleft>
                <onright lang="python">
<![CDATA[
#If a video is playing in background go back to fullscreen
player = mc.GetPlayer()
if player.IsPlayingVideo():
    mc.ActivateWindow(12005)
]]>
                </onright>
                <onup lang="python">
<![CDATA[
#If a video is playing in background go back to fullscreen
player = mc.GetPlayer()
if player.IsPlayingVideo():
    mc.ActivateWindow(12005)
]]>
                </onup>
                <ondown>-</ondown>
                <scrolltime>200</scrolltime>
                <pagecontrol>-</pagecontrol>
                <orientation>vertical</orientation>
                <itemlayout width="1000" height="28">
                    <control type="image">
                        <posx>0</posx>
                        <posy>0</posy>
                        <width>1000</width>
                        <height>28</height>
                        <texture>list-background.png</texture>
                        <colordiffuse></colordiffuse>
                    </control>
                    <control type="label">
                        <posx>0</posx>
                        <posy>0</posy>
                        <width>1000</width>
                        <height>28</height>
                        <font>font28b</font>
                        <align>left</align>
                        <aligny>center</aligny>
                        <label>[UPPERCASE]$INFO[ListItem.Label][/UPPERCASE]</label>
                        <textcolor>white</textcolor>
                        <selectedcolor>white</selectedcolor>
                    </control>
                </itemlayout>
                <focusedlayout width="337" height="28">
                    <control type="image">
                        <posx>0</posx>
                        <posy>0</posy>
                        <width>1000</width>
                        <height>28</height>
                        <texture>list-item-selected.png</texture>
                        <colordiffuse></colordiffuse>
                    </control>
                    <control type="label">
                        <visible>true</visible>
                        <posx>0</posx>
                        <posy>0</posy>
                        <width>1000</width>
                        <height>28</height>
                        <font>font28b</font>
                        <align>left</align>
                        <aligny>center</aligny>
                        <label>[UPPERCASE]$INFO[ListItem.Label][/UPPERCASE]</label>
                        <textcolor>white</textcolor>
                        <selectedcolor>white</selectedcolor>
                        <scroll>true</scroll>
                        <scrollspeed>30</scrollspeed>
                    </control>
                </focusedlayout>
                <content type="action">
                    <onclick lang="python">
<![CDATA[
n = activewindow.GetList(130).GetFocusedItem()
selectedTag = activewindow.GetList(130).GetItem(n)
selectedTagTitle = str(selectedTag.GetLabel())

params = mc.Parameters()
params["search_string"] = selectedTagTitle

mc.GetApp().ActivateWindow(14003, params)
]]>
                    </onclick>
                </content>
            </control>
        </control>
    </controls>
</window>
