<window type="window" id="14003">
  <defaultcontrol always="true">401</defaultcontrol>
  <allowoverlay>no</allowoverlay>
  <onload lang="python">
<![CDATA[
]]>
  </onload>

  <controls>

    <control type="image">
      <posx>0</posx>
      <posy>0</posy>
      <width>1280</width>
      <height>720</height>
      <texture>all_tile_background.png</texture>

    </control>
    <control type="group">
      <posx>40</posx>
      <posy>50</posy>

      <control type="image">
	<posx>0</posx>
	<posy>0</posy>
	<width>224</width>
	<height>48</height>
	<texture>all_logo_blinkx.png</texture>
	<aspectratio>keep</aspectratio>
      </control>

    </control>
    
    <control type="group">
      <posx>225</posx>
      <posy>185</posy>
      <control type="label">
	<posx>0</posx>
	<posy>0</posy>
	<width>829</width>
	<height>35</height>
	<label>Your search may return unsuitable results.</label>
	<textcolor>FFF30100</textcolor>
	<wrapmultiline>true</wrapmultiline>
	<align>center</align>
	<font>font24b</font>
      </control>
      <control type="label">
	<posx>0</posx>
	<posy>50</posy>
	<width>829</width>
	<height>72</height>
	<font>font18</font>
	<align>center</align>
	<wrapmultiline>true</wrapmultiline>
	<label>blinkx's Safe Search blocks unsuitable videos from the search results. If you choose to turn Safe Search off, unfiltered adult content may be returned. </label>
      </control>
      <control type="label">
	<posx>0</posx>
	<posy>120</posy>
	<width>829</width>
	<height>72</height>
	<font>font18</font>
	<wrapmultiline>true</wrapmultiline>
	<align>center</align>
	<label>Select OK to turn Safe Search off.</label>
      </control>
      <control type="group">
	<posx>207</posx>
	<posy>240</posy>
	<control type="button" id="401">
	  <posx>0</posx>
	  <posy>0</posy>
	  <width>171</width>
	  <height>67</height>
	  <onright>402</onright>
	  <texturefocus>filter_ok_roll.png</texturefocus>
	  <texturenofocus>filter_ok.png</texturenofocus>
	  <onclick lang="python">
<![CDATA[
import utils
import mc

searchManager = utils.SearchManager()

searchManager.showAdult = True
searchManager.search.askedAdult = True

mc.ActivateWindow(searchManager.lastPage)

]]>
	  </onclick>	
</control>
	<control type="button" id="402">
	  <posx>232</posx>
	  <posy>0</posy>
	  <width>171</width>
	  <height>67</height>
	  <onleft>401</onleft>
	  <texturefocus>filter_cancel_roll.png</texturefocus>
	  <texturenofocus>filter_cancel.png</texturenofocus>
	  <onclick lang="python">
<![CDATA[
import utils
import mc

utils.SearchManager().search.askedAdult = True

mc.ActivateWindow(searchManager.lastPage)

]]>
	  </onclick>
	</control>
      </control>

    </control>
  </controls>
    
</window>