<window type="window" id="14000">
  <defaultcontrol always="true">111</defaultcontrol>
  <allowoverlay>no</allowoverlay>
  <onload>Skin.SetBool(popular, false)</onload>
  <onload>Skin.SetBool(news, true)</onload>
  <onload>Skin.SetBool(fun, true)</onload>
  <onload lang="python">
<![CDATA[
import utils
import mc

searchManager = utils.SearchManager()
searchManager.doChannelSearch(mc.GetWindow(14000).GetList(120), mc.GetWindow(14000).GetLabel(130))

]]>
  </onload>
  <controls>
    <control type="image">
      <posx>0</posx>
      <posy>0</posy>
      <width>1280</width>
      <height>720</height>
      <texture>all_tile_background.png</texture>

    </control>

    <control type="group">
      <posx>40</posx>
      <posy>50</posy>

      <control type="image">
	<posx>0</posx>
	<posy>0</posy>
	<width>224</width>
	<height>48</height>
	<texture>all_logo_blinkx.png</texture>
	<aspectratio>keep</aspectratio>
	
      </control>
      <control type="group">
	<posx>350</posx>
	<posy>-5</posy>
	<control type="image" >
	  <posx>274</posx>
	  <posy>3</posy>
	  <width>370</width>
	  <height>50</height>
	  <texture>all_img_searchbox.png</texture>
	  <aspectratio>keep</aspectratio>
	  
	</control>
	<control type="button" id="101">
	  <posx>644</posx>
	  <posy>3</posy>
	  <width>122</width>
	  <height>50</height>
	  <texturefocus>all_img_searchbutton_hover.png</texturefocus>
	  <texturenofocus>all_img_searchbutton.png</texturenofocus>
	  <alttexturefocus></alttexturefocus>
	  <onup>150</onup>
	  <ondown>111</ondown>
	  <onleft>101</onleft>
	  <onright>-</onright>
	  <visible>true</visible>
	  <onclick lang="python">
<![CDATA[
import mc
import utils

utils.SearchManager().search = utils.Search(mc.ShowDialogKeyboard("Search...", "", False))

if utils.SearchManager().search.searchText != "":
  mc.ActivateWindow(14001)
else:
  mc.ShowDialogNotification("You didn't type anything into the search field.")

]]>
	  </onclick>
	</control>
      </control>
    </control>
    
    <control type="group">
      <posx>94</posx>
      <posy>139</posy>
      
      <control type="togglebutton" id="110">
	<posx>100</posx>
	<posy>0</posy>
	<width>230</width>
	<height>230</height>
	<onup>101</onup>
	<ondown>120</ondown>
	<onleft>-</onleft>
	<onright>111</onright>
	<textcolor>FF000000</textcolor>
	<texturefocus>main_button_popular_roll_selected.png</texturefocus>
	<texturenofocus>main_button_popular_roll.png</texturenofocus>
	<alttexturefocus>main_button_popular_selected.png</alttexturefocus>
	<alttexturenofocus>main_button_popular.png</alttexturenofocus>
	<onclick>Skin.SetBool(popular, false)</onclick>
	<onclick>Skin.SetBool(news, true)</onclick>
	<onclick>Skin.SetBool(fun, true)</onclick>
	<usealttexture>Skin.HasSetting(popular)</usealttexture>
	<visible>true</visible>
	<onclick lang="python">
<![CDATA[
import mc
import utils

searchManager = utils.SearchManager()

searchManager.channelName = "popular"

searchManager.doChannelSearch(mc.GetWindow(14000).GetList(120), mc.GetWindow(14000).GetLabel(130))
]]>
	</onclick>
      </control>
	     
      <control type="togglebutton" id="111">
	<posx>418</posx>
	<posy>0</posy>
	<width>230</width>
	<height>230</height>
	<onup>101</onup>
	<ondown>120</ondown>
	<onleft>110</onleft>
	<onright>112</onright>
	<texturefocus>main_button_news_roll_selected.png</texturefocus>
	<texturenofocus>main_button_news_roll.png</texturenofocus>
	<alttexturefocus>main_button_news_selected.png</alttexturefocus>
	<alttexturenofocus>main_button_news.png</alttexturenofocus>
	<onclick>Skin.SetBool(popular, true)</onclick>
	<onclick>Skin.SetBool(news, false)</onclick>
	<onclick>Skin.SetBool(fun, true)</onclick>
	<usealttexture>Skin.HasSetting(news)</usealttexture>
	<textcolor>FF000000</textcolor>
	<visible>true</visible>
	<onclick lang="python">

<![CDATA[
import mc
import utils

searchManager = utils.SearchManager()

searchManager.channelName = "inform"

searchManager.doChannelSearch(mc.GetWindow(14000).GetList(120), mc.GetWindow(14000).GetLabel(130))
]]>
	</onclick>
      </control>

      <control type="togglebutton" id="112">
	<posx>740</posx>
	<posy>0</posy>
	<width>230</width>
	<height>230</height>
	<onup>101</onup>
	<ondown>120</ondown>
	<onleft>111</onleft>
	<onright>-</onright>
	<textcolor>FF000000</textcolor>
	<texturefocus>main_button_fun_roll_selected.png</texturefocus>
	<texturenofocus>main_button_fun_roll.png</texturenofocus>
	<alttexturefocus>main_button_fun_selected.png</alttexturefocus>
	<alttexturenofocus>main_button_fun.png</alttexturenofocus>

	<usealttexture>Skin.HasSetting(fun)</usealttexture>
	<visible>true</visible>

	<onclick>Skin.SetBool(popular, true)</onclick>
	<onclick>Skin.SetBool(news, true)</onclick>
	<onclick>Skin.SetBool(fun, false)</onclick>
	<onclick lang="python">
<![CDATA[
import mc
import utils

searchManager = utils.SearchManager()

searchManager.channelName = "entertain"

searchManager.doChannelSearch(mc.GetWindow(14000).GetList(120), mc.GetWindow(14000).GetLabel(130))
]]>
	</onclick>

      </control>
    </control>

    <control type="panel" id="120">
      <posx>70</posx>
      <posy>400</posy>
      <width>1280</width>
      <height>320</height>
      <orientation>vertical</orientation>
      <onup>111</onup>
      <ondown>-</ondown>
      <onleft>-</onleft>
      <onright>-</onright>

      <itemlayout width="225" height="160">
	<control type="group">
	  <posx>10</posx>
	  <posy>10</posy>
	  <control type="image">
	    <posx>0</posx>
	    <posy>0</posy>
	    <width>200</width>
	    <height>115</height>
	    <texture>all_img_smallborder.png</texture>
	  </control>
	  <control type="image">
	    <posx>3</posx>
	    <posy>3</posy>
	    <width>194</width>
	    <height>109</height>
	    <info>ListItem.Thumb</info>
	  </control>
	  <control type="label">
	    <posx>0</posx>
	    <posy>105</posy>
	    <width>194</width>
	    <height>50</height>
	    <font>font14</font>
	    <align>left</align>
	    <aligny>center</aligny>
	    <info>ListItem.Label</info>
	    <textcolor>white</textcolor>
	    <wrapmultiline>true</wrapmultiline>
	  </control>
	</control>
      </itemlayout>

      <focusedlayout width="240" height="160">
	<control type="group">
	  <posx>10</posx>
	  <posy>10</posy>
	  <control type="image">
	    <posx>0</posx>
	    <posy>0</posy>
	    <width>200</width>
	    <height>115</height>
	    <texture>all_img_smallborder_roll.png</texture>
	  </control>
	  <control type="image">
	    <posx>3</posx>
	    <posy>3</posy>
	    <width>194</width>
	    <height>109</height>
	    <info>ListItem.Thumb</info>
	  </control>
	  <control type="label">
	    <posx>0</posx>
	    <posy>105</posy>
	    <width>194</width>
	    <height>50</height>
	    <font>font14</font>
	    <align>left</align>
	    <aligny>center</aligny>
	    <info>ListItem.Label</info>
	    <textcolor>white</textcolor>
	    <wrapmultiline>true</wrapmultiline>
	  </control>
	</control>
      </focusedlayout>
      <content type="url">
	<onclick lang="python">

<![CDATA[
import mc
import utils

focus = mc.GetWindow(14000).GetList(120).GetFocusedItem()
playlist = mc.GetWindow(14000).GetList(120).GetItems()
utils.PlayerController().playItemFullscreen(focus, playlist)

]]>
	</onclick>
      </content>
    </control>
    <control type="group">
      <posx>905</posx>
      <posy>0</posy>
      <visible>Player.HasMedia + !Player.Caching + !Window.IsVisible(DialogProgress.xml)</visible>

      <control type="button" id="150">
	<posx>0</posx>
	<posy>0</posy>
	<width>375</width>
	<height>50</height>
	<texturefocus>gray75.png</texturefocus>
	<texturenofocus>gray.png</texturenofocus>
	<onclick>ActivateWindow(FullscreenVideo)</onclick>
	<ondown>101</ondown>
      </control>
      <control type="label">
	<posx>5</posx>
	<posy>0</posy>
	<width>365</width>
	<height>20</height>
	<label>Now Playing...</label>
	<valign>top</valign>
      </control>
      <control type="label">
	<posx>5</posx>
	<posy>20</posy>
	<width>365</width>
	<height>20</height>
	<label>$INFO[VideoPlayer.Title]</label>
	<valign>top</valign>
      </control>
    </control>
    <control type="label" id="130">
      <posx>0</posx>
      <posy>480</posy>
      <width>1280</width>
      <height>60</height>
      <label>Loading...</label>
      <font>font36b</font>
      <align>center</align>
    </control>
  </controls>
</window>
