<window type="window" id="14002">
  <defaultcontrol always="true">301</defaultcontrol>
  <allowoverlay>no</allowoverlay>

  <onload lang="python">
<![CDATA[
import utils
import mc

searchManager = utils.SearchManager()

searchManager.doPlaylist(mc.GetWindow(14002).GetList(301))

## Uncomment the following to enable videowindow playback.
## You must also uncomment the videowindow control in the XML below.

#watchThread = utils.VideoWindowWatchThread()
#focus = searchManager.focus
#playlist = searchManager.playlist
#
#utils.PlayerController().playItem(focus, playlist)

## Uncomment the following to enable all-fullscreen playback.
## You must also uncomment the largeimage control in the XML below.

if (searchManager.startOnLoad):
  if searchManager.adultFilter():
    searchManager.lastPage = 14002
    mc.ActivateWindow(14003)
  else:
    focus = searchManager.focus
    playlist = searchManager.playlist
    utils.PlayerController().playItemFullscreen(focus, playlist)
    searchManager.startOnLoad = False

]]>
  </onload>


  <controls>

    <control type="image">
      <posx>0</posx>
      <posy>0</posy>
      <width>1280</width>
      <height>720</height>
      <texture>all_tile_background.png</texture>

    </control>
    <control type="group">
      <posx>40</posx>
      <posy>50</posy>

      <control type="image" id="320">
	<posx>0</posx>
	<posy>0</posy>
	<width>224</width>
	<height>48</height>
	<texture>all_logo_blinkx.png</texture>
	<aspectratio>keep</aspectratio>

      </control>
      <control type="group">
	<posx>350</posx>
	<posy>20</posy>
	
	<control type="button" id="310">
	  <posx>0</posx>
	  <posy>0</posy>
	  <width>200</width>
	  <height>30</height>
	  <font>font21b</font>
	  <label>POPULAR</label>
	  <align>center</align>
	  <aligny>center</aligny>
	  <onup>350</onup>
	  <ondown>301</ondown>
	  <onleft>320</onleft>
	  <onright>311</onright>

	  <onclick lang="python">
<![CDATA[
import mc
import utils

utils.SearchManager().channelName = "popular"
mc.ActivateWindow(14000)
]]>
	  </onclick>
	</control>
	
	<control type="button" id="311">
	  <posx>210</posx>
	  <posy>0</posy>
	  <width>200</width>
	  <height>30</height>
	  <font>font21b</font>
	  <label>NEWS</label>
	  <align>center</align>
	  <aligny>center</aligny>
	  <onup>350</onup>
	  <ondown>301</ondown>
	  <onleft>310</onleft>
	  <onright>312</onright>
	  <onclick lang="python">
<![CDATA[
import mc
import utils

utils.SearchManager().channelName = "inform"
mc.ActivateWindow(14000)
]]>
	  </onclick>
	</control>

	<control type="button" id="312">
	  <posx>420</posx>
	  <posy>0</posy>
	  <width>200</width>
	  <height>30</height>
	  <font>font21b</font>
	  <label>FUN!</label>
	  <align>center</align>
	  <aligny>center</aligny>
	  <onup>350</onup>
	  <ondown>301</ondown>
	  <onleft>311</onleft>
	  <onright>313</onright>
	  <onclick lang="python">
<![CDATA[
import mc
import utils

utils.SearchManager().channelName = "entertain"
mc.ActivateWindow(14000)
]]>
	  </onclick>
	</control>

	<control type="button" id="313">
	  <posx>630</posx>
	  <posy>0</posy>
	  <width>200</width>
	  <height>30</height>
	  <font>font21b</font>
	  <label>SEARCH</label>
	  <align>center</align>
	  <aligny>center</aligny>
	  <onup>350</onup>
	  <ondown>301</ondown>
	  <onleft>312</onleft>
	  <onright>-</onright>
	  <onclick lang="python">
<![CDATA[
import mc
import utils

utils.SearchManager().searchText = mc.ShowDialogKeyboard("Search...", "", False)

mc.ActivateWindow(14001)
]]>
	  </onclick>
	</control>

      </control>

    </control>
    
    <control type="group">
      <posx>98</posx>
      <posy>134</posy>

      <control type="image">
	<posx>0</posx>
	<posy>0</posy>
	<width>870</width>
	<height>74</height>
	<texture>player_videotitle.png</texture>
      </control>

      <control type="label">
	<posx>0</posx>
	<posy>0</posy>
	<width>870</width>
	<height>74</height>
	<align>left</align>
	<aligny>center</aligny>
	<label>$INFO[Container(301).ListItem.Title]</label>
	<onup>310</onup>
	<ondown>-</ondown>
	<onleft>-</onleft>
	<onright>301</onright>
      </control>
<!-- Uncomment the following to enable windowed playback -->
<!--
      <control type="videowindow">
	<posx>0</posx>
	<posy>88</posy>
	<width>870</width>
	<height>502</height>
      </control>
-->
<!-- Uncomment the following to enable fullscreen playback -->
      <control type="image" id="331">
	<posx>0</posx>
	<posy>88</posy>
	<width>870</width>
	<height>502</height>
	<texture>$INFO[Container(301).ListItem.property(Image0)]</texture>
      </control>

    </control>
    <control type="group">
      <posx>978</posx>
      <posy>134</posy>
      
      <control type="image">
	<posx>0</posx>
	<posy>0</posy>
	<width>195</width>
	<height>44</height>
	<texture>player_button_up.png</texture>
      </control>
      
      <control type="list" id="301">
	<posx>-10</posx>
	<posy>44</posy>
	<width>220</width>
	<height>432</height>
	<orientation>vertical</orientation>
	<onup>310</onup>
	<ondown>-</ondown>
	<onleft>330</onleft>
	<onright>-</onright>
	
	<itemlayout width="225" height="125">
	  <control type="group">
	    <posx>10</posx>
	    <posy>10</posy>
	    <control type="image">
	      <posx>0</posx>
	      <posy>0</posy>
	      <width>200</width>
	      <height>115</height>
	      <texture>all_img_smallborder.png</texture>
	    </control>
	    <control type="image">
	      <posx>3</posx>
	      <posy>3</posy>
	      <width>194</width>
	      <height>109</height>
	      <info>ListItem.Thumb</info>
	    </control>
	  </control>
	</itemlayout>
	
	
	<focusedlayout width="240" height="125">
	  <control type="group">
	    <posx>10</posx>
	    <posy>10</posy>
	    <control type="image">
	      <posx>0</posx>
	      <posy>0</posy>
	      <width>200</width>
	      <height>115</height>
	      <texture>all_img_smallborder_roll.png</texture>
	    </control>
	    <control type="image">
	      <posx>3</posx>
	      <posy>3</posy>
	      <width>194</width>
	      <height>109</height>
	      <info>ListItem.Thumb</info>
	    </control>
	    <control type="image">
	      <colordiffuse>DDDDDDDD</colordiffuse>
	      <posx>0</posx>
	      <posy>0</posy>
	      <width>200</width>
	      <height>115</height>
	      <texture>all_img_smallborder_roll.png</texture>
	    </control>
	    <control type="label">
	      <posx>5</posx>
	      <posy>0</posy>
	      <width>192</width>
	      <height>109</height>
	      <font>font14</font>
	      <align>left</align>
	      <aligny>center</aligny>
	      <info>ListItem.Label</info>
	      <textcolor>white</textcolor>
	      <wrapmultiline>true</wrapmultiline>
	    </control>
	  </control>
	</focusedlayout>
	<content type="url">
	  <onclick lang="python">
<![CDATA[
import mc
import utils

## Uncomment the following to enable fullscreen playback.
focus = mc.GetWindow(14002).GetList(301).GetFocusedItem()
playlist = mc.GetWindow(14002).GetList(301).GetItems()
utils.PlayerController().playItemFullscreen(focus, playlist)

## Uncomment the following to enable windowed playback.
#utils.PlayerController().playItem(mc.GetWindow(14002).GetList(301).GetFocusedItem(), mc.GetWindow(14002).GetList(301).GetItems())

]]>
	  </onclick>
	</content>
      </control>
      
      <control type="image">
	<posx>0</posx>
	<posy>482</posy>
	<width>195</width>
	<height>44</height>
	<texture>player_button_down.png</texture>
      </control>
    </control>
    <control type="group">
      <posx>900</posx>
      <posy>5</posy>
      <visible>Player.HasMedia + !Player.Caching + !Window.IsVisible(DialogProgress.xml)</visible>
      <control type="button" id="350">
	<posx>0</posx>
	<posy>0</posy>
	<width>375</width>
	<height>50</height>
	<texturefocus>gray.png</texturefocus>
	<texturenofocus>gray.png</texturenofocus>
	<onclick>ActivateWindow(FullscreenVideo)</onclick>
      </control>
      <control type="label">
	<posx>5</posx>
	<posy>5</posy>
	<width>365</width>
	<height>20</height>
	<label>Now Playing...</label>
      </control>
      <control type="label">
	<posx>5</posx>
	<posy>25</posy>
	<width>365</width>
	<height>20</height>
	<label>$INFO[VideoPlayer.Title]</label>
      </control>
    </control>
  </controls>
    
</window>