<window type="window" id="14001">
  <defaultcontrol always="true">201</defaultcontrol>

  <allowoverlay>no</allowoverlay>
  <onload lang="python">
<![CDATA[
import utils
import mc

searchManager = utils.SearchManager()

if searchManager.search.searchText != "":
  if searchManager.adultFilter():
    searchManager.lastPage = 14001
    mc.ActivateWindow(14003)

  else:
    searchManager.doSearch(mc.GetWindow(14001).GetList(201), mc.GetWindow(14001).GetLabel(202), mc.GetWindow(14001).GetLabel(230))

else:
  mc.ShowDialogNotification("You didn't type anything into the search field.")

]]>
  </onload>
  <controls>
    <control type="image">
      <posx>0</posx>
      <posy>0</posy>
      <width>1280</width>
      <height>720</height>
      <texture>all_tile_background.png</texture>
    </control>


    <control type="group">
      <posx>40</posx>
      <posy>50</posy>

      <control type="image" id="220">
	<posx>0</posx>
	<posy>0</posy>
	<width>224</width>
	<height>48</height>
	<texture>all_logo_blinkx.png</texture>
	<aspectratio>keep</aspectratio>

      </control>
      <control type="group">
	<posx>350</posx>
	<posy>20</posy>
	
	<control type="button" id="210">
	  <posx>0</posx>
	  <posy>0</posy>
	  <width>200</width>
	  <height>30</height>
	  <font>font21b</font>
	  <label>POPULAR</label>
	  <align>center</align>
	  <aligny>center</aligny>
	  <onup>250</onup>
	  <ondown>201</ondown>
	  <onleft>220</onleft>
	  <textcolor>black</textcolor>
	  <onright>211</onright>

	  <onclick lang="python">
<![CDATA[
import mc
import utils

utils.SearchManager().channelName = "popular"
mc.ActivateWindow(14000)
]]>
	  </onclick>
	</control>
	
	<control type="button" id="211">
	  <posx>210</posx>
	  <posy>0</posy>
	  <width>200</width>
	  <height>30</height>
	  <font>font21b</font>
	  <label>NEWS</label>
	  <align>center</align>
	  <aligny>center</aligny>
	  <onup>250</onup>
	  <ondown>201</ondown>
	  <onleft>210</onleft>
	  <onright>212</onright>
	  <textcolor>black</textcolor>
	  <onclick lang="python">
<![CDATA[
import mc
import utils

utils.SearchManager().channelName = "inform"
mc.ActivateWindow(14000)
]]>
	  </onclick>
	</control>

	<control type="button" id="212">
	  <posx>420</posx>
	  <posy>0</posy>
	  <width>200</width>
	  <height>30</height>
	  <font>font21b</font>
	  <label>FUN!</label>
	  <align>center</align>
	  <aligny>center</aligny>
	  <onup>250</onup>
	  <ondown>201</ondown>
	  <onleft>211</onleft>
	  <onright>213</onright>
	  <textcolor>black</textcolor>
	  <onclick lang="python">
<![CDATA[
import mc
import utils

utils.SearchManager().channelName = "entertain"
mc.ActivateWindow(14000)
]]>
	  </onclick>
	</control>

	<control type="button" id="213">
	  <posx>630</posx>
	  <posy>0</posy>
	  <width>200</width>
	  <height>30</height>
	  <font>font21b</font>
	  <label>SEARCH</label>
	  <align>center</align>
	  <aligny>center</aligny>
	  <onup>250</onup>
 	  <ondown>201</ondown>
	  <onleft>212</onleft>
	  <onright>-</onright>
	  <textcolor>black</textcolor>
	  <onclick lang="python">
<![CDATA[
import mc
import utils

searchManager = utils.SearchManager()
searchManager.search = utils.Search(mc.ShowDialogKeyboard("Search...", "", False))

if searchManager.search.searchText != "":
  if searchManager.adultFilter():
    searchManager.lastPage = 14001
    mc.ActivateWindow(14003)

  else:
    searchManager.doSearch(mc.GetWindow(14001).GetList(201), mc.GetWindow(14001).GetLabel(202), mc.GetWindow(14001).GetLabel(202), mc.GetWindow(14001).GetLabel(230))

else:
  mc.ShowDialogNotification("You didn't type anything into the search field.")

]]>
	  </onclick>
	</control>

      </control>

    </control>
    <control type="label" id="202">
      <posx>90</posx>
      <posy>124</posy>
      <width>800</width>
      <height>50</height>
      <font>font18b</font>
      <align>left</align>
      <aligny>center</aligny>
      <label></label>
      <font>font36b</font>
      <textcolor>white</textcolor>
      <wrapmultiline>true</wrapmultiline>
    </control>

    <control type="panel" id="201">
      <posx>80</posx>
      <posy>198</posy>
      <width>1280</width>
      <height>522</height>
      <orientation>vertical</orientation>
      <onup>213</onup>
      <ondown>-</ondown>
      <onleft>-</onleft>
      <onright>-</onright>

      <itemlayout width="225" height="160">
	<control type="group">
	  <posx>10</posx>
	  <posy>10</posy>
	  <control type="image">
	    <posx>0</posx>
	    <posy>0</posy>
	    <width>200</width>
	    <height>115</height>
	    <texture>all_img_smallborder.png</texture>
	  </control>
	  <control type="image">
	    <posx>3</posx>
	    <posy>3</posy>
	    <width>194</width>
	    <height>109</height>
	    <info>ListItem.Thumb</info>
	  </control>
	  <control type="label">
	    <posx>0</posx>
	    <posy>105</posy>
	    <width>194</width>
	    <height>50</height>
	    <font>font14</font>
	    <align>left</align>
	    <aligny>center</aligny>
	    <info>ListItem.Label</info>
	    <textcolor>white</textcolor>
	    <wrapmultiline>true</wrapmultiline>
	  </control>
	</control>
      </itemlayout>

      <focusedlayout width="240" height="160">
	<control type="group">
	  <posx>10</posx>
	  <posy>10</posy>
	  <control type="image">
	    <posx>0</posx>
	    <posy>0</posy>
	    <width>200</width>
	    <height>115</height>
	    <texture>all_img_smallborder_roll.png</texture>
	  </control>
	  <control type="image">
	    <posx>3</posx>
	    <posy>3</posy>
	    <width>194</width>
	    <height>109</height>
	    <info>ListItem.Thumb</info>
	  </control>
	  <control type="label">
	    <posx>0</posx>
	    <posy>105</posy>
	    <width>194</width>
	    <height>50</height>
	    <font>font14</font>
	    <align>left</align>
	    <aligny>center</aligny>
	    <info>ListItem.Label</info>
	    <textcolor>white</textcolor>
	    <wrapmultiline>true</wrapmultiline>
	  </control>
	</control>
      </focusedlayout>
<!--
      <itemlayout width="376" height="282">
	<control type="group">
	  <posx>10</posx>
	  <posy>10</posy>

	  <control type="image">
	    <posx>0</posx>
	    <posy>0</posy>
	    <width>342</width>
	    <height>195</height>
	    <texture>result_border.png</texture>
	  </control>

	  <control type="image">
	    <posx>3</posx>
	    <posy>3</posy>
	    <width>336</width>
	    <height>189</height>
	    <info>ListItem.Thumb</info>
	  </control>

	  <control type="label">
	    <posx>0</posx>
	    <posy>195</posy>
	    <width>240</width>
	    <height>50</height>
	    <font>font18</font>
	    <align>left</align>
	    <aligny>center</aligny>
	    <info>ListItem.Label</info>
	    <textcolor>white</textcolor>
	    <wrapmultiline>true</wrapmultiline>
	  </control>

	</control>
      </itemlayout>

      <focusedlayout width="376" height="282">
	<control type="group">
	  <posx>10</posx>
	  <posy>10</posy>

	  <control type="image">
	    <posx>0</posx>
	    <posy>0</posy>
	    <width>342</width>
	    <height>195</height>
	    <texture>result_border_roll.png</texture>
	  </control>

	  <control type="image">
	    <posx>3</posx>
	    <posy>3</posy>
	    <width>336</width>
	    <height>189</height>
	    <info>ListItem.Thumb</info>
	  </control>

	  <control type="label">
	    <posx>0</posx>
	    <posy>195</posy>
	    <width>240</width>
	    <height>50</height>
	    <font>font18</font>
	    <align>left</align>
	    <aligny>center</aligny>
	    <info>ListItem.Label</info>
	    <textcolor>white</textcolor>
	    <wrapmultiline>true</wrapmultiline>
	  </control>

	</control>
      </focusedlayout>

-->
      <content type="url" >
	<onclick lang="python">
<![CDATA[
import mc
import utils

focus = mc.GetWindow(14001).GetList(201).GetFocusedItem()
playlist = mc.GetWindow(14001).GetList(201).GetItems()
utils.PlayerController().playItemFullscreen(focus, playlist)

]]>
	</onclick>
      </content>
    </control>
    <control type="group">
      <posx>900</posx>
      <posy>5</posy>
      <visible>Player.HasMedia + !Player.Caching + !Window.IsVisible(DialogProgress.xml)</visible>
      <control type="button" id="250">
	<posx>0</posx>
	<posy>0</posy>
	<width>375</width>
	<height>50</height>
	<texturefocus>gray.png</texturefocus>
	<texturenofocus>gray.png</texturenofocus>
	<onclick>ActivateWindow(FullscreenVideo)</onclick>
      </control>
      <control type="label">
	<posx>5</posx>
	<posy>5</posy>
	<width>365</width>
	<height>20</height>
	<label>Now Playing...</label>
      </control>
      <control type="label">
	<posx>5</posx>
	<posy>25</posy>
	<width>365</width>
	<height>20</height>
	<label>$INFO[VideoPlayer.Title]</label>
      </control>
    </control>
    <control type="label" id="230">
      <posx>0</posx>
      <posy>350</posy>
      <width>1280</width>
      <height>60</height>
      <label>Loading...</label>
      <font>font36b</font>
      <align>center</align>
    </control>
  </controls>
</window>