<?xml version="1.0" encoding="utf-8" ?>

<app>
  <id>vobes</id>
  <name>vobes</name>
  <version>1.0</version>
  <description>Richard Vobes is an English Entertainer and explores the world around him in video and sound. His shows come from a Beach Hut on the south coast of England and comprises history, walks, investigation, beverages and of course, comedy. We do hope you will enjoy this rather unusual performer.</description>
  <thumb>http://dir.boxee.tv/apps/vobes/thumb.png</thumb>
  <media>video</media>
  <copyright>Richard Vobes 2010</copyright>
  <email>richard@vobes.com.com</email>
  <type>skin</type>
  <startWindow>14000</startWindow>
  <platform>all</platform>
  <minversion>0.9.11</minversion>
  </app>