<?xml version="1.0"?>
<window type="window" id="14000">
    <defaultcontrol always="true">110</defaultcontrol>
    <allowoverlay>no</allowoverlay>
    <controls>
        <control type="image">
            <posx>0</posx>
            <posy>0</posy>
            <width>1280</width>
            <height>720</height>
            <texture>black.png</texture>
        </control>
        <!-- Splashscreen start (maybe remove the splashscreen for every country except germany)-->
        <control type="group" id="100">
            <control type="image">
                <posx>456</posx>
                <posy>170</posy>
                <width>366</width>
                <height>90</height>
                <texture>logoblack.png</texture>
            </control>
            <control type="label">
                <posx>280</posx>
                <posy>260</posy>
                <width>700</width>
                <height>180</height>
                <label>WARNING: This App contains explicit adult material.[CR]You may only enter this App if you are at least 18 years of age, or at least the age of majority in the jurisdiction where you reside or from which you access this App. If you do not meet these requirements, then you do not have permission to use the App.</label>
                <font>sans28</font>
                <align>center</align>
                <wrapmultiline>true</wrapmultiline>
            </control>
            <control type="button" id="110">
                <posx>500</posx>
                <posy>500</posy>
                <width>120</width>
                <height>50</height>
                <label>Enter</label>
                <font>sans28b</font>
                <textcolor>white</textcolor>
                <focusedcolor>black</focusedcolor>
                <disabledcolor>disabled</disabledcolor>
                <texturenofocus border="16" diffuse="464646.png">button_8_pixel.png</texturenofocus>
                <texturefocus border="16" diffuse="ee577c.png">button_8_pixel.png</texturefocus>
                <textureclick border="16" diffuse="f1f1f1.png">button_8_pixel.png</textureclick>
                <align>center</align>
                <aligny>center</aligny>
                <onright>120</onright>
                <onclick lang="python"><![CDATA[
import util
try:
    mc.GetActiveWindow().GetControl(100).SetVisible(False)
    mc.GetActiveWindow().GetControl(200).SetVisible(True)
    mc.GetActiveWindow().GetControl(200).SetFocus()

    mc.GetApp().GetLocalConfig().SetValue("pagecounter", "0")
    mc.GetApp().GetLocalConfig().SetValue("currentsection","rating")

    mc.ShowDialogWait()

    items = mc.ListItems()
    util.get_youporn_videos(items, "rating", 0)
    mc.GetActiveWindow().GetList(240).SetItems(items)

    mc.HideDialogWait()
except Exception, e:
    print str(e)
    mc.HideDialogWait()
]]></onclick>
            </control>
            <control type="button" id="120">
                <posx>660</posx>
                <posy>500</posy>
                <width>120</width>
                <height>50</height>
                <label>Leave</label>
                <font>sans28b</font>
                <textcolor>white</textcolor>
                <focusedcolor>black</focusedcolor>
                <disabledcolor>disabled</disabledcolor>
                <texturenofocus border="16" diffuse="464646.png">button_8_pixel.png</texturenofocus>
                <texturefocus border="16" diffuse="ee577c.png">button_8_pixel.png</texturefocus>
                <textureclick border="16" diffuse="f1f1f1.png">button_8_pixel.png</textureclick>
                <align>center</align>
                <aligny>center</aligny>
                <onleft>110</onleft>
                <onclick lang="python"><![CDATA[mc.CloseWindow()]]></onclick>
            </control>
        </control>
        <!-- Splashscreen end -->
        <control type="group" id="200">
            <animation type="Conditional" condition="Window.IsVisible(DialogProgress.xml)">
                <effect type="fade" start="100" end="25" time="200"/>
            </animation>
            <visible>false</visible>
            <defaultcontrol>240</defaultcontrol>
            <control type="image">
                <posx>0</posx>
                <posy>0</posy>
                <width>1280</width>
                <height>720</height>
                <texture>black.png</texture>
            </control>
            <control type="image">
                <posx>50</posx>
                <posy>25</posy>
                <width>366</width>
                <height>90</height>
                <texture>logoblack.png</texture>
            </control>
            <!-- submenu start -->
            <control type="grouplist" id="9000">
                <posx>450</posx>
                <posy>50</posy>
                <width>1200</width>
                <height>40</height>
                <itemgap>20</itemgap>
                <orientation>horizontal</orientation>
                <usecontrolcoords>false</usecontrolcoords>
                <onleft>-</onleft>
                <onright>-</onright>
                <onup>-</onup>
                <ondown>240</ondown>
                <control type="button" id="9001">
                    <width>180</width>
                    <height>40</height>
                    <label>New Videos</label>
                    <font>sans23</font>
                    <align>center</align>
                    <aligny>center</aligny>
                    <textcolor>white</textcolor>
                    <focusedcolor>black</focusedcolor>
                    <disabledcolor>disabled</disabledcolor>
                    <texturenofocus border="16" diffuse="464646.png">button_8_pixel.png</texturenofocus>
                    <texturefocus border="16" diffuse="ee577c.png">button_8_pixel.png</texturefocus>
                    <textureclick border="16" diffuse="f1f1f1.png">button_8_pixel.png</textureclick>
                    <onclick>Control.SetLabel(210,New Videos)</onclick>
                    <onclick lang="python"><![CDATA[
import util

try:
    mc.GetApp().GetLocalConfig().SetValue("pagecounter", "0")
    mc.GetApp().GetLocalConfig().SetValue("currentsection","rating")
    mc.ShowDialogWait()
    items = mc.ListItems()
    util.get_youporn_videos(items, "rating", 0)

    mc.GetWindow(14000).GetList(240).SetItems(items)
    mc.HideDialogWait()
except Exception, e:
    print str(e)
    mc.HideDialogWait()
]]></onclick>
		</control>
                <control type="button" id="9002">
                    <width>180</width>
                    <height>40</height>
                    <label>Most Viewed</label>
                    <font>sans23</font>
                    <align>center</align>
                    <aligny>center</aligny>
                    <textcolor>white</textcolor>
                    <focusedcolor>black</focusedcolor>
                    <disabledcolor>disabled</disabledcolor>
                    <texturenofocus border="16" diffuse="464646.png">button_8_pixel.png</texturenofocus>
                    <texturefocus border="16" diffuse="ee577c.png">button_8_pixel.png</texturefocus>
                    <textureclick border="16" diffuse="f1f1f1.png">button_8_pixel.png</textureclick>
                    <onclick>Control.SetLabel(210,Most Viewed)</onclick>
                    <onclick lang="python"><![CDATA[
import util

try:
    mc.GetApp().GetLocalConfig().SetValue("pagecounter", "0")
    mc.GetApp().GetLocalConfig().SetValue("currentsection","most_viewed")
    mc.ShowDialogWait()
    items = mc.ListItems()
    util.get_youporn_videos(items, "most_viewed", 0)

    mc.GetWindow(14000).GetList(240).SetItems(items)
    mc.HideDialogWait()
except Exception, e:
    print str(e)
    mc.HideDialogWait()
]]></onclick>
		</control>
                <control type="button" id="9003">
                    <width>180</width>
                    <height>40</height>
                    <label>Top Rated</label>
                    <font>sans23</font>
                    <align>center</align>
                    <aligny>center</aligny>
                    <textcolor>white</textcolor>
                    <focusedcolor>black</focusedcolor>
                    <disabledcolor>disabled</disabledcolor>
                    <texturenofocus border="16" diffuse="464646.png">button_8_pixel.png</texturenofocus>
                    <texturefocus border="16" diffuse="ee577c.png">button_8_pixel.png</texturefocus>
                    <textureclick border="16" diffuse="f1f1f1.png">button_8_pixel.png</textureclick>
                    <onclick>Control.SetLabel(210,Top Rated)</onclick>
                    <onclick lang="python"><![CDATA[
import util

try:
    mc.GetApp().GetLocalConfig().SetValue("pagecounter", "0")
    mc.GetApp().GetLocalConfig().SetValue("currentsection","top_rated")
    mc.ShowDialogWait()
    items = mc.ListItems()
    util.get_youporn_videos(items, "top_rated", 0)

    mc.GetWindow(14000).GetList(240).SetItems(items)
    mc.HideDialogWait()
except Exception, e:
    print str(e)
    mc.HideDialogWait()
]]></onclick>
                </control>
                <control type="button" id="9004">
                    <width>180</width>
                    <height>40</height>
                    <label>Search</label>
                    <font>sans23</font>
                    <align>center</align>
                    <aligny>center</aligny>
                    <textcolor>white</textcolor>
                    <focusedcolor>black</focusedcolor>
                    <disabledcolor>disabled</disabledcolor>
                    <texturenofocus border="16" diffuse="464646.png">button_8_pixel.png</texturenofocus>
                    <texturefocus border="16" diffuse="ee577c.png">button_8_pixel.png</texturefocus>
                    <textureclick border="16" diffuse="f1f1f1.png">button_8_pixel.png</textureclick>
                    <onclick>Control.SetLabel(210,Top Rated)</onclick>
                    <onclick lang="python"><![CDATA[
import util
import urllib
try:
    mc.GetApp().GetLocalConfig().SetValue("pagecounter", "0")
    query = mc.ShowDialogKeyboard("Search YouPorn", "", False)
    if len(query) > 0:
        query = urllib.quote_plus(query)
        mc.GetApp().GetLocalConfig().SetValue("currentsection","search")
        mc.GetApp().GetLocalConfig().SetValue("query",query)
        mc.ShowDialogWait()
        items = mc.ListItems()
        util.search_youporn_videos(items, query, 0)
        mc.GetWindow(14000).GetList(240).SetItems(items)
        mc.HideDialogWait()
except Exception, e:
    print str(e)
    mc.HideDialogWait()
]]></onclick>
                </control>
            </control>
            <!-- submenu end -->
            <control type="panel" id="240">
                <posx>40</posx>
                <posy>100</posy>
                <width>1200</width>
                <height>620</height>
                <onleft>-</onleft>
                <onright>-</onright>
                <onup>9000</onup>
                <ondown lang="python"><![CDATA[
import util

try:
    items = mc.GetWindow(14000).GetList(240).GetItems()
    num_items = len(items)
    page = int(mc.GetApp().GetLocalConfig().GetValue("pagecounter"))
    section = mc.GetApp().GetLocalConfig().GetValue("currentsection")
    page = page + 1
    mc.GetApp().GetLocalConfig().SetValue("pagecounter", str(page))
    mc.ShowDialogWait()
    if section == "search":
        query = mc.GetApp().GetLocalConfig().GetValue("query")
        util.search_youporn_videos(items, query, page)
    else:
        util.get_youporn_videos(items, section, page)

    mc.GetWindow(14000).GetList(240).SetItems(items)
    mc.GetWindow(14000).GetList(240).SetFocusedItem(num_items)
    mc.HideDialogWait()
except Exception, e:
    print str(e)
    mc.HideDialogWait()
]]></ondown>
                <scrolltime>200</scrolltime>
                <pagecontrol>60</pagecontrol>
                <orientation>vertical</orientation>
                <itemlayout width="200" height="240">
                    <control type="image">
                        <posx>10</posx>
                        <posy>10</posy>
                        <width>180</width>
                        <height>220</height>
                        <colordiffuse>F0464646</colordiffuse>
                        <texture>white.png</texture>
                    </control>
                    <control type="image">
                        <posx>20</posx>
                        <posy>20</posy>
                        <width>160</width>
                        <height>120</height>
                        <info>ListItem.Icon</info>
                        <aspectratio>scale</aspectratio>
                    </control>
                    <control type="label">
                        <posx>20</posx>
                        <posy>142</posy>
                        <width>160</width>
                        <height>60</height>
                        <font>sans16b</font>
                        <align>left</align>
                        <scroll>false</scroll>
                        <info>ListItem.Label</info>
                        <textcolor>FFEE5577C</textcolor>
                        <selectedcolor>FFEE5577C</selectedcolor>
                        <wrapmultiline>true</wrapmultiline>
                    </control>
                    <control type="image">
                        <posx>100</posx>
                        <posy>210</posy>
                        <width>80</width>
                        <height>13</height>
                        <aspectratio>keep</aspectratio>
                        <texture>icon_rating_star_$INFO[ListItem.property(custom:rating)].png</texture>
                    </control>
                    <control type="label">
                        <posx>20</posx>
                        <posy>194</posy>
                        <width>160</width>
                        <height>14</height>
                        <font>sans14b</font>
                        <align>left</align>
                        <aligny>bottom</aligny>
                        <label>$INFO[ListItem.property(custom:views),, views]</label>
                        <textcolor>grey</textcolor>
                        <selectedcolor>grey</selectedcolor>
                    </control>
                    <control type="label">
                        <posx>20</posx>
                        <posy>209</posy>
                        <width>80</width>
                        <height>14</height>
                        <font>sans14b</font>
                        <align>left</align>
                        <aligny>top</aligny>
                        <label>$INFO[ListItem.property(custom:runtime)]</label>
                        <textcolor>white</textcolor>
                        <selectedcolor>white</selectedcolor>
                    </control>
                </itemlayout>
                <focusedlayout width="200" height="240">
                    <control type="image">
                        <posx>10</posx>
                        <posy>10</posy>
                        <width>180</width>
                        <height>220</height>
                        <colordiffuse>FFEE5577C</colordiffuse>
                        <texture>white.png</texture>
                    </control>
                    <control type="image">
                        <posx>20</posx>
                        <posy>20</posy>
                        <width>160</width>
                        <height>120</height>
                        <info>ListItem.Icon</info>
                        <aspectratio>scale</aspectratio>
                    </control>
                    <control type="label">
                        <posx>20</posx>
                        <posy>142</posy>
                        <width>160</width>
                        <height>60</height>
                        <font>sans16b</font>
                        <align>left</align>
                        <scroll>false</scroll>
                        <info>ListItem.Label</info>
                        <textcolor>black</textcolor>
                        <selectedcolor>black</selectedcolor>
                        <wrapmultiline>true</wrapmultiline>
                    </control>
                    <control type="image">
                        <posx>100</posx>
                        <posy>210</posy>
                        <width>80</width>
                        <height>13</height>
                        <aspectratio>keep</aspectratio>
                        <texture>icon_rating_star_$INFO[ListItem.property(custom:rating)].png</texture>
                        <colordiffuse>black</colordiffuse>
                    </control>
                    <control type="label">
                        <posx>20</posx>
                        <posy>194</posy>
                        <width>160</width>
                        <height>14</height>
                        <font>sans14b</font>
                        <align>left</align>
                        <aligny>bottom</aligny>
                        <label>$INFO[ListItem.property(custom:views),, views]</label>
                        <textcolor>black</textcolor>
                        <selectedcolor>black</selectedcolor>
                    </control>
                    <control type="label">
                        <posx>20</posx>
                        <posy>209</posy>
                        <width>80</width>
                        <height>14</height>
                        <font>sans14b</font>
                        <align>left</align>
                        <aligny>bottom</aligny>
                        <label>$INFO[ListItem.property(custom:runtime)]</label>
                        <textcolor>black</textcolor>
                        <selectedcolor>black</selectedcolor>
                    </control>
                </focusedlayout>
                <content type="action">
                    <onclick lang="python"><![CDATA[
#import util
#mc.ShowDialogWait()
n = mc.GetActiveWindow().GetList(240).GetFocusedItem()
item = mc.GetActiveWindow().GetList(240).GetItem(n)
#util.play_youporn_link(item)
#mc.HideDialogWait()
mc.GetPlayer().Play(item)
]]></onclick>
                </content>
            </control>
            <control type="scrollbar" id="60">
                <visible>Control.IsVisible(240)</visible>
                <posx>1250</posx>
                <posy>110</posy>
                <width>6</width>
                <height>600</height>
                <texturesliderbackground diffuse="464646.png">white.png</texturesliderbackground>
                <texturesliderbar diffuse="ee577c.png">white.png</texturesliderbar>
                <texturesliderbarfocus diffuse="ee577c.png">white.png</texturesliderbarfocus>
                <orientation>vertical</orientation>
                <showonepage>false</showonepage>
            </control>
        </control>
	<!-- group 200 end -->
    </controls>
</window>
