<?xml version="1.0"?>
<window type="window" id="14009">
<onload lang="python"><![CDATA[
import wolfgang
import string

# Instantiate objects
myPoller = wolfgang.pollWolfgang()
myUi = wolfgang.ui()
myPublisher = wolfgang.Publisher(14009,120)

# Authenticate
config = mc.GetApp().GetLocalConfig()
username = config.GetValue("username")
password = config.GetValue("password")

if not username:
	mc.GetActiveWindow().GetControl(212).SetVisible(True)
	auth = None
else:
	auth = myPoller.auth(username, password)
	if isinstance(auth, str):
		mc.ShowDialogNotification("Login " + auth + ".  Please try again.")
		mc.GetActiveWindow().GetControl(212).SetVisible(True)
		auth = None
	else:
		mc.GetActiveWindow().GetControl(211).SetVisible(True)
		
mc.GetActiveWindow().GetControl(9000).SetVisible(False)
]]></onload>
	<defaultcontrol always="true">300</defaultcontrol>
	<allowoverlay>yes</allowoverlay>
	<controls>
		<control type="group">
			<control type="group" id="110">
				<visible>true</visible>
				<control type="image">
					<posx>0</posx>
					<posy>0</posy>
					<width>1280</width>
					<height>720</height>
					<texture>background-wv.png</texture>
				</control>
				<control type="image">
					<posx>0</posx>
					<posy>656</posy>
					<width>1280</width>
					<height>64</height>
					<texture>background-bottomnavigation.png</texture>
				</control>
				<control type="image">
					<posx>18</posx>
					<posy>20</posy>
					<width>1249</width>
					<height>52</height>
					<texture>header-browse.png</texture>
				</control>
				<control type="button"  id="111">
					<description>search box</description>
					<posx>18</posx>
					<posy>78</posy>
					<ondown>300</ondown>
					<onright>120</onright>
					<width>302</width>
					<height>50</height>
					<texturenofocus>input-search.png</texturenofocus>
					<texturefocus>input-searchfocused.png</texturefocus>
					<onclick lang="python"><![CDATA[
query = mc.ShowDialogKeyboard("Search", "", False)
if query:
	mc.ShowDialogWait()
	params = mc.Parameters()
	params["title"] = "search"
	params["query"] = query
	mc.GetApp().ActivateWindow( 14007, params )
	mc.ShowDialogWait()
]]></onclick>
				</control>
			</control>
			<control type="group">
				<description>Category Selector</description>
				<control type="list" id="300">
				    <onleft>-</onleft>
				    <onright>130</onright>
				    <onup>111</onup>
				    <ondown>200</ondown>
					<posx>18</posx>
					<posy>148</posy>
					<width>301</width>
					<height>184</height>
					<orientation>vertical</orientation>
					<itemlayout width="301" height="61">
						 <control type="image">
							<width>301</width>
							<height>51</height>
							<texture>background-track2.png</texture>
						 </control>
						<control type="label">
							<posx>10</posx>
							<posy></posy>
							<width>291</width>
							<height>51</height>
							<align>left</align>
							<aligny>center</aligny>
							<font>sans28b</font>
							<textcolor>white</textcolor>
							<label>[UPPERCASE]$INFO[ListItem.Label][/UPPERCASE]</label>
						</control>
					 </itemlayout>
					 <focusedlayout width="301" height="61">
						 <control type="image">
							<width>301</width>
							<height>51</height>
							<texture>background-track2.png</texture>
						 </control>
						 <control type="image">
						 	<visible>Control.HasFocus(300)</visible>
							<width>301</width>
							<height>51</height>
							<texture>background-trackfocused.png</texture>
						 </control>
						<control type="label">
							<posx>10</posx>
							<posy></posy>
							<width>291</width>
							<height>51</height>
							<align>left</align>
							<aligny>center</aligny>
							<font>sans28b</font>
							<textcolor>white</textcolor>
							<label>[UPPERCASE]$INFO[ListItem.Label][/UPPERCASE]</label>
						</control>
					 </focusedlayout>
					 <content type="action">
						<item><label>Performers</label><path>-</path><onclick>-</onclick></item>
						<item><label>Catalogs</label><path>-</path><onclick>-</onclick></item>
						<item><label>Genres</label><path>-</path><onclick>-</onclick></item>
					<onclick lang="python"><![CDATA[
mc.ShowDialogWait()
mc.LogDebug("%%%%%%%%%%%%%%%%%%%%%%%%%%%%%% Selecting detail... %%%%%%%%%%%%%%%%%%%%%%%%%%%%%%%%%%%%%%%%%%%%%%%%%%%%%%%%%%%%")
items = mc.GetActiveWindow().GetList(300).GetItems()
n = mc.GetActiveWindow().GetList(300).GetFocusedItem()
item = items[n]

if item.GetLabel() == "Performers":
	mc.GetActiveWindow().GetControl(500).SetVisible(False)
	mc.GetActiveWindow().GetControl(400).SetVisible(True)

	myPublisher = wolfgang.Publisher(14009,402)

	mc.GetActiveWindow().GetControl(401).SetFocus()
elif item.GetLabel() == "Catalogs":
	mc.GetActiveWindow().GetControl(500).SetVisible(True)
	mc.GetActiveWindow().GetControl(400).SetVisible(False)
	myPublisher = wolfgang.Publisher(14009,130)
	items = myPoller.GetCollectionListing()
	myPublisher.publishSelection(items, "Collection")
	mc.GetActiveWindow().GetControl(130).SetFocus()
elif item.GetLabel() == "Genres":
	mc.GetActiveWindow().GetControl(500).SetVisible(True)
	mc.GetActiveWindow().GetControl(400).SetVisible(False)
	myPublisher = wolfgang.Publisher(14009,130)
	items = myPoller.GetGenreListing()
	myPublisher.publishSelection(items, "Genre")
	mc.GetActiveWindow().GetControl(130).SetFocus()
mc.HideDialogWait()
]]></onclick>
					 </content>
				</control>
			</control>
			<control type="group" id="500">
				<control type="list" id="130">
					<description>Selection</description>
					<onup>6001</onup>
					<onleft>300</onleft>
					<onright>120</onright>
					<ondown>200</ondown>
					<posx>331</posx>
					<posy>80</posy>
					<width>302</width>
					<height>590</height>
					<scrolltime>200</scrolltime>
					<orientation>vertical</orientation>
					<itemlayout width="302" height="64">
						<control type="image">
							<posx>0</posx>
							<posy>0</posy>
							<width>302</width>
							<height>54</height>
							<texture>background-track2.png</texture>
                           </control>
						<control type="label">
							<posx>5</posx>
							<posy>0</posy>
							<width>290</width>
							<height>54</height>
							<font>sans21b</font>
							<align>left</align>
							<aligny>center</aligny>
							<label>[UPPERCASE]$INFO[ListItem.Label][/UPPERCASE]</label>
							<textcolor>white</textcolor>
						</control>
                    </itemlayout>
					<focusedlayout width="302" height="64">
						<control type="image">
							<posx>0</posx>
							<posy>0</posy>
							<width>302</width>
							<height>54</height>
							<texture>background-track2.png</texture>
                           </control>
						<control type="image">
							<visible>Control.HasFocus(130)</visible>
							<posx>0</posx>
							<posy>0</posy>
							<width>302</width>
							<height>54</height>
							<texture>background-trackfocused.png</texture>
                           </control>
						<control type="label">
							<posx>5</posx>
							<posy>0</posy>
							<width>290</width>
							<height>54</height>
							<font>sans21b</font>
							<align>left</align>
							<aligny>center</aligny>
							<label>[UPPERCASE]$INFO[ListItem.Label][/UPPERCASE]</label>
							<textcolor>white</textcolor>
						</control>
                    </focusedlayout>
                    <content type="action">
						<onclick lang="python"><![CDATA[
mc.ShowDialogWait()
mc.LogDebug("%%%%%%%%%%%%%%%%%%%%%%%%%%%%%% Selecting detail... %%%%%%%%%%%%%%%%%%%%%%%%%%%%%%%%%%%%%%%%%%%%%%%%%%%%%%%%%%%%")
items = mc.GetActiveWindow().GetList(130).GetItems()
n = mc.GetActiveWindow().GetList(130).GetFocusedItem()
item = items[n]

myPublisher = wolfgang.Publisher(14009,120)

if item.GetProperty("Selection") == "Collection":
	mc.LogDebug("%%%%%%%%%%%%%%%%%%%%%%%%%%%%%% Publishing concerts... %%%%%%%%%%%%%%%%%%%%%%%%%%%%%%%%%%%%%%%%%%%%%%%%%%%%%%%%%%%%")
	myPublisher = wolfgang.Publisher(14009,120)
	ID = item.GetProperty("CollectionID")
	summaries = myPoller.GetConcertsByCollectionID(ID)
	myPublisher.publishConcertSummaries(summaries)
elif item.GetProperty("Selection") == "Genre":
	mc.LogDebug("%%%%%%%%%%%%%%%%%%%%%%%%%%%%%% Publishing artists... %%%%%%%%%%%%%%%%%%%%%%%%%%%%%%%%%%%%%%%%%%%%%%%%%%%%%%%%%%%%")
	mc.GetActiveWindow().PushState()
	myPublisher = wolfgang.Publisher(14009,130)
	ID = item.GetProperty("GenreID")
	items = myPoller.GetArtistsByGenreID(ID)
	myPublisher.publishSearch(items)
else:
	mc.LogDebug("%%%%%%%%%%%%%%%%%%%%%%%%%%%%%% Publishing concerts... %%%%%%%%%%%%%%%%%%%%%%%%%%%%%%%%%%%%%%%%%%%%%%%%%%%%%%%%%%%%")
	ID = item.GetProperty("ArtistID")
	summaries = myPoller.GetConcertsByArtistIDWithRelatedArtists(ID)
	myPublisher.publishConcertSummaries(summaries)
mc.GetActiveWindow().GetControl(120).SetFocus()
mc.HideDialogWait()
]]></onclick>
					</content>
				</control>
				<control type="list" id="120">
					<description>Concert Select</description>
					<onup>6001</onup>
					<onleft>130</onleft>
					<ondown>200</ondown>
					<posx>645</posx>
					<posy>80</posy>
					<width>621</width>
					<height>590</height>
					<scrolltime>200</scrolltime>
					<orientation>vertical</orientation>
					<itemlayout width="621" height="132">
						<control type="image">
							<posx>0</posx>
							<posy>0</posy>
							<width>621</width>
							<height>122</height>
							<texture>background-track2.png</texture>
                           </control>
						<control type="image">
							<posx>9</posx>
							<posy>9</posy>
							<width>102</width>
							<height>102</height>
							<texture>background-listitemfocused.png</texture>
						</control>
						<control type="image">
							<posx>10</posx>
							<posy>10</posy>
							<width>99</width>
							<height>99</height>
							<texture>default.jpg</texture>
							<aspectratio>stretch</aspectratio>
						</control>
						<control type="image">
							<posx>10</posx>
							<posy>10</posy>
							<width>99</width>
							<height>99</height>
							<texture>$INFO[ListItem.Thumb]</texture>
							<aspectratio>stretch</aspectratio>
						</control>
						<control type="label">
							<posx>121</posx>
							<posy>15</posy>
							<width>621</width>
							<height>40</height>
							<font>sans28b</font>
							<align>left</align>
							<aligny>center</aligny>
							<label>[UPPERCASE]$INFO[ListItem.Label][/UPPERCASE]</label>
							<textcolor>white</textcolor>
						</control>
						<control type="label">
							<posx>121</posx>
							<posy>47</posy>
							<width>621</width>
							<height>50</height>
							<font>sans18</font>
							<align>left</align>
							<aligny>center</aligny>
							<label>$INFO[ListItem.property(custom:Venue)] ($INFO[ListItem.property(custom:Location)])[CR]$INFO[ListItem.property(custom:Date)]</label>
							<textcolor>white</textcolor>
							<wrapmultiline>true</wrapmultiline>
						</control>
                    </itemlayout>
					<focusedlayout width="625" height="132">
						<control type="image">
							<visible>!Control.HasFocus(120)</visible>
							<posx>0</posx>
							<posy>0</posy>
							<width>621</width>
							<height>122</height>
							<texture>background-track2.png</texture>
                           </control>
						<control type="image">
							<visible>Control.HasFocus(120)</visible>
							<posx>0</posx>
							<posy>0</posy>
							<width>621</width>
							<height>122</height>
							<texture>background-trackfocused.png</texture>
                           </control>
						<control type="image">
							<posx>9</posx>
							<posy>9</posy>
							<width>102</width>
							<height>102</height>
							<texture>background-listitemfocused.png</texture>
						</control>
						<control type="image">
							<posx>10</posx>
							<posy>10</posy>
							<width>99</width>
							<height>99</height>
							<texture>default.jpg</texture>
							<aspectratio>stretch</aspectratio>
						</control>
						<control type="image">
							<posx>10</posx>
							<posy>10</posy>
							<width>99</width>
							<height>99</height>
							<texture>$INFO[ListItem.Thumb]</texture>
							<aspectratio>stretch</aspectratio>
						</control>
						<control type="label">
							<posx>121</posx>
							<posy>15</posy>
							<width>621</width>
							<height>40</height>
							<font>sans28b</font>
							<align>left</align>
							<aligny>center</aligny>
							<label>[UPPERCASE]$INFO[ListItem.Label][/UPPERCASE]</label>
							<textcolor>white</textcolor>
						</control>
						<control type="label">
							<posx>121</posx>
							<posy>47</posy>
							<width>621</width>
							<height>50</height>
							<font>sans18</font>
							<align>left</align>
							<aligny>center</aligny>
							<label>$INFO[ListItem.property(custom:Venue)] ($INFO[ListItem.property(custom:Location)])[CR]$INFO[ListItem.property(custom:Date)]</label>
							<textcolor>white</textcolor>
							<wrapmultiline>true</wrapmultiline>
						</control>
                    </focusedlayout>
                    <content type="action">
						<onclick lang="python"><![CDATA[
mc.ShowDialogWait()
mc.LogDebug("%%%%%%%%%%%%%%%%%%%%%%%%%%%%%% Onclick play... %%%%%%%%%%%%%%%%%%%%%%%%%%%%%%%%%%%%%%%%%%%%%%%%%%%%%%%%%%%%")
myPublisher = wolfgang.Publisher(14001,120)

if mc.GetPlayer().IsPlaying():
	mc.GetPlayer().Stop()
items = mc.GetActiveWindow().GetList(120).GetItems()
n = mc.GetActiveWindow().GetList(120).GetFocusedItem()
item = items[n]
PlayConcertID = item.GetProperty("ConcertID")
if not auth:
	mc.ShowDialogOk("Login / Register", "You must be authenticated to play a concert.  Please login.")
	myPublisher = wolfgang.Publisher(14009,120)
	myUi.showAuth()
else:
	myPublisher.playConcert(PlayConcertID, auth["SessionID"], auth["IsWVIPMember"])
mc.HideDialogWait()
]]></onclick>
					</content>
				</control>
			</control>
			<control type="group" id="400">
				<visible>false</visible>
				<description>Performer Select</description>
				<control type="image">
					<posx>332</posx>
					<posy>76</posy>
					<width>195</width>
					<height>13</height>
					<texture>label-filterourperformers.png</texture>
				</control>
				<control type="image">
					<posx>334</posx>
					<posy>112</posy>
					<width>297</width>
					<height>287</height>
					<texture>background-listitem2.png</texture>
				</control>
				<control type="panel" id="401">
					<onleft>300</onleft>
					<onright>402</onright>
					<ondown>200</ondown>
					<posx>355</posx>
					<posy>136</posy>
					<width>271</width>
					<height>275</height>
					<pagecontrol></pagecontrol>
					<orientation>vertical</orientation>
					<itemlayout width="42" height="41">
						<control type="label">
							<posx>17</posx>
							<posy></posy>
							<width>34</width>
							<height>33</height>
							<align>center</align>
							<aligny>center</aligny>
							<font>sans28b</font>
							<textcolor>white</textcolor>
							<info>ListItem.Label</info>
						</control>
					 </itemlayout>
					 <focusedlayout width="42" height="41">
						<control type="group">
							 <control type="image">
								<posx></posx>
								<posy></posy>
								<width>34</width>
								<height>33</height>
								<texture>background-trackfocused.png</texture>
							 </control>
							 <control type="label">
								<posx>17</posx>
								<posy></posy>
								<width>34</width>
								<height>33</height>
								<align>center</align>
								<aligny>center</aligny>
								<font>sans28b</font>
								<textcolor>white</textcolor>
								<info>ListItem.Label</info>
							 </control>
							 <visible>Control.HasFocus(401)</visible>
						</control>
						<control type="group">
							 <control type="image">
								<posx></posx>
								<posy></posy>
								<width>34</width>
								<height>33</height>
								<texture>white.png</texture>
								<colordiffuse>DDFF9900</colordiffuse>
							 </control>
							 <control type="label">
								<posx>17</posx>
								<posy></posy>
								<width>34</width>
								<height>33</height>
								<align>center</align>
								<aligny>center</aligny>
								<font>sans28b</font>
								<textcolor>white</textcolor>
								<info>ListItem.Label</info>
							 </control>
							 <visible>!Control.HasFocus(401)</visible>
						</control>
					 </focusedlayout>
					 <content type="action">
						<item><label>A</label><path>-</path><onclick>-</onclick></item>
						<item><label>B</label><path>-</path><onclick>-</onclick></item>
						<item><label>C</label><path>-</path><onclick>-</onclick></item>
						<item><label>D</label><path>-</path><onclick>-</onclick></item>
						<item><label>E</label><path>-</path><onclick>-</onclick></item>
						<item><label>F</label><path>-</path><onclick>-</onclick></item>
						<item><label>G</label><path>-</path><onclick>-</onclick></item>
						<item><label>H</label><path>-</path><onclick>-</onclick></item>
						<item><label>I</label><path>-</path><onclick>-</onclick></item>
						<item><label>J</label><path>-</path><onclick>-</onclick></item>
						<item><label>K</label><path>-</path><onclick>-</onclick></item>
						<item><label>L</label><path>-</path><onclick>-</onclick></item>
						<item><label>M</label><path>-</path><onclick>-</onclick></item>
						<item><label>N</label><path>-</path><onclick>-</onclick></item>
						<item><label>O</label><path>-</path><onclick>-</onclick></item>
						<item><label>P</label><path>-</path><onclick>-</onclick></item>
						<item><label>Q</label><path>-</path><onclick>-</onclick></item>
						<item><label>R</label><path>-</path><onclick>-</onclick></item>
						<item><label>S</label><path>-</path><onclick>-</onclick></item>
						<item><label>T</label><path>-</path><onclick>-</onclick></item>
						<item><label>U</label><path>-</path><onclick>-</onclick></item>
						<item><label>V</label><path>-</path><onclick>-</onclick></item>
						<item><label>W</label><path>-</path><onclick>-</onclick></item>
						<item><label>X</label><path>-</path><onclick>-</onclick></item>
						<item><label>Y</label><path>-</path><onclick>-</onclick></item>
						<item><label>Z</label><path>-</path><onclick>-</onclick></item>
						<item><label>$INFO[]0</label><path>-</path><onclick>-</onclick></item>
						<item><label>$INFO[]1</label><path>-</path><onclick>-</onclick></item>
						<item><label>$INFO[]2</label><path>-</path><onclick>-</onclick></item>
						<item><label>$INFO[]3</label><path>-</path><onclick>-</onclick></item>
						<item><label>$INFO[]4</label><path>-</path><onclick>-</onclick></item>
						<item><label>$INFO[]5</label><path>-</path><onclick>-</onclick></item>
						<item><label>$INFO[]6</label><path>-</path><onclick>-</onclick></item>
						<item><label>$INFO[]7</label><path>-</path><onclick>-</onclick></item>
						<item><label>$INFO[]8</label><path>-</path><onclick>-</onclick></item>
						<item><label>$INFO[]9</label><path>-</path><onclick>-</onclick></item>
						<onclick lang="python"><![CDATA[
items = mc.GetActiveWindow().GetList(401).GetItems()
n = mc.GetActiveWindow().GetList(401).GetFocusedItem()
item = items[n]
label = item.GetLabel()
mc.ShowDialogWait()
mc.GetActiveWindow().PushState()
myPublisher = wolfgang.Publisher(14009,402)
search = myPoller.GetArtistListing(label)
myPublisher.publishSearch(search)
mc.GetActiveWindow().GetControl(402).SetFocus()
mc.HideDialogWait()
]]></onclick>
					 </content>
				</control>
				<control type="list" id="402">
					<description>Performer Select</description>
					<onup>6001</onup>
					<onleft>401</onleft>
					<ondown>200</ondown>
					<posx>645</posx>
					<posy>80</posy>
					<width>591</width>
					<height>590</height>
					<scrolltime>200</scrolltime>
					<pagecontrol>450</pagecontrol>
					<orientation>vertical</orientation>
					<itemlayout width="591" height="64">
						<control type="image">
							<posx>0</posx>
							<posy>0</posy>
							<width>591</width>
							<height>54</height>
							<texture>background-track2.png</texture>
                           </control>
						<control type="label">
							<posx>10</posx>
							<posy>0</posy>
							<width>578</width>
							<height>54</height>
							<font>sans28b</font>
							<align>left</align>
							<aligny>center</aligny>
							<label>[UPPERCASE]$INFO[ListItem.Label][/UPPERCASE]</label>
							<textcolor>white</textcolor>
						</control>
                    </itemlayout>
					<focusedlayout width="591" height="64">
						<control type="image">
							<visible>!Control.HasFocus(402)</visible>
							<posx>0</posx>
							<posy>0</posy>
							<width>591</width>
							<height>54</height>
							<texture>background-track2.png</texture>
                           </control>
						<control type="image">
							<visible>Control.HasFocus(402)</visible>
							<posx>0</posx>
							<posy>0</posy>
							<width>591</width>
							<height>54</height>
							<texture>background-trackfocused.png</texture>
                           </control>
						<control type="label">
							<visible>!Control.HasFocus(402)</visible>
							<posx>10</posx>
							<posy>0</posy>
							<width>578</width>
							<height>54</height>
							<font>sans28b</font>
							<align>left</align>
							<aligny>center</aligny>
							<label>[UPPERCASE]$INFO[ListItem.Label][/UPPERCASE]</label>
							<textcolor>white</textcolor>
						</control>
						<control type="label">
							<visible>Control.HasFocus(402)</visible>
							<posx>10</posx>
							<posy>0</posy>
							<width>578</width>
							<height>54</height>
							<font>sans28b</font>
							<align>left</align>
							<aligny>center</aligny>
							<label>[UPPERCASE]$INFO[ListItem.Label][/UPPERCASE]</label>
							<textcolor>white</textcolor>
							<scroll>true</scroll>
						</control>
                    </focusedlayout>
                    <content type="action">
						<onclick lang="python"><![CDATA[
mc.ShowDialogWait()
mc.LogDebug("%%%%%%%%%%%%%%%%%%%%%%%%%%%%%% Finding concerts by artist... %%%%%%%%%%%%%%%%%%%%%%%%%%%%%%%%%%%%%%%%%%%%%%%%%%%%%%%%%%%%")
items = mc.GetActiveWindow().GetList(402).GetItems()
n = mc.GetActiveWindow().GetList(402).GetFocusedItem()
item = items[n]
item.Dump()
ArtistID = item.GetProperty("ArtistID")

params = mc.Parameters()
params["title"] = "Artist Detail"
params["ArtistID"] = ArtistID
mc.GetApp().ActivateWindow( 14010, params )
mc.HideDialogWait()
]]></onclick>
					</content>
				</control>
				<control type="scrollbar" id="450">
					<visible>true</visible>
					<posx>1246</posx>
					<posy>80</posy>
					<width>16</width>
					<height>582</height>
					<texturesliderbarfocus border="8">scroll-bit.png</texturesliderbarfocus>
					<textureslidernib>scroll-bit.png</textureslidernib>
					<textureslidernibfocus>scroll-bit.png</textureslidernibfocus>
					<texturesliderbackground>scroll-bar.png</texturesliderbackground>
					<orientation>vertical</orientation>
					<showonepage>false</showonepage>
				</control>
			</control>
			<control type="group">
				<animation type="Conditional" condition="Window.IsVisible(DialogProgress.xml)">
					<effect type="fade" start="100" end="20" time="200"/>
				</animation>
				<animation type="Conditional" condition="Control.HasFocus(120) | Control.HasFocus(300)">
		            <effect type="fade" start="100" end="40" time="240"/>
	    	    </animation>
				<description>Navigation</description>
				<control type="grouplist" id="200">
		    	    <onup>300</onup>
		    	    <onleft>-</onleft>
		    	    <onright>210</onright>
					<posx>20</posx>
					<posy>680</posy>
					<width>1000</width>
					<height>32</height>
					<itemgap>20</itemgap>
					<orientation>horizontal</orientation>
					<control type="button" id="201">
						<width>112</width>
						<height>32</height>
						<texturefocus>button-featuredfocused.png</texturefocus>
						<texturenofocus>button-featured.png</texturenofocus>
						<onclick lang="python"><![CDATA[
mc.ShowDialogWait()
params = mc.Parameters()
params["title"] = "Featured"
mc.GetApp().ActivateWindow( 14000, params )
mc.HideDialogWait()
]]></onclick>
					</control>
					<control type="button" id="202">
						<width>92</width>
						<height>32</height>
						<texturefocus>button-searchfocused.png</texturefocus>
						<texturenofocus>button-search.png</texturenofocus>
						<onclick lang="python"><![CDATA[
query = mc.ShowDialogKeyboard("Search", "", False)
if query:
	mc.ShowDialogWait()
	params = mc.Parameters()
	params["title"] = "search"
	params["query"] = query
	mc.GetApp().ActivateWindow( 14007, params )
	mc.ShowDialogWait()
]]></onclick>
					</control>
					<control type="button" id="203">
						<width>99</width>
						<height>32</height>
						<texturefocus>button-browsefocused.png</texturefocus>
						<texturenofocus>button-browse.png</texturenofocus>
						<onclick lang="python"><![CDATA[
mc.ShowDialogWait()
params = mc.Parameters()
params["title"] = "Browse"
mc.GetApp().ActivateWindow( 14009, params )
mc.HideDialogWait()
]]></onclick>
					</control>		
					<control type="button" id="204">
						<width>149</width>
						<height>32</height>
						<texturefocus>button-mostplayedfocused.png</texturefocus>
						<texturenofocus>button-mostplayed.png</texturenofocus>
						<onclick lang="python"><![CDATA[
mc.ShowDialogWait()
params = mc.Parameters()
params["title"] = "Most Played" 
mc.GetApp().ActivateWindow( 14006, params )
mc.HideDialogWait()
]]></onclick>
					</control>
					<control type="button" id="205">
						<width>154</width>
						<height>32</height>
						<texturefocus>button-myfavoritesfocused.png</texturefocus>
						<texturenofocus>button-myfavorites.png</texturenofocus>
						<onclick lang="python"><![CDATA[
mc.ShowDialogWait()
params = mc.Parameters()
params["title"] = "My Favorites" 
mc.GetApp().ActivateWindow( 14002, params )
mc.HideDialogWait()
]]></onclick>
					</control>
					<control type="button" id="206">
						<width>113</width>
						<height>32</height>
						<texturefocus>button-playlistsfocused.png</texturefocus>
						<texturenofocus>button-playlists.png</texturenofocus>
						<onclick lang="python"><![CDATA[
mc.ShowDialogWait()
params = mc.Parameters()
params["title"] = "Playlists" 
mc.GetApp().ActivateWindow( 14003, params )
mc.HideDialogWait()
]]></onclick>
					</control>
					<control type="button" id="207">
						<width>152</width>
						<height>32</height>
						<texturefocus>button-vaultradiofocused.png</texturefocus>
						<texturenofocus>button-vaultradio.png</texturenofocus>
						<onclick lang="python"><![CDATA[
mc.ShowDialogWait()
params = mc.Parameters()
params["title"] = "Vault Radio" 
mc.GetApp().ActivateWindow( 14004, params )
mc.HideDialogWait()
]]></onclick>
					</control>
				</control>
				<control type="grouplist" id="210">
					<onup>120</onup>
					<onleft>200</onleft>
					<posx>1180</posx>
					<posy>680</posy>
					<width>92</width>
					<height>32</height>
					<orientation>horizontal</orientation>
					<control type="button" id="211">
						<visible>false</visible>
						<description>Logout</description>
						<width>92</width>
						<height>32</height>
						<texturefocus>button-logoutfocused.png</texturefocus>
						<texturenofocus>button-logout.png</texturenofocus>
						<onclick lang="python"><![CDATA[
mc.ShowDialogNotification("Logging out...")
config.ResetAll()
auth = None
mc.GetActiveWindow().GetControl(211).SetVisible(False)
mc.GetActiveWindow().GetControl(212).SetVisible(True)
myUi.showAuth()		
]]></onclick>		
					</control>
					<control type="button" id="212">
						<visible>false</visible>
						<description>Login</description>
						<width>74</width>
						<height>32</height>
						<texturefocus>button-loginbottomfocused.png</texturefocus>
						<texturenofocus>button-loginbottom.png</texturenofocus>
						<onclick lang="python"><![CDATA[
myUi.showAuth()
]]></onclick>
					</control>
				</control> 
			</control>
			<control type="group" id="8000">
				<description>Login / Registration</description>
				<visible>false</visible>
				<control type="image">
					<posx>0</posx>
					<posy>0</posy>
					<width>1280</width>
					<height>720</height>
					<texture>background-shade.png</texture>
				</control>
				<control type="image">
					<posx>157</posx>
					<posy>71</posy>
					<width>966</width>
					<height>578</height>
					<texture>background-login.png</texture>
				</control>
				<control type="group">
					<description>Registration</description>
					<control type="image">
						<visible>Control.HasFocus(8101) | Control.HasFocus(8102) | Control.HasFocus(8103) | Control.HasFocus(8104) | Control.HasFocus(8106) | Control.HasFocus(8201) | Control.HasFocus(8202) | Control.HasFocus(8203) | Control.HasFocus(8301) | Control.HasFocus(8302)</visible>
						<posx>188</posx>
						<posy>166</posy>
						<width>424</width>
						<height>457</height>
						<texture>background-loginselected.png</texture>
					</control>
					<control type="image">
						<posx>194</posx>
						<posy>173</posy>
						<width>408</width>
						<height>381</height>
						<texture>background-registration.png</texture>
					</control>
					<control type="grouplist" id="8100">
						<onup>-</onup>
						<ondown>8200</ondown>
						<onleft>-</onleft>
						<onright>8400</onright>
						<posx>198</posx>
						<posy>279</posy>
						<width>321</width>
						<height>182</height>
	                    			<itemgap>19</itemgap>
	                    <orientation>vertical</orientation>
						<control type="edit" id="8101">
		                    <description>Screen Name</description>
							<width>321</width>
							<height>31</height>
		                    <align>left</align>
		                    <aligny>center</aligny>
		                    <font>sans23</font>
		                    <textcolor>grey</textcolor>
		                    <focusedcolor>white</focusedcolor>
		                    <texturenofocus>-</texturenofocus>
		                    <texturefocus>input-registerfocused.png</texturefocus>
		                </control>
						<control type="edit" id="8102">
		                    <description>Email</description>
							<width>321</width>
							<height>31</height>
		                    <align>left</align>
		                    <aligny>center</aligny>
		                    <font>sans23</font>
		                    <textcolor>grey</textcolor>
		                    <focusedcolor>white</focusedcolor>
		                    <texturenofocus>-</texturenofocus>
		                    <texturefocus>input-registerfocused.png</texturefocus>
		                </control>
						<control type="edit" id="8103">
		                    <description>Password</description>
		                    <password>true</password>
							<width>321</width>
							<height>31</height>
		                    <align>left</align>
		                    <aligny>center</aligny>
		                    <font>sans23</font>
		                    <textcolor>grey</textcolor>
		                    <focusedcolor>white</focusedcolor>
		                    <texturenofocus>-</texturenofocus>
		                    <texturefocus>input-registerfocused.png</texturefocus>
		                </control>
						<control type="edit" id="8104">
		                    <description>Verify Password</description>
		                    <password>true</password>
							<width>321</width>
							<height>31</height>
		                    <align>left</align>
		                    <aligny>center</aligny>
		                    <font>sans23</font>
		                    <textcolor>grey</textcolor>
		                    <focusedcolor>white</focusedcolor>
		                    <texturenofocus>-</texturenofocus>
		                    <texturefocus>input-registerfocused.png</texturefocus>
		                </control>
					</control>
					<control type="grouplist" id="8200">
						<onup>8100</onup>
						<ondown>8300</ondown>
						<onleft>-</onleft>
						<onright>8400</onright>
						<posx>326</posx>
						<posy>483</posy>
						<width>310</width>
						<height>29</height>
	                    <itemgap>23</itemgap>
	                    <orientation>horizontal</orientation>
						<control type="edit" id="8201">
		                    <description>Month</description>
							<width>42</width>
							<height>25</height>
							<textoffsetx></textoffsetx>
		                    <align>center</align>
		                    <aligny>center</aligny>
		                    <font>sans23</font>
		                    <textcolor>grey</textcolor>
		                    <focusedcolor>white</focusedcolor>
		                    <texturenofocus>-</texturenofocus>
		                    <texturefocus>input-datefocused.png</texturefocus>
		                </control>
						<control type="edit" id="8202">
		                    <description>Day</description>
							<width>44</width>
							<height>25</height>
							<textoffsetx></textoffsetx>
		                    <align>center</align>
		                    <aligny>center</aligny>
		                    <font>sans23</font>
		                    <textcolor>grey</textcolor>
		                    <focusedcolor>white</focusedcolor>
		                    <texturenofocus>-</texturenofocus>
		                    <texturefocus>input-datefocused.png</texturefocus>
		                </control>
						<control type="edit" id="8203">
		                    <description>Year</description>
							<width>70</width>
							<height>25</height>
							<textoffsetx>6</textoffsetx>
		                    <align>left</align>
		                    <aligny>center</aligny>
		                    <font>sans23</font>
		                    <textcolor>grey</textcolor>
		                    <focusedcolor>white</focusedcolor>
		                    <texturenofocus>-</texturenofocus>
		                    <texturefocus>input-yearfocused.png</texturefocus>
		                </control>
					</control>
					<control type="grouplist" id="8300">
						<onup>8200</onup>
						<ondown>8106</ondown>
						<onleft>-</onleft>
						<onright>8400</onright>
						<posx>279</posx>
						<posy>538</posy>
						<width>190</width>
						<height>19</height>
	                    <itemgap>54</itemgap>
	                    <orientation>horizontal</orientation>
							<control type="togglebutton" id="8301">
								<description>Male</description>   
								<width>19</width>
								<height>19</height>
								<radioposx>2</radioposx>
								<radioposy>2</radioposy>
								<radiowidth>19</radiowidth>
								<radioheight>19</radioheight>
								<texturefocus>button-radiofocused.png</texturefocus>
								<texturenofocus>button-radio.png</texturenofocus>
								<alttexturefocus>button-radioselectedfocused.png</alttexturefocus>
								<alttexturenofocus>button-radioselected.png</alttexturenofocus>
								<onclick lang="python"><![CDATA[
mc.GetActiveWindow().GetToggleButton(8302).SetSelected(False)
]]></onclick>
							</control>
							<control type="togglebutton" id="8302">   
								<description>Female</description>
								<width>19</width>
								<height>19</height>
								<radioposx>2</radioposx>
								<radioposy>2</radioposy>
								<radiowidth>19</radiowidth>
								<radioheight>19</radioheight>
								<texturefocus>button-radiofocused.png</texturefocus>
								<texturenofocus>button-radio.png</texturenofocus>
								<alttexturefocus>button-radioselectedfocused.png</alttexturefocus>
								<alttexturenofocus>button-radioselected.png</alttexturenofocus>
								<onclick lang="python"><![CDATA[
mc.GetActiveWindow().GetToggleButton(8301).SetSelected(False)
]]></onclick>
							</control>
					</control>
	                <control type="button" id="8106">
	                    <description>Register button</description>
						<onup>8300</onup>
						<ondown>-</ondown>
						<onleft>-</onleft>
						<onright>8400</onright>
	                    <posx>466</posx>
	                    <posy>574</posy>
						<width>134</width>
						<height>40</height>
	                    <texturenofocus>button-register.png</texturenofocus>
	                    <texturefocus>button-registerfocused.png</texturefocus>
						<onclick lang="python"><![CDATA[
gender = "Neuter"
email = mc.GetActiveWindow().GetEdit(8102).GetText()
password = mc.GetActiveWindow().GetEdit(8103).GetText()
birthyear = mc.GetActiveWindow().GetEdit(8203).GetText()
screenname = mc.GetActiveWindow().GetEdit(8101).GetText()

if mc.GetActiveWindow().GetToggleButton(8301).IsSelected():
	gender = "2"
if mc.GetActiveWindow().GetToggleButton(8302).IsSelected():
	gender = "3"
	
if mc.GetActiveWindow().GetEdit(8103).GetText() != mc.GetActiveWindow().GetEdit(8104).GetText():
	mc.ShowDialogOk("Password Mismatch", "Your password confirmation did not work. Please try again.")
elif gender == "Neuter":
	mc.ShowDialogOk("Missing info", "Please select a gender.")
elif len(email) == 0:
	mc.ShowDialogOk("Missing info", "Please input your email address.")
elif len(password) == 0:
	mc.ShowDialogOk("Missing info", "Please input your password.")
elif len(birthyear) == 0:
	mc.ShowDialogOk("Missing info", "Please input your birth year.")
elif len(screenname) == 0:
	mc.ShowDialogOk("Missing info", "Please input your screen name.")
else:	
	mc.ShowDialogWait()
	mc.ShowDialogNotification("Registering on Wolfgang's Vault...")
	register = myPoller.RegisterUser(email, password, gender, birthyear, screenname)
	
	mc.LogDebug("%%%%%%%%%%%%%%%%%%%%%%%%%%%%%% Registration result... %%%%%%%%%%%%%%%%%%%%%%%%%%%%%%%%%%%%%%%%%%%%%%%%%%%%%%%%%%%%")
	print register
	
	if register == "Failed":
		mc.HideDialogWait()
		mc.ShowDialogOk("Connection Failed", "We could not connect to the authorization server.  Please wait a few minutes and try again.")
		mc.GetActiveWindow().GetEdit(8103).SetText("")
		mc.GetActiveWindow().GetEdit(8104).SetText("")
		mc.GetActiveWindow().GetControl(8103).SetFocus()
	elif isinstance(register, str):
		mc.HideDialogWait()
		mc.ShowDialogOk(register, "Please try again.")
		mc.GetActiveWindow().GetEdit(8103).SetText("")
		mc.GetActiveWindow().GetEdit(8104).SetText("")
		mc.GetActiveWindow().GetControl(8103).SetFocus()
	else:
		mc.ShowDialogNotification("Registration successful!")
		config = mc.GetApp().GetLocalConfig()
		config.SetValue("username", email)
		config.SetValue("password", password)
		mc.GetActiveWindow().GetControl(212).SetVisible(False)
		mc.GetActiveWindow().GetControl(211).SetVisible(True)
		auth = myPoller.auth(email, password)
		mc.HideDialogWait()
		myUi.hideAuth(120)
]]></onclick>
                	</control>
				</control>
				<control type="group">
					<description>Login</description>
					<control type="image">
						<visible>Control.HasFocus(8401) | Control.HasFocus(8402) | Control.HasFocus(8403)</visible>
						<posx>651</posx>
						<posy>177</posy>
						<width>444</width>
						<height>264</height>
						<texture>background-loginselected.png</texture>
					</control>
					<control type="image">
						<posx>669</posx>
						<posy>161</posy>
						<width>404</width>
						<height>230</height>
						<texture>background-credentials.png</texture>
					</control>
					<control type="grouplist" id="8400">
						<onup>-</onup>
						<ondown>8403</ondown>
						<onleft>8100</onleft>
						<onright>-</onright>
						<posx>671</posx>
						<posy>279</posy>
						<width>340</width>
						<height>90</height>
	                    <itemgap>21</itemgap>
	                    <orientation>vertical</orientation>
						<control type="edit" id="8401">
		                    <description>Email</description>
							<width>321</width>
							<height>31</height>
		                    <align>left</align>
		                    <aligny>center</aligny>
		                    <font>sans23</font>
		                    <textcolor>grey</textcolor>
		                    <focusedcolor>white</focusedcolor>
		                    <texturenofocus>-</texturenofocus>
		                    <texturefocus>input-registerfocused.png</texturefocus>
		                </control>
						<control type="edit" id="8402">
		                    <description>Password</description>
		                    <password>true</password>
							<width>321</width>
							<height>31</height>
		                    <align>left</align>
		                    <aligny>center</aligny>
		                    <font>sans23</font>
		                    <textcolor>grey</textcolor>
		                    <focusedcolor>white</focusedcolor>
		                    <texturenofocus>-</texturenofocus>
		                    <texturefocus>input-registerfocused.png</texturefocus>
		                </control>
					</control>
	                <control type="button" id="8403">
	                    <description>Login button</description>
						<onup>8400</onup>
						<ondown>-</ondown>
						<onleft>8100</onleft>
						<onright>-</onright>
	                    <posx>973</posx>
	                    <posy>379</posy>
						<width>101</width>
						<height>40</height>
	                    <texturenofocus>button-login.png</texturenofocus>
	                    <texturefocus>button-loginfocused.png</texturefocus>
						<onclick lang="python"><![CDATA[
username = mc.GetActiveWindow().GetEdit(8401).GetText()
userId = string.lower(username)
password = mc.GetActiveWindow().GetEdit(8402).GetText()

mc.ShowDialogWait()
mc.ShowDialogNotification("Logging in to Wolfgang's Vault...")
auth = myPoller.auth(userId, password)

print "%%%%%%%%%%%%%%%%%%%%%%%%%%%%%%%%%%%%%%%%%%%%%%%%%%%%%"
print auth

if auth == "Failed":
	mc.HideDialogWait()
	mc.ShowDialogOk("Could not connect", "We could not connect to the authorization server.  Please wait a few minutes and try again.")
	mc.GetActiveWindow().GetEdit(8402).SetText("")
elif auth == "Invalid":
	mc.HideDialogWait()
	mc.ShowDialogOk("Login Failed", "Your username and password did not match.  Please try again.")
	mc.GetActiveWindow().GetEdit(8402).SetText("")
	mc.GetActiveWindow().GetControl(8402).SetFocus()
else:
	mc.ShowDialogNotification("Login successful!")
	config = mc.GetApp().GetLocalConfig()
	config.SetValue("username", userId)
	config.SetValue("password", password)
	mc.GetActiveWindow().GetControl(212).SetVisible(False)
	mc.GetActiveWindow().GetControl(211).SetVisible(True)
	mc.HideDialogWait()
	myUi.hideAuth(120)
]]></onclick>
                	</control>
				</control>
			</control>
			<control type="group">
				<description>Loading Screen</description>
				<control type="group" id="6001">
					<ondown>120</ondown>
					<onleft>120</onleft>
					<include>Common_Now_Playing</include>
				</control>
			</control>
		</control>
	</controls>
</window>