<?xml version="1.0"?>
<window type="window" id="14001">
<onload lang="python"><![CDATA[
import wolfgang
import string

# Instantiate objects
myPoller = wolfgang.pollWolfgang()
myUi = wolfgang.ui()
myPublisher = wolfgang.Publisher(14001,120)
myPlayer = mc.GetPlayer()
]]></onload>
	<defaultcontrol always="true">120</defaultcontrol>
	<allowoverlay>yes</allowoverlay>
	<controls>
		<control type="group">
			<control type="group">
				<description>Background</description>
				<control type="image">
					<posx>0</posx>
					<posy>0</posy>
					<width>1280</width>
					<height>720</height>
					<texture>background-wv.png</texture>
				</control>
				<control type="image">
					<posx>0</posx>
					<posy>0</posy>
					<width>1280</width>
					<height>720</height>
					<texture>background-play.png</texture>
				</control>
			</control>
			<control type="group" id="100">
				<description>Top Pane</description>
				<control type="group">
					<description>Artist Image></description>
					<control type="image">
						<posx>24</posx>
						<posy>15</posy>
						<width>282</width>
						<height>282</height>
						<texture>white.png</texture>
					</control>
					<control type="image">
						<posx>35</posx>
						<posy>24</posy>
						<width>260</width>
						<height>260</height>
						<texture>default.jpg</texture>
					</control>
					<control type="largeimage">
						<posx>35</posx>
						<posy>24</posy>
						<width>260</width>
						<height>260</height>
						<info>Container(120).ListItem.Thumb</info>
					</control>
	                <control type="label">
						<description>Membership level</description>
						<visible>Player.HasAudio</visible>
						<posx>315</posx>
						<posy>182</posy>
						<width>600</width>
						<height>100</height>
						<font>sans18</font>
						<align>left</align>
						<aligny>top</aligny>
						<label>$INFO[App.Param(membership)]</label>
						<textcolor>white</textcolor>
						<wrapmultiline>true</wrapmultiline>
	                </control>
				</control>
				<control type="group">
					<description>Metadata</description>
	                <control type="label">
						<description>Artist</description>
						<posx>314</posx>
						<posy>13</posy>
						<width>945</width>
						<height>45</height>
						<font>sans36</font>
						<align>left</align>
						<aligny>top</aligny>
						<label>[UPPERCASE]$INFO[Container(120).ListItem.Artist][/UPPERCASE]</label>
						<wrapmultiline>true</wrapmultiline>
						<textcolor>white</textcolor>
	                </control>
	                <control type="label">
						<description>Venue / Date</description>
						<posx>314</posx>
						<posy>51</posy>
						<width>945</width>
						<height>35</height>
						<font>sans30</font>
						<align>left</align>
						<aligny>top</aligny>
						<label>$INFO[Container(120).ListItem.Album] - $INFO[Container(120).ListItem.property(custom:Location)]</label>
						<wrapmultiline>true</wrapmultiline>
						<textcolor>white</textcolor>
	                </control>
	                <control type="label">
						<description>Venue / Date</description>
						<posx>314</posx>
						<posy>90</posy>
						<width>945</width>
						<height>35</height>
						<font>sans30</font>
						<align>left</align>
						<aligny>top</aligny>
						<label>$INFO[Container(120).ListItem.property(custom:DateFormatted)]</label>
						<wrapmultiline>true</wrapmultiline>
						<textcolor>white</textcolor>
	                </control>
					<control type="label">
						<posx>314</posx>
						<posy>160</posy>
						<width>635</width>
						<height>93</height>
						<font>sans18</font>
						<align>left</align>
						<aligny>top</aligny>
						<label>$INFO[Container(120).ListItem.property(custom:TotalTrackTime)]</label>
						<wrapmultiline>true</wrapmultiline>
						<textcolor>white</textcolor>
					</control>
                </control>
                <control type="group">
                	<description>Visualization controls</description>
					<control type="grouplist" id="200">
						<posx>315</posx>
						<posy>254</posy>
						<width>474</width>
						<height>45</height>
						<onup>6001</onup>
	                    <ondown>120</ondown>
	                    <itemgap>10</itemgap>
	                    <orientation>horizontal</orientation>
						<control type="button" id="201">
							<description>Full Concert Details</description>
							<visible>true</visible>
							<width>281</width>
							<height>45</height>
							<align>center</align>
							<aligny>center</aligny>
							<font>sans23</font>
							<label>Full Concert Details</label>
							<textcolor>white</textcolor>
							<focusedcolor>DDf8910c</focusedcolor>
							<texturenofocus>button-fullconcertdetails.png</texturenofocus>
							<texturefocus>button-fullconcertdetails.png</texturefocus>
							<onclick lang="python"><![CDATA[
mc.GetActiveWindow().PushState()
mc.GetActiveWindow().GetControl(7000).SetVisible(True)
]]></onclick>
						</control>
						<control type="button" id="202">
							<description>Visualizer Only</description>
							<visible>Player.HasAudio</visible>
							<width>183</width>
							<height>45</height>
							<align>center</align>
							<aligny>center</aligny>
							<font>sans23</font>
							<label>Visualizer Only</label>
							<textcolor>white</textcolor>
							<focusedcolor>DDf8910c</focusedcolor>
							<texturenofocus>button-visualizeronly.png</texturenofocus>
							<texturefocus>button-visualizeronly.png</texturefocus>
							<onclick lang="python"><![CDATA[
mc.ActivateWindow( 12006 )
]]></onclick>
						</control>
					</control>
                </control>
			</control>
			<control type="group" id="300">
				<description>Tracklist</description>
				<control type="list" id="120">
					<onup>200</onup>
					<onleft>-</onleft>
					<onright>-</onright>
					<ondown>-</ondown>
					<posx>22</posx>
					<posy>400</posy>
					<width>1200</width>
					<height>314</height>
					<scrolltime>200</scrolltime>
					<pagecontrol>450</pagecontrol>
					<orientation>vertical</orientation>
					<itemlayout width="1200" height="35">
							<control type="image">
								<posx>0</posx>
								<posy>0</posy>
								<width>1200</width>
								<height>28</height>
								<texture>background-track2.png</texture>
                            </control>
							<control type="image">
								<posx>6</posx>
								<posy>6</posy>
								<width>19</width>
								<height>19</height>
								<texture>icon-playsmall.png</texture>
                            </control>
                            <control type="label">
								<posx>48</posx>
								<posy>0</posy>
								<width>1076</width>
								<height>28</height>
								<font>sans18</font>
								<align>left</align>
								<aligny>center</aligny>
								<label>[UPPERCASE]$INFO[ListItem.Label][/UPPERCASE]</label>
								<textcolor>white</textcolor>
                            </control>
                            <control type="label">
								<posx>1190</posx>
								<posy>0</posy>
								<width>100</width>
								<height>28</height>
								<font>sans18</font>
								<align>right</align>
								<aligny>center</aligny>
								<label>$INFO[ListItem.Duration]</label>
								<textcolor>white</textcolor>
                            </control>
                    </itemlayout>
					<focusedlayout width="1200" height="35">
							<control type="image">
								<visible>!Control.HasFocus(120)</visible>
								<posx>0</posx>
								<posy>0</posy>
								<width>1200</width>
								<height>28</height>
								<texture>background-track2.png</texture>
                            </control>
							<control type="image">
								<visible>Control.HasFocus(120)</visible>
								<posx>0</posx>
								<posy>0</posy>
								<width>1200</width>
								<height>28</height>
								<texture>background-trackfocused.png</texture>
                            </control>
							<control type="image">
								<posx>6</posx>
								<posy>6</posy>
								<width>19</width>
								<height>19</height>
								<texture>icon-playsmall.png</texture>
                            </control>
                            <control type="label">
								<posx>48</posx>
								<posy>0</posy>
								<width>1076</width>
								<height>28</height>
								<font>sans18</font>
								<align>left</align>
								<aligny>center</aligny>
								<label>[UPPERCASE]$INFO[ListItem.Label][/UPPERCASE]</label>
								<textcolor>white</textcolor>
                            </control>
                            <control type="label">
								<posx>1190</posx>
								<posy>0</posy>
								<width>100</width>
								<height>28</height>
								<font>sans18</font>
								<align>right</align>
								<aligny>center</aligny>
								<label>$INFO[ListItem.Duration]</label>
								<textcolor>white</textcolor>
                            </control>
                    </focusedlayout>
                    <content type="action">
						<onclick lang="python"><![CDATA[
n = mc.GetWindow(14001).GetList(120).GetFocusedItem()
myPlayer.PlaySelected(n)
]]></onclick>
					</content>
				</control>
				<control type="scrollbar" id="450">
					<posx>1239</posx>
					<posy>395</posy>
					<width>16</width>
					<height>310</height>
					<texturesliderbarfocus border="8">scroll-bit.png</texturesliderbarfocus>
					<textureslidernib>scroll-bit.png</textureslidernib>
					<textureslidernibfocus>scroll-bit.png</textureslidernibfocus>
					<texturesliderbackground>scroll-barsmall.png</texturesliderbackground>
					<orientation>vertical</orientation>
					<showonepage>true</showonepage>
				</control>
				<control type="group" id="7000">
					<visible>false</visible>
					<description>Concert Details</description>
					<control type="image">
						<width>1280</width>
						<height>720</height>
						<texture>background-concertdetails.png</texture>
					</control>
					<control type="group">
						<description>Metadata</description>
						<control type="label">
							<description>Header</description>
							<posx>281</posx>
							<posy>43</posy>
							<width>717</width>
							<height>40</height>
							<font>sans36</font>
							<align>left</align>
							<aligny>top</aligny>
							<label>[UPPERCASE]Concert Details[/UPPERCASE]</label>
							<textcolor>white</textcolor>
						</control>
						<control type="label">
							<description>Artist</description>
							<posx>281</posx>
							<posy>102</posy>
							<width>717</width>
							<height>537</height>
							<font>sans21</font>
							<align>left</align>
							<aligny>top</aligny>
							<label>$INFO[Container(120).ListItem.property(description)]</label>
							<wrapmultiline>true</wrapmultiline>
							<textcolor>white</textcolor>
						</control>
					</control>
					<control type="label">
						<description>Teaser</description>
						<posx>281</posx>
						<posy>616</posy>
						<width>717</width>
						<height>32</height>
						<font>sans28b</font>
						<align>center</align>
						<aligny>top</aligny>
						<label>Read the entire summary at wolfgangsvault.com</label>
						<textcolor>DDFF9900</textcolor>
					</control>
				</control>
				<control type="group" id="6001">
					<ondown>202</ondown>
					<onleft>202</onleft>
					<include>Common_Now_Playing</include>
				</control>
			</control>
		</control>
	</controls>
</window>