<?xml version="1.0" encoding="UTF-8"?>
<window id="14001" type="window">
	<onload lang="python"><![CDATA[
mc.GetPlayer().Stop()
mc.GetActiveWindow().GetControl(150).SetFocus()
]]></onload>
	<controls>
		<control type="image">
			<width>1280</width>
			<height>720</height>
			<texture>bg.jpg</texture>
		</control>
		<control type="image">
			<width>275</width>
			<height>76</height>
			<posx>52</posx>
			<posy>52</posy>
			<texture>logo.png</texture>
		</control>
		<control type="image">
			<posx>52</posx>
			<posy>140</posy>
			<width>1175</width>
			<height>426</height>
			<texture>detail_bg.png</texture>
		</control>
		<control type="button" id="140">
			<posx>52</posx>
			<posy>140</posy>
			<width>1175</width>
			<height>426</height>
			<colordiffuse>00000000</colordiffuse>
			<onclick lang="python"><![CDATA[
mc.GetPlayer().PlayWithActionMenu(last_list_item)
]]></onclick>
		</control>
		<control type="largeimage">
		 <posx>85</posx>
		 <posy>170</posy>
		 <width>620</width>
		 <height>348</height>
		 <fadetime>200</fadetime>
		 <texture>$INFO[App.Param(thumb)]</texture>
		</control>
		<control type="button" id="150">
			<ondown>160</ondown>
			<onright>160</onright>
			<posx>312</posx>
			<posy>261</posy>
			<width>166</width>
			<height>166</height>
			<texturenofocus>play.png</texturenofocus>
			<texturefocus>play-active.png</texturefocus>
			<onclick lang="python"><![CDATA[
mc.GetPlayer().PlayWithActionMenu(last_list_item)
]]></onclick>
		</control>
		<control type="label">
			<posy>180</posy>
			<posx>720</posx>
			<font>font32</font>
			<label>$INFO[App.Param(title)]</label>
			<width>470</width>
			<height>100</height>
			<textcolor>white</textcolor>
			<selectedcolor>white</selectedcolor>
			<scroll>true</scroll>
		</control>
		<control type="label">
			<posy>250</posy>
			<posx>715</posx>
			<font>font20</font>
			<label>$INFO[App.Param(date)]</label>
			<width>470</width>
			<height>230</height>
			<wrapmultiline>true</wrapmultiline>
			<textcolor>white</textcolor>
			<selectedcolor>white</selectedcolor>
		</control>
		<control type="label">
			<posy>300</posy>
			<posx>720</posx>
			<font>font20</font>
			<label>$INFO[App.Param(description)]</label>
			<width>470</width>
			<height>230</height>
			<wrapmultiline>true</wrapmultiline>
			<textcolor>white</textcolor>
			<selectedcolor>white</selectedcolor>
		</control>
		<control type="button" id="160">
			<onup>150</onup>
			<onleft>150</onleft>
			<posx>52</posx>
			<posy>580</posy>
			<width>66</width>
			<height>67</height>
			<texturenofocus>close.png</texturenofocus>
			<texturefocus>close_over.png</texturefocus>
			<onclick lang="python"><![CDATA[
params = mc.Parameters()
mc.GetApp().ActivateWindow(14000, params)
]]></onclick>
		</control>
	</controls>
</window>