<app>
	<id>wherevertv</id>
	<name>WhereverTV</name>
	<description>Watch a growing number of channels from around the world. Build your own TV Guide.</description>
  	<version>1.2</version>
	<minversion>0.9.20</minversion>
  	<copyright>WhereverTV</copyright>
  	<email>support@wherever.tv</email>
	<thumb>http://www.wherever.tv/images/WhereverTV.png</thumb>
  	<media>video</media>
  	<platform>all</platform>
  	<type>skin</type>
	<startWindow>14000</startWindow>
  	<repository>http://dir.boxee.tv/apps</repository>
</app>
