<app>
  <id>lifeminute</id>
  <name>Lifeminute.tv</name>
  <version>1.02</version>
  <description>LifeMinute.tv is your online video lifestyle guide – a premier video download site providing you with streaming videos of the latest fashion trends and beauty makeover tips, pointers for your house and home decor, red carpet and backstage access for your arts and entertainment fix, celebrity buzz, advice for healthy living, and so much more. Watch videos online of our coverage of the latest and greatest.</description>
  <thumb>http://lifeminute.tv/logo.png</thumb>
  <repository>http://dir.boxee.tv/apps</repository>
  <media>video</media>
  <copyright>lifeminute.tv</copyright>
  <email>edunn@lifeminute.tv</email>
  <type>skin</type>
  <startWindow>14000</startWindow>
  <platform>all</platform>
  <minversion>0.9.21</minversion>
</app>
