<?xml version="1.0" encoding="utf-8" ?>
<app>
	<id>vudu</id>
	<name>Vudu</name>
	<version>1.20</version>
	<description>Access a vast library of movies, including the hottest new releases and Hollywood blockbusters, classics, and indies, direct from your HDTV.  Movies can be rented or purchased without a subscription</description>
	<thumb>http://dir.boxee.tv/apps/vudu/thumb.png</thumb>
	<media>video</media>
	<copyright>Boxee</copyright>
	<email>support@boxee.tv</email>
	<type>native</type>
	<platform>dlink.dsm380,intel.ce4100,iomega.z1,iomega.zt</platform>
	<country-allow>us</country-allow>
	<minversion>1.0.3</minversion>
        <repositoryid>tv.boxee</repositoryid>
	<signature-osx>QIHyJ8CVVKWaVy4BB4ZS6ECHx+hnUyziey0P/GY5i8apMKI0V9DFiLRVuAC7CF2KQGBkWIiYNovKwvDhqxyB67pOTrdDQsIoIW92ySA/V4B0Ms93zeJGtXebchsoClgzsRi7u2n4NOjjwwjDoKreVSaPz93LAmNBoip8jcZIEdI=</signature-osx>
	<signature-win32>gsK3IaWgeK2U12+koyvCn3Yna4IHDA9NtxZF7+jIIkwnK2DxNdyt3SQu1nOFb/5klkuCqRTDXzApjLQE7n7mhhQy3CCfv2mYOD9iPm4k3T3/27D+zrcEl1HLwWeqYZtJCuT2EDn2vb4SlsEiubxzdmG0+hcjlwLuTPW9xgTZe+o=</signature-win32>
        <signature-dlink.dsm380>c2yHTE62hUnZub9sxo7x0ewrBkD95GtygV6DotEI1F425e2skgz7AQbkkeWlEZ6kiwPLNaTL4UwMOoyKIaRPWmyhmYuWKcqQ0H8K5d0xaMguBfMP97cDfdP6ZpY7nKn3PMIOBZ3nWDy/UKA/VaOvfMHyCNMWcevxSap1jPDD5FI=</signature-dlink.dsm380>
        <signature-intel.ce4100>c2yHTE62hUnZub9sxo7x0ewrBkD95GtygV6DotEI1F425e2skgz7AQbkkeWlEZ6kiwPLNaTL4UwMOoyKIaRPWmyhmYuWKcqQ0H8K5d0xaMguBfMP97cDfdP6ZpY7nKn3PMIOBZ3nWDy/UKA/VaOvfMHyCNMWcevxSap1jPDD5FI=</signature-intel.ce4100>
        <signature-iomega.z1>c2yHTE62hUnZub9sxo7x0ewrBkD95GtygV6DotEI1F425e2skgz7AQbkkeWlEZ6kiwPLNaTL4UwMOoyKIaRPWmyhmYuWKcqQ0H8K5d0xaMguBfMP97cDfdP6ZpY7nKn3PMIOBZ3nWDy/UKA/VaOvfMHyCNMWcevxSap1jPDD5FI=</signature-iomega.z1>
</app>
