<?xml version="1.0"?>
<window type="window" id="14003">
	<allowoverlay>yes</allowoverlay>
	<defaultcontrol always="true">9003</defaultcontrol>
	<backgroundColor>0</backgroundColor>
	<controls>	
		<control type="group">	
		<visible>Window.IsActive(14003)</visible>
		<control type="image">
			<posx>0</posx>
			<posy>0</posy>
			<width>1280</width>
			<height>720</height>
			<texture>bg.png</texture>
		</control>
		<control type="image">
			<posx>30</posx>
			<posy>20</posy>
			<height>100</height>
			<width>400</width>
			<texture>dmv-logo.jpg</texture>
		</control>
		<control type="label" id="9031">
			<posx>360</posx>
			<posy>230</posy>
			<height>200</height>
			<width>800</width>
			<font>font32b</font>
			<label>Please activate the service</label>
			<wrapmultiline>true</wrapmultiline>
			<textcolor>FFCD0B0B</textcolor>
		</control>
		<control type="label" id="9002">
			<posx>360</posx>
			<posy>300</posy>
			<height>150</height>
			<width>800</width>
			<font>font26</font>
			<label></label>
			<wrapmultiline>true</wrapmultiline>
			<textcolor>FFCD0B0B</textcolor>
		</control>
		<control type="button" id="9004">
			<posx>730</posx>
			<posy>350</posy>
			<height>50</height>
			<width>320</width>
			<font>font26</font>
			<label>Get new activation code</label>
			<wrapmultiline>true</wrapmultiline>
			<textcolor>FFdddddd</textcolor>
			<focusedcolor>FFbbbbbb</focusedcolor>
	  		<shadowcolor>FF111111</shadowcolor>
			<texturenofocus>backgnd.png</texturenofocus>
			<texturefocus>backgnd-over.png</texturefocus>
			<align>center</align>
			<aligny>center</aligny>
			<ondown>9005</ondown>
			<onclick lang="python"><![CDATA[
import auth;
auth.refreshToken();
]]></onclick>
		</control>
		<control type="button" id="9003">
			<posx>360</posx>
			<posy>520</posy>
			<height>100</height>
			<width>320</width>
			<font>font28</font>
			<label>After activation [CR] click here to proceed</label>
			<align>center</align>
			<aligny>center</aligny>
			<wrapmultiline>true</wrapmultiline>
			<textcolor>FFdddddd</textcolor>
			<focusedcolor>FFbbbbbb</focusedcolor>
			<shadowcolor>FF111111</shadowcolor>
			<texturenofocus>backgnd.png</texturenofocus>
			<texturefocus>backgnd-over.png</texturefocus>
			<onup>9004</onup>
			<onright>9005</onright>
			<onclick lang="python"><![CDATA[
import utils;
import mc;
import config;
if utils.testActivation() == True:
	mc.CloseWindow();
else:
	import auth;
	auth.refreshToken();
	mc.ShowDialogOk("Authentication Failure", "Please activate service to view content[CR] DevId: "+str(config.devId));
]]></onclick>
			</control>
			<!--<control type="button" id="9005">
			<posx>730</posx>
			<posy>520</posy>
			<height>100</height>
			<width>320</width>
			<font>font26</font>
			<label>Exit Application</label>
			<wrapmultiline>true</wrapmultiline>
			<textcolor>FFdddddd</textcolor>
			<focusedcolor>FFbbbbbb</focusedcolor>
	  		<shadowcolor>FF111111</shadowcolor>
			<texturenofocus>backgnd.png</texturenofocus>
			<texturefocus>backgnd-over.png</texturefocus>
			<align>center</align>
			<aligny>center</aligny>
			<onup>9004</onup>
			<onleft>9003</onleft>
			<onclick lang="python"><![CDATA[
import mc;
mc.ActivateWindow(10482);
]]></onclick>
		
		</control>
		--></control>
	</controls>
	


</window>

