<?xml version="1.0"?>
<window type="window" id="14000">

	<onload lang="python"><![CDATA[
import utils;
utils.startProg();
]]></onload>

	<defaultcontrol>9051</defaultcontrol>
	<allowoverlay>yes</allowoverlay>
	<backgroundColor>0</backgroundColor>
	<controls>		
		<control type="image">
			<posx>0</posx>
			<posy>0</posy>
			<width>1280</width>
			<height>720</height>
			<texture>bg.png</texture>
		</control>
		<control type="image">
			<posx>30</posx>
			<posy>20</posy>
			<height>100</height>
			<width>400</width>
			<texture>dmv-logo.jpg</texture>
		</control>
		<control type="label" id="9001">
			<posx>360</posx>
			<posy>230</posy>
			<visible>false</visible>
			<height>200</height>
			<width>800</width>
			<font>font32b</font>
			<label>Retrieving configuration information</label>
			<wrapmultiline>true</wrapmultiline>
			<textcolor>FFCD0B0B</textcolor>
		</control>
		<!-- list showing channel details -->
		
		<control type="group" id="9050">
			<visible>false</visible>
			<posx>15</posx>
	        <posy>140</posy>
	        <width>1200</width>
	        <height>523</height>
			<control type="label">
	             <posx>600</posx>
	             <posy>20</posy>
	             <width>520</width>
	             <height>315</height>
	             <label>Please Select a Category</label>
	             <font>font32b</font>
	             <textcolor>FF333333</textcolor>
	         </control>
			<control type="image">
	             <posx>0</posx>
	             <posy>0</posy>
	             <width>530</width>
	             <height>528</height>
	             <texture>sidebar_bkgd.gif</texture>
	         </control>
			<control type="image">
	             <posx>5</posx>
	             <posy>5</posy>
	             <width>520</width>
	             <height>515</height>
	             <texture>grey333333.png</texture>
	         </control>
	          <control type="image">
	             <posx>5</posx>
	             <posy>5</posy>
	             <width>520</width>
	             <height>26</height>
	             <texture>arrow_up.png</texture>
	          
	         </control>
	          <control type="image">
	             <posx>5</posx>
	             <posy>497</posy>
	             <width>520</width>
	             <height>26</height>
	             <texture>arrow_down.png</texture>
	         
	         </control>
 			<control type="image">
	             <posx>5</posx>
	             <posy>495</posy>
	             <width>520</width>
	             <height>2</height>
	             <texture>grey-separator.png</texture>
	         </control>
			<control type="list" id="9051">
				<posx>5</posx>
				<posy>34</posy>
				<width>520</width>
				<height>462</height>
				<focusposition>1</focusposition>
				<itemlayout height="66" width="520">
					<control type="image">
						<width>520</width>
						<height>66</height>
						<texture>grey-border.png</texture>
					</control>
					<control type="label">
						<posx>15</posx>
						<posy>7</posy>
						<font>font34b</font>
						<label>$INFO[ListItem.Label]</label>
						<width>510</width>
						<height>60</height>
						<wrapmultiline>true</wrapmultiline>
						<textcolor>white</textcolor>
					</control>
				</itemlayout>
				<focusedlayout height="66" width="520">
					<control type="image">
						<width>520</width>
						<height>66</height>
						<texture>title_bkgd.png</texture>
					</control>
					<control type="label">
						<posx>15</posx>
						<posy>7</posy>
						<font>font34b</font>
						<label>$INFO[ListItem.Label]</label>
						<width>510</width>
						<height>60</height>
						<wrapmultiline>true</wrapmultiline>
						<textcolor>white</textcolor>
					</control>
				</focusedlayout>
			<content type="action">
				<onclick lang="python"><![CDATA[
list = mc.GetActiveWindow().GetList(9051);
item = list.GetItem(list.GetFocusedItem());
utils.showLanguages(item.GetLabel());
]]></onclick>
			</content>
		</control>
	 </control>
	<include>BrowseLoadingAnimation</include>	
	</controls>
	


</window>

