<?xml version="1.0"?>
<window type="window" id="14001">
	<defaultcontrol always="true">9057</defaultcontrol>
	<allowoverlay>yes</allowoverlay>
	<backgroundColor>0</backgroundColor>
	<controls>		
		<control type="image">
			<posx>0</posx>
			<posy>0</posy>
			<width>1280</width>
			<height>720</height>
			<texture>bg.png</texture>
		</control>
		<control type="image">
			<posx>30</posx>
			<posy>20</posy>
			<height>100</height>
			<width>400</width>
			<texture>dmv-logo.jpg</texture>
		</control>
		
		<!-- list showing channel details -->
		
		<control type="group" id="9055">
			<visible>false</visible>
			<posx>15</posx>
	        <posy>140</posy>
	        <width>1200</width>
	        <height>523</height>
			<control type="label">
	             <posx>600</posx>
	             <posy>20</posy>
	             <width>520</width>
	             <height>315</height>
	             <label>Please Select a Channel</label>
	             <font>font32b</font>
	             <textcolor>FF333333</textcolor>
	         </control>
			<control type="image">
	             <posx>0</posx>
	             <posy>0</posy>
	             <width>530</width>
	             <height>528</height>
	             <texture>sidebar_bkgd.gif</texture>
	         </control>
			<control type="image">
	             <posx>5</posx>
	             <posy>5</posy>
	             <width>520</width>
	             <height>515</height>
	             <texture>grey333333.png</texture>
	         </control>
	          <control type="image">
	             <posx>5</posx>
	             <posy>5</posy>
	             <width>520</width>
	             <height>26</height>
	             <texture>arrow_up.png</texture>
	          
	         </control>
	          <control type="image">
	             <posx>5</posx>
	             <posy>497</posy>
	             <width>520</width>
	             <height>26</height>
	             <texture>arrow_down.png</texture>
	         
	         </control>
 			<control type="image">
	             <posx>5</posx>
	             <posy>495</posy>
	             <width>520</width>
	             <height>2</height>
	             <texture>grey-separator.png</texture>
	         </control>
			<control type="list" id="9057">
				<posx>5</posx>
				<posy>34</posy>
				<width>520</width>
				<height>462</height>
				<focusposition>1</focusposition>
				<itemlayout height="66" width="520">
					<control type="image">
						<width>520</width>
						<height>66</height>
						<texture>grey-border.png</texture>
					</control>
					<control type="label">
						<posx>15</posx>
						<posy>7</posy>
						<font>font34b</font>
						<label>$INFO[ListItem.property(description)]</label>
						<width>510</width>
						<height>60</height>
						<wrapmultiline>true</wrapmultiline>
						<textcolor>white</textcolor>
					</control>
				</itemlayout>
				<focusedlayout height="66" width="520">
					<control type="image">
						<width>520</width>
						<height>66</height>
						<texture>title_bkgd.png</texture>
					</control>
					<control type="label">
						<posx>15</posx>
						<posy>7</posy>
						<font>font34b</font>
						<label>$INFO[ListItem.property(description)]</label>
						<width>510</width>
						<height>60</height>
						<wrapmultiline>true</wrapmultiline>
						<textcolor>white</textcolor>
					</control>
				</focusedlayout>
			<content type="action">
				<onclick lang="python"><![CDATA[
list = mc.GetActiveWindow().GetList(9057)
item = list.GetItem(list.GetFocusedItem())
if item.GetLabel()!='No items available':
	utils.showVideos(item.GetLabel(),item.GetPath());
]]></onclick>
			</content>
		</control>
	 </control>
	<include>BrowseLoadingAnimation</include>	
	</controls>
</window>
