<?xml version="1.0"?>
<window type="window" id="14002">
	<onload lang="python"><![CDATA[
import mc;
mc.GetPlayer().Stop();
]]></onload>
	<defaultcontrol always="true">9053</defaultcontrol>
	<allowoverlay>yes</allowoverlay>
	<controls>		
		<control type="group" id="9000">
			<control type="image">
				<posx>0</posx>
				<posy>0</posy>
				<width>1280</width>
				<height>720</height>
				<texture>bg.png</texture>
			</control>
			<control type="image">
				<posx>30</posx>
				<posy>20</posy>
				<height>96</height>
				<width>400</width>
				<texture>dmv-logo.jpg</texture>
			</control>

		</control>
<!-- list showing video details -->
		<control type="group" id="9052">
			<posx>15</posx>
	        <posy>140</posy>
	        <width>530</width>
	        <height>523</height>
	        <visible>true</visible>
	        <control type="image">
	             <posx>0</posx>
	             <posy>0</posy>
	             <width>530</width>
	             <height>528</height>
	             <texture>sidebar_bkgd.gif</texture>
	         </control>
			<control type="image">
	             <posx>5</posx>
	             <posy>5</posy>
	             <width>520</width>
	             <height>515</height>
	             <texture>grey333333.png</texture>
	         </control>
	          <control type="image">
	             <posx>5</posx>
	             <posy>5</posy>
	             <width>520</width>
	             <height>26</height>
	             <texture>arrow_up.png</texture>
	          </control>
	         <control type="image">
	             <posx>5</posx>
	             <posy>497</posy>
	             <width>520</width>
	             <height>26</height>
	             <texture>arrow_down.png</texture>
	          </control>
	         <control type="image">
	             <posx>5</posx>
	             <posy>495</posy>
	             <width>520</width>
	             <height>2</height>
	             <texture>grey-separator.png</texture>
	         </control>
 
			<control type="list" id="9053">
				<posx>5</posx>
				<posy>34</posy>
				<width>520</width>
				<height>462</height>
				<focusposition>1</focusposition>
				<!-- thumbnail background -->
			        	
				<itemlayout height="66" width="520">
					<control type="image">
						<width>520</width>
						<height>66</height>
						<texture>grey-border.png</texture>
					</control>
					<control type="label">
						<posx>15</posx>
						<posy>7</posy>
						<font>font34b</font>
						<label>$INFO[ListItem.Label]</label>
						<width>510</width>
						<height>60</height>
						<wrapmultiline>true</wrapmultiline>
						<textcolor>white</textcolor>
					</control>
				</itemlayout>
				<focusedlayout height="66" width="520">
					<control type="image">
						<width>520</width>
						<height>66</height>
						<texture>title_bkgd.png</texture>
					</control>
					<control type="label">
						<posx>15</posx>
						<posy>7</posy>
						<font>font34b</font>
						<label>$INFO[ListItem.Label]</label>
						<width>510</width>
						<height>60</height>
						<wrapmultiline>true</wrapmultiline>
						<textcolor>white</textcolor>
					</control>
				</focusedlayout>
			
				<content type="action">
					<onclick lang="python"><![CDATA[
import utils;
import auth;
if utils.testActivation() ==  False:
	auth.showActivationScreen();
else :
	config = mc.GetApp().GetLocalConfig()
	list = mc.GetActiveWindow().GetList(9053)
	item = list.GetItem(list.GetFocusedItem())
	if item.GetLabel() != 'No items available':
		mc.GetPlayer().PlayWithActionMenu(item)
]]></onclick>
				</content>
			</control>
			<control type="group">
			 <control type="image">
				<posx>575</posx>
				<posy>74</posy>
				<width>230</width>
				<height>276</height>
				<texture>dvd_wrapper_bkgd.png</texture>
				<aspectratio>scale</aspectratio>
			</control>		
           <control type="image">
              <posx>576</posx>
              <posy>75</posy>
              <width>207</width>
              <height>264</height>
              <texture>$INFO[Container(9053).ListItem.Thumb]</texture>
           </control>
           <control type="label" id="9013">
              <posx>576</posx>
              <posy>0</posy>
              <font>font22b</font>
              <align>left</align>
              <label></label>
              <textcolor>FF333333</textcolor>
              <wrapmultiline>true</wrapmultiline>
           </control>
            <control type="label">
              <posx>805</posx>
              <posy>71</posy>
              <height>150</height>
              <width>425</width>
              <font>font32b</font>
              <align>left</align>
              <label>$INFO[Container(9053).ListItem.Label]</label>
              <textcolor>FFCD0B0B</textcolor>
              <wrapmultiline>true</wrapmultiline>
           </control>
           <control type="label">
              <posx>805</posx>
              <posy>185</posy>
              <width>400</width>
              <height>310</height>
              <font>font21</font>
              <align>left</align>
              <label>$INFO[Container(9053).ListItem.property(description)]</label>
              <textcolor>FF333333</textcolor>
              <wrapmultiline>true</wrapmultiline>
           </control>
          </control>
		</control>
		
	<include>BrowseQueueViewInfo</include>
	<include>BrowseLoadingAnimation</include>
	<control type="group" id="6001">
		<include>Common_Now_Playing</include>
	</control>
	</controls>
</window>
