<app>
  <id>lablogotheque</id>
  <name>La Blogotheque</name>
  <version>1.21</version>
  <description>Home of Take Away Shows, beautiful music videos and all sorts of exotic music stuff.</description>
  <thumb>http://dir.boxee.tv/apps/lablogotheque/thumb.png</thumb>
  <repository>http://dir.boxee.tv/apps</repository>
  <media>video</media>
  <copyright>Boxee</copyright>
  <email>support@boxee.tv</email>
  <type>skin</type>
  <startWindow>14000</startWindow>
  <platform>all</platform>
  <minversion>0.9.11</minversion>
</app>
