<?xml version="1.0"?>
<window type="window" id="14003">
<animation effect="fade" time="100">WindowOpen</animation>
<animation effect="fade" time="100">WindowClose</animation>
<defaultcontrol always="true">100</defaultcontrol>
<allowoverlay>no</allowoverlay>
<onload lang="python"><![CDATA[
import tb
tb.listprograms()
]]>
</onload>
<controls>

<control type="image">
 <width>1280</width>
 <height>720</height>
 <texture>background/background.jpg</texture>
</control>


<control type="button" id="9200">
  <posx>1220</posx>
  <posy>20</posy>
  <onright>102</onright>
  <ondown>100</ondown>
  <width>40</width>
  <height>40</height>
  <colordiffuse>88335588</colordiffuse>
  <texturefocus>white.png</texturefocus>
  <texturenofocus>transparent.png</texturenofocus>
  <onclick lang="python">
<![CDATA[
mc.ActivateWindow(14001) 
]]>
  </onclick>
</control>
<control type="image">
 <posx>1220</posx>
 <posy>20</posy>
 <width>40</width>
 <height>40</height>
 <texture>icons/icon_menu_settings.png</texture>
</control>


<control type="label" id="9022">
 <posx>25</posx>
 <posy>20</posy>
 <width>502</width>
 <height>40</height>
 <font>font40</font>
 <align>left</align>
 <aligny>center</aligny>
 <label>TVkaista</label>
 <textcolor>white</textcolor>
</control>


                        <control type="scrollbar" id="60">
                                <colordiffuse>77ffffff</colordiffuse>
                                <posx>789</posx>
                                <posy>80</posy>
                                <width>6</width>
                                <height>622</height>
                                <texturesliderbackground>transparent-black.png</texturesliderbackground>
                                <texturesliderbar>white.png</texturesliderbar>
                                <texturesliderbarfocus>white.png</texturesliderbarfocus>
                                <orientation>vertical</orientation>
                                <showonepage>true</showonepage>
                       </control>

          <control type="list" id="100">
           <onup>9200</onup>
           <onright>102</onright>
	   <posx>25</posx>
	   <posy>80</posy>
	   <width>755</width>
	   <height>660</height>
	   <pagecontrol>60</pagecontrol>
	   <orientation>vertical</orientation>
	   <itemlayout width="755" height="45">
	    <control type="label">
		<posx>5</posx>
		<posy>0</posy>
		<width>90</width>
		<height>40</height>
		<font>font30</font>
		<align>left</align>
		<aligny>center</aligny>
		<label>$INFO[ListItem.Title]</label>
		<textcolor>white</textcolor>
	    </control>
	    <control type="label">
		<posx>95</posx>
		<posy>0</posy>
		<width>650</width>
		<height>40</height>
		<font>font30</font>
		<align>left</align>
		<aligny>center</aligny>
		<label>$INFO[ListItem.Label]</label>
		<textcolor>white</textcolor>
	    </control>
	    </itemlayout>
	    <focusedlayout width="755" height="45">
	       <control type="image">
		   <visible>Control.HasFocus(100)</visible>   
		   <posx>0</posx>
		   <posy>0</posy>
		   <width>755</width>
		   <height>40</height>
		   <texture>white.png</texture>
                   <colordiffuse>88335588</colordiffuse>
	       </control>
	       <control type="image">
		   <visible>!Control.HasFocus(100)</visible>   
		   <posx>0</posx>
		   <posy>0</posy>
		   <width>755</width>
		   <height>40</height>
		   <texture>white.png</texture>
                   <colordiffuse>44335588</colordiffuse>
	       </control>
	       <control type="label">
		   <posx>5</posx>
		   <posy>0</posy>
		   <width>90</width>
		   <height>36</height>
		   <font>font30</font>
		   <align>left</align>
		   <aligny>center</aligny>
		   <label>$INFO[ListItem.Title]</label>
		   <textcolor>white</textcolor>
		   <selectedcolor>DD171717</selectedcolor>
	       </control>
	       <control type="label">
		   <visible>Control.HasFocus(100)</visible>   
		   <posx>95</posx>
		   <posy>0</posy>
		   <width>650</width>
		   <height>36</height>
		   <font>font30</font>
		   <align>left</align>
		   <aligny>center</aligny>
		   <label>$INFO[ListItem.Label]</label>
		   <textcolor>white</textcolor>
		   <selectedcolor>DD171717</selectedcolor>
		   <scroll>true</scroll>
                   <scrollspeed>40</scrollspeed>
	       </control>
	       <control type="label">
		   <visible>!Control.HasFocus(100)</visible>   
		   <posx>95</posx>
		   <posy>0</posy>
		   <width>650</width>
		   <height>36</height>
		   <font>font30</font>
		   <align>left</align>
		   <aligny>center</aligny>
		   <label>$INFO[ListItem.Label]</label>
		   <textcolor>white</textcolor>
		   <selectedcolor>DD171717</selectedcolor>
	       </control>
	    </focusedlayout>
            <content type="action">
            <onclick lang="python"><![CDATA[
mc.ActivateWindow(14004)
]]></onclick>
            </content>
	</control>

<control type="group">
 <control type="videowindow">
  <posx>1066</posx>
  <posy>60</posy>
  <width>214</width>
  <height>120</height>
 </control>
 <control type="button" id="102">
  <posx>1064</posx>
  <posy>59</posy>
  <width>216</width>
  <height>122</height>
  <onup>9200</onup>
  <ondown>100</ondown>
  <onleft>100</onleft>
  <colordiffuse>80FFFFFF</colordiffuse>
  <onclick>ActivateWindow(FullscreenVideo)</onclick>
 </control>
 <visible>Player.HasVideo</visible>
</control>

  <control type="label">
    <visible>true</visible>
    <posx>810</posx>
    <posy>400</posy>
    <width>440</width>
    <height>320</height>
    <font>light23</font>
    <align>left</align>
    <aligny>bottom</aligny>
    <label>$INFO[Container(100).ListItem.property(description)]</label>
    <background>grey</background>
    <textcolor>white</textcolor>
    <wrapmultiline>true</wrapmultiline>
  </control>
  <control type="image">
    <visible>true</visible>
    <posx>897</posx>
    <posy>200</posy>
    <width>266</width>
    <height>150</height>
    <fadetime>200</fadetime>
    <texture>$INFO[Container(100).ListItem.Thumb]</texture>
  </control>
</controls>
</window>
