<?xml version="1.0"?>
   <window type="window" id="14000">
<animation effect="fade" time="100">WindowOpen</animation>
<animation effect="fade" time="100">WindowClose</animation>
   <defaultcontrol always="true">100</defaultcontrol>
   <allowoverlay>no</allowoverlay>
      <onload lang="python">
<![CDATA[
import tb,mc,time,random

config = mc.GetApp().GetLocalConfig()
now = int(time.time())
conf_time=config.GetValue("time")

#send "visit" at most once a day
if conf_time=="" or int(conf_time) < now - 86400:
      
    var_utmac = 'UA-21433228-1';
    var_utmhn = 'my.boxee.apps.example.com'
    var_utmn = str(random.randint(1000000000,9999999999))
    var_cookie = str(random.randint(10000000,99999999))
    var_random = str(random.randint(1000000000,2147483647))
    var_today = str(now)
    var_referer = '-'
    var_uservar = '-'
    var_utmp = '/' + app.GetId()

    config.SetValue('time',var_today)

    imgpath = 'http://www.google-analytics.com/__utm.gif?utmwv=3&utmn=' + \
     var_utmn + '&utme=&utmcs=-&utmsr=-&utmsc=-&utmul=-&utmje=0&utmfl=-&utmdt=-&utmhn=' + \
     var_utmhn + '&utmhid=' + var_utmn + '&utmr=' + var_referer + \
     '&utmp=' + var_utmp + '&utmac=' + var_utmac + '&utmcc=__utma%3D' + \
     var_cookie + '.' + var_random + '.' + var_today + '.' + var_today + \
     '.' + var_today + '.2%3B%2B__utmz%3D' + var_cookie + '.' + \
     var_today + '.2.2.utmcsr%3D_SOURCE_%7Cutmccn%3D_CAMPAIGN_%7Cutmcmd%3D_MEDIUM_%7Cutmctr%3D_KEYWORD_%7Cutmcct%3D_CONTENT_%3B%2B__utmv%3D' + \
     var_cookie + '.' + var_uservar + '%3B' 
    
    mc.GetWindow(14000).GetImage(9999).SetTexture(imgpath)
  
tb.main()
]]>
   </onload>
   <controls>

<control type="largeimage" id="9999">
<width>1</width>
<height>1</height>
<texture></texture>
</control>


<control type="image">
 <width>1280</width>
 <height>720</height>
 <texture>background/background.jpg</texture>
</control>


<control type="button" id="9200">
  <posx>1220</posx>
  <posy>20</posy>
  <onright>102</onright>
  <ondown>100</ondown>
  <width>40</width>
  <height>40</height>
  <colordiffuse>88335588</colordiffuse>
  <texturefocus>white.png</texturefocus>
  <texturenofocus>transparent.png</texturenofocus>
  <onclick lang="python">
<![CDATA[
mc.ActivateWindow(14001) 
]]>
  </onclick>
</control>
<control type="image">
 <posx>1220</posx>
 <posy>20</posy>
 <width>40</width>
 <height>40</height>
 <texture>icons/icon_menu_settings.png</texture>
</control>


<control type="label" id="9022">
 <posx>25</posx>
 <posy>20</posy>
 <width>502</width>
 <height>40</height>
 <font>font40</font>
 <align>left</align>
 <aligny>center</aligny>
 <label>TVkaista</label>
 <textcolor>white</textcolor>
</control>


<control type="group">
 <control type="videowindow">
  <posx>1066</posx>
  <posy>60</posy>
  <width>214</width>
  <height>120</height>
 </control>
 <control type="button" id="102">
  <posx>1064</posx>
  <posy>59</posy>
  <width>216</width>
  <height>122</height>
  <onup>9200</onup>
  <ondown>100</ondown>
  <onleft>100</onleft>
  <colordiffuse>80FFFFFF</colordiffuse>
  <onclick>ActivateWindow(FullscreenVideo)</onclick>
 </control>
 <visible>Player.HasVideo</visible>
</control>


    <control type="group">
          <control type="list" id="100">
           <onup>9200</onup>
           <onright>102</onright>
	   <posx>25</posx>
	   <posy>80</posy>
	   <width>905</width>
	   <height>630</height>
	   <pagecontrol>60</pagecontrol>
	   <orientation>vertical</orientation>
	   <itemlayout width="905" height="45">
	    <control type="label">
		<posx>5</posx>
		<posy>0</posy>
		<width>900</width>
		<height>42</height>
		<font>font30</font>
		<align>left</align>
		<aligny>center</aligny>
		<label>$INFO[ListItem.Label]</label>
		<textcolor>white</textcolor>
	    </control>
	    </itemlayout>
	    <focusedlayout width="900" height="45">
	       <control type="image">
		   <visible>Control.HasFocus(100)</visible>
		   <posx>0</posx>
		   <posy>0</posy>
		   <width>900</width>
		   <height>45</height>
		   <texture>white.png</texture>
		   <colordiffuse>88335588</colordiffuse>
	       </control>
	       <control type="image">
		   <visible>!Control.HasFocus(100)</visible>
		   <posx>0</posx>
		   <posy>0</posy>
		   <width>900</width>
		   <height>45</height>
		   <texture>white.png</texture>
		   <colordiffuse>22335588</colordiffuse>
	       </control>
	       <control type="label">
		   <posx>5</posx>
		   <posy>0</posy>
		   <width>900</width>
		   <height>36</height>
		   <font>font30</font>
		   <align>left</align>
		   <aligny>center</aligny>
		   <label>$INFO[ListItem.Label]</label>
		   <textcolor>white</textcolor>
		   <selectedcolor>DD171717</selectedcolor>
		   <scroll>true</scroll>
		   <scrollspeed>30</scrollspeed>
	       </control>
	    </focusedlayout>
            <content type="action">
            <onclick lang="python"><![CDATA[
tb.load(14000)
]]></onclick>
            </content>
	</control>
                        <control type="scrollbar" id="60">
                                <colordiffuse>77ffffff</colordiffuse>
                                <posx>940</posx>
                                <posy>80</posy>
                                <width>6</width>
                                <height>622</height>
                                <texturesliderbackground>transparent-black.png</texturesliderbackground>
                                <texturesliderbar>white.png</texturesliderbar>
                                <texturesliderbarfocus>white.png</texturesliderbarfocus>
                                <orientation>vertical</orientation>
                                <showonepage>false</showonepage>
                       </control>
      </control>
   </controls>
</window>
