<?xml version="1.0"?>
<window type="dialog" id="14004">
<animation effect="fade" time="100">WindowOpen</animation>
<animation effect="fade" time="100">WindowClose</animation>
 <defaultcontrol always="true">300</defaultcontrol>
 <allowoverlay>no</allowoverlay>
<onload lang="python"><![CDATA[
import tb,mc,urllib,re
params=mc.Parameters()
windowparams = mc.GetApp().GetLaunchedWindowParameters()
url = windowparams["url"]
n = mc.GetWindow(14003).GetList(100).GetFocusedItem()
item = mc.GetWindow(14003).GetList(100).GetItem(n)
label = item.GetLabel()
path = item.GetPath()
mc.GetWindow(14004).GetLabel(299).SetLabel(label)

#jos program id:tä ei löydy pathista, tallenne puuttuu.
try:
  pid=re.compile(r"/([0-9]+)[.].+$", re.IGNORECASE).findall(path)[0]
except:
  pid=""
  mc.GetWindow(14004).GetControl(300).SetEnabled(False)
  mc.GetWindow(14004).GetControl(302).SetEnabled(False)
  mc.GetWindow(14004).GetControl(303).SetEnabled(False)
  mc.GetWindow(14004).GetControl(301).SetFocus()

if url.find('/feed/playlist') > 0:
  label='Poista Listalta'
  mc.GetWindow(14004).GetButton(302).SetLabel('Poista[CR]Listalta')
  action1=2
else:
  action1=1

if url.find('/feed/seasonpasses/') > 0:
  season = re.compile(r"/feed/seasonpasses/([0-9]+)", re.IGNORECASE).findall(url)[0]
  mc.GetWindow(14004).GetButton(303).SetLabel('Poista[CR]Sarjoista')
  action2=4
  #sarjojen poistossa parametri on season id
else:
  action2=3
  season=pid
  #sarjojen lisäyksessä parametri on program id

def buttonplay():
  tb.play()
  xbmc.executebuiltin("Dialog.Close(14004)")

def buttonsearch():
  search = label.split(':')[0]
  search = search.split(' (')[0]
  search = search.split(' [')[0]
  params['title']='Haku: '+search
  params['path']='search'
  params['url']='http://www.tvkaista.fi/feed/search/title/"%s"'% urllib.quote_plus(search)
  xbmc.executebuiltin("Dialog.Close(14004)")
  if item.GetProperty("issubsearch") != "true":
    mc.GetActiveWindow().PushState()
  tb.listprograms(params)

def buttonlist():
  tb.addremove(action1,pid,label)
  xbmc.executebuiltin("Dialog.Close(14004)")

def buttonseason():
  tb.addremove(action2,season,label)
  xbmc.executebuiltin("Dialog.Close(14004)")

]]>
</onload>
	 <controls>
		<control type="image">
			<width>1280</width>
			<height>720</height>
			<texture>white.png</texture>
			<colordiffuse>88111111</colordiffuse>
		</control>
		<control type="image">
   			<posx>150</posx>
   			<posy>200</posy>
   			<width>940</width>
   			<height>250</height>
			<texture>black.png</texture>
			<colordiffuse>CC000000</colordiffuse>
		</control>
		<control type="label" id="299">
   			<posx>155</posx>
   			<posy>240</posy>
			<width>930</width>
			<height>45</height>
			<label></label>
			<align>center</align>
			<font>font30</font>
			<textcolor>white</textcolor>
		   	<scroll>true</scroll>
                   	<scrollspeed>40</scrollspeed>
		</control>
<control type="grouplist" id="9000">
   <posx>240</posx>
   <posy>330</posy>
   <width>780</width>
   <height>100</height>
   <itemgap>2</itemgap>
   <orientation>horizontal</orientation>
   <usecontrolcoords>false</usecontrolcoords>

			<control type="button" id="300">
				<width>190</width>
				<height>80</height>
				<label>Toista</label>
				<align>center</align>
				<aligny>center</aligny>
				<font>font40</font>
				<textcolor>grey</textcolor>
				<focusedcolor>white</focusedcolor>
				<colordiffuse>CC555555</colordiffuse>
				<texturefocus>white.png</texturefocus>
				<texturenofocus>-</texturenofocus>
				<onclick lang="python"><![CDATA[
buttonplay()
]]></onclick>
			</control>
			<control type="button" id="301">
				<width>190</width>
				<height>80</height>
				<label>Hae saman-[CR]nimisiä</label>
				<align>center</align>
				<aligny>center</aligny>
				<font>font30</font>
				<textcolor>grey</textcolor>
				<focusedcolor>white</focusedcolor>
				<colordiffuse>CC555555</colordiffuse>
				<texturefocus>white.png</texturefocus>
				<texturenofocus>-</texturenofocus>
				<onclick lang="python"><![CDATA[
buttonsearch()
]]></onclick>
			</control>
			<control type="button" id="302">
				<width>190</width>
				<height>80</height>
				<label>Lisää[CR]Listalle</label>
				<align>center</align>
				<aligny>center</aligny>
				<font>font30</font>
				<textcolor>grey</textcolor>
				<focusedcolor>white</focusedcolor>
				<colordiffuse>CC555555</colordiffuse>
				<texturefocus>white.png</texturefocus>
				<texturenofocus>-</texturenofocus>
				<onclick lang="python"><![CDATA[
buttonlist()
]]></onclick>
			</control>
			<control type="button" id="303">
				<width>190</width>
				<height>80</height>
				<label>Lisää[CR]Sarjoihin</label>
				<align>center</align>
				<aligny>center</aligny>
				<font>font30</font>
				<textcolor>grey</textcolor>
				<focusedcolor>white</focusedcolor>
				<colordiffuse>CC555555</colordiffuse>
				<texturefocus>white.png</texturefocus>
				<texturenofocus>-</texturenofocus>
				<onclick lang="python"><![CDATA[
buttonseason()
]]></onclick>
			</control>
</control>
	 </controls>
</window>
