<app>
    <id>wildtv</id>
    <name>Wild TV</name>
    <version>1.1</version>
    <description>Wild TV is your source for the best hunting, fishing, sport shooting and motorsport television. Watch unlimited hunting, fishing, shooting and motorsports series for a low monthly rate, new episodes added weekly! Get the best tips and tricks from the world's top professional hunters and anglers.</description>
    <thumb>http://d2nuet3r810l4b.cloudfront.net/images/wildtv-logo-white-200-2.png</thumb>
    <media>video</media>
    <copyright>Wild TV</copyright>
    <email>support@wildtv.ca</email>
    <platform>dlink.dsm380,iomega.z1,iomega.zt,intel.ce4100</platform>
    <minversion>0.9.11</minversion>
    <repository>http://dir.boxee.tv/apps</repository>
    <author>Wild TV</author>
    <type>skin</type>
    <startWindow>start</startWindow>
</app>
