<?xml version="1.0" encoding="UTF-8"?>
<window type="window" id="14005">
	<defaultcontrol always="true">100</defaultcontrol>
	<allowoverlay>no</allowoverlay>

	<controls>
	
		<include>Window_Fade_Animation</include>

		<control type="group" id="9000">
			<description>Dummy grouping for navigation from the 'Now Playing' control</description>
			<posx>0</posx>
			<posy>0</posy>
			<width>1280</width>
			<height>720</height>

		<control type="image">
			<description>background</description>
			<posx>0</posx>
			<posy>0</posy>
			<width>1280</width>
			<height>720</height>
			<texture>Background.png</texture>
		</control>

		<control type="image">
			<description>Video Artwork</description>
			<posx>90</posx>
			<posy>125</posy>
			<width>300</width>
			<height>430</height>
			<info>app.Param(artwork)</info>
			<aspectratio aligny="top">keep</aspectratio>
			<visible>!IsEmpty(app.Param(artwork))</visible>
         	<bordertexture>Grey.png</bordertexture>
         	<bordersize>2</bordersize>
		</control>

		<control type="image">
			<description>Missing Video Artwork</description>
			<posx>90</posx>
			<posy>125</posy>
			<width>300</width>
			<height>430</height>
			<texture>missing_thumb.png</texture>
			<aspectratio>stretch</aspectratio>
			<visible>IsEmpty(app.Param(artwork))</visible>
		</control>

		<control type="button" id="100">
			<description>play video button</description>
  			<posx>480</posx>
  			<posy>125</posy>
  			<width>210</width>
  			<height>47</height>
  			<onup>6000</onup>
  			<onright>101</onright>
			<texturefocus>PlayVideoButton-On.png</texturefocus>
			<texturenofocus>PlayVideoButton.png</texturenofocus>
			<onclick lang="python"><![CDATA[
import UI.Actions

UI.Actions.PlayVideo()

]]>			</onclick>
		</control>

		<control type="button" id="101">
			<description>exit details button</description>
  			<posx>720</posx>
  			<posy>125</posy>
  			<width>106</width>
  			<height>47</height>
  			<onup>6000</onup>
  			<onleft>100</onleft>
			<texturefocus>BackButton-On.png</texturefocus>
			<texturenofocus>BackButton.png</texturenofocus>
			<onclick lang="python"><![CDATA[
import UI.Actions

UI.Actions.ExitVideoDetails()

]]>			</onclick>			
		</control>

	    <control type="label">
			<description>video title</description>
			<posx>480</posx>
			<posy>190</posy>
			<width>760</width>
			<height>100</height>
			<font>sans23b</font>
			<label>$INFO[app.param(title)]</label>
			<textcolor>white</textcolor>
			<scroll>true</scroll>
	    </control>

		<!--
	    <control type="label">
			<description>made by</description>
			<posx>520</posx>
			<posy>250</posy>
			<width>720</width>
			<height>55</height>
			<font>font21</font>
			<visible>!IsEmpty(app.param(director))</visible>
			<label>by $INFO[app.param(director)]</label>
			<textcolor>white</textcolor>>
			<scroll>true</scroll>
	    </control>
		-->
		
	    <control type="label">
			<description>summary</description>
			<posx>480</posx>
			<posy>238</posy>
			<width>760</width>
			<height>450</height>
			<font>sans18</font>
			<label>$INFO[App.Param(summary)]</label>
			<textcolor>white</textcolor>
			<align>left</align>
			<align>top</align>
			<wrapmultiline>true</wrapmultiline>
	    </control>

		</control>

		<!-- <include>Common_Now_Playing</include> -->

	</controls>
</window>