<?xml version="1.0"?>

<window type="window" id="14000">

	<defaultcontrol always="true">9000</defaultcontrol>
	<allowoverlay>no</allowoverlay>
	<onload lang="python">
		<![CDATA[import gametrailers; gametrailers.start()]]>
	</onload>
	
	<!-- All Controls Group -->
	<controls>
	        <!-- Background Image -->
		<control type="group">
			<control type="image">
				<posx>0</posx>
				<posy>0</posy>
				<width>1280</width>
				<height>720</height>
				<texture>background.png</texture>
			</control>
		</control>
					
					
		<!-- Top Select Bar Group (9000) -->
		<control type="group">
		
			<!-- Button Group List -->
			<control type="grouplist" id="9000">
				<posx>0</posx>
				<posy>86</posy>
				<width>1260</width>
				<height>120</height>
				<orientation>horizontal</orientation>
				<usecontrolcoords>false</usecontrolcoords>
				<onleft>9000</onleft>
				<onright>9000</onright>
				
				<!-- Button Group -->
				<control type="group">
					<width>1260</width>
					<height>50</height>
					
					
					<!-- Bonus Round (9001)-->
					<control type="image" id="9101">
						<visible>false</visible>
						<posx>35</posx>
						<posy>0</posy>
						<width>200</width>
						<height>50</height>
						<texture border="1">select.png</texture>
						<aspectratio>stretch</aspectratio>
					</control>
					<control type="button" id="9001">
						<posx>45</posx>
						<posy>0</posy>
						<width>180</width>
						<height>50</height>
						<onleft>9013</onleft>
						<onright>9002</onright>
						<ondown>100</ondown>
						<onup>-</onup>
						<label>Bonus Round</label>
						<align>center</align>
						<aligny>center</aligny>
						<font>font28b</font>
						<textcolor>white</textcolor>
						<focusedcolor>yellow</focusedcolor>
						<texturenofocus>-</texturenofocus>
						<texturefocus>highlight.png</texturefocus>
						<onclick lang="python">
							<![CDATA[gametrailers.switch_to(9001)]]>
						</onclick>
					</control>
					
					<!--  Invisible Walls (9002)-->
					<control type="image" id="9102">
						<visible>false</visible>
						<posx>240</posx>
						<posy>0</posy>
						<width>198</width>
						<height>50</height>
						<texture border="0">select.png</texture>
						<aspectratio>stretch</aspectratio>
					</control>
					<control type="button" id="9002">
						<posx>250</posx>
						<posy>0</posy>
						<width>178</width>
						<height>50</height>
						<onleft>9001</onleft>
						<onright>9003</onright>
						<onup>-</onup>
						<ondown>100</ondown>
						<label>Invisible Walls</label>
						<align>center</align>
						<aligny>center</aligny>
						<font>font28b</font>
						<textcolor>white</textcolor>
						<focusedcolor>yellow</focusedcolor>
						<texturenofocus>-</texturenofocus>
						<texturefocus>highlight.png</texturefocus>
						<onclick lang="python">
							<![CDATA[gametrailers.switch_to(9002)]]>
						</onclick>
					</control>
					
					<!-- Pach-Attach (9003) -->
					<control type="image" id="9103">
						<visible>false</visible>
						<posx>450</posx>
						<posy>0</posy>
						<width>180</width>
						<height>50</height>
						<texture border="0">select.png</texture>
						<aspectratio>stretch</aspectratio>
					</control>
					<control type="button" id="9003">
						<posx>460</posx>
						<posy>0</posy>
						<width>160</width>
						<height>50</height>
						<onleft>9002</onleft>
						<onright>9004</onright>
						<onup>-</onup>
						<ondown>100</ondown>
						<label>Pach-Attach</label>
						<align>center</align>
						<aligny>center</aligny>
						<font>font28b</font>
						<textcolor>white</textcolor>
						<focusedcolor>yellow</focusedcolor>						
						<texturenofocus>-</texturenofocus>
						<texturefocus>highlight.png</texturefocus>
						<onclick lang="python">
							<![CDATA[gametrailers.switch_to(9003)]]>
						</onclick>
					</control>
					
					<!-- Reviews (9004)-->
					<control type="image" id="9104">
						<visible>false</visible>
						<posx>650</posx>
						<posy>0</posy>
						<width>130</width>
						<height>50</height>
						<texture border="0">select.png</texture>
						<aspectratio>stretch</aspectratio>
					</control>
					<control type="button" id="9004">
						<posx>660</posx>
						<posy>0</posy>
						<width>110</width>
						<height>50</height>
						<onleft>9003</onleft>
						<onright>9005</onright>
						<ondown>100</ondown>
						<onup>-</onup>
						<label>Reviews</label>
						<align>center</align>
						<aligny>center</aligny>
						<font>font28b</font>
						<textcolor>white</textcolor>
						<focusedcolor>yellow</focusedcolor>
						<texturenofocus>-</texturenofocus>
						<texturefocus>highlight.png</texturefocus>
						<onclick lang="python">
							<![CDATA[gametrailers.switch_to(9004)]]>
						</onclick>
					</control>
					
					<!-- Previews (9005)-->
					<control type="image" id="9105">
						<visible>false</visible>
						<posx>790</posx>
						<posy>0</posy>
						<width>138</width>
						<height>50</height>
						<texture border="0">select.png</texture>
						<aspectratio>stretch</aspectratio>
					</control>
					<control type="button" id="9005">
						<posx>800</posx>
						<posy>0</posy>
						<width>118</width>
						<height>50</height>
						<onleft>9004</onleft>
						<onright>9006</onright>
						<ondown>100</ondown>
						<onup>-</onup>
						<label>Previews</label>
						<align>center</align>
						<aligny>center</aligny>
						<font>font28b</font>
						<textcolor>white</textcolor>
						<focusedcolor>yellow</focusedcolor>
						<texturenofocus>-</texturenofocus>
						<texturefocus>highlight.png</texturefocus>
						<onclick lang="python">
							<![CDATA[gametrailers.switch_to(9005)]]>
						</onclick>
					</control>
						
					<!-- Interviews (9006)-->
					<control type="image" id="9106">
						<visible>false</visible>
						<posx>940</posx>
						<posy>0</posy>
						<width>156</width>
						<height>50</height>
						<texture border="0">select.png</texture>
						<aspectratio>stretch</aspectratio>
					</control>
					<control type="button" id="9006">
						<posx>950</posx>
						<posy>0</posy>
						<width>136</width>
						<height>50</height>
						<onleft>9005</onleft>
						<onright>9007</onright>
						<ondown>100</ondown>
						<onup>-</onup>
						<label>Interviews</label>
						<align>center</align>
						<aligny>center</aligny>
						<font>font28b</font>
						<textcolor>white</textcolor>
						<focusedcolor>yellow</focusedcolor>
						<texturenofocus>-</texturenofocus>
						<texturefocus>highlight.png</texturefocus>
						<onclick lang="python">
							<![CDATA[gametrailers.switch_to(9006)]]>
						</onclick>
					</control>
						
					<!-- Features (9007)-->
					<control type="image" id="9107">
						<visible>false</visible>
						<posx>1100</posx>
						<posy>0</posy>
						<width>130</width>
						<height>50</height>
						<texture border="0">select.png</texture>
						<aspectratio>stretch</aspectratio>
					</control>
					<control type="button" id="9007">
						<posx>1110</posx>
						<posy>0</posy>
						<width>110</width>
						<height>50</height>
						<onleft>9006</onleft>
						<onright>9008</onright>
						<ondown>100</ondown>
						<onup>-</onup>
						<label>Features</label>
						<align>center</align>
						<aligny>center</aligny>
						<font>font28b</font>
						<textcolor>white</textcolor>
						<focusedcolor>yellow</focusedcolor>
						<texturenofocus>-</texturenofocus>
						<texturefocus>highlight.png</texturefocus>
						<onclick lang="python">
							<![CDATA[gametrailers.switch_to(9007)]]>
						</onclick>
					</control>

					<!-- Sony PS3 (9008)-->
					<control type="image" id="9108">
						<visible>false</visible>
						<posx>30</posx>
						<posy>54</posy>
						<width>75</width>
						<height>50</height>
						<texture border="0">select.png</texture>
						<aspectratio>stretch</aspectratio>
					</control>
					<control type="button" id="9008">
						<posx>40</posx>
						<posy>54</posy>
						<width>55</width>
						<height>50</height>
						<onleft>9007</onleft>
						<onright>9009</onright>
						<ondown>100</ondown>
						<onup>-</onup>
						<label>PS3</label>
						<align>center</align>
						<aligny>center</aligny>
						<font>font28b</font>
						<textcolor>white</textcolor>
						<focusedcolor>yellow</focusedcolor>
						<texturenofocus>-</texturenofocus>
						<texturefocus>highlight.png</texturefocus>
						<onclick lang="python">
							<![CDATA[gametrailers.switch_to(9008)]]>
						</onclick>
					</control>

					<!-- Nintendo Wii (9009)-->
					<control type="image" id="9109">
						<visible>false</visible>
						<posx>140</posx>
						<posy>54</posy>
						<width>70</width>
						<height>50</height>
						<texture border="0">select.png</texture>
						<aspectratio>stretch</aspectratio>
					</control>
					<control type="button" id="9009">
						<posx>150</posx>
						<posy>54</posy>
						<width>50</width>
						<height>50</height>
						<onleft>9008</onleft>
						<onright>9010</onright>
						<ondown>100</ondown>
						<onup>-</onup>
						<label>Wii</label>
						<align>center</align>
						<aligny>center</aligny>
						<font>font28b</font>
						<textcolor>white</textcolor>
						<focusedcolor>yellow</focusedcolor>
						<texturenofocus>-</texturenofocus>
						<texturefocus>highlight.png</texturefocus>
						<onclick lang="python">
							<![CDATA[gametrailers.switch_to(9009)]]>
						</onclick>
					</control>

					<!-- Microsoft Xbox (9010)-->
					<control type="image" id="9110">
						<visible>false</visible>
						<posx>250</posx>
						<posy>54</posy>
						<width>150</width>
						<height>50</height>
						<texture border="0">select.png</texture>
						<aspectratio>stretch</aspectratio>
					</control>
					<control type="button" id="9010">
						<posx>260</posx>
						<posy>54</posy>
						<width>130</width>
						<height>50</height>
						<onleft>9009</onleft>
						<onright>9011</onright>
						<ondown>100</ondown>
						<onup>-</onup>
						<label>Xbox 360</label>
						<align>center</align>
						<aligny>center</aligny>
						<font>font28b</font>
						<textcolor>white</textcolor>
						<focusedcolor>yellow</focusedcolor>
						<texturenofocus>-</texturenofocus>
						<texturefocus>highlight.png</texturefocus>
						<onclick lang="python">
							<![CDATA[gametrailers.switch_to(9010)]]>
						</onclick>
					</control>

		
					<!-- Sony PSP-->
					<control type="image" id="9111">
						<visible>false</visible>
						<posx>430</posx>
						<posy>54</posy>
						<width>70</width>
						<height>50</height>
						<texture border="0">select.png</texture>
						<aspectratio>stretch</aspectratio>
					</control>
					<control type="button" id="9011">
						<posx>440</posx>
						<posy>54</posy>
						<width>50</width>
						<height>50</height>
						<onleft>9010</onleft>
						<onright>9012</onright>
						<ondown>100</ondown>
						<onup>-</onup>
						<label>PSP</label>
						<align>center</align>
						<aligny>center</aligny>
						<font>font28b</font>
						<textcolor>white</textcolor>
						<focusedcolor>yellow</focusedcolor>
						<texturenofocus>-</texturenofocus>
						<texturefocus>highlight.png</texturefocus>
						<onclick lang="python">
							<![CDATA[gametrailers.switch_to(9011)]]>
						</onclick>
					</control>

					<!-- Nintendo DS (9012)-->
					<control type="image" id="9112">
						<visible>false</visible>
						<posx>560</posx>
						<posy>54</posy>
						<width>80</width>
						<height>50</height>
						<texture border="0">select.png</texture>
						<aspectratio>stretch</aspectratio>
					</control>
					<control type="button" id="9012">
						<posx>570</posx>
						<posy>50</posy>
						<width>60</width>
						<height>54</height>
						<onleft>9011</onleft>
						<onright>9013</onright>
						<ondown>100</ondown>
						<onup>-</onup>
						<label>NDS</label>
						<align>center</align>
						<aligny>center</aligny>
						<font>font28b</font>
						<textcolor>white</textcolor>
						<focusedcolor>yellow</focusedcolor>
						<texturenofocus>-</texturenofocus>
						<texturefocus>highlight.png</texturefocus>
						<onclick lang="python">
							<![CDATA[gametrailers.switch_to(9012)]]>
						</onclick>
					</control>

					<!-- GTTV Extended Cuts (9013)-->
					<control type="image" id="9113">
						<visible>false</visible>
						<posx>680</posx>
						<posy>54</posy>
						<width>290</width>
						<height>50</height>
						<texture border="0">select.png</texture>
						<aspectratio>stretch</aspectratio>
					</control>
					<control type="button" id="9013">
						<posx>690</posx>
						<posy>54</posy>
						<width>270</width>
						<height>50</height>
						<onleft>9012</onleft>
						<onright>9014</onright>
						<ondown>100</ondown>
						<onup>-</onup>
						<label>GTTV Extended Cuts</label>
						<align>center</align>
						<aligny>center</aligny>
						<font>font28b</font>
						<textcolor>white</textcolor>
						<focusedcolor>yellow</focusedcolor>
						<texturenofocus>-</texturenofocus>
						<texturefocus>highlight.png</texturefocus>
						<onclick lang="python">
							<![CDATA[gametrailers.switch_to(9013)]]>
						</onclick>
					</control>


					<!-- EpicBattleCry (9014)-->
					<control type="image" id="9114">
						<visible>false</visible>
						<posx>1000</posx>
						<posy>54</posy>
						<width>200</width>
						<height>50</height>
						<texture border="0">select.png</texture>
						<aspectratio>stretch</aspectratio>
					</control>
					<control type="button" id="9014">
						<posx>1010</posx>
						<posy>54</posy>
						<width>180</width>
						<height>50</height>
						<onleft>9013</onleft>
						<onright>9001</onright>
						<ondown>100</ondown>
						<onup>-</onup>
						<label>EpicBattleCry</label>
						<align>center</align>
						<aligny>center</aligny>
						<font>font28b</font>
						<textcolor>white</textcolor>
						<focusedcolor>yellow</focusedcolor>
						<texturenofocus>-</texturenofocus>
						<texturefocus>highlight.png</texturefocus>
						<onclick lang="python">
							<![CDATA[gametrailers.switch_to(9014)]]>
						</onclick>
					</control>





					
				</control> <!-- end buttons list group -->
			</control> <!-- end group list -->
		</control> <!-- end group 9000 -->
		
		<!-- Left side list -->
		<control type="list" id="100">
			<animation type="Conditional" condition="Window.IsVisible(DialogProgress.xml)">
				<effect type="fade" start="100" end="20" time="200"/>
			</animation>
			<visible>true</visible>
			<posx>24</posx>
			<posy>192</posy>
			<width>807</width>
			<height>500</height>
			<onup>9000</onup>
			<ondown>-</ondown>
			<onleft>9000</onleft>
			<onright>9000</onright>
			<orientation>vertical</orientation>
			
			<itemlayout width="807" height="50">
			        <!-- RSS Label -->
				<control type="label">
					<posx>10</posx>
					<posy>0</posy>
					<width>807</width>
					<height>48</height>
					<font>font24</font>
					<align>left</align>
					<aligny>center</aligny>
					<label>$INFO[ListItem.Label]</label>
					<textcolor>white</textcolor>
				</control>
			</itemlayout>
			
			<focusedlayout width="807" height="50">
			
			        <!-- Blue highlight bar when focused -->
				<control type="image">
					<visible>Control.HasFocus(100)</visible>
					<posx>0</posx>
					<posy>0</posy>
					<width>807</width>
					<height>48</height>
					<texture>white.png</texture>
					<colordiffuse>FF214194</colordiffuse>
				</control>
				
			        <!-- Ttext Label when not focused -->
				<control type="label">
					<visible>!Control.HasFocus(100)</visible>
					<posx>10</posx>
					<posy>0</posy>
					<width>807</width>
					<height>48</height>
					<font>font24</font>
					<align>left</align>
					<aligny>center</aligny>
					<label>$INFO[ListItem.Label]</label>
					<textcolor>yellow</textcolor>
					<selectedcolor>yellow</selectedcolor>
				</control>
				
			        <!-- Ttext Label when focused -->
				<control type="label">
					<visible>Control.HasFocus(100)</visible>
					<posx>10</posx>
					<posy>0</posy>
					<width>807</width>
					<height>48</height>
					<font>font24</font>
					<align>left</align>
					<aligny>center</aligny>
					<label>$INFO[ListItem.Label]</label>
					<textcolor>white</textcolor>
					<selectedcolor>white</selectedcolor>
				</control>
				
			</focusedlayout>
			
			<content type="url" url="">
			</content>
		</control>
		
		<!-- Right Side List -->
		<control type="group" id="101">
			<animation type="Conditional" condition="Window.IsVisible(DialogProgress.xml)">
				<effect type="fade" start="100" end="20" time="200"/>
			</animation>
			<visible>true</visible>
			
			<!-- Thumbnail Image -->
			<control type="image">
				<visible>true</visible>
				<posx>866</posx>
				<posy>195</posy>
				<width>230</width>
				<height>230</height>
				<align>left</align>
				<aligny>top</aligny>
				<aspectratio>keep</aspectratio>
				<fadetime>200</fadetime>
				<texture>$INFO[Container(100).ListItem.Thumb]</texture>
			</control>
			

			<!-- Date -->
			<control type="label">
				<visible>true</visible>
				<posx>860</posx>
				<posy>420</posy>
				<font>font22b</font>
				<align>left</align>
				<aligny>top</aligny>
				<label>$INFO[Container(100).ListItem.Date]</label>
				<background>black</background>
				<textcolor>yellow</textcolor>
			</control>
			
			<!-- Description -->
			<control type="label">
				<visible>true</visible>
				<posx>860</posx>
				<posy>450</posy>
				<width>380</width>
				<height>260</height>
				<font>font22</font>
				<align>left</align>
				<aligny>top</aligny>
				<label>$INFO[Container(100).ListItem.property(description)]</label>
				<background>blue</background>
				<textcolor>white</textcolor>
				<wrapmultiline>true</wrapmultiline>
			</control>

		</control>

	</controls>

</window>
