<app>
	<id>ccof-sermons-audio</id>
	<name>CCoF Sermons (Audio)</name>
	<version>1.1</version>
	<description>Listen to previously recorded sermons from CCoF</description>
	<thumb>http://ccof.net/images/uploads/misc/PodcastLogo_200px.png</thumb>
	<repository>http://dir.boxee.tv/apps</repository>
	<media>music</media>
	<copyright>Christ's Church of Flagstaff</copyright>
	<email>ccofnow@gmail.com</email>
	<type>skin</type>
	<startWindow>14000</startWindow>
	<platform>all</platform>
	<minversion>0.9.11</minversion>
</app>
