<?xml version="1.0"?>
   <window type="window" id="14000">
   <defaultcontrol always="true">100</defaultcontrol>
   <allowoverlay>no</allowoverlay>
   <controls>
      <control type="group">
          <control type="image">
             <posx>0</posx>
             <posy>0</posy>
             <width>1280</width>
             <height>720</height>
             <texture>background4.png</texture>
          </control>
          <control type="image">
             <posx>30</posx>
             <posy>120</posy>
             <width>640</width>
             <height>480</height>
             <texture>list2.png</texture>
         </control>
		 <control type="list" id="100">
			   <posx>33</posx>
			   <posy>120</posy>
			   <width>637</width>
			   <height>480</height>
			   <orientation>vertical</orientation>
			   <itemlayout width="502" height="65">
			    <control type="image">
				   <posx>0</posx>
				   <posy>0</posy>
				   <width>637</width>
				   <height>60</height>
				   <texture>white.png</texture>
				   <colordiffuse>DD464646</colordiffuse>
			    </control>
			    <control type="label">
					<posx>0</posx>
					<posy>0</posy>
					<width>637</width>
					<height>60</height>
					<font>font30</font>
					<align>left</align>
					<aligny>center</aligny>
					<label>$INFO[ListItem.Label]</label>
					<textcolor>white</textcolor>
			    </control>
			    </itemlayout>
			    <focusedlayout width="502" height="65">
			       <control type="image">
				   <posx>0</posx>
				   <posy>0</posy>
				   <width>637</width>
				   <height>60</height>
				   <texture>white.png</texture>
				   <colordiffuse>DD171717</colordiffuse>
			       </control>
			       <control type="label">
				   <visible>!Control.HasFocus(100)</visible>
				   <posx>0</posx>
				   <posy>0</posy>
				   <width>637</width>
				   <height>60</height>
				   <font>font30</font>
				   <align>left</align>
				   <aligny>center</aligny>
				   <label>$INFO[ListItem.Label]</label>
				   <textcolor>white</textcolor>
				   <selectedcolor>DD171717</selectedcolor>
			       </control>
			       <control type="label">
				   <visible>Control.HasFocus(100)</visible>   
				   <posx>0</posx>
				   <posy>0</posy>
				   <width>637</width>
				   <height>60</height>
				   <font>font30</font>
				   <align>left</align>
				   <aligny>center</aligny>
				   <label>$INFO[ListItem.Label]</label>
				   <textcolor>white</textcolor>
				   <selectedcolor>DD171717</selectedcolor>
				   <scroll>true</scroll>
				   <scrollspeed>30</scrollspeed>
			       </control>
			    </focusedlayout>
			    <content type="url" url="http://www.cbc.ca/podcasting/includes/thenational-video-podcast.xml">
			    </content>
			</control>
      </control>
	<control type="group">
		<animation type="Conditional" condition="Window.IsVisible(DialogProgress.xml)">
			      <effect type="fade" start="100" end="20" time="200"/>
		           </animation>
		

	           <control type="label">
	              <visible>true</visible>
	              <posx>800</posx>
	              <posy>460</posy>
	              <width>450</width>
	              <height>250</height>
	              <font>light23</font>
	              <align>left</align>
	              <aligny>center</aligny>
	              <label>[B]Description:[/B] $INFO[Container(100).ListItem.property(description)]</label>
	              <background>grey</background>
	              <textcolor>black</textcolor>
	              <wrapmultiline>true</wrapmultiline>
	           </control>
	         </control>
   </controls>
</window>