<app>
	<id>mydamnchannel</id>
	<name>My Damn Channel</name>
	<version>1.4</version>
	<description>Award winning original web series. Comedy. Music. Smart and funny videos from the best comedians, actors and musicians.</description>
	<thumb>http://content.mydamnchannel.com/datastore/boxee/mdc.png</thumb>
	<repository>http://dir.boxee.tv/apps/</repository>
	<media>video</media>
	<copyright>MyDamnChannel</copyright>
	<email>amit@mydamnchannel.com</email>
	<type>skin</type>
	<startWindow>14000</startWindow>
	<platform>all</platform>
	<minversion>0.9.11</minversion>
</app>

