﻿<?xml version="1.0" encoding="utf-8" ?>
<app>
	<id>yupptv</id>
	<name>YuppTV</name>
	<version>1.62</version>
	<description>Watch your favourite Indian TV Channels LIVE and also in VOD’s.</description>
	<thumb>https://www.yupptv.com/boxee/images/boxeeTv.png</thumb>
	<repository>http://dir.boxee.tv/apps</repository>
	<media>video</media>
	<copyright>2012 YuppTV</copyright>
	<email>support@yupptv.com</email>
	<type>skin</type>
	<platform>dlink.dsm380</platform>
	<minversion>0.9.20</minversion>
	<startWindow>launch</startWindow>
</app>