﻿<?xml version="1.0"?>
<window type="window" id="14000">
		<defaultcontrol always="true">52</defaultcontrol>
		<allowoverlay>no</allowoverlay>
		<onload lang="python">
<![CDATA[
import mc
import urllib
from xml.dom.minidom import parse, parseString

BASE_URL = "http://www.tricerasoft.com/cgi-bin/Boxee/checkuser.asp?username=%s&password=%s"

username = mc.GetApp().GetLocalConfig().GetValue("user")
if username:
    password = mc.GetApp().GetLocalConfig().GetValue("pass")
    fullname = mc.GetApp().GetLocalConfig().GetValue("fullname")
    subname = mc.GetApp().GetLocalConfig().GetValue("subname")
    availcredit = mc.GetApp().GetLocalConfig().GetValue("availcredit")
    mc.ShowDialogNotification("Welcome back: " + fullname)

    try:
       http = mc.Http()
       data = http.Get(BASE_URL % (username, password))
 
       if http.GetHttpResponseCode() == 200:
          http.Reset()
          
          dom = parseString(data)
          dom = dom.getElementsByTagName("result")[0]
          status2 = dom.attributes["status"].value
          warningmsg = dom.attributes["msg"].value
          
          if status2 == "Done":
             availcredit = str(dom.attributes["availcredit"].value)
             mc.GetApp().GetLocalConfig().SetValue("availcredit",availcredit)
          else:
             pass
       else:
          http.Reset()
    except Exception, e:
          pass
else:
    mc.ShowDialogOk('Welcome to Sunfly Karaoke.', 'To use the service please create an account then login. You only need to create an account once.')
]]>
</onload>
		<controls>
				<include>Common_Background</include>
				<include>Common_Status</include>
				<control type="group">
					<control type="image">
						<posx>0</posx>
						<posy>0</posy>
						<width>1280</width>
						<height>720</height>
						<texture>SunflyBackground.jpg</texture>
					</control>
				</control>
				<control type="group">
						<control type="image" platformClass="all">
							<posx>10</posx>
							<posy>15</posy>
							<width>650</width>
							<height>104</height>
							<texture>SunflyHeader.png</texture>
						</control>						
				</control>
				<control type="group">
						<posx>118</posx>
						<posy>105</posy>
						<width>132</width>
						<height>58</height>
						<control type="label" id="110">
							<label>[UPPERCASE]Online Karaoke[/UPPERCASE]</label>
						</control>
				</control>
				<control type="grouplist" id="9000">
						<posx>510</posx>
						<posy>90</posy>
						<width>1200</width>
						<height>58</height>
						<itemgap>0</itemgap>
						<ondown>52</ondown>
						<onup>-</onup>
						<onright>-</onright>
						<orientation>horizontal</orientation>
						<usecontrolcoords>false</usecontrolcoords>
						<!--<onleft>6000</onleft>-->
						<onright>SetFocus(6000)</onright>
						<onup>SetFocus(6000)</onup>
						<ondown>9001</ondown>
						<control type="group">
								<width>132</width>
								<height>58</height>
								<visible>Control.IsVisible(9001)</visible>
								<control type="button" id="9001">
										<width>142</width>
										<height>58</height>
										<onleft>-</onleft>
										<onright>9002</onright>
										<onup>6001</onup>
										<ondown>52</ondown>
										<label>Latest</label>
										<textcolor>grey</textcolor>
										<focusedcolor>white</focusedcolor>
										<texturenofocus>-</texturenofocus>
										<texturefocus>y-button-sm-on.png</texturefocus>
										<font>font21</font>
										<align>center</align>
										<aligny>center</aligny>
										<onclick>Control.SetLabel(110,Latest)</onclick>
										<onclick>Container.SetPath(52,http://www.tricerasoft.com/cgi-bin/Boxee/xmllatest.asp)</onclick>
								</control>
						</control>
						<control type="group">
								<width>156</width>
								<height>58</height>
								<visible>Control.IsVisible(9002)</visible>
								<control type="button" id="9002">
										<width>166</width>
										<height>58</height>
										<onleft>9001</onleft>
										<onright>9003</onright>
										<onup>6001</onup>
										<ondown>52</ondown>
										<label>Top 100</label>
										<textcolor>grey</textcolor>
										<focusedcolor>white</focusedcolor>
										<texturenofocus>-</texturenofocus>
										<texturefocus>y-button-on.png</texturefocus>
										<font>font21</font>
										<align>center</align>
										<aligny>center</aligny>
										<onclick>Control.SetLabel(110,Top 100)</onclick>
										<onclick>Container.SetPath(52,http://www.tricerasoft.com/cgi-bin/Boxee/xmltop.asp)</onclick>
								</control>
						</control>
						<control type="group">
								<width>112</width>
								<height>58</height>
								<visible>Control.IsVisible(9003)</visible>
								<control type="button" id="9003">
										<width>122</width>
										<height>58</height>
										<onleft>9002</onleft>
										<onright>9004</onright>
										<onup>6001</onup>
										<ondown>52</ondown>
										<label>Search</label>
										<textcolor>grey</textcolor>
										<focusedcolor>white</focusedcolor>
										<texturenofocus>-</texturenofocus>
										<texturefocus>y-button-xsm-on.png</texturefocus>
										<font>font21</font>
										<align>center</align>
										<aligny>center</aligny>
										<onclick>App.PushFrontString(search,,10,Search Sunfly)</onclick>
										<onclick>Control.SetLabel(110,Search / $INFO[App.String(search)])</onclick>
										<onclick>Container.SetPath(52,http://www.tricerasoft.com/cgi-bin/Boxee/xmlsearch.asp?Both=$INFO[urlencode(App.String(search))])</onclick>
								</control>
						</control>
						<control type="group">
								<width>112</width>
								<height>58</height>
								<visible>IsEmpty(app.String(user))</visible>
								<control type="button" id="9004">
										<visible>IsEmpty(app.String(user))</visible>
										<width>122</width>
										<height>58</height>
										<onleft>9003</onleft>
										<onright>9005</onright>
										<onup>6001</onup>
										<ondown>52</ondown>
										<label>Login</label>
										<textcolor>grey</textcolor>
										<focusedcolor>white</focusedcolor>
										<texturenofocus>-</texturenofocus>
										<texturefocus>y-button-xsm-on.png</texturefocus>
										<font>font21</font>
										<align>center</align>
										<aligny>center</aligny>
										<onclick lang="python">
<![CDATA[
import mc
import sunflylogin
import urllib
from xml.dom.minidom import parse, parseString

BASE_URL = "http://www.tricerasoft.com/cgi-bin/Boxee/checkuser.asp?username=%s&password=%s"

try:
    keys = sunflylogin.login()
    if keys:
       username = keys['key1']
       password = keys['key2']

       http = mc.Http()
       data = http.Get(BASE_URL % (username, password))
 
       if http.GetHttpResponseCode() == 200:
          http.Reset()
          
          dom = parseString(data)
          dom = dom.getElementsByTagName("result")[0]
          status2 = dom.attributes["status"].value
          warningmsg = dom.attributes["msg"].value
          
          if status2 == "Done":
             fullname = str(dom.attributes["fullname"].value)
             availcredit = str(dom.attributes["availcredit"].value)
             subname = str(dom.attributes["subname"].value)
             mc.ShowDialogNotification("Welcome: " + fullname)
             mc.GetApp().GetLocalConfig().SetValue("user",username)
             mc.GetApp().GetLocalConfig().SetValue("pass",password)
             mc.GetApp().GetLocalConfig().SetValue("fullname",fullname)
             mc.GetApp().GetLocalConfig().SetValue("subname",subname)
             mc.GetApp().GetLocalConfig().SetValue("availcredit",availcredit)
          else:
             mc.ShowDialogNotification("Sorry, Login Failed. Please check your credentials.")
       else:
          http.Reset()
          mc.ShowDialogOk('Login Failure:', str(warningmsg))
except Exception, e:
    mc.ShowDialogOk('Sunfly Karaoke Login', 'Login Failure: ' + str(e))
]]>
</onclick>
								</control>
						</control>
						<control type="group">
								<width>112</width>
								<height>58</height>
								<visible>!IsEmpty(app.String(user))</visible>
								<control type="button" id="9004">
										<visible>!IsEmpty(app.String(user))</visible>
										<width>122</width>
										<height>58</height>
										<onleft>9003</onleft>
										<onright>9005</onright>
										<onup>6001</onup>
										<ondown>52</ondown>
										<label>Logout</label>
										<textcolor>grey</textcolor>
										<focusedcolor>white</focusedcolor>
										<texturenofocus>-</texturenofocus>
										<texturefocus>y-button-xsm-on.png</texturefocus>
										<font>font21</font>
										<align>center</align>
										<aligny>center</aligny>
										<onclick>App.ResetAll()</onclick>
								</control>
						</control>
						<control type="group">
								<width>112</width>
								<height>58</height>
								<visible>!IsEmpty(app.String(user))</visible>
								<control type="button" id="9005">
										<visible>!IsEmpty(app.String(user))</visible>
										<width>166</width>
										<height>58</height>
										<onleft>9004</onleft>
										<onup>6001</onup>
										<ondown>52</ondown>
										<label>Balance: $INFO[App.String(availcredit)]</label>
										<textcolor>grey</textcolor>
										<focusedcolor>white</focusedcolor>
										<texturenofocus>-</texturenofocus>
										<texturefocus>y-button-on.png</texturefocus>
										<font>font21</font>
										<align>center</align>
										<aligny>center</aligny>
										<onclick lang="python">
<![CDATA[
import mc
import sunflylogin
import urllib
from xml.dom.minidom import parse, parseString

BASE_URL = "http://www.tricerasoft.com/cgi-bin/Boxee/checkuser.asp?username=%s&password=%s"

try:
       username = mc.GetApp().GetLocalConfig().GetValue("user")
       password = mc.GetApp().GetLocalConfig().GetValue("pass")
       
       http = mc.Http()
       data = http.Get(BASE_URL % (username, password))
 
       if http.GetHttpResponseCode() == 200:
          http.Reset()
          
          dom = parseString(data)
          dom = dom.getElementsByTagName("result")[0]
          status2 = dom.attributes["status"].value
          warningmsg = dom.attributes["msg"].value
          
          if status2 == "Done":
             availcredit = str(dom.attributes["availcredit"].value)
             mc.ShowDialogNotification("Credit Balance: " + availcredit)
             mc.GetApp().GetLocalConfig().SetValue("availcredit",availcredit)
       else:
          http.Reset()
          mc.ShowDialogOk('Login Failure:', str(warningmsg))
except Exception, e:
    mc.ShowDialogOk('Sunfly Karaoke Login', 'Login Failure: ' + str(e))
]]>
</onclick>
								</control>
						</control>
				</control>
				<control type="label">
						<posx>50</posx>
						<posy>170</posy>
						<width>754</width>
						<height>50</height>
						<font>font21</font>
						<align>left</align>
						<aligny>top</aligny>
						<wrapmultiline>true</wrapmultiline>
						<label>No results found.</label>
						<textcolor>white</textcolor>
						<selectedcolor>green</selectedcolor>
						<visible>Container(52).IsEmpty + !Container(52).IsLoading</visible>
				</control>
				<control type="group" id="9001">
						<control type="fixedlist" id="52">
								<posx>28</posx>
								<posy>146</posy>
								<width>604</width>
								<height>584</height>
								<onleft>9000</onleft>
								<onright>9000</onright>
								<onup>9000</onup>
								<ondown>-</ondown>
								<scrolltime>200</scrolltime>
								<pagecontrol>60</pagecontrol>
								<orientation>vertical</orientation>
								<offsetx>14</offsetx>
								<offsety>4</offsety>
								<focusposition>2</focusposition>
								<itemlayout height="106">
										<control type="image" platformClass="all">
												<posx>0</posx>
												<posy>51</posy>
												<width>604</width>
												<height>112</height>
												<texture>home_line_horizontal_left.png</texture>
										</control>
										<control type="image">
												<visible>!IsEmpty(ListItem.Thumb)</visible>
												<posx>41</posx>
												<posy>2</posy>
												<width>104</width>
												<height>104</height>
												<texture blend="false">$INFO[ListItem.Thumb]</texture>
												<bordersize>12</bordersize>
												<aspectratio>scale</aspectratio>
										</control>
										<control type="image">
												<visible>IsEmpty(ListItem.Thumb)</visible>
												<posx>41</posx>
												<posy>2</posy>
												<width>104</width>
												<height>104</height>
												<texture blend="true" diffuse="SunflyLogo.png">SunflyLogo.png</texture>
												<bordersize>12</bordersize>
												<aspectratio>scale</aspectratio>
										</control>
										<control type="label">
												<posx>14</posx>
												<posy>13</posy>
												<width>41</width>
												<height>24</height>
												<font>font21</font>
												<align>left</align>
												<aligny>center</aligny>
												<label>$INFO[Listitem.Offset]</label>
												<textcolor>grey</textcolor>
												<selectedcolor>grey</selectedcolor>
										</control>
										<control type="label">
												<posy>12</posy>
												<posx>145</posx>
												<font>font24B</font>
												<label>[UPPERCASE]$INFO[ListItem.Title][/UPPERCASE]</label>
												<width>390</width>
												<height>30</height>
												<wrapmultiline>true</wrapmultiline>
												<textcolor>white</textcolor>
												<selectedcolor>white</selectedcolor>
										</control>
										<control type="label">
												<posy>45</posy>
												<posx>145</posx>
												<font>font21</font>
												<label>$INFO[ListItem.property(description)]</label>
												<width>390</width>
												<height>40</height>
												<wrapmultiline>true</wrapmultiline>
												<textcolor>white</textcolor>
												<selectedcolor>white</selectedcolor>
										</control>
										<control type="label">
												<posy>65</posy>
												<posx>145</posx>
												<font>font18</font>
												<label>$INFO[ListItem.property(custom:releasedate)]</label>
												<width>390</width>
												<height>40</height>
												<wrapmultiline>true</wrapmultiline>
												<textcolor>white</textcolor>
												<selectedcolor>white</selectedcolor>
										</control>

								</itemlayout>
								<focusedlayout height="106">
										<control type="image" platformClass="all">
												<posx>0</posx>
												<posy>51</posy>
												<width>604</width>
												<height>112</height>
												<texture>home_line_horizontal_left.png</texture>
										</control>
										<control type="image">
												<visible>Control.HasFocus(52)</visible>
												<posx>-14</posx>
												<posy>-14</posy>
												<width>576</width>
												<height>134</height>
												<texture border="39">line_view_on.png</texture>
										</control>
										<control type="image">
												<visible>!IsEmpty(ListItem.Thumb)</visible>
												<posx>41</posx>
												<posy>2</posy>
												<width>104</width>
												<height>104</height>
												<texture blend="false">$INFO[ListItem.Thumb]</texture>
												<bordersize>12</bordersize>
												<aspectratio>scale</aspectratio>
										</control>
										<control type="image">
												<visible>IsEmpty(ListItem.Thumb)</visible>
												<posx>41</posx>
												<posy>2</posy>
												<width>104</width>
												<height>104</height>
												<texture blend="true" diffuse="SunflyLogo.png">SunflyLogo.png</texture>
												<bordersize>12</bordersize>
												<aspectratio>scale</aspectratio>
										</control>
										<control type="label">
												<posx>14</posx>
												<posy>13</posy>
												<width>41</width>
												<height>24</height>
												<font>font20</font>
												<align>left</align>
												<aligny>center</aligny>
												<label>$INFO[Listitem.Offset]</label>
												<textcolor>grey</textcolor>
												<selectedcolor>grey</selectedcolor>
										</control>
										<control type="label">
												<posy>12</posy>
												<posx>145</posx>
												<font>font24B</font>
												<label>[UPPERCASE]$INFO[ListItem.Title][/UPPERCASE]</label>
												<width>390</width>
												<height>30</height>
												<wrapmultiline>true</wrapmultiline>
												<textcolor>white</textcolor>
												<selectedcolor>white</selectedcolor>
										</control>
										<control type="label">
												<posy>45</posy>
												<posx>145</posx>
												<font>font21</font>
												<label>$INFO[ListItem.property(description)]</label>
												<width>390</width>
												<height>40</height>
												<wrapmultiline>true</wrapmultiline>
												<textcolor>white</textcolor>
												<selectedcolor>white</selectedcolor>
										</control>
										<control type="label">
												<posy>65</posy>
												<posx>145</posx>
												<font>font18</font>
												<label>$INFO[ListItem.property(custom:releasedate)]</label>
												<width>390</width>
												<height>40</height>
												<wrapmultiline>true</wrapmultiline>
												<textcolor>white</textcolor>
												<selectedcolor>white</selectedcolor>
										</control>
								</focusedlayout>
								<content type="url" url="http://www.tricerasoft.com/cgi-bin/Boxee/xmllatest.asp">
									<onclick lang="python">
<![CDATA[ 
import mc
import sunflylogin
import urllib
from xml.dom.minidom import parse, parseString

BASE_URL = "http://www.tricerasoft.com/cgi-bin/Boxee/checkuser.asp?username=%s&password=%s"

subname = mc.GetApp().GetLocalConfig().GetValue("subname")
username = mc.GetApp().GetLocalConfig().GetValue("user")

if not username:
     mc.ShowDialogNotification('Please login to your account.')
else:
     try:     
          http = mc.Http()
          data = http.Get(BASE_URL % (username, password)) 
          if http.GetHttpResponseCode() == 200:
               http.Reset()   
               dom = parseString(data)
               dom = dom.getElementsByTagName("result")[0]
               status2 = dom.attributes["status"].value
          
               if status2 == "Done":
                    availcredit = str(dom.attributes["availcredit"].value)
                    mc.ShowDialogNotification("Credit Balance: " + availcredit)
                    mc.GetApp().GetLocalConfig().SetValue("availcredit",availcredit)

                    if int(availcredit) > 0:
                         list = mc.GetActiveWindow().GetList(52)
                         item = list.GetItem(list.GetFocusedItem())
                         path = item.GetPath()
                         path = path.replace(" ", "%20")

                         item.SetAddToHistory(False)
                         item.SetReportToServer(False)
                         item.SetContentType("application/x-shockwave-flash")
                         item.SetPath("flash://www.tricerasoft.com/src=http%3A%2F%2Fwww.tricerasoft.com%2FFlash%2FFlashBoxeeCDG.asp%3FMP3%3D" + path + "%26CDG%3D" + path + "%26subname%3D" + subname + "&bx-jsactions=http%3A%2F%2Fwww.tricerasoft.com%2Fflash%2Fbrowser.js")
			 #item.SetContentType("video/x-matroska")
                         #item.SetPath("http://www.tricerasoft.com/cgi-bin/boxee/playvideo.aspx?Video%3D" + path + "%26subname%3D" + subname)
                         item.SetThumbnail("SunflyLogo.png")
                         mc.GetPlayer().PlayWithActionMenu(item)
                    else:
                         mc.ShowDialogNotification('Please refill your account with credits, you are out of credits.')
               else:
                    mc.ShowDialogNotification("Credit Balance Currently Unavailable.")
          else:
              http.Reset()
              mc.ShowDialogNotification('Could not login.')
     except Exception, e:
          mc.ShowDialogOk('Sunfly Karaoke Login', 'Login Failure: ' + str(e))
]]>
</onclick>
								</content>
						</control>
						<control type="image" platformClass="all">
								<posx>605</posx>
								<posy>100</posy>
								<width>67</width>
								<height>680</height>
								<texture>home_line_vertical.png</texture>
								<colordiffuse>80FFFFFF</colordiffuse>
						</control>
						<control type="group">
							<control type="image" platformClass="all">
								<visible>IsEmpty(app.String(user))</visible>
								<posx>640</posx>
								<posy>330</posy>
								<width>640</width>
								<height>360</height>
								<texture>SunflyAccount.png</texture>
							</control>						
						</control>
						<include>BrowseEmptyList</include>
				</control>
				<posy>200</posy>
				<include>BrowseQueueViewInfo</include>
				<include>Bottom_Feather</include>
				<include>BrowseLoadingAnimation</include>
				<control type="group" id="6001">
						<include>Common_Now_Playing</include>
				</control>
		</controls>
</window>
