<app>
	 <id>openfilm</id>
	 <name>OpenFilm</name>
	 <version>0.10</version>
	 <description>Openfilm brings the best elements of the film industry together. With an innovative platform designed to change the process of discovering great independent film, Openfilm is dedicated to developing, marketing and distributing great works.</description>
	 <thumb>http://dir.boxee.tv/apps/openfilm/thumb.png</thumb>
	 <repository>http://dir.boxee.tv/apps</repository>
	 <media>video</media>
	 <copyright>Boxee</copyright>
	 <email>support@boxee.tv</email>
	 <type>skin</type>
	 <startWindow>14000</startWindow>
	 <platform>all</platform>
	 <minversion>0.9.21</minversion>
</app>
