<?xml version="1.0"?>

<window type="window" id="14000">
    <defaultcontrol always="true">103</defaultcontrol>
    
    <!-- setting to 0 since v'll b using opaque bg image -->
    <backgroundcolor>0</backgroundcolor> 			
    <allowoverlay>no</allowoverlay>
    
    <onload lang="python"><![CDATA[
import mc
mc.ShowDialogWait()
mc.LogInfo(">>>>>>>>> MAIN XML LOADED")
config = mc.GetApp().GetLocalConfig()
window = mc.GetActiveWindow()

mc.LogInfo(">>>>>>>>>>> catlen " + mc.GetInfoString('Container(103).NumItems'))
if mc.GetPlayer().IsPlaying():
        mc.GetPlayer().Stop()

if int(mc.GetInfoString('Container(103).NumItems')) == 0:
	mc.LogInfo(">>>>> Gonna reload window")
	config.SetValue("reload", "1")
	import MainScript
	MainScript.initialize()
	config.SetValue("reload", "0")
else:
	#probably back from playback
	window.GetLabel(107).SetLabel(config.GetValue("topListTitle"))
	window.GetLabel(111).SetLabel(config.GetValue("bottomListTitle"))
	window.GetControl(int(config.GetValue("playingList"))).SetFocus()
 	window.GetList(int(config.GetValue("playingList"))).SetFocusedItem(int(config.GetValue("playingIndex")))
 
mc.HideDialogWait()
mc.LogInfo(">>>>>>>>>>>> Main XML: Exiting")
]]></onload>
     
	<controls>
    	<!-- ***************** Background image *********************-->   	
    	<control type="image">
			<posx>0</posx>
			<posy>0</posy>
			<width>1280</width>
			<height>720</height>
			<texture>bg.png</texture>
    	</control>
    	
    	
    	<!--  ***************** Channel logo  ***************** -->
    	<control type="image">
        	<posx>40</posx>
           	<posy>40</posy>
           	<texture>header_logo.png</texture>
    	</control>
    		
			
		<!--  ***************** Search link  ***************** -->	
		<control type="button" id="100">   
			<posx>1000</posx>   
			<posy>60</posy>   
			<width>200</width>   
			<height>30</height>   
			<label>-</label>   
			<textoffsetx>8</textoffsetx>  
			<align>left</align>   
			<aligny>center</aligny>   
			<font>font20</font>   
			<textcolor>white</textcolor>
			<texturenofocus>search.png</texturenofocus>
			<texturefocus>search_focused.png</texturefocus>
			<onup>-</onup>
	        <ondown>103</ondown>
		<onclick lang="python"><![CDATA[
keyStr = mc.ShowDialogKeyboard("Enter Keyword", "", False)
MainScript.searchVods(keyStr)
]]></onclick>
		</control>
		
		<control type="label" id="101">
				<posx>1080</posx>
				<posy>235</posy>
				<width>150</width>
				<height>20</height>
				<align>center</align>
				<aligny>center</aligny>
				<textcolor>white</textcolor>
				<font>font20b</font>
				<label></label>
		</control>
		
		
		<!--  ***************** Category list  ***************** -->
		<control type="wraplist" id="103">
	    	<posx>65</posx>
			<posy>120</posy>
	     	<width>1140</width>
	     	<height>70</height>
	     	<visible>false</visible>
	     	<focusposition>3</focusposition>
			<orientation>horizontal</orientation>
			
			<itemlayout width="163">
				<control type="image">
					<posx>0</posx>
					<posy>0</posy>
					<width>160</width>
					<texture>category_bg.png</texture>	
				</control>
				
				<control type="image">
					<posx>0</posx>
					<posy>0</posy>
					<width>160</width>
					<texture>category_selected.png</texture>	
					<visible>Listitem.IsSelected</visible>
				</control>
		
				<control type="label">
					<posx>78</posx>
					<posy>0</posy>
					<width>160</width>
					<height>50</height>
					<align>center</align>
					<aligny>center</aligny>
					<textcolor>white</textcolor>
					<font>font20b</font>
					<label>$INFO[Listitem.title]</label>
				</control>
	     	</itemlayout> 
     			
	     	<focusedlayout width="163">		     	
				<control type="image">
					<posx>0</posx>
					<posy>0</posy>
					<width>160</width>
					<texture>category_bg.png</texture>	
				</control>
				
				<control type="image">
					<posx>0</posx>
					<posy>0</posy>
					<width>160</width>
					<texture>category_focused.png</texture>
					<visible>Control.HasFocus(103)</visible>	
				</control>
				
				<control type="image">
					<posx>0</posx>
					<posy>0</posy>
					<width>160</width>
					<texture>category_selected.png</texture>	
					<visible>Listitem.IsSelected</visible>
				</control>
						
				<control type="label">
					<posx>78</posx>
					<posy>0</posy>
					<width>160</width>
					<height>50</height>
					<align>center</align>
					<aligny>center</aligny>
					<font>font20b</font>
					<textcolor>white</textcolor>
					<label>$INFO[Listitem.title]</label>
				</control>     		
     		</focusedlayout>    

			<onleft>-</onleft> 
			<onright>-</onright>
			<ondown>108</ondown>
			<onup>100</onup>
			
     		<content type="action">
     			<onclick lang="python"><![CDATA[MainScript.selectCategory()]]></onclick>     			
 			</content>
	</control>
		 
    
    	   	
	<!-- **************************** Top Subcategory list ***************************-->
	<control type="label" id="107">
		<posx>60</posx>
		<posy>230</posy>
		<visible>Control.IsVisible(108)</visible>
		<font>font28b</font>
		<textcolor>white</textcolor>
		<label></label>
	</control>  
	
	<control type="wraplist" id="108">
		<posx>60</posx>
		<posy>240</posy>
	 	<width>1140</width>
	 	<height>190</height>
	 	<visible>false</visible>
	 	<focusposition>2</focusposition>
		<orientation>horizontal</orientation>
			
		<itemlayout width="230">
			<control type="image">
				<posx>10</posx>
				<posy>30</posy>
				<width>220</width>
				<height>150</height>
				<aspectratio>scale</aspectratio>
				<texture>$INFO[Listitem.Thumb]</texture>	
			</control>	
			
			<control type="image">
				<posx>10</posx>
				<posy>130</posy>
				<width>220</width>
				<height>50</height>
				<texture>vod_title.png</texture>	
			</control>	
			
			<control type="label">
				<posx>115</posx>
				<posy>130</posy>
				<width>190</width>
				<height>50</height>
				<align>center</align>
				<aligny>center</aligny>
				<font>font16b</font>
				<textcolor>white</textcolor>
   				<wrapmultiline>true</wrapmultiline>
				<label>$INFO[Listitem.title]</label>
			</control>   
		</itemlayout> 
     			
     	<focusedlayout width="230" height="250">
     		<control type="group">
				<posx>0</posx>
				<posy>0</posy>
				<animation effect="zoom" end="125,125" center="auto" time="100">Focus</animation>
				<animation effect="zoom" start="125,125" end="100,100" center="auto" time="200">Unfocus</animation>
				
				<control type="image">
					<posx>10</posx>
					<posy>30</posy>
					<width>220</width>
					<height>150</height>
					<aspectratio>scale</aspectratio>
					<texture>$INFO[Listitem.Thumb]</texture>	
				</control>	
				
				<control type="image">
					<posx>10</posx>
					<posy>130</posy>
					<width>220</width>
					<height>50</height>
					<texture>vod_title.png</texture>	
				</control>	
				
				<control type="label">
					<posx>115</posx>
					<posy>130</posy>
					<width>190</width>
					<height>50</height>
					<align>center</align>
					<aligny>center</aligny>
					<font>font16b</font>
					<textcolor>white</textcolor>
	   				<wrapmultiline>true</wrapmultiline>
					<label>$INFO[Listitem.title]</label>
				</control>   
				
				<control type="button">
					<posx>2</posx>
					<posy>22</posy>
					<width>230</width>
					<height>165</height>
					<texturenofocus>-</texturenofocus>
					<texturefocus>vod_focused.png</texturefocus>       			
				</control>			
			</control>		
     	</focusedlayout>    
     		
     	<onright>-</onright>
     	<onleft>-</onleft>  	
     	  
     	<ondown  lang="python"><![CDATA[
index = int(config.GetValue("subCatIndex2"))
if index != -1:
	window.GetControl(112).SetFocus()
	pageNum = str(index + 1) + "/" + config.GetValue("subCatLength")
	window.GetLabel(101).SetLabel(str(pageNum))
]]></ondown>   		
 
		<onup lang="python"><![CDATA[
if(int(config.GetValue("subCatIndex1")) > 1):
	MainScript.loadCategory(int(config.GetValue("curCat")), int(config.GetValue("subCatIndex1")) - 2)
	window.GetControl(108).SetFocus()
	#window.GetList(108).SetFocusedItem(0)       
else:
	window.GetControl(103).SetFocus()
]]></onup>  
     		
     	<content type="action">     	
     		<onclick lang="python"><![CDATA[
MainScript.launchPlayer(108, window.GetList(108).GetFocusedItem())
]]></onclick>
 		</content>
 		
     </control>	
        
      
	<!--  ***************** Lower Subcategory list  ***************** -->
    <control type="label" id="111">
		<posx>60</posx>
		<posy>460</posy>
		<visible>Control.IsVisible(112)</visible>
		<font>font28b</font>
		<textcolor>white</textcolor>
		<label></label>
	</control>  
	
	<control type="wraplist" id="112">
        <posx>60</posx>
		<posy>470</posy>
 		<width>1140</width>
	 	<height>190</height>
	 	<visible>false</visible>
	 	<focusposition>2</focusposition>
		<orientation>horizontal</orientation>
			
		<itemlayout width="230">
			<control type="image">
				<posx>10</posx>
				<posy>30</posy>
				<width>220</width>
				<height>150</height>
				<aspectratio>scale</aspectratio>
				<texture>$INFO[Listitem.Thumb]</texture>	
			</control>	
			
			<control type="image">
				<posx>10</posx>
				<posy>130</posy>
				<width>220</width>
				<height>50</height>
				<texture>vod_title.png</texture>	
			</control>	
			
			<control type="label">
				<posx>115</posx>
				<posy>130</posy>
				<width>190</width>
				<height>50</height>
				<align>center</align>
				<aligny>center</aligny>
				<font>font16b</font>
				<textcolor>white</textcolor>
   				<wrapmultiline>true</wrapmultiline>
				<label>$INFO[Listitem.title]</label>
			</control>   
		</itemlayout> 
     			
     	<focusedlayout width="230" height="250">
     		<control type="group">
				<posx>0</posx>
				<posy>0</posy>
				<animation effect="zoom" end="125,125" center="auto" time="100">Focus</animation>
				<animation effect="zoom" start="125,125" end="100,100" center="auto" time="200">Unfocus</animation>
				
				<control type="image">
					<posx>10</posx>
					<posy>30</posy>
					<width>220</width>
					<height>150</height>
					<aspectratio>scale</aspectratio>
					<texture>$INFO[Listitem.Thumb]</texture>	
				</control>	
				
				<control type="image">
					<posx>10</posx>
					<posy>130</posy>
					<width>220</width>
					<height>50</height>
					<texture>vod_title.png</texture>	
				</control>	
				
				<control type="label">
					<posx>115</posx>
					<posy>130</posy>
					<width>190</width>
					<height>50</height>
					<align>center</align>
					<aligny>center</aligny>
					<font>font16b</font>
					<textcolor>white</textcolor>
	   				<wrapmultiline>true</wrapmultiline>
					<label>$INFO[Listitem.title]</label>
				</control>   
				
				<control type="button">
					<posx>2</posx>
					<posy>22</posy>
					<width>230</width>
					<height>165</height>
					<texturenofocus>-</texturenofocus>
					<texturefocus>vod_focused.png</texturefocus>       			
				</control>			
			</control>		
     	</focusedlayout>    
       	   	
		<onright>-</onright>				
		<onleft>-</onleft>  			
     			
     	<onup  lang="python"><![CDATA[
window.GetControl(108).SetFocus()
index = int(config.GetValue("subCatIndex1"))
pageNum = str(index + 1) + "/" + config.GetValue("subCatLength")
window.GetLabel(101).SetLabel(str(pageNum))
]]></onup>   		
     			
     			
		<ondown lang="python"><![CDATA[
if(int(config.GetValue("subCatIndex2")) == (int(config.GetValue("subCatLength")) - 1)):
	mc.LogInfo(">>>>>>> Last item: subCatIndex2" + config.GetValue("subCatIndex2") + "length " +  config.GetValue("subCatLength"))
else:
	MainScript.loadCategory(int(config.GetValue("curCat")), int(config.GetValue("subCatIndex2")) + 1)
	window.GetControl(108).SetFocus()
	#window.GetList(108).SetFocusedItem(0)       
]]></ondown>        
     		
     	<content type="action">
     			<onclick lang="python"><![CDATA[
MainScript.launchPlayer(112, window.GetList(112).GetFocusedItem())
]]></onclick>

 		</content>
		</control>	
	      	    	
	    <!-- ****************** Up/down arrows for right side grid *****************-->
	    
		<control type="image"  id="116">
			<posx>620</posx>
			<posy>215</posy>
			<visible>false</visible>
			<texture>arrow_up.png</texture>	
		</control>	   		

	   	<control type="image" id="115">
			<posx>620</posx>
			<posy>685</posy>
			<visible>false</visible>
			<texture>arrow_down.png</texture>	
		</control>
		   	
    </controls>
</window>
