<?xml version="1.0"?>
<window type="window" id="14000">
  <allowoverlay>no</allowoverlay>
  <defaultcontrol always="true">100</defaultcontrol>

  <controls>
    <control type="image">
      <posx>0</posx>
      <posy>0</posy>
      <width>1280</width>
      <height>720</height>
      <texture>background-login.jpg</texture>
    </control>

    <control type="group" id="9000">
      <visible>false</visible>
      	
      <control type="edit" id="100">
        <posx>773</posx>
        <posy>260</posy>
        <width>393</width>
        <height>61</height>
        <font>font30b</font>
        <align>left</align>
        <aligny>center</aligny>
        <textcolor>black</textcolor>
        <focusedcolor>black</focusedcolor>
        <textoffsetx>48</textoffsetx>
        <texturenofocus>login-text-field-unfocused.png</texturenofocus>
        <texturefocus>login-text-field-focused.png</texturefocus>
        <emptylabel>$LOCALIZE[1014]</emptylabel>
        <emptycolor>mediumgreyheidi</emptycolor>
        <onleft>-</onleft>
        <onright>-</onright>
        <onup>-</onup>
        <ondown>101</ondown>
        <onnext>101</onnext>
      </control>

      <control type="image">
        <posx>787</posx>
        <posy>280</posy>
        <width>26</width>
        <height>26</height>
        <texture>icon-login-users.png</texture>
      </control>

      <control type="edit" id="101">
        <posx>773</posx>
        <posy>330</posy>
        <width>393</width>
        <height>61</height>
        <font>font30b</font>
        <align>left</align>
        <aligny>center</aligny>
        <textcolor>black</textcolor>
        <focusedcolor>black</focusedcolor>
        <textoffsetx>48</textoffsetx>
        <texturenofocus>login-text-field-unfocused.png</texturenofocus>
        <texturefocus>login-text-field-focused.png</texturefocus>
        <emptylabel>$LOCALIZE[15052]</emptylabel>
        <emptycolor>mediumgreyheidi</emptycolor>
        <password>true</password>
        <onleft>-</onleft>
        <onright>-</onright>
        <onup>100</onup>
        <ondown>102</ondown>
        <onnext>102</onnext>
      </control>

      <control type="image">
        <posx>787</posx>
        <posy>350</posy>
        <width>26</width>
        <height>26</height>
        <texture>icon-login-password.png</texture>
      </control>

      <control type="button" id="102">
        <posx>773</posx>
        <posy>400</posy>
        <width>393</width>
        <height>61</height>
        <texturenofocus>button-login-unfocused.png</texturenofocus>
        <texturefocus>button-login-focused.png</texturefocus>
        <!--Login -->
        <onup>101</onup>
        <ondown>-</ondown>
        <onleft>-</onleft>
        <onright>-</onright>
      </control>
      
      <control type="label" id="103">
        <posx>773</posx>
        <posy>467</posy>
        <width>393</width>
        <height>160</height>
        <font>font24</font>
        <textcolor>errorredheidi</textcolor>
        <aligny>center</aligny>
        <align>center</align>
        <wrapmultiline>true</wrapmultiline>
      </control>  
    </control>

    <control type="group" id="9001">
      <visible>false</visible>
      <control type="label">
        <posx>773</posx>
        <posy>446</posy>
        <width>393</width>
        <height>22</height>
        <font>font32b</font>
        <textcolor>mediumgreyheidi</textcolor>
        <label>$LOCALIZE[32000]</label>
        <aligny>center</aligny>
        <align>center</align>
      </control>      
    </control>
    
  </controls>
</window>
