<?xml version="1.0"?>
<window type="window" id="14001">
<allowoverlay>no</allowoverlay>
<defaultcontrol always="true">300</defaultcontrol>

<controls>

    <!-- Dummy container for current playing item -->
    <!-- Background -->
	<control type="image">
		<posx>0</posx>
		<posy>0</posy>
		<width>1280</width>
		<height>720</height>
		<!--texture>01TrackSelected.png</texture-->
    <texture>background-playlist.jpg</texture>
	</control>

    <!-- Logo -->
    <!--control type="image">
      <posx>14</posx>
      <posy>6</posy>
      <width>133</width>
      <height>50</height>
      <texture>spotify-logo.png</texture>
      <visible>true + !Player.Playing</visible>
    </control-->

	<control type="group" id="9005">
		<posx>0</posx>
		<posy>0</posy>
		<visible>false</visible>

		<control type="image">
			<posx>0</posx>
			<posy>0</posy>
			<width>1280</width>
			<height>72</height>
			<texture>background-notification.png</texture>
		</control>

		<control type="label" id="604">
			<posx>60</posx>
			<posy>10</posy>
			<width>1200</width>
			<height>25</height>
			<font>font28</font>
			<textcolor>black</textcolor>
			<!--label>This is a notification. It will close automatically in 10 seconds. This copy is temporary</label-->
			<label>-</label>
		</control>
	</control>

	<control type="group" id="9003">
		<posx>0</posx>
		<posy>-70</posy>
		<visible>false</visible>
		<animation effect="slide" condition="Player.Playing | Player.Paused" start="0,0" end="0,70" time="200" tween="cubic" easing="inout">Conditional</animation>
		
		<control type="image">
			<posx>0</posx>
			<posy>0</posy>
			<width>1280</width>
			<height>72</height>
			<texture>background-now-playing.png</texture>
		</control>
		
		<control type="label" id="601">
			<posx>75</posx>
			<posy>8</posy>
			<width>300</width>
			<height>25</height>
			<font>font20</font>
			<textcolor>FFE5E5E5</textcolor>
			<!--label>[B]$INFO[MusicPlayer.Title][/B] by $INFO[MusicPlayer.Artist]</label-->
			<label>-</label>
			<aligny>center</aligny>
		</control>
		
		<control type="label" id="602">
			<posx>75</posx>
			<posy>33</posy>
			<width>300</width>
			<height>25</height>
			<font>font19</font>
			<textcolor>FFE5E5E5</textcolor>
			<!--label>$INFO[MusicPlayer.Album]</label-->
			<label>-</label>
			<aligny>center</aligny>
		</control>
		
		<control type="label">
			<posx>440</posx>
			<posy>26</posy>
			<width>80</width>
			<height>20</height>
			<font>font19b</font>
			<textcolor>lightgreyheidi</textcolor>
			<label>[B]$INFO[MusicPlayer.Time][/B]</label>
			<aligny>center</aligny>
			<align>right</align>
		</control>
		
		<control type="progress" id="12">
			<posx>447</posx>
			<posy>28</posy>
			<width>386</width>
			<height>16</height>
			<visible>true</visible>
			<reveal>false</reveal>
			<texturebg srcborder="15,0,15,0" border="10,0,10,0">progress-bar-bg.png</texturebg>
			<lefttexture srcborder="9,0,0,0" border="6,0,0,0">progress-bar-slider-left.png</lefttexture>
			<midtexture>progress-bar-slider-middle.png</midtexture>
			<righttexture srcborder="0,0,9,0" border="0,0,6,0">progress-bar-slider-right.png</righttexture>
			<overlaytexture>-</overlaytexture>
			<info>Player.Progress</info>
		</control>
		
		<control type="label">
			<posx>840</posx>
			<posy>26</posy>
			<width>80</width>
			<height>20</height>
			<font>font19b</font>
			<textcolor>lightgreyheidi</textcolor>
			<label>[B]$INFO[MusicPlayer.Duration][/B]</label>
			<aligny>center</aligny>
			<align>left</align>
		</control>
				
		<control type="image" id="603">
			<posx>0</posx>
			<posy>0</posy>
			<width>66</width>
			<height>66</height>
		</control>
		
    <!-- Shuffle -->
    <control type="togglebutton" id="505">
      <posx>1040</posx>
      <posy>14</posy>
      <width>40</width>
      <height>40</height>
      <usealttexture>true + Window.Property(Shuffling)</usealttexture>
      <texturenofocus>button-player-shuffle-unfocused.png</texturenofocus>
      <texturefocus>button-player-shuffle-focused.png</texturefocus>
      <alttexturenofocus>button-player-shuffle2-unfocused.png</alttexturenofocus>
      <alttexturefocus>button-player-shuffle2-focused.png</alttexturefocus>
      <onup>502</onup>
      <ondown>110</ondown>
      <onleft>-</onleft>
      <onright>504</onright>
    </control>

		
		<!-- Now playing -->
		<control type="button" id="504">
			<posx>1085</posx>
			<posy>14</posy>
			<width>40</width>
			<height>40</height>
			<texturenofocus>button-player-osd-unfocused.png</texturenofocus>
			<texturefocus>button-player-osd-focused.png</texturefocus>
			<onup>502</onup>
			<ondown>110</ondown>
			<onleft>505</onleft>
			<onright>501</onright>
		</control>
		
		<!-- prev track -->
		<control type="button" id="501">
			<posx>1129</posx>
			<posy>14</posy>
			<width>40</width>
			<height>40</height>
			<texturenofocus>button-player-previous-unfocused.png</texturenofocus>
			<texturefocus>button-player-previous-focused.png</texturefocus>
			<onup>-</onup>
			<ondown>110</ondown>
			<onleft>504</onleft>
			<onright>502</onright>
			<onclick>PlayerControl(Previous)</onclick>
		</control>
		
		<!-- pause -->
		<control type="togglebutton" id="502">
			<posx>1170</posx>
			<posy>3</posy>
			<width>60</width>
			<height>60</height>
			<usealttexture>Player.Paused</usealttexture>
			<texturenofocus>button-player-pause-unfocused.png</texturenofocus>
			<texturefocus>button-player-pause-focused.png</texturefocus>
			<alttexturenofocus>button-player-play-unfocused.png</alttexturenofocus>
			<alttexturefocus>button-player-play-focused.png</alttexturefocus>
			<onclick>PlayerControl(play)</onclick>
			<onup>-</onup>
			<ondown>110</ondown>
			<onleft>501</onleft>
			<onright>503</onright>
		</control>
		
		<!-- next track -->
		<control type="button" id="503">
			<posx>1232</posx>
			<posy>15</posy>
			<width>40</width>
			<height>40</height>
			<texturenofocus>button-player-next-unfocused.png</texturenofocus>
			<texturefocus>button-player-next-focused.png</texturefocus>
			<onup>-</onup>
			<ondown>110</ondown>
			<onleft>502</onleft>
			<onright>-</onright>
			<onclick>PlayerControl(Next)</onclick>
		</control>
	
	</control>

	<control type="image">
    <posx>5</posx>
    <posy>73</posy>
    <width>390</width>
    <height>40</height>
    <texture>search-off.png</texture>
    <visible>true + !Window.Property(SearchActive) + !Control.HasFocus(110)</visible>
  </control>

  <control type="image">
    <posx>7</posx>
    <posy>74</posy>
    <width>390</width>
    <height>40</height>
    <texture>search-active.png</texture>
    <visible>true + Control.HasFocus(110)</visible>
  </control>

  <control type="image">
    <posx>5</posx>
    <posy>73</posy>
    <width>390</width>
    <height>40</height>
    <texture>search-on.png</texture>
    <visible>true + Window.Property(SearchActive) + !Control.HasFocus(110)</visible>
  </control>
	
  <control type="edit" id="110">
    <posx>47</posx>
    <posy>73</posy>
    <width>347</width>
    <height>40</height>
    <font>font26</font>
    <align>left</align>
    <aligny>center</aligny>
    <textcolor>black</textcolor>
    <focusedcolor>black</focusedcolor>
    <textoffsetx>15</textoffsetx>
    <texturenofocus>login-text-field-unfocused.png</texturenofocus>
    <texturefocus>login-text-field-unfocused.png</texturefocus>
    <emptylabel>Search</emptylabel>
    <emptycolor>mediumgreyheidi</emptycolor>
    <onleft>-</onleft>
    <onright>206</onright>
    <onup>502</onup>
    <ondown>300</ondown>
  </control>
  
  
  <!--control type="button" id="111">
    <posx>380</posx>
    <posy>73</posy>
    <width>40</width>
    <height>40</height>
    <texturenofocus>icon_magnify_off.png</texturenofocus>
    <texturefocus>icon_magnify_over.png</texturefocus>
    <onleft>110</onleft>
    <onright>206</onright>
    <onup>502</onup>
    <ondown>300</ondown>
  </control-->
  
  	
    <!-- Top buttons -->
	<control type="group" id="9000">
	
		<!-- Logout -->
		<control type="button" id="203">
			<posx>1176</posx>
			<posy>74</posy>
			<width>96</width>
			<height>40</height>
			<texturenofocus>button-nav-logout-unfocused.png</texturenofocus>
			<texturefocus>button-nav-logout-focused.png</texturefocus>
			<onup>502</onup>
			<ondown>300</ondown>
			<onleft>205</onleft>
			<onright>-</onright>
		</control>
		     
		<!-- Playlists -->
    <control type="togglebutton" id="205">
      <usealttexture>true + Window.Property(PlaylistsActive) + !Window.Property(SearchActive)</usealttexture>
			<posx>1035</posx>
			<posy>74</posy>
			<width>135</width>
			<height>40</height>
			<texturenofocus>button-nav-playlists-unfocused.png</texturenofocus>
			<texturefocus>button-nav-playlists-focused.png</texturefocus>
			<alttexturenofocus>button-nav-playlists-active.png</alttexturenofocus>
      <alttexturefocus>button-nav-playlists-focused.png</alttexturefocus>
			<onup>502</onup>
			<ondown>300</ondown>
			<onleft>206</onleft>
			<onright>203</onright>
		</control>
		
		<!-- What's new -->
        <control type="togglebutton" id="206">
            <usealttexture>true + !Window.Property(PlaylistsActive) + !Window.Property(SearchActive)</usealttexture>
			<!--<visible>SubString(Window(14001).Property(PlaylistsActive),true)</visible> --> 
			<posx>868</posx>
			<posy>74</posy>
			<width>160</width>
			<height>40</height>
			<texturenofocus>button-nav-whats-new-unfocused.png</texturenofocus>
			<texturefocus>button-nav-whats-new-focused.png</texturefocus>
            <alttexturenofocus>button-nav-whats-new-active.png</alttexturenofocus>
            <alttexturefocus>button-nav-whats-new-focused.png</alttexturefocus>
			<onup>502</onup>
			<ondown>300</ondown>
			<onleft>110</onleft>
			<onright>205</onright>
		</control>
	
	</control>
  
  <!-- no search resuls and no suggestion -->
    <control type="label" id="9009">
      <visible>false</visible>
      <posx>350</posx>
      <posy>210</posy>
      <width>526</width>
      <height>100</height>
      <font>font22b</font>
      <textcolor>white</textcolor>
      <label>Your search did not match anything in our catalog.[CR]Please ensure all words are spelled correctly.[CR]You could also try different or simpler searches.</label>
      <align>center</align>
    </control>

  <!-- search suggestion -->
  <control type="group" id="9008">
    <visible>false</visible>
    <control type="label" id="903">
      <posx>400</posx>
      <posy>200</posy>
      <width>476</width>
      <height>22</height>
      <font>font28b</font>
      <!--textcolor>white</textcolor-->
      <!--label></label-->
      <align>center</align>
    </control>
    
    <control type="button" id="901">
      <posx>500</posx>
      <posy>240</posy>
      <width>136</width>
      <height>40</height>
      <texturenofocus>button-yes-off.png</texturenofocus>
      <texturefocus>button-yes-on.png</texturefocus>
      <textcolor>whiteheidi</textcolor>
      <focusedcolor>black</focusedcolor>
      <font>font19b</font>
      <align>center</align>
      <aligny>center</aligny>
      <label>-</label>
      <onup>-</onup>
      <ondown>-</ondown>
      <onleft>-</onleft>
      <onright>902</onright>
    </control>

    <control type="button" id="902">
      <posx>640</posx>
      <posy>240</posy>
      <width>136</width>
      <height>40</height>
      <texturenofocus>button-no-off.png</texturenofocus>
      <texturefocus>button-no-on.png</texturefocus>
      <textcolor>whiteheidi</textcolor>
      <focusedcolor>black</focusedcolor>
      <font>font19b</font>
      <align>center</align>
      <aligny>center</aligny>
      <label>-</label>
      <onup>-</onup>
      <ondown>-</ondown>
      <onleft>901</onleft>
      <onright>-</onright>
    </control>
  </control>

    <!-- Playlist -->
	<control type="group" id="9001">        
	
		<control type="list" id="300">
			<posx>10</posx>
			<posy>128</posy>
			<width>1280</width>
			<height>265</height>
			<onup>110</onup>
			<ondown>sendclick(4000)</ondown>
			<onleft>-</onleft>
			<onright>-</onright>
			<scrolltime>200</scrolltime>
			<orientation>horizontal</orientation>
			<pagecontrol>301</pagecontrol>
			<preloaditems>14</preloaditems>
			
			<itemlayout width="187" height="184">
				<control type="group">
					<!--control type="multiimage">
						<visible>!ListItem.Property(custom:thumbnail-set)</visible>
						<posx>48</posx>
						<posy>48</posy>
						<width>88</width>
						<height>88</height>
						<imagepath>loading_small</imagepath>
						<timeperimage>12</timeperimage>
						<fadetime>4</fadetime>
						<pauseatend>0</pauseatend>
						<randomize>false</randomize>
						<loop>yes</loop>
						<aspectratio>keep</aspectratio>
					</control-->
					<control type="image">
						<visible>!ListItem.Property(custom:thumbnail-set)</visible>
						<posx>7</posx>
						<posy>7</posy>
						<width>171</width>
						<height>171</height>
						<texture diffuse="thumbnail-mask.png">thumbnail-playlist.png</texture>
						<aspectratio>stretch</aspectratio>
						<colordiffuse>A3FFFFFF</colordiffuse>
					</control>
					<control type="image">
						<visible>ListItem.Property(custom:active-item)</visible>
						<posx>1</posx>
						<posy>1</posy>
						<width>183</width>
						<height>183</height>
						<texture srcborder="15" border="10">thumbnail-highlight-active.png</texture>
						<aspectratio>stretch</aspectratio>
					</control>
					<control type="image">
						<posx>3</posx>
						<posy>3</posy>
						<width>178</width>
						<height>178</height>
						<texture>thumbnail-dropshadow.png</texture>
					</control>
					<control type="image">
						<posx>7</posx>
						<posy>7</posy>
						<width>171</width>
						<height>171</height>
						<texture diffuse="thumbnail-mask.png">$INFO[ListItem.Thumb]</texture>
						<aspectratio>stretch</aspectratio>
						<colordiffuse>A3FFFFFF</colordiffuse>
					</control>
					<control type="image">
						<posx>7</posx>
						<posy>7</posy>
						<width>85</width>
						<height>85</height>
						<texture diffuse="thumbnail-mask-tl.png">$INFO[ListItem.Property(custom:thumb-0)]</texture>
						<bordersize>0</bordersize>
						<aspectratio>stretch</aspectratio>
						<colordiffuse>A3FFFFFF</colordiffuse>
					</control>
					<control type="image">
						<posx>92</posx>
						<posy>7</posy>
						<width>86</width>
						<height>85</height>
						<texture diffuse="thumbnail-mask-tr.png">$INFO[ListItem.Property(custom:thumb-1)]</texture>
						<bordersize>0</bordersize>
						<aspectratio>stretch</aspectratio>
						<colordiffuse>A3FFFFFF</colordiffuse>
					</control>
					<control type="image">
						<posx>7</posx>
						<posy>92</posy>
						<width>85</width>
						<height>85</height>
						<texture diffuse="thumbnail-mask-bl.png">$INFO[ListItem.Property(custom:thumb-2)]</texture>
						<bordersize>0</bordersize>
						<aspectratio>stretch</aspectratio>
						<colordiffuse>A3FFFFFF</colordiffuse>
					</control>
					<control type="image">
						<posx>92</posx>
						<posy>92</posy>
						<width>86</width>
						<height>85</height>
						<texture diffuse="thumbnail-mask-br.png">$INFO[ListItem.Property(custom:thumb-3)]</texture>
						<bordersize>0</bordersize>
						<aspectratio>stretch</aspectratio>
						<colordiffuse>A3FFFFFF</colordiffuse>
					</control>
					<control type="image">
						<posx>7</posx>
						<posy>131</posy>
						<width>171</width>
						<height>48</height>
						<visible>ListItem.Property(custom:playing)</visible>          
						<texture diffuse="thumbnail-now-playing-mask.png">thumbnail-now-playing.png</texture>
						<aspectratio>scale</aspectratio>
					</control>
					<control type="label">
						<posx>90</posx>
						<posy>184</posy>
						<width>155</width>
						<height>22</height>
						<font>font20b</font>
						<textcolor>lightgreyheidi</textcolor>
						<label>$INFO[ListItem.Label]</label>
						<align>center</align>
					</control>      
					<control type="label">
						<posx>90</posx>
						<posy>204</posy>
						<width>155</width>
						<height>22</height>
						<font>font15</font>
						<textcolor>mediumgreyheidi</textcolor>
						<label>$INFO[ListItem.Label2]</label>
						<align>center</align>
					</control>      
          <control type="image">
            <visible>ListItem.Property(custom:has-unseen)</visible>
            <posx>130</posx>
            <posy>130</posy>
            <width>44</width>
            <height>44</height>
            <texture>badge.png</texture>
          </control>
          <control type="label">
            <visible>ListItem.Property(custom:has-unseen)</visible>
            <posx>152</posx>
            <posy>137</posy>
            <width>30</width>
            <height>30</height>
            <font>font20b</font>
            <textcolor>whiteheidi</textcolor>
            <align>center</align>
            <label>[B]$INFO[ListItem.Property(custom:unseen)][/B]</label>
          </control>      
				</control>      
			</itemlayout>
			<focusedlayout width="187" height="184">
				<control type="group">
					<visible>!Control.HasFocus(300)</visible>
					<!--<control type="image">
						<posx>1</posx>
						<posy>1</posy>
						<width>183</width>
						<height>183</height>
						<texture srcborder="15" border="10">thumbnail-highlight-active.png</texture>
						<aspectratio>stretch</aspectratio>
					</control>          -->
					<control type="image">
						<visible>ListItem.Property(custom:active-item)</visible>
						<posx>1</posx>
						<posy>1</posy>
						<width>183</width>
						<height>183</height>
						<texture srcborder="15" border="10">thumbnail-highlight-active.png</texture>
						<aspectratio>stretch</aspectratio>
					</control>
					<control type="image">
						<posx>4</posx>
						<posy>3</posy>
						<width>178</width>
						<height>178</height>
						<texture>thumbnail-dropshadow.png</texture>
					</control>
					<control type="image">          
						<visible>!ListItem.Property(custom:thumbnail-set)</visible>
						<posx>7</posx>
						<posy>7</posy>
						<width>171</width>
						<height>171</height>
						<texture diffuse="thumbnail-mask.png">thumbnail-playlist.png</texture>
						<aspectratio>stretch</aspectratio>
					</control>
					<control type="image">          
						<posx>7</posx>
						<posy>7</posy>
						<width>171</width>
						<height>171</height>
						<texture diffuse="thumbnail-mask.png">$INFO[ListItem.Thumb]</texture>
						<aspectratio>stretch</aspectratio>
					</control>
					<control type="image">
						<posx>7</posx>
						<posy>7</posy>
						<width>85</width>
						<height>85</height>
						<texture diffuse="thumbnail-mask-tl.png">$INFO[ListItem.Property(custom:thumb-0)]</texture>
						<bordersize>0</bordersize>
						<aspectratio>stretch</aspectratio>
					</control>
					<control type="image">
						<posx>92</posx>
						<posy>7</posy>
						<width>86</width>
						<height>85</height>
						<texture diffuse="thumbnail-mask-tr.png">$INFO[ListItem.Property(custom:thumb-1)]</texture>
						<bordersize>0</bordersize>
						<aspectratio>stretch</aspectratio>
					</control>
					<control type="image">
						<posx>7</posx>
						<posy>92</posy>
						<width>85</width>
						<height>85</height>
						<texture diffuse="thumbnail-mask-bl.png">$INFO[ListItem.Property(custom:thumb-2)]</texture>
						<bordersize>0</bordersize>
						<aspectratio>stretch</aspectratio>
					</control>
					<control type="image">
						<posx>92</posx>
						<posy>92</posy>
						<width>86</width>
						<height>85</height>
						<texture diffuse="thumbnail-mask-br.png">$INFO[ListItem.Property(custom:thumb-3)]</texture>
						<bordersize>0</bordersize>
						<aspectratio>stretch</aspectratio>
					</control>
					<control type="image">
						<posx>7</posx>
						<posy>131</posy>
						<width>171</width>
						<height>48</height>
						<visible>ListItem.Property(custom:playing)</visible>          
						<texture diffuse="thumbnail-now-playing-mask.png">thumbnail-now-playing.png</texture>
					</control>
					<control type="label">
						<posx>90</posx>
						<posy>184</posy>
						<width>155</width>
						<height>22</height>
						<font>font20b</font>
						<textcolor>whiteheidi</textcolor>
						<label>$INFO[ListItem.Label]</label>
						<align>center</align>
						<scroll>true</scroll> 
					</control>      
					<control type="label">
						<posx>90</posx>
						<posy>204</posy>
						<width>155</width>
						<height>22</height>
						<font>font15</font>
						<textcolor>mediumgreyheidi</textcolor>
						<label>$INFO[ListItem.Label2]</label>
						<align>center</align>
					</control>     
				</control>      
				<control type="group">
					<visible>Control.HasFocus(300)</visible>
					<control type="image">
						<visible>ListItem.Property(custom:active-item)</visible>
						<posx>1</posx>
						<posy>1</posy>
						<width>183</width>
						<height>183</height>
						<texture srcborder="15" border="10">thumbnail-highlight-active.png</texture>
						<aspectratio>stretch</aspectratio>
					</control>
					<control type="image">
						<posx>1</posx>
						<posy>1</posy>
						<width>183</width>
						<height>183</height>
						<texture srcborder="15" border="10">thumbnail-highlight-focused.png</texture>
						<aspectratio>stretch</aspectratio>
					</control>
					<control type="image">
						<posx>4</posx>
						<posy>3</posy>
						<width>178</width>
						<height>178</height>
						<texture>thumbnail-dropshadow.png</texture>
					</control>          
					<control type="image">          
						<visible>!ListItem.Property(custom:thumbnail-set)</visible>
						<posx>7</posx>
						<posy>7</posy>
						<width>171</width>
						<height>171</height>
						<texture diffuse="thumbnail-mask.png">thumbnail-playlist.png</texture>
						<aspectratio>stretch</aspectratio>
					</control>
					<control type="image">          
						<posx>7</posx>
						<posy>7</posy>
						<width>171</width>
						<height>171</height>
						<texture diffuse="thumbnail-mask.png">$INFO[ListItem.Thumb]</texture>
						<aspectratio>stretch</aspectratio>
					</control>
					<control type="image">
						<posx>7</posx>
						<posy>7</posy>
						<width>85</width>
						<height>85</height>
						<texture diffuse="thumbnail-mask-tl.png">$INFO[ListItem.Property(custom:thumb-0)]</texture>
						<bordersize>0</bordersize>
						<aspectratio>stretch</aspectratio>
					</control>
					<control type="image">
						<posx>92</posx>
						<posy>7</posy>
						<width>86</width>
						<height>85</height>
						<texture diffuse="thumbnail-mask-tr.png">$INFO[ListItem.Property(custom:thumb-1)]</texture>
						<bordersize>0</bordersize>
						<aspectratio>stretch</aspectratio>
					</control>
					<control type="image">
						<posx>7</posx>
						<posy>92</posy>
						<width>85</width>
						<height>85</height>
						<texture diffuse="thumbnail-mask-bl.png">$INFO[ListItem.Property(custom:thumb-2)]</texture>
						<bordersize>0</bordersize>
						<aspectratio>stretch</aspectratio>
					</control>
					<control type="image">
						<posx>92</posx>
						<posy>92</posy>
						<width>86</width>
						<height>85</height>
						<texture diffuse="thumbnail-mask-br.png">$INFO[ListItem.Property(custom:thumb-3)]</texture>
						<bordersize>0</bordersize>
						<aspectratio>stretch</aspectratio>
					</control>
					<control type="image">
						<posx>7</posx>
						<posy>131</posy>
						<width>171</width>
						<height>48</height>
						<visible>ListItem.Property(custom:playing)</visible>          
						<texture diffuse="thumbnail-now-playing-mask.png">thumbnail-now-playing.png</texture>
					</control>
					<control type="label">
						<posx>90</posx>
						<posy>184</posy>
						<width>155</width>
						<height>22</height>
						<font>font20b</font>
						<textcolor>whiteheidi</textcolor>
						<label>$INFO[ListItem.Label]</label>
						<scroll>true</scroll>
						<align>center</align>
					</control>      
					<control type="label">
						<posx>90</posx>
						<posy>204</posy>
						<width>155</width>
						<height>22</height>
						<font>font15</font>
						<textcolor>mediumgreyheidi</textcolor>
						<label>$INFO[ListItem.Label2]</label>
						<align>center</align>
					</control>     
          <control type="image">
            <visible>ListItem.Property(custom:has-unseen)</visible>
            <posx>130</posx>
            <posy>130</posy>
            <width>44</width>
            <height>44</height>
            <texture>badge.png</texture>
          </control>
          <control type="label">
            <visible>ListItem.Property(custom:has-unseen)</visible>
            <posx>152</posx>
            <posy>137</posy>
            <width>30</width>
            <height>30</height>
            <font>font20b</font>
            <textcolor>whiteheidi</textcolor>
            <align>center</align>
            <label>[B]$INFO[ListItem.Property(custom:unseen)][/B]</label>
          </control>      
				</control>      
			</focusedlayout>
		</control>
	</control>
	<control type="scrollbar" id="301">
		<visible>Container(300).Scrolling | Container(300).OnNext | Container(300).OnPrevious</visible>
		<animation effect="fade" start="0" end="100" time="250" tween="cubic" easing="inout">Visible</animation>
		<animation effect="fade" start="100" end="0" time="1000" tween="cubic" easing="inout">Hidden</animation>
		<posx>14</posx>
		<posy>353</posy>
		<width>1270</width>
		<height>8</height>
		<texturesliderbackground>-</texturesliderbackground>
		<textureslidernib>-</textureslidernib>
		<textureslidernibfocus>-</textureslidernibfocus>
		<texturesliderbar srcborder="72,0,72,0" border="48,0,48,0">scrollbar-horiz.png</texturesliderbar>
		<texturesliderbarfocus srcborder="72,0,72,0" border="48,0,48,0">scrollbar-horiz.png</texturesliderbarfocus>
		<orientation>horizontal</orientation>
	</control> 
    
    <!-- browse album or artist -->
  <control type="group" id="9007">
    <visible>false</visible>      
    <!-- artist info -->
    <control type="label">
      <posx>614</posx>
      <posy>486</posy>
      <width>640</width>
      <height>220</height>
      <font>font21</font>
      <textcolor>lightgreyheidi</textcolor>
      <wrapmultiline>true</wrapmultiline>
      <label>[B]$INFO[Container(300).ListItem.Property(custom:biography)][/B]</label>
      <!--label>[B]$INFO[Container(300).ListItem.Label][/B] artist bio</label-->
    </control>
  </control>    

     
	<control type="group" id="9004">
	
		<visible>false</visible>      
		
		<animation type="conditional" condition="Control.IsVisible(9004)">
			<effect type="slide" start="1280,0" end="0,0" time="300"/>
			<effect type="fade" start="0" end="100" time="300"/>
		</animation>       
      
		<control type="image">
			<posx>-27</posx>
			<posy>400</posy>
			<width>1307</width>
			<height>320</height>
			<texture>background-artist-info.png</texture>
		</control>
		
		<control type="image">
			<posx>74</posx>
			<posy>412</posy>
			<width>245</width>
			<height>245</height>
			<texture>thumbnail-dropshadow.png</texture>
		</control>
	  	  
		<control type="image" id="801">
			<posx>77</posx>
			<posy>416</posy>
			<width>237</width>
			<height>237</height>
			<texture diffuse="thumbnail-mask.png">$INFO[Window.Property(CurrentArtistThumb)]</texture>
		</control>
		
		<control type="image">
			<posx>337</posx>
			<posy>412</posy>
			<width>245</width>
			<height>245</height>
			<texture>thumbnail-dropshadow.png</texture>
		</control>
		
		<control type="image" id="800">
			<posx>340</posx>
			<posy>416</posy>
			<width>237</width>
			<height>237</height>
			<texture diffuse="thumbnail-mask.png">$INFO[Window.Property(CurrentAlbumThumb)]</texture>
		</control>
		
		<!-- browse artist -->
		<control type="button" id="802">
			<posx>75</posx>
			<posy>667</posy>
			<width>241</width>
			<height>40</height>
			<texturenofocus>button-nav-unfocused.png</texturenofocus>
			<texturefocus>button-nav-focused.png</texturefocus>
			<textcolor>whiteheidi</textcolor>
			<focusedcolor>black</focusedcolor>
			<font>font19b</font>
			<align>center</align>
			<aligny>center</aligny>
			<label>-</label>
			<onup>300</onup>
			<ondown>-</ondown>
			<onleft>sendclick(701)</onleft>
			<onright>803</onright>
		</control>
		
		<!-- browse album -->
		<control type="button" id="803">
			<posx>338</posx>
			<posy>667</posy>
			<width>241</width>
			<height>40</height>
			<texturenofocus>button-nav-unfocused.png</texturenofocus>
			<texturefocus>button-nav-focused.png</texturefocus>
			<textcolor>whiteheidi</textcolor>
			<focusedcolor>black</focusedcolor>
			<font>font19b</font>
			<align>center</align>
			<aligny>center</aligny>
			<label>-</label>
			<onup>300</onup>
			<ondown>-</ondown>
			<onleft>802</onleft>
			<onright>-</onright>
		</control>
		
		<!-- artist name -->
		<control type="label" id="804">
			<posx>614</posx>
			<posy>406</posy>
			<width>660</width>
			<height>25</height>
			<font>font32</font>
			<textcolor>whiteheidi</textcolor>
		</control>
		
		<!-- album name -->
		<control type="label" id="805">
			<posx>614</posx>
			<posy>452</posy>
			<width>660</width>
			<height>25</height>
			<font>font32</font>
			<textcolor>whiteheidi</textcolor>
			<aligny>center</aligny>
		</control>
		
		<!-- artist info -->
		<control type="label" id="806">
			<posx>614</posx>
			<posy>486</posy>
			<width>640</width>
			<height>220</height>
			<font>font21</font>
			<textcolor>lightgreyheidi</textcolor>
			<wrapmultiline>true</wrapmultiline>
		</control>
	
	
		<!-- album name -->
		<control type="label" id="807">
            <visible>!Control.HasFocus(803)</visible>          
			<posx>343</posx>
			<posy>667</posy>
			<width>235</width>
			<height>40</height>
			<textcolor>whiteheidi</textcolor>
			<font>font19b</font>
			<align>center</align>
			<aligny>center</aligny>
			<label>-</label>
		</control>

		<!-- album name -->
		<control type="label" id="808">
            <visible>Control.HasFocus(803)</visible>          
			<posx>343</posx>
			<posy>667</posy>
			<width>235</width>
			<height>40</height>
			<textcolor>black</textcolor>
			<font>font19b</font>
			<align>center</align>
			<aligny>center</aligny>
			<label>-</label>
		</control>

		<!-- artist name -->
		<control type="label" id="809">
            <visible>!Control.HasFocus(802)</visible>          
			<posx>80</posx>
			<posy>667</posy>
			<width>235</width>
			<height>40</height>
			<textcolor>whiteheidi</textcolor>
			<font>font19b</font>
			<align>center</align>
			<aligny>center</aligny>
			<label>-</label>
		</control>

		<!-- artist name -->
		<control type="label" id="810">
            <visible>Control.HasFocus(802)</visible>          
			<posx>80</posx>
			<posy>667</posy>
			<width>235</width>
			<height>40</height>
			<textcolor>black</textcolor>
			<font>font19b</font>
			<align>center</align>
			<aligny>center</aligny>
			<label>-</label>
		</control>
	
	</control>	  
	 
	
    <!-- Tracks list -->    
    <control type="group" id="9002">

      <animation type="conditional" condition="Control.IsVisible(9004)">
        <effect type="slide" end="-1280,0" time="300"/>
        <effect type="fade" start="100" end="0" time="300"/>
      </animation>
      
      <!-- Track title -->
      <control type="label">
        <posx>38</posx>
        <posy>366</posy>
        <width>375</width>
        <height>22</height>
        <font>font22b</font>
        <textcolor>whiteheidi</textcolor>
        <label>[B]$LOCALIZE[554][/B]</label>
        <align>left</align>
      </control> 
  
      <!-- Artist title -->
      <control type="label">
        <posx>426</posx>
        <posy>366</posy>
        <width>315</width>
        <height>22</height>
        <font>font22b</font>
        <textcolor>whiteheidi</textcolor>
        <label>[B]$LOCALIZE[557][/B]</label>
        <align>left</align>
      </control> 
      
      <!-- Album title -->
      <control type="label">
        <posx>810</posx>
        <posy>366</posy>
        <width>315</width>
        <height>22</height>
        <font>font22b</font>
        <textcolor>whiteheidi</textcolor>
        <label>[B]$LOCALIZE[558][/B]</label>
        <align>left</align>
      </control>
      
      <!-- Time title -->
      <control type="label">
        <posx>1170</posx>
        <posy>366</posy>
        <width>335</width>
        <height>22</height>
        <font>font22b</font>
        <textcolor>whiteheidi</textcolor>
        <label>[B]$LOCALIZE[555][/B]</label>
        <align>left</align>
      </control>
      
      <control type="list" id="400">
        <visible>false</visible>
        <posx>0</posx>
        <posy>401</posy>
        <width>1280</width>
        <height>333</height>
        <onup>300</onup>
        <ondown>-</ondown>
        <onleft>sendclick(702)</onleft>
        <onright>sendclick(700)</onright>
        <orientation>vertical</orientation>
        <pagecontrol>401</pagecontrol>
        <itemlayout width="1280" height="36">
          <control type="image">
          	<visible>!ListItem.Property(custom:seconditem)</visible>
            <posx>0</posx>
            <posy>0</posy>
            <width>1280</width>
            <height>36</height>
            <texture>playlist-stripe.png</texture>
          </control>
          <!-- Playing -->
          <control type="image">
            <visible>ListItem.Property(custom:playing)</visible>          
            <posx>8</posx>
            <posy>6</posy>
            <width>23</width>
            <height>23</height>
            <texture>icon-now-playing.png</texture>
          </control>              
          <!-- Not starred -->
          <control type="image">
            <visible>!ListItem.Property(custom:starred) + !ListItem.Property(custom:playing)</visible>          
            <posx>8</posx>
            <posy>5</posy>
            <width>23</width>
            <height>23</height>
            <texture>icon-star-off.png</texture>
          </control>   
          <!-- Starred -->
          <control type="image">
            <visible>ListItem.Property(custom:starred) + !ListItem.Property(custom:playing)</visible>          
            <posx>8</posx>
            <posy>5</posy>
            <width>23</width>
            <height>23</height>
            <texture>icon-star-on.png</texture>
          </control>           
          <!-- Track -->
          <control type="label">
            <posx>40</posx>
            <posy>2</posy>
            <width>370</width>
            <height>22</height>
            <font>font20</font>
            <textcolor>lightgreyheidi</textcolor>
            <selectedcolor>lightgreyheidi</selectedcolor>
            <label>$INFO[ListItem.Label]</label>
            <align>left</align>
          </control> 
          <!-- Artist -->
          <control type="label">
            <posx>426</posx>
            <posy>2</posy>
            <width>330</width>
            <height>22</height>
            <font>font20</font>
            <textcolor>lightgreyheidi</textcolor>
            <selectedcolor>lightgreyheidi</selectedcolor>
            <label>$INFO[ListItem.Artist]</label>
            <align>left</align>
          </control>
          <!-- Album -->
          <control type="label">
            <posx>810</posx>
            <posy>2</posy>
            <width>330</width>
            <height>22</height>
            <font>font20</font>
            <textcolor>lightgreyheidi</textcolor>
            <selectedcolor>lightgreyheidi</selectedcolor>
            <label>$INFO[ListItem.Album]</label>
            <align>left</align>
          </control>
          <!-- Duration -->
          <control type="label">
            <posx>1170</posx>
            <posy>2</posy>
            <width>70</width>
            <height>22</height>
            <font>font20</font>
            <textcolor>lightgreyheidi</textcolor>
            <selectedcolor>lightgreyheidi</selectedcolor>
            <label>$INFO[ListItem.Duration]</label>
            <align>left</align>
          </control>        


        </itemlayout>
        <focusedlayout width="189" height="36">
          
          <control type="image">
          	<visible>!ListItem.Property(custom:seconditem)</visible>
            <posx>0</posx>
            <posy>0</posy>
            <width>1280</width>
            <height>36</height>
            <texture>playlist-stripe.png</texture>
          </control>
          
          <control type="image">
            <visible>Control.HasFocus(400)</visible>          
            <posx>0</posx>
            <posy>0</posy>
            <width>1280</width>
            <height>36</height>
            <texture>playlist-track-selected.png</texture>
          </control>
          <!-- Playing -->
          <control type="image">
            <visible>ListItem.Property(custom:playing) + Control.HasFocus(400) + !Window.Property(HideNowPlaying)</visible>          
            <posx>8</posx>
            <posy>6</posy>
            <width>23</width>
            <height>23</height>
            <texture>icon-now-playing-highlight.png</texture>
          </control>          

          <control type="image">
            <visible>ListItem.Property(custom:playing) + !Control.HasFocus(400)</visible>          
            <posx>8</posx>
            <posy>6</posy>
            <width>23</width>
            <height>23</height>
            <texture>icon-now-playing.png</texture>
          </control>                          
          <!-- Not starred -->
          <!--control type="image">
            <visible>!ListItem.Property(custom:starred) + !ListItem.Property(custom:playing) + Control.HasFocus(400)</visible>
            <posx>8</posx>
            <posy>5</posy>
            <width>23</width>
            <height>23</height>
            <texture>icon-star-off.png</texture>
          </control-->
          <control type="image">
            <visible>!ListItem.Property(custom:starred) + !ListItem.Property(custom:playing)</visible>
            <posx>8</posx>
            <posy>5</posy>
            <width>23</width>
            <height>23</height>
            <texture>icon-star-off.png</texture>
          </control>
          <control type="image">
            <visible>!ListItem.Property(custom:starred) + ListItem.Property(custom:playing) + Window.Property(HideNowPlaying)</visible>
            <posx>8</posx>
            <posy>5</posy>
            <width>23</width>
            <height>23</height>
            <texture>icon-star-off.png</texture>
          </control>
                    
          <!-- Starred -->
          <control type="image">
            <visible>ListItem.Property(custom:starred) + !ListItem.Property(custom:playing)</visible>
            <posx>8</posx>
            <posy>5</posy>
            <width>23</width>
            <height>23</height>
            <texture>icon-star-on.png</texture>
          </control>   
          <control type="image">
            <visible>ListItem.Property(custom:starred) + Window.Property(HideNowPlaying) + ListItem.Property(custom:playing)</visible>
            <posx>8</posx>
            <posy>5</posy>
            <width>23</width>
            <height>23</height>
            <texture>icon-star-on.png</texture>
          </control>   

          
          <!-- unfocused 400 focused track -->
          <!-- Track -->      
          <control type="label">
            <visible>!Control.HasFocus(400)</visible>          
            <posx>40</posx>
            <posy>2</posy>
            <width>370</width>
            <height>22</height>
            <font>font20</font>
            <textcolor>lightgreyheidi</textcolor>
            <selectedcolor>lightgreyheidi</selectedcolor>            
            <label>$INFO[ListItem.Label]</label>
            <align>left</align>
          </control>  
          <!-- Artist -->
          <control type="label">
            <visible>!Control.HasFocus(400)</visible>          
            <posx>426</posx>
            <posy>2</posy>
            <width>330</width>
            <height>22</height>
            <font>font20</font>
            <textcolor>lightgreyheidi</textcolor>
            <selectedcolor>lightgreyheidi</selectedcolor>            
            <label>$INFO[ListItem.Artist]</label>
            <align>left</align>
          </control>      
          <!-- Album -->
          <control type="label">
            <visible>!Control.HasFocus(400)</visible>          
            <visible>!Control.HasFocus(400)</visible>                    
            <posx>810</posx>
            <posy>2</posy>
            <width>330</width>
            <height>22</height>
            <font>font20</font>
            <textcolor>lightgreyheidi</textcolor>
            <selectedcolor>lightgreyheidi</selectedcolor>            
            <label>$INFO[ListItem.Album]</label>
            <align>left</align>
          </control>     
          <!-- Duration -->
          <control type="label">
            <visible>!Control.HasFocus(400)</visible>          
            <visible>!Control.HasFocus(400)</visible>          
            <posx>1170</posx>
            <posy>2</posy>
            <width>70</width>
            <height>22</height>
            <font>font20</font>
            <textcolor>lightgreyheidi</textcolor>
            <selectedcolor>lightgreyheidi</selectedcolor>            
            <label>$INFO[ListItem.Duration]</label>
            <align>left</align>
          </control>

        
          <control type="image">
            <visible>Control.HasFocus(400)</visible>          
            <posx>1222</posx>
            <posy>2</posy>
            <width>33</width>
            <height>33</height>
            <texture>graphic-arrow-more.png</texture>
            <animation effect="slide" start="0,0" end="9,0" time="0" condition="!Container(400).HasNext">Conditional</animation>
          </control>

          <!-- Track -->      
          <!-- AVAILABLE focused 400 focused track -->
          <control type="label">
            <visible>Control.HasFocus(400)</visible>          
            <posx>40</posx>
            <posy>2</posy>
            <width>370</width>
            <height>22</height>
            <font>font20</font>
            <textcolor>ff2e3337</textcolor>
            <selectedcolor>ff2e3337</selectedcolor>            
            <label>$INFO[ListItem.Label]</label>
            <align>left</align>
          </control>  
          <!-- Artist -->
          <control type="label">
            <visible>Control.HasFocus(400)</visible>          
            <posx>426</posx>
            <posy>2</posy>
            <width>330</width>
            <height>22</height>
            <font>font20</font>
            <textcolor>ff2e3337</textcolor>
            <selectedcolor>ff2e3337</selectedcolor>                        
            <label>$INFO[ListItem.Artist]</label>
            <align>left</align>
          </control>      
          <!-- Album -->
          <control type="label">
            <visible>Control.HasFocus(400)</visible>          
            <posx>810</posx>
            <posy>2</posy>
            <width>330</width>
            <height>22</height>
            <font>font20</font>
            <textcolor>ff2e3337</textcolor>
            <selectedcolor>ff2e3337</selectedcolor>                        
            <label>$INFO[ListItem.Album]</label>
            <align>left</align>
          </control>     
          <!-- Duration -->
          <control type="label">
            <visible>Control.HasFocus(400)</visible>          
            <posx>1170</posx>
            <posy>2</posy>
            <width>70</width>
            <height>22</height>
            <font>font20</font>
            <textcolor>ff2e3337</textcolor>
            <selectedcolor>ff2e3337</selectedcolor>                        
            <label>$INFO[ListItem.Duration]</label>
            <align>left</align>
          </control>
                     
        </focusedlayout>
        <!-- content type="url" url="rss://dir.boxee.tv/apps/revision3/feed/shows"/-->
      </control>
      
		<control type="scrollbar" id="401">
			<visible>false</visible>
			<posx>1259</posx>
			<posy>411</posy>
			<width>14</width>
			<height>300</height>
			<texturesliderbackground>scrollbar-bg.png</texturesliderbackground>
			<textureslidernib>-</textureslidernib>
			<textureslidernibfocus>-</textureslidernibfocus>
			<texturesliderbar srcborder="0,45,0,45" border="0,30,0,30">scrollbar-slider.png</texturesliderbar>
			<texturesliderbarfocus srcborder="0,45,0,45" border="0,30,0,30">scrollbar-slider.png</texturesliderbarfocus>
			<orientation>vertical</orientation>
			<showonepage>false</showonepage>
		</control>  
		
		<control type="multiimage" id="402">
			<visible>true</visible>
			<posx>596</posx>
			<posy>505</posy>
			<width>88</width>
			<height>88</height>
			<imagepath>loading_small</imagepath>
			<timeperimage>12</timeperimage>
			<fadetime>4</fadetime>
			<pauseatend>0</pauseatend>
			<randomize>false</randomize>
			<loop>yes</loop>
			<aspectratio>keep</aspectratio>
		</control>                  
    </control>

  <control type="group" id="9006">
    <posx>0</posx>
    <posy>270</posy>
    <visible>true + !Control.HasFocus(300)</visible>
    <animation effect="slide" condition="!Control.HasFocus(300)" start="0,0" end="0,48" time="1200" tween="cubic" easing="inout">Conditional</animation>

    <control type="image">
      <posx>0</posx>
      <posy>0</posy>
      <width>1280</width>
      <height>48</height>
      <texture>background-now-playing.png</texture>
    </control>

    <!-- Playlist Title -->
    <control type="label" id="104">
      <posx>40</posx>
      <posy>7</posy>
      <width>700</width>
      <height>22</height>
      <font>font26</font>
      <textcolor>FF303030</textcolor>
      <label>[B]Starred[/B]</label>
      <aligny>center</aligny>
      <align>left</align>
    </control>
    
    <control type="label" id="101">
      <posy>8</posy>
      <posx>40</posx>
      <width>700</width>
      <height>22</height>
      <font>font26</font>
      <textcolor>white</textcolor>
      <label>[B]Starred[/B]</label>
      <aligny>center</aligny>
      <align>left</align>
    </control>
    
    <!-- Playlist type icon -->
    <control type="image" id="102">
      <posx>4</posx>
      <posy>3</posy>
      <width>32</width>
      <height>32</height>
      <texture>icon-playlist.png</texture>
    </control>
    
    <!-- Album title -->
    <control type="label" id="103">
      <posx>10</posx>
      <posy>8</posy>
      <width>700</width>
      <height>22</height>
      <font>font26</font>
      <textcolor>white</textcolor>
      <aligny>center</aligny>
      <align>left</align>
    </control>
    
    
  </control>  
    
  </controls>
</window>