<?xml version="1.0"?>
<window type="window" id="14002">
  <allowoverlay>no</allowoverlay>
  <defaultcontrol always="true">101</defaultcontrol>

  <controls>
    <control type="image">
      <visible>true</visible>
      <posx>0</posx>
      <posy>0</posy>
      <width>1280</width>
      <height>720</height>
      <texture>background-login.jpg</texture>
    </control>

    <control type="group" id="9000">
      <visible>true</visible>
      
      <!-- header -->
      <control type="label" id="103">
        <posx>733</posx>
        <posy>272</posy>
        <width>500</width>
        <height>25</height>
        <font>font34</font>
        <textcolor>FFE5E5E5</textcolor>
        <label>[B]Terms and Conditions of Use[/B]</label>
        <aligny>center</aligny>
      </control>
      
      <!-- header -->
      <control type="label" id="104">
        <posx>737</posx>
        <posy>302</posy>
        <width>510</width>
        <height>150</height>
        <font>font28</font>
        <textcolor>FFE5E5E5</textcolor>
        <label>I'd like to register my Boxee device. I'm happy to accept the terms and conditions of the Spotify service.</label>
        <!--align>center</align-->
        <wrapmultiline>true</wrapmultiline>
      </control>


      <!-- show licenses button -->
      <control type="button" id="100">
        <posx>1208</posx>
        <posy>650</posy>
        <width>40</width>
        <height>40</height>
        <texturenofocus>button-show-licenses-unfocused.png</texturenofocus>
        <texturefocus>button-show-licenses-focused.png</texturefocus>
        <onup>102</onup>
        <ondown>-</ondown>
        <onleft>-</onleft>
        <onright>-</onright>
      </control>
      
      <!-- show terms button -->
      <control type="button" id="101">
        <posx>740</posx>
        <posy>423</posy>
        <width>228</width>
        <height>60</height>
        <texturenofocus>button-show-terms-unfocused.png</texturenofocus>
        <texturefocus>button-show-terms-focused.png</texturefocus>
        <onup>-</onup>
        <ondown>100</ondown>
        <onleft>-</onleft>
        <onright>102</onright>
      </control>

      <!-- accept terms button -->
      <control type="button" id="102">
        <posx>980</posx>
        <posy>423</posy>
        <width>228</width>
        <height>60</height>
        <texturenofocus>button-accept-terms-unfocused.png</texturenofocus>
        <texturefocus>button-accept-terms-focused.png</texturefocus>
        <onup>-</onup>
        <ondown>100</ondown>
        <onleft>101</onleft>
        <onright>-</onright>
      </control>

    </control>

    <control type="group" id="9001">
      <visible>false</visible>

      <control type="image">
        <visible>true</visible>
        <posx>680</posx>
        <posy>94</posy>
        <width>576</width>
        <height>600</height>
        <texture>background-legal.png</texture>
      </control>

      <control type="textbox" id="201">
        <visible>true</visible>
        <posx>703</posx>
        <posy>105</posy>
        <width>510</width>
        <height>570</height>
        <font>font24</font>
        <textcolor>opaquegrey</textcolor>
        <wrapmultiline>true</wrapmultiline>
        <label></label>
        <pagecontrol>202</pagecontrol>
		<scroll>true</scroll>
      </control>      

      <control type="scrollbar" id="202">
        <visible>true</visible>
        <posx>1222</posx>
        <posy>120</posy>
        <width>12</width>
        <height>550</height>
        <texturesliderbackground border="6">scrollbar_bg.png</texturesliderbackground>
        <textureslidernib>-</textureslidernib>
        <textureslidernibfocus>-</textureslidernibfocus>
        <texturesliderbar diffuse="nofocus.png" border="6">scrollbar_slider.png</texturesliderbar>
        <texturesliderbarfocus diffuse="nofocus.png" border="6">scrollbar_slider.png</texturesliderbarfocus>
        <orientation>vertical</orientation>
        <showonepage>false</showonepage>
        <ondown>-</ondown>
        <onup>-</onup>
      </control>  

    </control>

  </controls>
</window>