<app>
  <id>jb-storyline</id>
  <name>Story Line Online</name>
  <version>2.1</version>
  <description>Childrens books read by Actors. Brought to you by SAG</description>
  <thumb>http://dir.boxee.tv/apps/jb-storyline/thumb.png</thumb>
  <repository>http://dir.boxee.tv/apps</repository>
  <media>video</media>
  <copyright>jendabom</copyright>
  <email>jen.blom@gmail.com</email>
  <type>skin</type>
  <startWindow>14000</startWindow>
  <platform>all</platform>
  <minversion>0.9.20</minversion>
</app>
