<app>
  <id>youtube</id>
  <name>YouTube</name>
  <version>2.26</version>
  <description>Go big when you go home. Your favorite YouTube channels are even more awesome on the most epic screen in the house, especially when you can use your mobile to control it. Music videos, personalities, documentaries - finally, there’s something good on TV.</description>
  <thumb>http://dir.boxee.tv/apps/youtube/thumb.png</thumb>
  <repository>http://dir.boxee.tv/apps</repository>
  <media>video</media>
  <copyright>Boxee</copyright>
  <type>skin</type>
  <startWindow>leanback</startWindow>
  <email>support@boxee.tv</email>
  <platform>dlink.dsm380,intel.ce4100,iomega.zt,iomega.z1</platform>
  <minversion>1.5</minversion>
</app>
