<app>
  <id>babestvboxee</id>
  <name>Cherry Glam Tv</name>
  <version>1.7</version>
  <description>Welcome to CherrySauce TV! One of the largest Adult channels in the world. Sign up now for a Free Account and access thousands of videos Check out glamour.cherrysauce.tv to get a Premium account!</description>
  <thumb>http://89.188.139.150/media/boxeeAdvImage/logoAppGlam.png</thumb>
  <repository>http://dir.boxee.tv/apps</repository>
  <media>video</media>
  <copyright>CodersItalia srl</copyright>
  <email>boxeelab@codersitalia.it</email>
  <type>skin</type>
  <startWindow>14000</startWindow>
  <platform>all</platform>
  <minversion>0.9.11</minversion>
  <rating>adult</rating>
</app>