<?xml version="1.0"?>
<window type="window" id="14000">
	<defaultcontrol always="true">10</defaultcontrol>
	<allowoverlay>no</allowoverlay>
    <onload lang="python"><![CDATA[
import launch
import xbmc
import time
mc.ShowDialogNotification("version 1.19")
launch.initialize("1.19")
now=time.time()
while time.time()-now<2:
    time.sleep(1)
launch.seeIt(10)
launch.moveFocus(10)
]]></onload>

<controls>
        <control type="button" id="10">
			<description>trigger</description>
			<onfocus>ReplaceWindow(14001)</onfocus>
            <onclick>ReplaceWindow(14001)</onclick>
            <visible>false</visible>
            <width>1280</width>
            <height>720</height>
            <texturenofocus>-</texturenofocus>
			<texturefocus>-</texturefocus>
			<animation effect="fade" start="0" end="0">Focus</animation>
		</control>
    <!-- Start background Control Group -->
        <control type="group" id="300">
        <animation type="WindowOpen">
				<effect type="fade" start="0" end="100" time="2000" delay="0"/>
			</animation>
			<animation type="WindowClose">
				<effect type="fade" start="100" end="0" time="200" delay="0"/>
			</animation>
            <control type="image" id="301">
                <posx>485</posx>
                <posy>277</posy>
                <width>311</width>
                <height>73</height>
                <texture>logo.png</texture>
            </control>
            <control type="image" id="310">
                <visible>true</visible>
                <posx>333</posx>
                <posy>365</posy>
                <width>615</width>
                <height>100</height>
                <texture>loading.png</texture>
                <aspectratio>keep</aspectratio>
            </control>
            <control type="multiimage" id="320">
                <visible>true</visible>
                <posx>333</posx>
                <posy>365</posy>
                <width>615</width>
                <height>100</height>
                <imagepath>load</imagepath>
                <timeperimage>250</timeperimage>
                <fadetime>100</fadetime>
                <pauseatend>0</pauseatend>
                <randomize>false</randomize>
                <loop>yes</loop>
                <aspectratio>keep</aspectratio>
            </control>
        </control>
<!-- End loading Control Group -->
    </controls>
</window>

