<?xml version="1.0"?>
<window type="window" id="14001">
	<defaultcontrol always="true">210</defaultcontrol>
	<allowoverlay>no</allowoverlay>
    <onload lang="python"><![CDATA[
import launch
player=mc.GetPlayer()
player.Stop()
boxeeID=launch.getConfig("id")
sessionID=launch.getConfig("session")
URL="http://www.thegymbox.com/boxee_dev/xml/categoriesauth.php?id=%s&session=%s" % (boxeeID, sessionID)

if launch.getConfig("resume"):
    launch.loader(filteredLists)
else:
    mc.GetActiveWindow().ClearStateStack()
    mc.GetActiveWindow().GetList(210).SetContentURL(URL)
    mc.GetActiveWindow().GetList(210).SetFocusedItem(0)
]]></onload>
    <onunload lang="python"><![CDATA[
if 'timedCheck' in locals():
    timedCheck.stop()
]]></onunload>
    <controls>

<!-- Start loading Control Group -->

        
<!-- Start background Control Group -->
        <control type="group" id="100">
            <visible>true</visible>
            <animation type="WindowOpen">
				<effect type="fade" start="0" end="100" time="2000" delay="0"/>
			</animation>
			<animation type="WindowClose">
				<effect type="fade" start="100" end="0" time="200" delay="0"/>
			</animation>
            <control type="image">
                <posx>0</posx>
                <posy>0</posy>
                <width>1280</width>
                <height>720</height>
                <!--<texture>main.png</texture>-->
                <colordiffuse>black</colordiffuse>
            </control>
            <control type="image">
                <posx>85</posx>
                <posy>310</posy>
                <width>1110</width>
                <height>5</height>
                <texture>clear.png</texture>
                <colordiffuse>FF00FF00</colordiffuse>
            </control>
            <control type="image">
                <posx>85</posx>
                <posy>600</posy>
                <width>311</width>
                <height>73</height>
                <texture>logo.png</texture>
            </control>
        </control>
<!-- End background Control Group -->
      
<!-- Start Top Nav Control Group -->
        <control type="group" id="200">
            <visible>true</visible>
            <animation type="Conditional" condition="Window.IsVisible(DialogProgress.xml)">
                <effect type="fade" start="100" end="20" time="240"/>
            </animation>
            <animation effect="fade" end="100" time="240">Focus</animation>
            <animation effect="fade" start="100" end="30" time="240">Unfocus</animation>
<!-- Start Category Panels - This is just the panel and tiles, the arrows come later -->
            <control type="wraplist" id="210">
                <desription>Top Category Panels</desription>
                <posx>91</posx>
                <posy>42</posy>
                <width>1100</width>
                <height>208</height>
                <scrolltime>200</scrolltime>
                <focusposition>2</focusposition>
                <orientation>horizontal</orientation>
                <ondown lang="python"><![CDATA[
filteredLists=launch.click210()]]></ondown>
                <onup>-</onup>
                <onleft>-</onleft>
                <onright>-</onright>
                <itemlayout width="201" height="187">
           			<control type="image">
                        <posx>12</posx>
                        <posy>22</posy>
                        <width>182</width>
                        <height>168</height>
                        <aspectratio>stretch</aspectratio>
                        <info>ListItem.Thumb</info>
           			</control>
                    <control type="image">
                        <posx>12</posx>
                        <posy>22</posy>
                        <width>182</width>
                        <height>168</height>
                        <aspectratio>stretch</aspectratio>
                        <texture>black_diff.png</texture>
           			</control>
           			<control type="image">
                        <posx>0</posx>
                        <posy>10</posy>
                        <width>201</width>
                        <height>187</height>
                        <texture align="center">tile.png</texture>
           			</control>
                </itemlayout>
                <focusedlayout width="300" height="208">
                    <control type="image">
                        <!--animation effect="zoom" end="110,110" center="auto" time="240">Focus</animation>
                        <animation effect="zoom" start="110,110" end="100,100" center="auto" time="240">Unfocus</animation-->
                        <posx>52</posx>
                        <posy>12</posy>
                        <width>200</width>
                        <height>185</height>
                        <aspectratio>stretch</aspectratio>
                        <info>ListItem.Thumb</info>
                    </control>
                    <control type="image">
                        <!--animation effect="zoom" end="110,110" center="auto" time="240">Focus</animation>
                        <animation effect="zoom" start="110,110" end="100,100" center="auto" time="240">Unfocus</animation-->
                        <posx>40</posx>
                        <posy>0</posy>
                        <width>221</width>
                        <height>206</height>
                        <texture align="center">tile.png</texture>
                    </control>
                    </focusedlayout>
                <content type="url" url="">
                    <onclick>ResetWindowState</onclick>
                    <onclick lang="python"><![CDATA[
filteredLists=launch.click210()
]]></onclick>
                </content>
            </control>
<!-- End Category Panels -->
                            
            <control type="label">
				<posx>83</posx>
				<posy>255</posy>
				<width>1114</width>
				<height>50</height>
				<font>light34</font>
				<align>center</align>
				<aligny>center</aligny>
				<wrapmultiline>false</wrapmultiline>
				<label>[B]$INFO[Container(210).ListItem.property(description)][/B]</label>
				<textcolor>white</textcolor>
            </control>
            <control type="button" id="211">
                <posx>493</posx>
                <posy>65</posy>
                <width>45</width>
                <height>155</height>
                <texturefocus>nav_arrow_focus.png</texturefocus>
                <texturenofocus>nav_arrow.png</texturenofocus>
                <textureselected>nav_arrow.png</textureselected>
                <onclick lang="python"><![CDATA[
xbmc.executehttpapi("SendKey(272)")]]></onclick>
                <visible>!Container(210).IsLoading</visible>
            </control>
            <control type="button" id="212">
                <posx>750</posx>
                <posy>65</posy>
                <width>45</width>
                <height>155</height>
                <texturefocus flipx="true">nav_arrow_focus.png</texturefocus>
                <texturenofocus flipx="true">nav_arrow.png</texturenofocus>
                <onclick lang="python"><![CDATA[
xbmc.executehttpapi("SendKey(273)")]]></onclick>
                <visible>!Container(210).IsLoading</visible>
            </control>
        </control>
<!-- End Top Nav Control Group -->  

<!-- Start Class List Control Group -->
        <control type="group" id="300">
        <visible>true</visible>
        <animation type="Conditional" condition="Window.IsVisible(DialogProgress.xml)">
            <effect type="fade" start="100" end="20" time="240"/>
        </animation>
        <animation type="Conditional" condition="Control.HasFocus(210) | Control.HasFocus(211) | Control.HasFocus(212)">
            <effect type="fade" start="100" end="20" time="240"/>
        </animation>
        <posx>89</posx>
        <posy>332</posy>
            <control type="image">
                <description>This is the background for the list of classes.</description>
                <posx>0</posx>
                <posy>29</posy>
                <width>586</width>
                <height>212</height>
                <texture>class_list_box.png</texture>
            </control>
            
            <control type="image">
                <description>This is the filter bar background</description>
                <posx>0</posx>
                <posy>0</posy>
                <width>586</width>
                <height>38</height>
                <texture>filter_bar.png</texture>
            </control>
            <control type="image">
                <description>filter bar nav background left</description>
                <visible>Control.IsVisible(320)</visible>
                <posx>195</posx>
                <posy>3</posy>
                <width>98</width>
                <height>31</height>
                <texture>filter_bar_btn.png</texture>
            </control>
            <control type="image">
                <description>filter bar nav background right</description>
                <visible>Control.IsVisible(320)</visible>
                <posx>293</posx>
                <posy>3</posy>
                <width>98</width>
                <height>31</height>
                <texture flipx="true">filter_bar_btn.png</texture>
            </control>
            <control type="fixedlist" id="320">
                <descripton>List of Filters in the filter bar</descripton>
                <animation effect="fade" start="100" end="75" time="200">!Control.HasFocus(320)</animation>
                <visible>false</visible>
                <enabled>false</enabled>
                <posx>0</posx>
                <posy>0</posy>
                <width>586</width>
                <height>38</height>
                <align>center</align>                
                <wrapmultiline>false</wrapmultiline>
                <orientation>horizontal</orientation>
                <focusposition>1</focusposition>
                <ondown>330</ondown>
                <onup>210</onup>
                <onleft>330</onleft>
                <onright>330</onright>
                <itemlayout width="195">
                    <control type="label">
                        <posx>98</posx>
                        <posy>6</posy>
                        <width>195</width>
                        <height>38</height>
                        <aligny>top</aligny>
                        <align>center</align>
                        <font>font16b</font>
                        <textcolor>black</textcolor>
                        <info>ListItem.Label</info>
           			</control>
                </itemlayout>
                <focusedlayout width="196">
                    <control type="label">
                        <posx>98</posx>
                        <posy>4</posy>
                        <aligny>top</aligny>
                        <align>center</align>
                        <width>196</width>
                        <height>38</height>
                        <font>font16b</font>
                        <textcolor>FF00FF00</textcolor>
                        <info>ListItem.Label</info>
                    </control>
                </focusedlayout>
                <content type="action">
                    <onclick>330</onclick>
                </content>
            </control>
            <control type="button" id="312">
                <description>Click to move the filters left</description>
                <visible>Control.IsVisible(320)</visible>
                <posx>195</posx>
                <posy>3</posy>
                <width>98</width>
                <height>31</height>
                <texturenofocus></texturenofocus>
                <texturefocus>filter_bar_btn_focus.png</texturefocus>
                <onclick lang="python"><![CDATA[launch.filterLeft(filteredLists)]]></onclick>
                <onleft>330</onleft>
                <onright>330</onright>
                <onup>210</onup>
                <ondown>330</ondown>
                <onfocus>SetHidden(350)</onfocus>
                <onfocus>SetVisible(320)</onfocus>
                <onfocus>SetVisible(330)</onfocus>
            </control>
            <control type="button" id="313">
                <description>Click to move the filters right</description>
                <visible>Control.IsVisible(320)</visible>
                <posx>293</posx>
                <posy>3</posy>
                <width>98</width>
                <height>31</height>
                <texturenofocus flipx="true"></texturenofocus>
                <texturefocus flipx="true">filter_bar_btn_focus.png</texturefocus>
                <onclick lang="python"><![CDATA[launch.filterRight(filteredLists)]]></onclick>
                <onleft>330</onleft>
                <onright>330</onright>
                <onup>210</onup>
                <ondown>330</ondown>
                <onfocus>SetHidden(350)</onfocus>
                <onfocus>SetVisible(320)</onfocus>
                <onfocus>SetVisible(330)</onfocus>
            </control>
            <control type="label" id="325">
                <visible>true</visible>
                <visible>!app.hassetting(resume)</visible>
                <posx>6</posx>
                <posy>43</posy>
                <width>576</width>
                <height>172</height>
                <align>center</align>
                <aligny>center</aligny>
                <label>Select a Category Above...</label>
            </control>
            <control type="button" id="350">
                <description>Once You reach the top of the list you get this button</description>
                <visible>false</visible>
                <posx>32</posx>
                <posy>70</posy>
                <width>495</width>
                <height>35</height>
                <texturefocus>top_list.png</texturefocus>
                <texturenofocus>top_list.png</texturenofocus>
                <onup lang="python"><![CDATA[launch.up350()]]></onup>
                <ondown lang="python"><![CDATA[launch.down350()]]></ondown>
            </control>
            <control type="list" id="330">
                <visible>true</visible>
                <description>Filtered Class List Control</description>
                <posx>0</posx>
                <posy>43</posy>
                <width>570</width>
                <height>190</height>
                <scrolltime>200</scrolltime>
                <orientation>vertical</orientation>
                <pagecontrol>340</pagecontrol>
                <onup lang="python"><![CDATA[launch.up330()]]></onup>
                <onleft lang="python"><![CDATA[launch.filterLeft(filteredLists)]]></onleft>
                <onright lang="python"><![CDATA[launch.filterRight(filteredLists)]]></onright>
                <ondown lang="python"><![CDATA[launch.down330()]]></ondown>
                <itemlayout width="566" height="32">
           			<control type="label">
                        <animation effect="fade" start="100" end="75" time="200">Control.HasFocus(330)</animation>
                        <posx>40</posx>
                        <posy>0</posy>
                        <width>566</width>
                        <height>32</height>
                        <aligny>center</aligny>
                        <textcolor>white</textcolor>
                        <label>$INFO[ListItem.property(custom:date)] - $INFO[ListItem.Label]</label>
           			</control>
     			</itemlayout>
                <focusedlayout width="570" height="32">
                    <control type="image">
                        <posx>5</posx>
                        <posy>0</posy>
                        <width>565</width>
                        <height>32</height>
                        <aligny>center</aligny>
                        <texture>selected_class.png</texture>
                    </control>
                    <control type="label">
                        <posx>40</posx>
                        <posy>0</posy>
                        <width>560</width>
                        <height>32</height>
                        <aligny>center</aligny>
                        <textcolor>white</textcolor>
                        <label>$INFO[ListItem.property(custom:date)] - $INFO[ListItem.Label]</label>
                        <scroll>true</scroll>
                    </control>                            
                </focusedlayout>
                <content type="action">
                        <onclick lang="python"><![CDATA[
#mc.GetActiveWindow().PushState()
item=mc.GetActiveWindow().GetList(330).GetItem(mc.GetActiveWindow().GetList(330).GetFocusedItem())
launch.play_preview(item)]]>
                        </onclick>
                    </content>
           </control>
           <control type="scrollbar" id="340">
              <description>filtered class list scrollbar</description>
              <posx>574</posx>
              <posy>46</posy>
              <width>12</width>
              <height>180</height>
              <texturebg>slider_bg.png</texturebg>
              <texturesliderbar>slider.png</texturesliderbar>
              <texturesliderbarfocus>slider.png</texturesliderbarfocus>
              <textureslidernib>slider_btn.png</textureslidernib>
              <textureslidernibfocus>slider_btn.png</textureslidernibfocus>
              <ondown>60</ondown>
              <onup>60</onup>
              <showonepage>false</showonepage>
           </control>
    </control>
<!-- End Class List Control Group -->

<!-- Start Metadata Control Group -->
        <control type="group" id="400">
        <animation type="Conditional" condition="Window.IsVisible(DialogProgress.xml)">
            <effect type="fade" start="100" end="20" time="240"/>
        </animation>
        <animation type="Conditional" condition="Control.HasFocus(210) | Control.HasFocus(211) | Control.HasFocus(212)">
            <effect type="fade" start="100" end="20" time="240"/>
        </animation>
        <posx>702</posx>
        <posy>331</posy>
        <width>501</width>
        <height>347</height>
        <description>Class Metadata</description>
        <visible>true</visible>
            <control type="image">
                <posx>0</posx>
                <posy>0</posy>
                <width>501</width>
                <height>347</height>
                <texture>tile_large.png</texture>
            </control>
            <!--control type="image" id="410">
                <description>Instructions on using the keyboard</description>
                <visible>Control.IsVisible(311) | Control.HasFocus(210) | Control.HasFocus(211) | Control.HasFocus(212)</visible>
                <posx>32</posx>
                <posy>32</posy>
                <width>431</width>
                <height>278</height>
                <texture>nomouse.png</texture>
            </control-->
            <control type="image">
                <visible>Control.HasFocus(330) | Control.HasFocus(340) | Control.HasFocus(312) | Control.HasFocus(313)</visible>
                <posx>32</posx>
                <posy>32</posy>
                <width>150</width>
                <height>130</height>
                <texture>$INFO[Container(330).ListItem.Thumb]</texture>
            </control>
            <control type="image">
                <visible>Control.HasFocus(330) | Control.HasFocus(340) | Control.HasFocus(312) | Control.HasFocus(313)</visible>
                <posx>32</posx>
                <posy>32</posy>
                <width>150</width>
                <height>130</height>
                <texture>thumb_border.png</texture>
            </control>
            <control type="label">
                <description>Instructor name</description>
                <visible>Control.HasFocus(330) | Control.HasFocus(340) | Control.HasFocus(312) | Control.HasFocus(313)</visible>
                <posx>32</posx>
                <posy>166</posy>
                <align>center</align>
                <aligny>top</aligny>
                <width>155</width>
                <height>50</height>
                <label>[B]$INFO[Container(330).ListItem.property(custom:instructor)][/B]</label>
                <textcolor>white</textcolor>
                <font>font14</font>
            </control>
            
            <control type="label">
                <description>Release Date</description>
                <visible>Control.HasFocus(330) | Control.HasFocus(340) | Control.HasFocus(312) | Control.HasFocus(313)</visible>
                <posx>200</posx>
                <posy>32</posy>
                <align>left</align>
                <aligny>top</aligny>
                <width>350</width>
                <height>45</height>
                <label>[B]$INFO[Container(330).ListItem.Label][/B][CR][B]$INFO[Container(330).ListItem.property(custom:date)][/B]</label>
                <textcolor>white</textcolor>
                <font>font16</font>
                <wrapmultiline>true</wrapmultiline>
            </control>
            <control type="label">
                <description>Rating</description>
                <visible>Control.HasFocus(330) | Control.HasFocus(340) | Control.HasFocus(312) | Control.HasFocus(313)</visible>
                <posx>220</posx>
                <posy>90</posy>
                <align>left</align>
                <aligny>top</aligny>
                <width>150</width>
                <height>50</height>
                <label>Rating:</label>
                <textcolor>white</textcolor>
                <font>font16</font>
            </control>
            <control type="image">
                <visible>Control.HasFocus(330) | Control.HasFocus(340) | Control.HasFocus(312) | Control.HasFocus(313)</visible>
                <posx>280</posx>
                <posy>90</posy>
                <width>107</width>
                <height>22</height>
                <texture>stars.png</texture>
            </control>
            <control type="label">
                <description>Duration</description>
                <visible>Control.HasFocus(330) | Control.HasFocus(340) | Control.HasFocus(312) | Control.HasFocus(313)</visible>
                <posx>220</posx>
                <posy>115</posy>
                <align>left</align>
                <aligny>top</aligny>
                <width>300</width>
                <height>50</height>
                <label>Duration: $INFO[Container(330).ListItem.Duration]-Minutes</label>
                <textcolor>white</textcolor>
                <font>font16</font>
            </control>
            <control type="label">
                <description>Description</description>
                <visible>Control.HasFocus(330) | Control.HasFocus(340) | Control.HasFocus(312) | Control.HasFocus(313)</visible>
                <posx>32</posx>
                <posy>200</posy>
                <align>left</align>
                <aligny>top</aligny>
                <width>430</width>
                <height>300</height>
                <label>$INFO[Container(330).ListItem.property(description)]</label>
                <textcolor>white</textcolor>
                <font>font17</font>
                <wrapmultiline>true</wrapmultiline>
            </control>
        </control>
        
<!-- End Metadata Control Group -->
<!-- Start Subscription Info Control Group -->
        <control type="group" id="500">
            <animation type="Conditional" condition="Window.IsVisible(DialogProgress.xml)">
                <effect type="fade" start="100" end="20" time="240"/>
            </animation>
            <description>Subscription/Linking Information</description>
            <visible>false</visible>
            <posx>80</posx>
            <posy>329</posy>
            <width>1122</width>
            <height>354</height>
            <defaultcontrol>510</defaultcontrol>
            <onup>-</onup>
            <ondown>-</ondown>
            <onleft>-</onleft>
            <onright>-</onright>
            <control type="largeimage">
                <visible>true</visible>
            	<description>Subcription Box Image</description>
            	<posx>0</posx>
            	<posy>0</posy>
            	<width>1122</width>
            	<height>354</height>
            	<texture>http://www.thegymbox.com/boxee_dev/images/subscription.png</texture>
            	<aspectratio>stretch</aspectratio>
            </control>
            <control type="image">
                <visible>true</visible>
            	<description>logo</description>
            	<posx>41</posx>
            	<posy>34</posy>
            	<width>311</width>
            	<height>73</height>
            	<texture>logo.png</texture>
            	<aspectratio>keep</aspectratio>
            </control>
            <control type="button" id="510">
            	<description>subscribe button</description>
                <label>Register!</label>
                <textcolor>white</textcolor>
                <align>left</align>
                <aligny>top</aligny>
                <textoffsetx>70</textoffsetx>
                <textoffsety>3</textoffsety>
                <font>font24</font>
                <posx>438</posx>
            	<posy>267</posy>
            	<width>210</width>
            	<height>39</height>
            	<visible>true</visible>
            	<texturefocus>subscribe_focus.png</texturefocus>
            	<texturenofocus>subscribe_no_focus.png</texturenofocus>
            	<font>font21</font>
            	<onfocus>-</onfocus>
            	<onup lang="python"><![CDATA[launch.up510()]]></onup>
            	<ondown>-</ondown>
            	<onleft>520</onleft>
            	<onright>520</onright>
            	<onclick lang="python"><![CDATA[
boxeeID=launch.regCode("subscribe")
if boxeeID:
    timedCheck=launch.BackgroundTimer(boxeeID)
    timedCheck.start()
]]></onclick>
            </control>
            <control type="button" id="520">
            	<description>link button</description>
            	<posx>680</posx>
            	<posy>267</posy>
            	<width>210</width>
            	<height>39</height>
            	<visible>true</visible>
            	<texturefocus>link_focus.png</texturefocus>
            	<texturenofocus>link_no_focus.png</texturenofocus>
            	<onfocus>-</onfocus>
            	<onup lang="python"><![CDATA[launch.up510()]]></onup>
            	<ondown>-</ondown>
            	<onleft>510</onleft>
            	<onright>510</onright>
            	<onclick lang="python"><![CDATA[
boxeeID=launch.regCode("link")
if boxeeID:
    timedCheck=launch.BackgroundTimer(boxeeID)
    timedCheck.start()
]]></onclick>
            </control>
        </control>
        <control type="group" id="600">
            <animation type="Conditional" condition="Window.IsVisible(DialogProgress.xml)">
                <effect type="fade" start="100" end="20" time="240"/>
            </animation>
            <animation effect="fade" end="100" time="240">Focus</animation>
            <visible>false</visible>
        	<posx>0</posx>
        	<posy>0</posy>
        	<width>498</width>
        	<height>343</height>
        	<defaultcontrol></defaultcontrol>
        	<onup>-</onup>
        	<ondown>-</ondown>
        	<onleft>-</onleft>
        	<onright>-</onright>
            <control type="image">
    			<description>background image overlay</description>
                <posx>0</posx>
    			<posy>0</posy>
    			<width>1280</width>
    			<height>720</height>
    			<texture>black.png</texture>
    			<colordiffuse>99000000</colordiffuse>
            </control>
            <control type="image">
            	<description>Dialog BG</description>
            	<posx>391</posx>
            	<posy>188</posy>
            	<width>498</width>
            	<height>343</height>
            	<texture>dialog.png</texture>
            	<aspectratio>keep</aspectratio>
            </control>
            <control type="label" id="610">
               <description>some label that shows text</description>
               <posx>391</posx>
               <posy>248</posy>
               <width>498</width>
               <height>100</height>
               <align>center</align>
               <aligny>top</aligny>
               <scroll>false</scroll>
               <label>To register, visit[CR][B]http:www.thegymbox.com/boxee[/B][CR]and enter the following code:</label>
               <number></number>
               <haspath>false</haspath>
               <font>font20</font>
               <textcolor>white</textcolor>
               <wrapmultiline>true</wrapmultiline>
            </control>
            <control type="label" id="620">
               <description>Reg code</description>
               <enabled>false</enabled>
               <posx>541</posx>
               <posy>370</posy>
               <width>200</width>
               <height>33</height>
               <align>center</align>
               <aligny>center</aligny>
               <scroll>false</scroll>
               <label>Getting Code</label>
               <font>sans28b</font>
               <textcolor>FF00FF00</textcolor>
               <wrapmultiline>false</wrapmultiline>
            </control>
            <!-- Not used for now
<control type="button" id="630">
            	<description>New Code</description>
            	<posx>31</posx>
            	<posy>243</posy>
            	<width>210</width>
            	<height>39</height>
            	<visible>true</visible>
            	<texturefocus>new_code_focus.png</texturefocus>
            	<texturenofocus>new_code_no_focus.png</texturenofocus>
            	<font>font21b</font>
            	<onfocus>-</onfocus>
            	<onup>-</onup>
            	<ondown>-</ondown>
            	<onleft>302</onleft>
            	<onright>302</onright>
            	<onclick lang="python"><![CDATA[
timedCheck.stop()
boxeeID=launch.regCode("newCode")
timedCheck=launch.BackgroundTimer(boxeeID)
timedCheck.start()
]]></onclick>
            </control>
-->
            <control type="button" id="640">
            	<description>Cancel</description>
            	<posx>535</posx>
            	<posy>431</posy>
            	<width>210</width>
            	<height>39</height>
            	<visible>true</visible>
            	<texturefocus>cancel_focus.png</texturefocus>
            	<texturenofocus>cancel_no_focus.png</texturenofocus>
            	<onfocus>-</onfocus>
            	<onup>-</onup>
            	<ondown>-</ondown>
            	<onleft>301</onleft>
            	<onright>301</onright>
            	<onclick lang="python"><![CDATA[
if launch.click640(): timedCheck.stop()
]]></onclick>
            </control>
        </control>
<!-- End Subscription Info control group --> 
    </controls>
</window>