<?xml version="1.0"?>
   <window type="dialog" id="14009">
   <allowoverlay>no</allowoverlay>
<defaultcontrol always="true">9000</defaultcontrol>
<onload lang="python">
<![CDATA[
import lookup
import mc


config = mc.GetApp().GetLocalConfig()
config.Reset("ok")

]]>
</onload>
<onunload lang="python">
<![CDATA[
import lookup
import mc


result = lookup.lookup()
if not result:

    config = mc.GetApp().GetLocalConfig()
    ok = config.GetValue("ok")

    if not ok:
        mc.CloseWindow()
    else:
        config.Reset("ok")


]]>
</onunload>
   <controls>
      <control type="group" id="9000">
		   <posx>1</posx>
		   <posy>1</posy>
<onleft lang="python">
<![CDATA[
import mc

window = mc.GetActiveWindow()
window.GetControl(105).SetFocus()

]]>
</onleft>
<onright lang="python">
<![CDATA[
import mc

window = mc.GetActiveWindow()
window.GetControl(106).SetFocus()

]]>
</onright>
<defaultcontrol always="true">105</defaultcontrol>
		<control type="image">
		<width>1280</width>
		<height>720</height>
		<texture>white.png</texture>
		<colordiffuse>DD202020</colordiffuse>
		</control>
	       <control type="label">
		   <visible>true</visible>   
		   <posx>400</posx>
		   <posy>300</posy>
		   <width>500</width>
		   <height>50</height>
		   <font>font36</font>
		   <align>left</align>
		   <aligny>center</aligny>
		   <label>[B]Are you a Gold subscriber?[/B]</label>
		   <textcolor>white</textcolor>
	       </control>
               <control type="button" id="105">
		<visible>true</visible>
		<description>Login</description>
		<width>114</width>
		<height>37</height>
		<posx>425</posx>
		<posy>400</posy>
		<texturefocus>button_yes_focus.png</texturefocus>
		<texturenofocus>button_yes_nofocus.png</texturenofocus>
                <onright>106</onright>
		<onleft>105</onleft>
		<onup>-</onup>
		<ondown>-</ondown>
<onclick lang="python">
<![CDATA[
import mc
import xbmc

config = mc.GetApp().GetLocalConfig()
config.SetValue("ok","yes")
xbmc.executebuiltin("Dialog.Close(14009)")
mc.ActivateWindow(14025)

]]>
</onclick>
</control>
               <control type="button" id="106">
		<description>Login</description>
		<visible>true</visible>
		<width>114</width>
		<height>37</height>
		<posx>700</posx>
		<posy>400</posy>
		<texturefocus>button_no_focus.png</texturefocus>
		<texturenofocus>button_no_nofocus.png</texturenofocus>
                <onright>106</onright>
		<onleft>105</onleft>
		<onup>-</onup>
		<ondown>-</ondown>
<onclick lang="python">
<![CDATA[
import mc
import xbmc


config = mc.GetApp().GetLocalConfig()
config.SetValue("ok","yes")
xbmc.executebuiltin("Dialog.Close(14009)")
mc.ActivateWindow(14001)
]]>
</onclick>
</control>
      </control>
   </controls>
</window>