<?xml version="1.0"?>
<window type="dialog" id="14022">
 <defaultcontrol always="true">300</defaultcontrol>
 <allowoverlay>no</allowoverlay>
<onload lang="python"><![CDATA[
import xbmc

xbmc.executebuiltin('Control.SetLabel(51,"[B][COLOR red]ACTIVATION NOT COMPLETED YET![/B][/COLOR][CR]Go back to code screen and do not press any buttons on your remote control until your computer screen says DEVICE ACTIVATED.")')

]]>
</onload>
	 <controls>
	 	<control type="group" id="7001">
			<control type="image">
				<width>1280</width>
				<height>720</height>
				<texture>white.png</texture>
				<colordiffuse>DD202020</colordiffuse>
			</control>
			<control type="button" id="300">
				<posx>175</posx>
				<posy>500</posy>
				<width>145</width>
				<height>145</height>
				<label>Go back</label>
				<font>font36b</font>
				<textcolor>green</textcolor>
				<focusedcolor>green</focusedcolor>
				<texturefocus>-</texturefocus>
				<texturenofocus>-</texturenofocus>
<onclick lang="python"><![CDATA[
import xbmc

xbmc.executebuiltin("Dialog.Close(14022)")

]]></onclick>
			</control>
<control type="textbox" id="51">
<posx>300</posx>
<posy>200</posy>
<width>800</width>
<height>300</height>
<font>font40</font>
<label></label>
<textcolor>white</textcolor>
<pagecontrol>60</pagecontrol>
</control>
	
</control>
	 </controls>
</window>