<?xml version="1.0"?>
<window type="dialog" id="14025">
 <defaultcontrol always="true">300</defaultcontrol>
 <allowoverlay>no</allowoverlay>
<onunload lang="python">
<![CDATA[
import validate
import mc

result = validate.checktoken()
if not result:
    mc.ActivateWindow(14009)

]]>
</onunload>
<onload lang="python"><![CDATA[
import xbmc

code = mc.Http().Get('http://pubdhub.info/getboxeecode.php')
config = mc.GetApp().GetLocalConfig()
config.Reset("code")
config.SetValue("code", code)
xbmc.executebuiltin('Control.SetLabel(50,"[B]Your player must be activated.[/B][CR]1. Visit http://pubdhub.info/login.php and login to your account.[CR]2. Click the link to Activate New Device on My Account page.[CR]3. Enter this code [B][COLOR yellow]'+code+'[/B][/COLOR][CR]4. Press Select on remote when computer screen shows you\'re activated.")')

]]>
</onload>
	 <controls>
	 	<control type="group" id="7001">
			<control type="image">
				<width>1280</width>
				<height>720</height>
				<texture>white.png</texture>
				<colordiffuse>DD202020</colordiffuse>
			</control>
			<control type="button" id="300">
				<posx>175</posx>
				<posy>500</posy>
				<width>145</width>
				<height>145</height>
				<label>Press Select AFTER your computer says you've been activated</label>
				<font>font36b</font>
				<textcolor>green</textcolor>
				<focusedcolor>green</focusedcolor>
				<texturefocus>-</texturefocus>
				<texturenofocus>-</texturenofocus>
<onclick lang="python"><![CDATA[
import xbmc

config = mc.GetApp().GetLocalConfig()
code = config.GetValue("code")
device = mc.GetDeviceId()
regcode = mc.Http().Get('http://pubdhub.info/getboxeereg.php?deviceID=' + device + '&regCode=' + code)

if 'failure' in regcode:
    mc.ActivateWindow(14022)
else:
    config.SetValue("token", regcode)
    xbmc.executebuiltin("Dialog.Close(14009)")
    mc.ActivateWindow(14000)

]]></onclick>
</control>
<control type="textbox" id="50">
<posx>300</posx>
<posy>200</posy>
<width>800</width>
<height>300</height>
<font>font40</font>
<label></label>
<textcolor>white</textcolor>
<pagecontrol>60</pagecontrol>
</control>
	
</control>
	 </controls>
</window>