<?xml version="1.0"?>
<window type="dialog" id="14023">
 <defaultcontrol always="true">300</defaultcontrol>
 <allowoverlay>no</allowoverlay>
<onload lang="python"><![CDATA[
import xbmc

xbmc.executebuiltin('Control.SetLabel(52,"[B][COLOR red]NO SEARCH RESULTS[/B][/COLOR][CR]Try searching for a different keyword.")')

]]>
</onload>
	 <controls>
	 	<control type="group" id="7001">
			<control type="image">
				<posx>1</posx>
				<posy>1</posy>
				<width>1280</width>
				<height>720</height>
				<texture>white.png</texture>
				<colordiffuse>DD202020</colordiffuse>
			</control>
			<control type="button" id="300">
				<posx>550</posx>
				<posy>350</posy>
				<width>145</width>
				<height>145</height>
				<label>Close</label>
				<font>font36b</font>
				<textcolor>green</textcolor>
				<focusedcolor>green</focusedcolor>
				<texturefocus>-</texturefocus>
				<texturenofocus>-</texturenofocus>
<onclick lang="python"><![CDATA[
import xbmc

xbmc.executebuiltin("Dialog.Close(14023)")

]]></onclick>
			</control>
<control type="textbox" id="52">
<posx>300</posx>
<posy>200</posy>
<width>800</width>
<height>300</height>
<font>font40</font>
<label></label>
<textcolor>white</textcolor>
<pagecontrol>60</pagecontrol>
</control>
	
</control>
	 </controls>
</window>