<?xml version="1.0"?>
   <window type="window" id="14015">
   <defaultcontrol always="true">101</defaultcontrol>
   <allowoverlay>no</allowoverlay>
<onload lang="python">
<![CDATA[
import search
import mc

config = mc.GetApp().GetLocalConfig()
searchcheck = config.GetValue("search")

if searchcheck:
    results = search.search()

    if results:
        myLabel = mc.GetActiveWindow().GetLabel(140)
        mc.GetActiveWindow().GetList(101).SetContentURL('http://pubdhub.info/search_boxee.php?search=' + results)
        myLabel.SetLabel("[B]Results for "+results+"[/B]")
        config.Reset("search")
    else:
        mc.CloseWindow()
        mc.ActivateWindow(14023)

]]>
</onload>
   <controls>
      <control type="group">
          <control type="image">
             <posx>0</posx>
             <posy>0</posy>
             <width>1280</width>
             <height>720</height>
             <texture>bg_content.png</texture>
          </control>
          <control type="image">
             <animation type="Conditional" condition="Window.IsVisible(DialogProgress.xml)">
	         <effect type="fade" start="100" end="20" time="200"/>
	     </animation>
             <posx>60</posx>
             <posy>245</posy>
             <width>523</width>
             <height>405</height>
             <texture>list.png</texture>
         </control>
          <control type="image">
             <animation type="Conditional" condition="Window.IsVisible(DialogProgress.xml)">
	         <effect type="fade" start="100" end="20" time="200"/>
	     </animation>
             <posx>620</posx>
             <posy>405</posy>
             <width>560</width>
             <height>243</height>
             <texture>description.png</texture>
         </control>
          <control type="list" id="101">
           <animation type="Conditional" condition="Window.IsVisible(DialogProgress.xml)">
	       <effect type="fade" start="100" end="20" time="200"/>
	   </animation>
	   <posx>70</posx>
	   <posy>252</posy>
	   <width>502</width>
	   <height>390</height>
	   <orientation>vertical</orientation>
	   <itemlayout width="502" height="65">
	    <control type="label">
		<posx>5</posx>
		<posy>0</posy>
		<width>502</width>
		<height>62</height>
		<font>font40</font>
		<align>left</align>
		<aligny>center</aligny>
		<label>$INFO[ListItem.Label]</label>
		<textcolor>white</textcolor>
	    </control>
	    </itemlayout>
	    <focusedlayout width="523" height="62">
	       <control type="image">
		   <posx>0</posx>
		   <posy>0</posy>
		   <width>523</width>
		   <height>62</height>
		   <texture>white.png</texture>
		   <colordiffuse>DD747474</colordiffuse>
	       </control>
	       <control type="label">
		   <visible>Control.HasFocus(101)</visible>
		   <posx>5</posx>
		   <posy>0</posy>
		   <width>490</width>
		   <height>62</height>
		   <font>font40</font>
		   <align>left</align>
		   <aligny>center</aligny>
		   <label>$INFO[ListItem.Label]</label>
		   <textcolor>yellow</textcolor>
		   <scroll>true</scroll>
		   <selectedcolor>DD747474</selectedcolor>
	       </control>
	       <control type="label">
		   <visible>!Control.HasFocus(101)</visible>   
		   <posx>5</posx>
		   <posy>0</posy>
		   <width>490</width>
		   <height>62</height>
		   <font>font40</font>
		   <align>left</align>
		   <aligny>center</aligny>
		   <label>$INFO[ListItem.Label]</label>
		   <textcolor>white</textcolor>
		   <selectedcolor>DD747474</selectedcolor>
		   <scroll>true</scroll>
		   <scrollspeed>30</scrollspeed>
	       </control>
	    </focusedlayout>
	</control>
        <control type="group">
           <animation type="Conditional" condition="Window.IsVisible(DialogProgress.xml)">
	      <effect type="fade" start="100" end="20" time="200"/>
           </animation>
  <control type="label">
    <visible>true</visible>
    <posx>635</posx>
    <posy>417</posy>
    <width>560</width>
    <height>200</height>
    <font>font30</font>
    <align>left</align>
    <label>[B]$INFO[Container(101).ListItem.property(description)][/B]</label>
    <background>grey</background>
    <textcolor>white</textcolor>
    <wrapmultiline>true</wrapmultiline>
  </control>
	       <control type="label" id="140">
		   <visible>true</visible>
		   <posx>1240</posx>
		   <posy>50</posy>
		   <width>700</width>
		   <height>50</height>
		   <font>font40</font>
		   <align>right</align>
		   <aligny>center</aligny>
		   <label></label>
		   <background>grey</background>
		   <textcolor>red</textcolor>
	       </control>
           <control type="image">
              <visible>true</visible>
              <posx>921</posx>
              <posy>250</posy>
              <width>250</width>
              <height>133</height>
	       <aligny>center</aligny>
              <texture>$INFO[Container(101).ListItem.Thumb]</texture>
           </control>
         </control>
      </control>
   </controls>
</window>