<?xml version="1.0"?>
<window type="window" id="14000">
	<allowoverlay>no</allowoverlay>
    <onload lang="python"><![CDATA[
import yeswalla
import urllib
import re

mc.ShowDialogWait()
scrp = yeswalla.WebSiteScrapper()
seriesList = scrp.getSeriesList(1)
items = mc.ListItems()

for series in seriesList:        
    item = mc.ListItem(mc.ListItem.MEDIA_UNKNOWN)
    item.SetLabel("%s - %s" % (series["title"],series["descr"]))
    item.SetProperty('url', series["url"])    
    item.SetProperty('type', series["type"])
    item.SetThumbnail(series["thumb"])
    items.append(item)
    
mc.GetWindow(14000).GetList(100).SetItems(items)
mc.HideDialogWait()
mc.GetWindow(14000).GetControl(100).SetVisible(True)
mc.GetWindow(14000).GetControl(100).SetFocus()

def loadFolder(url):
    mc.ShowDialogWait()
    videos = scrp.getItems(url)
    items = mc.ListItems()

    for video in videos:        
        item = mc.ListItem(mc.ListItem.MEDIA_VIDEO_OTHER)
        item.SetAddToHistory(True)
        item.SetReportToServer(True)
        item.SetLabel("%s - %s" % (video["title"],video["descr"]))
        item.SetTitle(video["title"])
        item.SetDescription(video["descr"])
        item.SetProperty('url', video["url"])
        item.SetProperty('type', video["type"])
        item.SetThumbnail(video["thumb"])
        item.SetContentType( "text/html" )
        item.SetPath("flash://yes.walla.co.il/src=%s&bx-jsactions=%s" %(urllib.quote(video["url"]),urllib.quote("http://dir.boxee.tv/apps/helper2/yes-walla.js")))
        items.append(item)
    
    mc.GetWindow(14000).GetList(100).SetItems(items)
    mc.HideDialogWait()
        
def ondown():
    for id in [100,120]:
        if mc.GetWindow(14000).GetControl(id).IsVisible():
           mc.GetWindow(14000).GetControl(id).SetFocus() 
]]>
</onload>
	<controls>
		<include>Common_Background</include>
		<control type="group">
			<include>Common_Browse_Background_Top</include>
			<include>Common_Info_Background_Bottom</include>
			<include>Main_Menu_Slide_Animation</include>
			<control type="group" description="top header">
				<include>Main_Menu_Fade_Animation</include>
				<description>First Page Video/Music/Photos/Applications</description>
				<posx>32</posx>
				<posy>54</posy>
				<width>1216</width>
				<height>32</height>
				<control type="image">
					<description>page header tab icon</description>
					<posx>1000</posx>
					<posy>-40</posy>
					<width>150</width>
					<height>150</height>
					<texture>yes-walla.jpg</texture>
				</control>
            </control>
			<control type="group">
				<include>Main_Menu_Fade_Animation</include>
				<include>Window_Fade_Animation</include>
				<control type="grouplist" id="9000" description="nav bar">
					<posx>32</posx>
					<posy>113</posy>
					<width>1200</width>
					<height>33</height>
					<itemgap>18</itemgap>
					<orientation>horizontal</orientation>
					<usecontrolcoords>false</usecontrolcoords>
					<onleft>9000</onleft>
					<onright>9000</onright>
					<control type="group">
						<width>160</width>
						<height>33</height>
						<visible>Control.IsVisible(9001)</visible>
						<control type="button" id="9001">
							<posx>0</posx>
							<posy>0</posy>
							<width>33</width>
							<height>33</height>
							<onleft>-</onleft>
							<onright>9002</onright>
							<onup>-</onup>
							<ondown lang="python"><![CDATA[ondown()]]></ondown>
							<label>אתר הוידאו המוביל בישראל, המאפשר צפייה בפרקים מלאים מתוך מגוון התכנים המשודרים בערוצי yes</label>
							<textcolor>grey</textcolor>
							<focusedcolor>green</focusedcolor>
							<texturenofocus>icon_most_viewed.png</texturenofocus>
							<texturefocus>icon_most_viewed_on.png</texturefocus>
							<font>font21</font>
							<textoffsetx>40</textoffsetx>
							<onclick lang="python"><![CDATA[ilseries()]]></onclick>
							<hitrect x="0" y="0" w="160" h="40"/>
						</control>
					</control>
					<control type="group">
						<width>3</width>
						<height>33</height>
						<visible>Control.IsVisible(9002)</visible>
						<control type="image">
							<description>left dotted line</description>
							<posx>0</posx>
							<posy>6</posy>
							<width>3</width>
							<height>20</height>
							<texture>dotted_line_divider.png</texture>
						</control>
					</control>					
				</control>
				<control type="panel" id="100"> <!-- series list -->
                    <visible>True</visible>
					<posx>50</posx>
					<posy>162</posy>
					<width>1176</width>
					<height>544</height>
					<onleft>-</onleft>
					<onright>-</onright>
					<onup>9000</onup>
					<ondown>-</ondown>
					<scrolltime>200</scrolltime>
					<pagecontrol>60</pagecontrol>
					<orientation>vertical</orientation>
					<itemlayout width="294" height="150">
						<control type="image">
							<posx>2</posx>
							<posy>2</posy>
							<width>290</width>
							<height>132</height>
							<texture>list_frame_device.png</texture>
						</control>
						<control type="image">
							<posx>16</posx>
							<posy>16</posy>
							<width>110</width>
							<height>110</height>
							<info>ListItem.Icon</info>
							<bordersize>4</bordersize>
							<bordertexture>info_cover_border.png</bordertexture>
							<visible>!IsEmpty(ListItem.Thumb)</visible>
						</control>
						<control type="image">
							<posx>16</posx>
							<posy>16</posy>
							<width>110</width>
							<height>110</height>
							<info>ListItem.Icon</info>
							<visible>IsEmpty(ListItem.Thumb)</visible>
						</control>
						<control type="label">
							<posx>130</posx>
							<posy>40</posy>
							<width>160</width>
							<height>80</height>
							<font>font18</font>
							<align>left</align>
                            <wrapmultiline>true</wrapmultiline>
							<info>ListItem.Label</info>
							<textcolor>white</textcolor>
							<selectedcolor>green</selectedcolor>
						</control>
                    </itemlayout>
					<focusedlayout width="294" height="136">
						<control type="image">
							<posx>2</posx>
							<posy>2</posy>
							<width>290</width>
							<height>132</height>
							<texture>list_frame_device.png</texture>
						</control>
						<control type="image">
							<posx>0</posx>
							<posy>0</posy>
							<width>294</width>
							<height>136</height>
							<texture>list_frame_device_white.png</texture>
							<animation type="Focus">
								<effect type="fade" start="60" time="120"/>
								<effect type="zoom" start="99,97" center="auto" time="120" delay="60"/>
							</animation>
						</control>
						<control type="image">
							<posx>16</posx>
							<posy>16</posy>
							<width>110</width>
							<height>110</height>
							<info>ListItem.Icon</info>
							<bordersize>4</bordersize>
							<bordertexture>info_cover_border.png</bordertexture>
							<visible>!IsEmpty(ListItem.Thumb)</visible>
						</control>
						<control type="image">
							<posx>16</posx>
							<posy>16</posy>
							<width>110</width>
							<height>110</height>
							<info>ListItem.Icon</info>
							<visible>IsEmpty(ListItem.Thumb)</visible>
						</control>
                        <control type="label">
							<posx>130</posx>
							<posy>40</posy>
							<width>160</width>
							<height>80</height>
							<font>font18</font>
							<align>left</align>
							<info>ListItem.Label</info>
                            <wrapmultiline>true</wrapmultiline>
							<textcolor>black</textcolor>
							<selectedcolor>green</selectedcolor>
						</control>
					</focusedlayout>
					<content type="action">
						<onclick lang="python"><![CDATA[
import re                        
try:
    n = mc.GetWindow(14000).GetList(100).GetFocusedItem()
    item = mc.GetWindow(14000).GetList(100).GetItem(n)
    url = item.GetProperty('url')
    type = item.GetProperty('type')
    if (type == 'folder'):
        mc.GetActiveWindow().PushState()
        loadFolder(url)
    else:
        # get duration of the clip
        data = mc.Http().Get(url)        
        duration = re.findall('cl_duration=(.*?)&', data)
        print duration
        if (len(duration)>0):
            # set the duration + 10% commercials
            dur = int(duration[0])
            item.SetDuration(int(dur * 1.1))
        # play the clip
        mc.Player().PlayWithActionMenu(item)
except:
    item = mc.GetWindow(14000).GetList(100).GetFocused()
    url = item.GetProperty('url')
]]></onclick>
					</content>
				</control>
				<control type="scrollbar" id="60">
					<description>scroll bar indicator for lists</description>
					<visible>Control.IsVisible(100)</visible>
					<posx>1228</posx>
					<posy>162</posy>
					<width>8</width>
					<height>544</height>
					<texturesliderbackground border="4">scrollbar_vertical_bg.png</texturesliderbackground>
					<texturesliderbar border="4">scrollbar_vertical_nib.png</texturesliderbar>
					<texturesliderbarfocus border="4">scrollbar_vertical_nib.png</texturesliderbarfocus>
					<orientation>vertical</orientation>
					<showonepage>false</showonepage>
				</control>                					
			</control>
			<include>Common_Main_Menu_Button</include>
		</control>
	</controls>
</window>
