<?xml version="1.0"?>
<window type="window" id="14005">
	<defaultcontrol always="true">111</defaultcontrol>
	<allowoverlay>yes</allowoverlay>
	<controls>
		<control type="group">
			<!-- Background Image -->
			<control type="group">
				<description>Background</description>
				<control type="image">
					<posx>0</posx>
					<posy>0</posy>
					<width>1280</width>
					<height>720</height>
					<texture>main.png</texture>
				</control>
			</control>
			<control type="group">
				<description>Container</description>
				<posx>320</posx>
				<posy>170</posy>
				<width>640</width>
				<height>490</height>
				<control type="image">
					<posx>0</posx>
					<posy>0</posy>
					<width>640</width>
					<height>490</height>
					<texture>about_bg.png</texture>
				</control>
				<control type="list" id="111">
					<posx>0</posx>
					<posy>13</posy>
					<width>640</width>
					<height>490</height>
					<onup>300</onup>
					<onright>300</onright>
					<!--Title -->
					<itemlayout width="640" height="48">
						<control type="label">
							<posx>320</posx>
							<posy>0</posy>
							<width>640</width>
							<height>48</height>
							<font>sans36b</font>
							<align>center</align>
							<aligny>center</aligny>
							<label>$INFO[ListItem.Label]</label>
							<textcolor>white</textcolor>
						</control>
					</itemlayout>
					<focusedlayout width="640" height="48">
						<control type="label">
							<posx>320</posx>
							<posy>0</posy>
							<width>640</width>
							<height>48</height>
							<font>sans36b</font>
							<align>center</align>
							<aligny>center</aligny>
							<label>$INFO[ListItem.Label]</label>
							<textcolor>white</textcolor>
						</control>
					</focusedlayout>
					<!-- Source of $INFO --><content type="url" url="$INFO[App.Param(link)]">
						<onclick lang="python"><![CDATA[
]]></onclick>
					</content>
				</control>
				<!-- Description -->
				<control type="label">
					<posx>20</posx>
					<posy>80</posy>
					<width>600</width>
					<height>490</height>
					<font>light23</font>
					<align>left</align>
					<aligny>top</aligny>
					<label>$INFO[Container(111).ListItem.property(description)]</label>
					<textcolor>white</textcolor>
					<wrapmultiline>true</wrapmultiline>
				</control>
			</control>
			<!-- Player -->
			<control type="group">
				<description>Now Playing</description>
				<visible>Player.HasAudio</visible>
				<control type="label">
					<posx>1004</posx>
					<posy>44</posy>
					<width>350</width>
					<height>45</height>
					<font>sans40b</font>
					<align>left</align>
					<aligny>top</aligny>
					<label>Now Playing</label>
					<textcolor>white</textcolor>
				</control>
				<control type="fadelabel">
					<posx>1006</posx>
					<posy>94</posy>
					<width>248</width>
					<height>31</height>
					<align>left</align>
					<scroll>true</scroll>
					<scrollout>false</scrollout>
					<pauseatend>5000</pauseatend>
					<info>MusicPlayer.Author</info>
					<info>MusicPlayer.Title</info>
					<font>light28</font>
					<textcolor>white</textcolor>
				</control>
				<control type="grouplist" id="300">
					<posx>965</posx>
					<posy>55</posy>
					<width>31</width>
					<height>31</height>
					<ondown>111</ondown>
					<onleft>111</onleft>
					<itemgap>-</itemgap>
					<orientation>horizontal</orientation>
					<control type="button" id="301">
						<visible>!Player.Playing</visible>
						<description>Play button</description>
						<width>31</width>
						<height>31</height>
						<texturenofocus>button-play.png</texturenofocus>
						<texturefocus>button-playfocused.png</texturefocus>
						<onclick lang="python"><![CDATA[
mc.GetPlayer().Pause()
]]></onclick>
					</control>
					<control type="button" id="302">
						<visible>Player.Playing</visible>
						<description>Pause button</description>
						<width>31</width>
						<height>31</height>
						<texturenofocus>button-pause.png</texturenofocus>
						<texturefocus>button-pausefocused.png</texturefocus>
						<onclick lang="python"><![CDATA[
mc.GetPlayer().Pause()
]]></onclick>
					</control>
				</control>
			</control>
		</control>
	</controls>
</window>