<app>
  <id>happytreefriends</id>
  <name>Happy Tree Friends</name>
  <version>1.61</version>
  <description>Cute, cuddly, and horribly wrong.</description>
  <thumb>http://dir.boxee.tv/apps/happytreefriends/thumb.png</thumb>
  <repository>http://dir.boxee.tv/apps</repository>
  <media>video</media>
  <copyright>Rob Spectre</copyright>
  <email>rob.spectre@gmail.com</email>
  <type>skin</type>
  <startWindow>14000</startWindow>
  <platform>all</platform>
  <minversion>0.9.20</minversion>
</app>
