<?xml version="1.0"?>
<window type="window" id="14000">
	<defaultcontrol always="true">2100</defaultcontrol>
	<allowoverlay>no</allowoverlay>
	<onload lang="python"><![CDATA[
import tracker
import ufl
import datetime

myTracker = tracker.Tracker("MO-18367138-2")
mc.ShowDialogWait()
if mc.GetApp().GetLocalConfig().GetValue("email_reminder"):
		mc.GetActiveWindow().GetControl(1500).SetVisible(False)
else:
		mc.GetActiveWindow().GetControl(1500).SetVisible(True)
try:
		season = ufl.get_season()
		items = ufl.season_info(season,1200)
		list = mc.GetActiveWindow().GetList(1200)
		list.SetItems(items)
		ufl.season_standings(2500)
		mc.GetActiveWindow().GetControl(2500).SetVisible(True)
except Exception, e:
    mc.HideDialogWait()
myTracker.trackView("home")
mc.HideDialogWait()
]]></onload>
	<controls>
		<!-- Background image -->
		<control type="image">
			<posx>0</posx>
			<posy>0</posy>
			<width>1280</width>
			<height>720</height>
			<texture>ufl_background.png</texture>
		</control>
		<control type="image">
			<posx>0</posx>
			<posy>0</posy>
			<width>1280</width>
			<height>74</height>
			<texture>ufl_background.png</texture>
			<colordiffuse>FF808080</colordiffuse>
		</control>
		<control type="image">
			<posx>-5</posx>
			<posy>70</posy>
			<width>1290</width>
			<height>9</height>
			<texture>bg-main-block-t.png</texture>
		</control>
		<control type="image">
			<posx>40</posx>
			<posy>10</posy>
			<width>114</width>
			<height>111</height>
			<texture>ufl_logo.png</texture>
		</control>
		<!-- Season schedule -->
		<control type="group" id="1000">
			<posx>20</posx>
			<posy>130</posy>
			<control type="label">
				<posx>10</posx>
				<posy>0</posy>
				<width>310</width>
				<height>40</height>
				<font>font30</font>
				<align>left</align>
				<aligny>center</aligny>
				<label>Schedule</label>
				<textcolor>FF808080</textcolor>
			</control>
			<control type="image">
				<posx>0</posx>
				<posy>40</posy>
				<width>330</width>
				<height>530</height>
				<texture border="15">ufl_frame_green.png</texture>
			</control>
			<control type="list" id="1200">
				<posx>10</posx>
				<posy>55</posy>
				<width>310</width>
				<height>510</height>
				<onleft>-</onleft>
				<onright>2100</onright>
				<onup>1502</onup>
				<orientation>vertical</orientation>
				<itemlayout width="310" height="150">
					<control type="image">
						<posx>0</posx>
						<posy>0</posy>
						<width>310</width>
						<height>138</height>
						<texture>item_background.png</texture>
					</control>
					<control type="image">
						<posx>6</posx>
						<posy>28</posy>
						<width>126</width>
						<height>86</height>
						<info>ListItem.Property(custom:team_a)</info>
					</control>
					<control type="image">
						<posx>178</posx>
						<posy>28</posy>
						<width>126</width>
						<height>86</height>
						<info>ListItem.Property(custom:team_b)</info>
					</control>
					<control type="label">
						<posx>10</posx>
						<posy>5</posy>
						<width>290</width>
						<height>20</height>
						<font>font18</font>
						<align>left</align>
						<label>$INFO[ListItem.Property(custom:week)] | $INFO[ListItem.Property(custom:date)]</label>
						<textcolor>white</textcolor>
					</control>
					<control type="label">
						<posx>155</posx>
						<posy>111</posy>
						<width>200</width>
						<height>26</height>
						<font>font18</font>
						<align>center</align>
						<label>$INFO[ListItem.Property(custom:time)] EDT</label>
						<textcolor>black</textcolor>
					</control>
				</itemlayout>
				<focusedlayout width="310" height="150">
					<control type="image">
						<visible>!Control.HasFocus(1200)</visible>
						<posx>0</posx>
						<posy>0</posy>
						<width>310</width>
						<height>138</height>
						<texture>item_background.png</texture>
					</control>
					<control type="image">
						<visible>Control.HasFocus(1200)</visible>
						<posx>0</posx>
						<posy>0</posy>
						<width>310</width>
						<height>138</height>
						<texture>item_background_focus.png</texture>
					</control>
					<control type="image">
						<posx>6</posx>
						<posy>28</posy>
						<width>126</width>
						<height>86</height>
						<info>ListItem.Property(custom:team_a)</info>
					</control>
					<control type="image">
						<posx>178</posx>
						<posy>28</posy>
						<width>126</width>
						<height>86</height>
						<info>ListItem.Property(custom:team_b)</info>
					</control>
					<control type="label">
						<posx>10</posx>
						<posy>5</posy>
						<width>290</width>
						<height>20</height>
						<font>font18</font>
						<align>left</align>
						<label>$INFO[ListItem.Property(custom:week)] | $INFO[ListItem.Property(custom:date)]</label>
						<textcolor>white</textcolor>
					</control>
					<control type="label">
						<visible>!Control.HasFocus(1200)</visible>
						<posx>155</posx>
						<posy>111</posy>
						<width>200</width>
						<height>26</height>
						<font>font18</font>
						<align>center</align>
						<label>$INFO[ListItem.Property(custom:time)] EDT</label>
						<textcolor>black</textcolor>
					</control>
					<control type="label">
						<visible>Control.HasFocus(1200)</visible>
						<posx>155</posx>
						<posy>111</posy>
						<width>200</width>
						<height>26</height>
						<font>font18</font>
						<align>center</align>
						<label>$INFO[ListItem.Property(custom:time)] EDT</label>
						<textcolor>white</textcolor>
					</control>
				</focusedlayout>
				<content type="action">
					<onclick lang="python"><![CDATA[
mc.ShowDialogNotification("This game is not available now, please check back later.")
]]></onclick>
				</content>
			</control>
		</control>

		<!-- Email reminder form -->
		<control type="group" id="1500">
			<visible>false</visible>
			<posx>280</posx>
			<posy>0</posy>
			<width>1200</width>
			<height>70</height>
			<control type="label" id="1501">
				<posx>570</posx>
				<posy>0</posy>
				<width>525</width>
				<height>70</height>
				<align>right</align>
				<aligny>center</aligny>
				<scroll>false</scroll>
				<label>Signup for game time email reminders!</label>
				<font>font24</font>
				<textcolor>80FFFFFF</textcolor>
			</control>
			<control type="edit" id="1502">
				<posx>590</posx>
				<posy>18</posy>
				<width>250</width>
				<height>39</height>
				<onleft>-</onleft>
				<onright>1503</onright>
				<onup>-</onup>
				<ondown>2100</ondown>
				<label/>
				<textoffsetx>8</textoffsetx>
				<align>left</align>
				<aligny>center</aligny>
				<font>font22</font>
				<textcolor>black</textcolor>
				<texturenofocus diffuse="mask3.png">white.png</texturenofocus>
				<texturefocus diffuse="mask3.png">white.png</texturefocus>
			</control>
			<control type="button" id="1503">
				<posx>840</posx>
				<posy>0</posy>
				<width>150</width>
				<height>70</height>
				<align>center</align>
				<aligny>center</aligny>
				<textcolor>grey</textcolor>
				<focusedcolor>white</focusedcolor>
				<texturenofocus border="30">-</texturenofocus>
				<texturefocus border="30">button_action_menu_source_on.png</texturefocus>
				<textureclick border="30">button_action_menu_source_click.png</textureclick>
				<font>title22b</font>
				<label>[UPPERCASE]signup[/UPPERCASE]</label>
				<onfocus>-</onfocus>
				<onleft>1502</onleft>
				<ondown>2100</ondown>
				<onclick lang="python"><![CDATA[
mc.ShowDialogWait()									
email = mc.GetActiveWindow().GetEdit(1502).GetText()
if email:
	config = mc.GetApp().GetLocalConfig()
	config.SetValue("email_reminder", "signedup")
	myHttp = mc.Http()
	params = "signup[email]="+email
	data = myHttp.Post('http://ufl-gameday.info/signups', params)
	if myHttp.GetHttpResponseCode() > 100:
		mc.GetActiveWindow().GetControl(1500).SetVisible(False)
		mc.ShowDialogNotification("Your game time reminder will be sent on Game Days!")
		myTracker.trackEvent("Form","Signup", "Email Reminder Signup!")
else:
	mc.ShowDialogNotification("Please enter a valid email address to receive Game Day reminders.")
mc.HideDialogWait()
]]></onclick>
			</control>
		</control>

		<!-- Live Video -->
		<control type="group" id="2000">
			<posx>370</posx>
			<posy>130</posy>
			<width>540</width>
			<height>300</height>
			<control type="label">
				<posx>10</posx>
				<posy>0</posy>
				<width>310</width>
				<height>40</height>
				<font>font30</font>
				<align>left</align>
				<aligny>center</aligny>
				<label>Next Live Game</label>
				<textcolor>FF808080</textcolor>
			</control>
			<control type="image">
				<posx>0</posx>
				<posy>40</posy>
				<width>540</width>
				<height>300</height>
				<texture border="32">ufl_middle.png</texture>
			</control>
			<control type="list" id="2100">
				<description>2010 Season Video</description>
				<posx>15</posx>
				<posy>44</posy>
				<width>510</width>
				<height>300</height>
				<onup>1502</onup>
				<ondown>-</ondown>
				<onleft>1200</onleft>
				<onright>3100</onright>
				<orientation>vertical</orientation>
				<scrolltime>200</scrolltime>
				<preloaditems>4</preloaditems>
				<itemlayout width="510" height="286">
					<control type="image">
						<posx>10</posx>
						<posy>10</posy>
						<width>490</width>
						<height>266</height>
						<aspectraio>scale</aspectraio>
						<info>ListItem.Icon</info>
					</control>
				</itemlayout>
				<focusedlayout width="510" height="286">
					<control type="image">
						<posx>10</posx>
						<posy>10</posy>
						<width>490</width>
						<height>266</height>
						<aspectraio>scale</aspectraio>
						<info>ListItem.Icon</info>
					</control>
					<control type="image">
						<visible>Control.HasFocus(2100)</visible>
						<posx>10</posx>
						<posy>224</posy>
						<width>490</width>
						<height>43</height>
						<texture>black.png</texture>
						<colordiffuse>80FFFFFF</colordiffuse>
					</control>
					<control type="label">
						<visible>Control.HasFocus(2100)</visible>
						<posx>20</posx>
						<posy>224</posy>
						<width>470</width>
						<height>43</height>
						<font>font24</font>
						<aligny>center</aligny>
						<align>left</align>
						<textcolor>white</textcolor>
						<info>ListItem.Label</info>
						<scroll>true</scroll>
					</control>
				</focusedlayout>
				<content type="url" url="http://dir.boxee.tv/apps/common/ooyalafeed.php?id=41fa0ebf-bbc1-48f2-8377-21e2cc1eb36c&format=boxee">
					<onclick lang="python"><![CDATA[
myTracker = tracker.Tracker("MO-18367138-2")
n = mc.GetWindow(14000).GetList(2100).GetFocusedItem()
items = mc.GetWindow(14000).GetList(2100).GetItems()
myTracker.trackEvent("Video","Play", "2010: "+items[n].GetLabel())
if mc.GetPlayer().IsPlaying():
  mc.GetPlayer().Stop()
mc.GetPlayer().Play( items[n] )
]]></onclick>
				</content>
			</control>
		</control>
		
		<!-- Season Standings -->
		<control type="group" id="2500">
			<posx>370</posx>
			<posy>470</posy>
			<width>540</width>
			<height>300</height>
			<visible>false</visible>
			<control type="image">
				<posx>0</posx>
				<posy>0</posy>
				<width>540</width>
				<height>230</height>
				<texture border="15">ufl_frame_green.png</texture>
			</control>
			<control type="group">
				<posx>25</posx>
				<posy>0</posy>
				<control type="image">
					<posx>0</posx>
					<posy>10</posy>
					<width>540</width>
					<height>20</height>
					<texture>standings-header.png</texture>
				</control>
				<!-- team logos -->
				<control type="group">
					<control type="image" id="2501">
						<posx>10</posx>
						<posy>30</posy>
						<width>44</width>
						<height>40</height>
						<texture></texture>
						<aspectratio>keep</aspectratio>
					</control>
					<control type="image" id="2502">
						<posx>5</posx>
						<posy>70</posy>
						<width>44</width>
						<height>40</height>
						<texture></texture>
						<aspectratio>keep</aspectratio>
					</control>
					<control type="image" id="2503">
						<posx>5</posx>
						<posy>110</posy>
						<width>44</width>
						<height>40</height>
						<texture></texture>
						<aspectratio>keep</aspectratio>
					</control>
					<control type="image" id="2504">
						<posx>5</posx>
						<posy>150</posy>
						<width>44</width>
						<height>40</height>
						<texture></texture>
						<aspectratio>keep</aspectratio>
					</control>
					<control type="image" id="2505">
						<posx>5</posx>
						<posy>185</posy>
						<width>44</width>
						<height>40</height>
						<texture></texture>
						<aspectratio>keep</aspectratio>
					</control>
				</control>
				<!-- wins -->
				<control type="group">
					<control type="label" id="2511">
						<posx>100</posx>
						<posy>35</posy>
						<width>20</width>
						<height>22</height>
						<number></number>
						<font>font20</font>
						<align>center</align>
						<aligny>center</aligny>
						<textcolor>black</textcolor>
					</control>
					<control type="label" id="2512">
						<posx>100</posx>
						<posy>70</posy>
						<width>20</width>
						<height>35</height>
						<number></number>
						<font>font20</font>
						<align>center</align>
						<aligny>center</aligny>
						<textcolor>black</textcolor>
					</control>
					<control type="label" id="2513">
						<posx>100</posx>
						<posy>110</posy>
						<width>20</width>
						<height>35</height>
						<number></number>
						<font>font20</font>
						<align>center</align>
						<aligny>center</aligny>
						<textcolor>black</textcolor>
					</control>
					<control type="label" id="2514">
						<posx>100</posx>
						<posy>150</posy>
						<width>20</width>
						<height>35</height>
						<number></number>
						<font>font20</font>
						<align>center</align>
						<aligny>center</aligny>
						<textcolor>black</textcolor>
					</control>
					<control type="label" id="2515">
						<posx>100</posx>
						<posy>185</posy>
						<width>20</width>
						<height>35</height>
						<number></number>
						<font>font20</font>
						<align>center</align>
						<aligny>center</aligny>
						<textcolor>black</textcolor>
					</control>
				</control>
				<!-- losses -->
				<control type="group">
					<control type="label" id="2521">
						<posx>160</posx>
						<posy>35</posy>
						<width>20</width>
						<height>22</height>
						<number></number>
						<font>font20</font>
						<align>center</align>
						<aligny>center</aligny>
						<textcolor>black</textcolor>
					</control>
					<control type="label" id="2522">
						<posx>160</posx>
						<posy>70</posy>
						<width>20</width>
						<height>35</height>
						<number></number>
						<font>font20</font>
						<align>center</align>
						<aligny>center</aligny>
						<textcolor>black</textcolor>
					</control>
					<control type="label" id="2523">
						<posx>160</posx>
						<posy>110</posy>
						<width>20</width>
						<height>35</height>
						<number></number>
						<font>font20</font>
						<align>center</align>
						<aligny>center</aligny>
						<textcolor>black</textcolor>
					</control>
					<control type="label" id="2524">
						<posx>160</posx>
						<posy>150</posy>
						<width>20</width>
						<height>35</height>
						<number></number>
						<font>font20</font>
						<align>center</align>
						<aligny>center</aligny>
						<textcolor>black</textcolor>
					</control>
					<control type="label" id="2525">
						<posx>160</posx>
						<posy>185</posy>
						<width>20</width>
						<height>35</height>
						<number></number>
						<font>font20</font>
						<align>center</align>
						<aligny>center</aligny>
						<textcolor>black</textcolor>
					</control>
				</control>			
				<!-- ties -->
				<control type="group">
					<control type="label" id="2531">
						<posx>225</posx>
						<posy>35</posy>
						<width>20</width>
						<height>22</height>
						<number></number>
						<font>font20</font>
						<align>center</align>
						<aligny>center</aligny>
						<textcolor>black</textcolor>
					</control>
					<control type="label" id="2532">
						<posx>225</posx>
						<posy>70</posy>
						<width>20</width>
						<height>35</height>
						<number></number>
						<font>font20</font>
						<align>center</align>
						<aligny>center</aligny>
						<textcolor>black</textcolor>
					</control>
					<control type="label" id="2533">
						<posx>225</posx>
						<posy>110</posy>
						<width>20</width>
						<height>35</height>
						<number></number>
						<font>font20</font>
						<align>center</align>
						<aligny>center</aligny>
						<textcolor>black</textcolor>
					</control>
					<control type="label" id="2534">
						<posx>225</posx>
						<posy>150</posy>
						<width>20</width>
						<height>35</height>
						<number></number>
						<font>font20</font>
						<align>center</align>
						<aligny>center</aligny>
						<textcolor>black</textcolor>
					</control>
					<control type="label" id="2535">
						<posx>225</posx>
						<posy>185</posy>
						<width>20</width>
						<height>35</height>
						<number></number>
						<font>font20</font>
						<align>center</align>
						<aligny>center</aligny>
						<textcolor>black</textcolor>
					</control>
				</control>
				<!-- pct -->
				<control type="group">
					<control type="label" id="2541">
						<posx>280</posx>
						<posy>35</posy>
						<width>55</width>
						<height>22</height>
						<label></label>
						<font>font20</font>
						<align>center</align>
						<aligny>center</aligny>
						<textcolor>black</textcolor>
					</control>
					<control type="label" id="2542">
						<posx>280</posx>
						<posy>70</posy>
						<width>55</width>
						<height>35</height>
						<label></label>
						<font>font20</font>
						<align>center</align>
						<aligny>center</aligny>
						<textcolor>black</textcolor>
					</control>
					<control type="label" id="2543">
						<posx>280</posx>
						<posy>110</posy>
						<width>55</width>
						<height>35</height>
						<label></label>
						<font>font20</font>
						<align>center</align>
						<aligny>center</aligny>
						<textcolor>black</textcolor>
					</control>
					<control type="label" id="2544">
						<posx>280</posx>
						<posy>150</posy>
						<width>55</width>
						<height>35</height>
						<label></label>
						<font>font20</font>
						<align>center</align>
						<aligny>center</aligny>
						<textcolor>black</textcolor>
					</control>
					<control type="label" id="2545">
						<posx>280</posx>
						<posy>185</posy>
						<width>55</width>
						<height>35</height>
						<label></label>
						<font>font20</font>
						<align>center</align>
						<aligny>center</aligny>
						<textcolor>black</textcolor>
					</control>
				</control>
				<!-- points for -->
				<control type="group">
					<control type="label" id="2551">
						<posx>370</posx>
						<posy>35</posy>
						<width>40</width>
						<height>22</height>
						<number></number>
						<font>font20</font>
						<align>center</align>
						<aligny>center</aligny>
						<textcolor>black</textcolor>
					</control>
					<control type="label" id="2552">
						<posx>370</posx>
						<posy>70</posy>
						<width>40</width>
						<height>35</height>
						<number></number>
						<font>font20</font>
						<align>center</align>
						<aligny>center</aligny>
						<textcolor>black</textcolor>
					</control>
					<control type="label" id="2553">
						<posx>370</posx>
						<posy>110</posy>
						<width>40</width>
						<height>35</height>
						<number></number>
						<font>font20</font>
						<align>center</align>
						<aligny>center</aligny>
						<textcolor>black</textcolor>
					</control>
					<control type="label" id="2554">
						<posx>370</posx>
						<posy>150</posy>
						<width>40</width>
						<height>35</height>
						<number></number>
						<font>font20</font>
						<align>center</align>
						<aligny>center</aligny>
						<textcolor>black</textcolor>
					</control>
					<control type="label" id="2555">
						<posx>370</posx>
						<posy>185</posy>
						<width>40</width>
						<height>35</height>
						<number></number>
						<font>font20</font>
						<align>center</align>
						<aligny>center</aligny>
						<textcolor>black</textcolor>
					</control>
				</control>	
				<!-- points against -->
				<control type="group">
					<control type="label" id="2561">
						<posx>450</posx>
						<posy>35</posy>
						<width>40</width>
						<height>22</height>
						<number></number>
						<font>font20</font>
						<align>center</align>
						<aligny>center</aligny>
						<textcolor>black</textcolor>
					</control>
					<control type="label" id="2562">
						<posx>450</posx>
						<posy>70</posy>
						<width>40</width>
						<height>35</height>
						<number></number>
						<font>font20</font>
						<align>center</align>
						<aligny>center</aligny>
						<textcolor>black</textcolor>
					</control>
					<control type="label" id="2563">
						<posx>450</posx>
						<posy>110</posy>
						<width>40</width>
						<height>35</height>
						<number></number>
						<font>font20</font>
						<align>center</align>
						<aligny>center</aligny>
						<textcolor>black</textcolor>
					</control>
					<control type="label" id="2564">
						<posx>450</posx>
						<posy>150</posy>
						<width>40</width>
						<height>35</height>
						<number></number>
						<font>font20</font>
						<align>center</align>
						<aligny>center</aligny>
						<textcolor>black</textcolor>
					</control>
					<control type="label" id="2565">
						<posx>450</posx>
						<posy>185</posy>
						<width>40</width>
						<height>35</height>
						<number></number>
						<font>font20</font>
						<align>center</align>
						<aligny>center</aligny>
						<textcolor>black</textcolor>
					</control>
				</control>
			</control>
		</control>
		
		<!-- 2010 Video -->
		<control type="group" id="3000">
			<posx>930</posx>
			<posy>130</posy>
			<control type="label">
				<posx>10</posx>
				<posy>0</posy>
				<width>310</width>
				<height>40</height>
				<font>font30</font>
				<align>left</align>
				<aligny>center</aligny>
				<label>On Demand</label>
				<textcolor>FF808080</textcolor>
			</control>
			<control type="image">
				<posx>0</posx>
				<posy>40</posy>
				<width>330</width>
				<height>530</height>
				<texture border="15">ufl_frame_blue.png</texture>
			</control>
			<control type="list" id="3100">
				<description>Older Video</description>
				<posx>10</posx>
				<posy>55</posy>
				<width>310</width>
				<height>510</height>
				<onup>1502</onup>
				<ondown>-</ondown>
				<onleft>2100</onleft>
				<onright>-</onright>
				<orientation>vertical</orientation>
				<scrolltime>200</scrolltime>
				<preloaditems>4</preloaditems>
				<itemlayout width="310" height="150">
					<control type="image">
						<posx>0</posx>
						<posy>0</posy>
						<width>310</width>
						<height>138</height>
						<texture>item2_background.png</texture>
					</control>
					<control type="image">
						<posx>6</posx>
						<posy>6</posy>
						<width>298</width>
						<height>107</height>
						<info>ListItem.Icon</info>
						<aspectratio aligny="top">scale</aspectratio>
					</control>
					<control type="label">
						<posx>10</posx>
						<posy>111</posy>
						<width>290</width>
						<height>26</height>
						<font>font18</font>
						<align>left</align>
						<info>ListItem.Label</info>
						<textcolor>black</textcolor>
					</control>
				</itemlayout>
				<focusedlayout width="310" height="150">
					<control type="image">
						<visible>!Control.HasFocus(3100)</visible>
						<posx>0</posx>
						<posy>0</posy>
						<width>310</width>
						<height>138</height>
						<texture>item2_background.png</texture>
					</control>
					<control type="image">
						<visible>Control.HasFocus(3100)</visible>
						<posx>0</posx>
						<posy>0</posy>
						<width>310</width>
						<height>138</height>
						<texture>item2_background_focus.png</texture>
					</control>
					<control type="image">
						<posx>6</posx>
						<posy>6</posy>
						<width>298</width>
						<height>107</height>
						<info>ListItem.Icon</info>
						<aspectratio aligny="top">scale</aspectratio>
					</control>
					<control type="label">
						<visible>!Control.HasFocus(3100)</visible>
						<posx>10</posx>
						<posy>111</posy>
						<width>290</width>
						<height>26</height>
						<font>font18</font>
						<align>left</align>
						<info>ListItem.Label</info>
						<textcolor>black</textcolor>
					</control>
					<control type="label">
						<visible>Control.HasFocus(3100)</visible>
						<posx>10</posx>
						<posy>111</posy>
						<width>290</width>
						<height>26</height>
						<font>font18</font>
						<align>left</align>
						<info>ListItem.Label</info>
						<textcolor>white</textcolor>
						<scroll>true</scroll>
					</control>
				</focusedlayout>
				<content type="url" url="rss://dir.boxee.tv/apps/common/ooyalafeed.php?id=b3269f3e-64c6-485a-b2cd-05719af46d8b">
					<onclick lang="python"><![CDATA[
n = mc.GetWindow(14000).GetList(3100).GetFocusedItem()
items = mc.GetWindow(14000).GetList(3100).GetItems()
myTracker = tracker.Tracker("MO-18367138-2")
myTracker.trackEvent("Video","Play", "2009: "+items[n].GetLabel())
if mc.GetPlayer().IsPlaying():
	mc.GetPlayer().Stop()
mc.GetPlayer().Play( items[n] )
]]></onclick>
				</content>
			</control>
		</control>

	</controls>
</window>
