<app>
   <id>md-cdtv</id>
   <name>CareerDashTV</name>
   <version>1.5</version>
   <description>The world's top companies are hiring and only CareerDashTV can take you inside. Offering unprecedented access to today's top employers, our library of day in the life videos will inform, inspire and motivate you to fulfill your career dreams.</description>
   <thumb>http://www.maddash.net/boxee/cdtv_thumb.png</thumb>
   <repository>http://dir.boxee.tv/apps</repository>
   <media>video</media>
   <copyright>2011 MadDash E-Media</copyright>
   <email>heather.memmel@maddash.net</email>
   <type>skin</type>
   <startWindow>14000</startWindow>
   <platform>all</platform>
   <minversion>0.9.20</minversion>
</app>
