<app>
  <id>thedailykitten</id>
  <name>The Daily Kitten</name>
  <version>2.0</version>
  <description>Browse all the latest kitten pictures from TheDailyKitten.com</description>
  <thumb>http://thedailykitten.com/media/images/kitten_head_for_boxee200x200.png</thumb>
  <media>pictures</media>
  <copyright>RunAmok Media</copyright>
  <email>thedailykittenkrew@gmail.com</email>
  <type>skin</type>
  <startWindow>14002</startWindow>
  <platform>all</platform>
  <minversion>0.9.20</minversion>
</app>
