<?xml version="1.0" encoding="UTF-8"?>
<window type="window" id="14000">
	<defaultcontrol always="true">200</defaultcontrol>
	<allowoverlay>yes</allowoverlay>
	<controls>
		
		<control type="image">
			<description>Background</description>
			<posx>0</posx>
			<posy>0</posy>
			<width>1280</width>
			<height>720</height>
			<texture>background.png</texture>
		</control>
		
		<control type="image">
			<description>Logo</description>
			<posx>75</posx>
			<posy>0</posy>
			<width>224</width>
			<height>204</height>
			<texture>logo.png</texture>
			<aspectratio>keep</aspectratio>
		</control>
		
		<control type="image">
			<description>Tagline</description>
			<posx>830</posx>
			<posy>135</posy>
			<width>418</width>
			<height>32</height>
			<texture>tagline.png</texture>
			<aspectratio>keep</aspectratio>
		</control>

		<control type="panel" id="200">
			<description>Video List</description>
			<posx>35</posx>
			<posy>210</posy>
			<width>1240</width>
			<height>500</height>
			<animation type="Conditional" condition="Window.IsVisible(DialogProgress.xml)">
				<effect type="fade" start="100" end="40" time="200"/>
			</animation>
			<animation type="ListLoad">
				<effect type="fade" start="50" end="100" time="200" deltax="0" deltay="0"/>
			</animation>
			<onup>6000</onup>
			<ondown>-</ondown>
			<onleft>-</onleft>
			<onright>-</onright>
			<scrolltime>500</scrolltime>
			<pagecontrol>201</pagecontrol>
			<orientation>vertical</orientation>
			
			<itemlayout height="150" width="1200">
								 
				<control type="label">
					<description>Video title</description>
					<posx>10</posx>
					<posy>10</posy>
					<width>1150</width>
					<height>40</height>
					<label>$INFO[ListItem.label]</label>
					<animation effect="fade" end="80" time="0" condition="true">Conditional</animation>
					<font>font40b</font>
					<align>left</align>
					<textcolor>white</textcolor>
					<wrapmultiline>false</wrapmultiline>
				</control>
						
				<control type="label">
					<description>Video description</description>
					<posx>10</posx>
					<posy>30</posy>
					<width>800</width>
					<height>120</height>
					<label>$INFO[ListItem.Property(Description)]</label>
					<font>font22</font>
					<align>left</align>
					<textcolor>white</textcolor>
					<wrapmultiline>true</wrapmultiline>
				</control>
							
			</itemlayout>
			
			<focusedlayout height="150" width="1200">
			
				<control type="label">
					<description>Video title</description>
					<posx>10</posx>
					<posy>10</posy>
					<width>1150</width>
					<height>40</height>
					<label>$INFO[ListItem.label]</label>
					<font>font40b</font>
					<align>left</align>
					<textcolor>ffff6323</textcolor>
					<wrapmultiline>false</wrapmultiline>
					<scroll>true</scroll>
				</control>
						
				<control type="label">
					<description>Video description</description>
					<posx>10</posx>
					<posy>30</posy>
					<width>800</width>
					<height>120</height>
					<label>$INFO[ListItem.Property(Description)]</label>
					<font>font22</font>
					<align>left</align>
					<textcolor>ffff6323</textcolor>
					<wrapmultiline>true</wrapmultiline>
				</control>
			

			</focusedlayout>
			<content type="url" url="http://thedspproject.com/feed">
			</content>
		</control>

		<control type="scrollbar" id="201">
			<posx>1255</posx>
			<posy>200</posy>
			<width>25</width>
			<height>510</height>
			<texturesliderbackground border="14">scrollbar_bg.png</texturesliderbackground>
			<textureslidernib>-</textureslidernib>
			<textureslidernibfocus>-</textureslidernibfocus>
			<texturesliderbar diffuse="nofocus.png" border="14">scrollbar_slider.png</texturesliderbar>
			<texturesliderbarfocus diffuse="nofocus.png" border="14">scrollbar_slider.png</texturesliderbarfocus>
			<orientation>vertical</orientation>
			<showonepage>false</showonepage>
		</control>
		
		<control type="image">
			<posx>0</posx>
			<posy>578</posy>
			<width>1280</width>
			<height>152</height>
			<texture>home_bottom_feather.png</texture>
		</control>

	</controls>
</window>