<app>
  <id>pandora</id>
  <name>Pandora</name>
  <version>1.73</version>
  <description>Pandora Radio - Listen to Free Internet Radio, Find New Music</description>
  <thumb>http://dir.boxee.tv/apps/pandora/thumb.png</thumb>
  <repository>http://dir.boxee.tv/apps</repository>
  <media>music</media>
  <copyright>Boxee</copyright>
  <email>support@boxee.tv</email>
  <type>skin</type>
  <startWindow>14000</startWindow>
  <platform>dlink.dsm380</platform>
  <minversion>1.2</minversion>
  <country-allow>us gu vi pr as mp nz au</country-allow>
  <is-persistent>true</is-persistent>
</app>
