<app>
  <id>tuneinradio</id>
  <name>TuneIn Radio</name>
  <version>1.11</version>
  <description>TuneIn Radio: Find and listen to Talk, Music and Local Radio Online</description>
  <thumb>http://dir.boxee.tv/apps/tunein/thumb.png</thumb>
  <repository>http://dir.boxee.tv/apps</repository>
  <media>video</media>
  <copyright>Boxee</copyright>
  <type>html</type>
  <email>support@boxee.tv</email>
  <url>http://tv.tunein.com/</url>
  <platform>dlink.dsm380,intel.ce4100,iomega.zt,iomega.z1</platform>
  <minversion>1.1.2</minversion>
</app>
