<?xml version="1.0"?>
<window type="window" id="14000">
<onload lang="python"><![CDATA[
myPlayer = mc.Player()

params = mc.GetApp().GetLaunchedScriptParameters()

if params["http://content.MyDamnChannel.com/datastore/smallflvs/DonnaFINALQTVP6768KMDC090610075321.flv"]:
    listitem = mc.ListItem(mc.ListItem.MEDIA_VIDEO_CLIP)
    listitem.SetTitle( params["Wainy%20Days%20%2332%3A%20Donna"] )
    listitem.SetThumbnail( params["http://content.mydamnchannel.com/datastore/boxee/MassiveThumbnails/wainy_donna_live.png"] )
    listitem.SetAddToHistory( True )
    listitem.SetPath( params["http://content.MyDamnChannel.com/datastore/smallflvs/DonnaFINALQTVP6768KMDC090610075321.flv"] )
    myPlayer.Play( listitem )
]]></onload>

	<defaultcontrol always="true">110</defaultcontrol>
	<allowoverlay>no</allowoverlay>
	<controls>
		<control type="group">
			<control type="image">
				<width>1280</width>
				<height>720</height>
				<texture>granite.png</texture>
				<colordiffuse>FFE7E7DE</colordiffuse>
			</control>
			<control type="image">
				<posx>150</posx>
				<posy>0</posy>
				<width>226</width>
				<height>125</height>
				<texture>MDC_Logo.png</texture>
			</control>
			<control type="label">
				<visible>!Player.HasVideo</visible>
				<posx>450</posx>
				<posy>25</posy>
				<width>400</width>
				<height>55</height>
				<font>font20</font>
				<align>left</align>
				<aligny>center</aligny>
				<label></label>
				<wrapmultiline>true</wrapmultiline>
			</control>
		</control>
		<control type="group">
			<animation effect="fade" start="100" end="20" time="200" condition="Window.IsVisible(DialogProgress.xml)">Conditional</animation>
			<control type="list" id="110">
				<posx>233</posx>
				<posy>136</posy>
				<width>814</width>
				<height>364</height>
				<onleft>-</onleft>
				<onright>-</onright>
				<onup>7000</onup>
				<ondown>130</ondown>
				<scrolltime>400</scrolltime>
				<pagecontrol>60</pagecontrol>
				<orientation>horizontal</orientation>
				<itemlayout width="814" height="364">
					<control type="image">
						<posx>0</posx>
						<posy>0</posy>
						<width>814</width>
						<height>314</height>
						<info>ListItem.property(Image0)</info>
						<aspectratio>keep</aspectratio>
					</control>
					<control type="group">
						<posx>0</posx>
						<posy>263</posy>
						<control type="group">
							<posx>20</posx>
							<posy>40</posy>
							<control type="label">
								<width>750</width>
								<height>34</height>
								<font>font23b</font>
								<label>$INFO[ListItem.Label]</label>
								<textcolor>white</textcolor>
								<selectedcolor>white</selectedcolor>
							</control>
							<control type="label">
								<posy>30</posy>
								<width>750</width>
								<height>34</height>
								<font>font10</font>
								<info>ListItem.property(description)</info>
								<textcolor>white</textcolor>
								<selectedcolor>white</selectedcolor>
								<wrapmultiline>true</wrapmultiline>
							</control>
						</control>
					</control>
					<control type="button">
								<posx>350</posx>
								<posy>150</posy>
								<width>113</width>
								<height>58</height>
		                        <texturefocus>play.png</texturefocus>
		                        <texturenofocus>play.png</texturenofocus>
					</control>
				</itemlayout>
				<focusedlayout width="814" height="364">
					<control type="image">
						<posx>0</posx>
						<posy>0</posy>
						<width>814</width>
						<height>314</height>
						<info>ListItem.property(Image0)</info>
						<aspectratio>keep</aspectratio>
					</control>
					<control type="group">
						<posx>0</posx>
						<posy>263</posy>
						<control type="group">
							<posx>20</posx>
							<posy>40</posy>
							<control type="label">
								<width>750</width>
								<height>34</height>
								<font>font23b</font>
								<label>$INFO[ListItem.Label]</label>
								<textcolor>white</textcolor>
								<selectedcolor>white</selectedcolor>
							</control>
							<control type="label">
								<posy>30</posy>
								<width>750</width>
								<height>34</height>
								<font>font10</font>
								<info>ListItem.property(description)</info>
								<textcolor>white</textcolor>
								<selectedcolor>white</selectedcolor>
								<wrapmultiline>true</wrapmultiline>
							</control>
						</control>
					</control>
					<control type="button">
								<posx>350</posx>
								<posy>150</posy>
								<width>113</width>
								<height>58</height>
		                        <texturefocus>play.png</texturefocus>
		                        <texturenofocus>play.png</texturenofocus>
					</control>
				</focusedlayout>
				<content type="url" url="http://www.mydamnchannel.com/datastore/boxee/bigbox.xml"></content>
			</control>
			<control type="image">
				<posx>231</posx>
				<posy>136</posy>
				<width>2</width>
				<height>364</height>
				<texture>mdc_divider.jpg</texture>
			</control>
			<control type="image">
				<posx>1047</posx>
				<posy>136</posy>
				<width>2</width>
				<height>364</height>
				<texture>mdc_divider.jpg</texture>
			</control>
			<control type="scrollbar" id="60">
				<visible>false</visible>
				<orientation>vertical</orientation>
				<showonepage>false</showonepage>
			</control>
			<control type="group">
				<posx>175</posx>
				<posy>275</posy>
				<control type="button">
					<width>25</width>
					<height>50</height>
					<texturenofocus>mdc_arrow.png</texturenofocus>
					<texturefocus>mdc_arrow_on.png</texturefocus>
					<visible>Container(110).HasPrevious</visible>
					<onclick>PageUp(60)</onclick>
					<animation effect="zoom" start="100" end="110" center="auto" time="50" delay="0">Focus</animation>
				</control>
				<control type="button">
					<width>25</width>
					<height>50</height>
					<texturenofocus>mdc_arrow_on.png</texturenofocus>
					<texturefocus>mdc_arrow_on.png</texturefocus>
					<visible>Container(110).OnPrevious</visible>
					<onclick>PageUp(60)</onclick>
					<animation effect="zoom" start="100" end="110" center="auto" time="200" delay="0">Hidden</animation>
					<animation effect="zoom" start="100" end="110" center="auto" time="50" delay="0">Focus</animation>
				</control>
			</control>
			<control type="group">
				<posx>1078</posx>
				<posy>275</posy>
				<control type="button">
					<width>25</width>
					<height>50</height>
					<texturenofocus flipx="true">mdc_arrow.png</texturenofocus>
					<texturefocus flipx="true">mdc_arrow_on.png</texturefocus>
					<visible>Container(110).HasNext</visible>
					<onclick>PageDown(60)</onclick>
					<animation effect="zoom" start="100" end="110" center="auto" time="50" delay="0">Focus</animation>
				</control>
				<control type="button">
					<width>25</width>
					<height>50</height>
					<texturenofocus flipx="true">mdc_arrow_on.png</texturenofocus>
					<texturefocus flipx="true">mdc_arrow_on.png</texturefocus>
					<visible>Container(110).OnNext</visible>
					<onclick>PageDown(60)</onclick>
					<animation effect="zoom" start="100" end="110" center="auto" time="200" delay="0">Hidden</animation>
					<animation effect="zoom" start="100" end="110" center="auto" time="50" delay="0">Focus</animation>
				</control>
			</control>
		</control>
        <control type="group" id="9000">
			<control type="label">
				<visible>Control.HasFocus(130)</visible>
				<posy>510</posy>
				<posx>117</posx>
				<width>900</width>
				<height>64</height>
				<font>font23b</font>
				<info>Container(130).ListItem.Label</info>
			</control>
			<control type="list" id="130">
				<visible>!Control.IsVisible(100)</visible>
				<posx>105</posx>
				<posy>550</posy>
				<width>1085</width>
				<height>155</height>
				<onup>110</onup>
				<ondown>-</ondown>
				<onleft>-</onleft>
				<onright>-</onright>
				<scrolltime>200</scrolltime>
				<pagecontrol>61</pagecontrol>
				<focusposition>3</focusposition>
				<orientation>horizontal</orientation>
				<itemlayout width="155" height="155">
					<control type="image">
						<posx>4</posx>
						<posy>4</posy>
						<width>140</width>
						<height>140</height>
						<info>ListItem.Thumb</info>
						<bordersize>3</bordersize>
						<bordertexture>181818.png</bordertexture>
					</control>
				</itemlayout>
				<focusedlayout width="155" height="155">
                    <control type="image">
						<posx>4</posx>
						<posy>4</posy>
						<width>140</width>
						<height>140</height>
						<info>ListItem.Thumb</info>
						<bordersize>3</bordersize>
						<bordertexture>mdc_red.png</bordertexture>
						<animation effect="zoom" end="115,115" center="auto" time="100">Focus</animation>
						<animation effect="zoom" start="115,115" end="100,100" center="auto" time="200">Unfocus</animation>
					</control>
				</focusedlayout>
				<content type="url" url="rss://www.mydamnchannel.com/datastore/boxee/shows.xml">
                    <onclick lang="python"><![CDATA[
list = mc.GetWindow(14000).GetList(130)
listitems = list.GetItems()
listitem = listitems[list.GetFocusedItem()]
browse = mc.GetWindow(14000).GetList(100)
browse.SetContentURL(listitem.GetPath())
mc.GetActiveWindow().PushState()
mc.GetWindow(14000).GetControl(100).SetVisible(True)
mc.GetWindow(14000).GetControl(100).SetFocus()
]]></onclick>
                </content>
			</control>
            <control type="scrollbar" id="61">
                <visible>false</visible>
                <orientation>horizontal</orientation>
                <showonepage>false</showonepage>
            </control>
        </control>
		<control type="group">
			<posx>55</posx>
			<posy>597</posy>
			<control type="button">
				<width>25</width>
				<height>50</height>
				<texturenofocus>mdc_arrow_2.png</texturenofocus>
				<texturefocus>mdc_arrow_on.png</texturefocus>
				<onclick>PageUp(61)</onclick>
				<animation effect="zoom" start="100" end="110" center="auto" time="50" delay="0">Focus</animation>
			</control>
			<control type="button">
				<width>25</width>
				<height>50</height>
				<texturenofocus>mdc_arrow_on.png</texturenofocus>
				<texturefocus>mdc_arrow_on.png</texturefocus>
				<visible>Container(130).OnPrevious</visible>
				<onclick>PageUp(61)</onclick>
				<animation effect="zoom" start="100" end="110" center="auto" time="200" delay="0">Hidden</animation>
				<animation effect="zoom" start="100" end="110" center="auto" time="50" delay="0">Focus</animation>
			</control>
		</control>
		<control type="group">
			<posx>1208</posx>
			<posy>597</posy>
			<control type="button">
				<width>25</width>
				<height>50</height>
				<texturenofocus flipx="true">mdc_arrow_2.png</texturenofocus>
				<texturefocus flipx="true">mdc_arrow_on.png</texturefocus>
				<onclick>PageDown(61)</onclick>
				<animation effect="zoom" start="100" end="110" center="auto" time="50" delay="0">Focus</animation>
			</control>
			<control type="button">
				<width>25</width>
				<height>50</height>
				<texturenofocus flipx="true">mdc_arrow_on.png</texturenofocus>
				<texturefocus flipx="true">mdc_arrow_on.png</texturefocus>
				<visible>Container(130).OnNext</visible>
				<onclick>PageDown(61)</onclick>
				<animation effect="zoom" start="100" end="110" center="auto" time="200" delay="0">Hidden</animation>
				<animation effect="zoom" start="100" end="110" center="auto" time="50" delay="0">Focus</animation>
			</control>
		</control>
		<control type="group">
			<posx>1083</posx>
			<posy>15</posy>
	        <control type="button" id="7000">
				<width>182</width>
				<height>108</height>
				<texturenofocus>181818.png</texturenofocus>
				<texturefocus>green.png</texturefocus>
				<visible>Player.HasVideo</visible>
				<onclick>ActivateWindow(FullscreenVideo)</onclick>
				<ondown>SetFocus(110)</ondown>
			</control>
			<control type="videowindow">
				<visible>Player.HasVideo</visible>
				<posx>5</posx>
				<posy>5</posy>
				<width>172</width>
				<height>98</height>
			</control>
		</control>
		
		<control type="group" id="9999">
			<visible>Control.IsVisible(100)</visible>
			<control type="image">
				<width>1280</width>
				<height>720</height>
				<texture>black.png</texture>
			</control>
			<control type="image">
				<posx>50</posx>
				<posy>125</posy>
				<width>1180</width>
				<height>550</height>
				<texture>granite.png</texture>
			</control>
			<control type="image">
				<visible>!Player.HasVideo</visible>
				<posx>150</posx>
				<posy>0</posy>
				<width>226</width>
				<height>125</height>
				<texture>MDC_Logo.png</texture>
			</control>
			<control type="image">
				<visible>Player.HasVideo</visible>
				<posx>150</posx>
				<posy>0</posy>
				<width>226</width>
				<height>125</height>
				<texture>MDC_Logo.png</texture>
			</control>
			<control type="image" id="99">
				<posx>1150</posx>
				<posy>15</posy>
				<width>125</width>
				<height>110</height>
                <info></info>
			</control>
            <control type="label" id="98">
            	<posx>1040</posx>
                <posy>35</posy>
                <width>1280</width>
                <height>60</height>
                <font>font28b</font>
                <align>right</align>
                <textcolor>white</textcolor>
                <info>Container(130).ListItem.label</info>
            </control>
            <control type="label" id="97">
            	<posx>1040</posx>
                <posy>70</posy>
                <width>1280</width>
                <height>100</height>
                <font>font23</font>
                <align>right</align>
                <textcolor>white</textcolor>
                <selectedcolor>white</selectedcolor>
                <wrapmultiline>true</wrapmultiline>
                <info>Container(130).ListItem.property(description)</info>
            </control>
			<control type="group">
				<posx>60</posx>
				<posy>130</posy>
				<animation type="Conditional" condition="Window.IsVisible(DialogProgress.xml)">
					<effect type="fade" start="100" end="20" time="200"/>
				</animation>
				<control type="panel" id="100">
					<visible>false</visible>
					<posy>15</posy>
					<width>1200</width>
					<height>525</height>
					<onleft>-</onleft>
					<onright>-</onright>
					<onup>7001</onup>
					<ondown>-</ondown>
					<scrolltime>200</scrolltime>
					<pagecontrol>62</pagecontrol>
					<orientation>vertical</orientation>
					<itemlayout width="300" height="250">
						<control type="image">
							<width>256</width>
							<height>147</height>
							<texture>181818.png</texture>
						</control>
						<control type="image">
							<posx>3</posx>
							<posy>3</posy>
							<width>250</width>
							<height>141</height>
							<texture>black.png</texture>
						</control>	
						<control type="image">
							<posx>3</posx>
							<posy>3</posy>
							<width>250</width>
							<height>141</height>
							<texture>181818.png</texture>
						</control>			
						<control type="image">
							<posx>3</posx>
							<posy>3</posy>
							<width>250</width>
							<height>141</height>
							<info>ListItem.thumb</info>
						</control>			
						<control type="label">
							<posx>3</posx>
							<posy>150</posy>
							<width>250</width>
							<height>80</height>
							<font>font21sq</font>
							<align>left</align>
							<aligny>top</aligny>
							<label>$INFO[ListItem.Label]</label>
							<textcolor>white</textcolor>
							<selectedcolor>white</selectedcolor>
							<wrapmultiline>true</wrapmultiline>
						</control>
					</itemlayout>
					<focusedlayout width="300" height="250">
						<control type="image">
							<width>256</width>
							<height>147</height>
							<texture>181818.png</texture>
						</control>	
						<control type="image">
							<posx>3</posx>
							<posy>3</posy>
							<width>250</width>
							<height>141</height>
							<texture>granite.png</texture>
						</control>	
						<control type="image">
							<width>256</width>
							<height>147</height>
							<texture>mdc_red.png</texture>
							<animation effect="fade" start="0" end="100" time="300" delay="0" reversable="true">Focus</animation>
							<animation effect="fade" start="100" end="0" time="300" delay="0" reversable="true">UnFocus</animation>
						</control>
						<control type="image">
							<posx>3</posx>
							<posy>3</posy>
							<width>250</width>
							<height>141</height>
							<texture></texture>
						</control>		
						<control type="image">
							<posx>3</posx>
							<posy>3</posy>
							<width>250</width>
							<height>141</height>
							<info>ListItem.thumb</info>
							<aspectratio>keep</aspectratio>
						</control>
						<control type="image">
							<posx>60</posx>
							<posy>45</posy>
							<width>113</width>
							<height>58</height>
							<texture>play.png</texture>
							<animation effect="fade" start="0" end="100" time="300" delay="0" reversable="true">Focus</animation>
							<animation effect="fade" start="100" end="0" time="300" delay="0" reversable="true">UnFocus</animation>
						</control>	
						<control type="label">
							<posx>3</posx>
							<posy>150</posy>
							<width>250</width>
							<height>80</height>
							<font>font21sq</font>
							<align>left</align>
							<aligny>top</aligny>
							<label>$INFO[ListItem.Label]</label>
							<textcolor>white</textcolor>
							<selectedcolor>white</selectedcolor>
							<wrapmultiline>true</wrapmultiline>
						</control>
						<control type="label">
							<posx>3</posx>
							<posy>150</posy>
							<width>250</width>
							<height>80</height>
							<font>font21sq</font>
							<align>left</align>
							<aligny>top</aligny>
							<label>$INFO[ListItem.Label]</label>
							<textcolor>red</textcolor>
							<selectedcolor>red</selectedcolor>
							<wrapmultiline>true</wrapmultiline>
							<animation effect="fade" start="0" end="100" time="300" delay="0" reversable="true">Focus</animation>
							<animation effect="fade" start="100" end="0" time="300" delay="0" reversable="true">UnFocus</animation>
						</control>
					</focusedlayout>
				</control>
			</control>
			<control type="scrollbar" id="62">
					<visible>true</visible>
					<orientation>vertical</orientation>
					<showonepage>false</showonepage>
			</control>
			<control type="group">
				<posx>1208</posx>
				<posy>115</posy>
				<control type="button">
					<width>25</width>
					<height>25</height>
					<texturenofocus>mdc_button_up.png</texturenofocus>
					<texturefocus>mdc_button_up.png</texturefocus>
					<onclick>PageUp(62)</onclick>
					<animation effect="zoom" start="100" end="110" center="auto" time="50" delay="0">Focus</animation>
				</control>
				<control type="button">
					<width>25</width>
					<height>25</height>
					<texturenofocus>mdc_button_up.png</texturenofocus>
					<texturefocus>mdc_button_up.png</texturefocus>
					<onclick>PageUp(62)</onclick>
					<animation effect="zoom" start="100" end="110" center="auto" time="200" delay="0">Hidden</animation>
					<animation effect="zoom" start="100" end="110" center="auto" time="50" delay="0">Focus</animation>
				</control>
			</control>
			<control type="group">
				<posx>1208</posx>
				<posy>655</posy>
				<control type="button">
					<width>25</width>
					<height>25</height>
					<texturenofocus flipx="true">mdc_button_down.png</texturenofocus>
					<texturefocus flipx="true">mdc_button_down.png</texturefocus>
					<onclick>PageDown(62)</onclick>
					<animation effect="zoom" start="100" end="110" center="auto" time="50" delay="0">Focus</animation>
				</control>
				<control type="button">
					<width>25</width>
					<height>25</height>
					<texturenofocus flipx="true">mdc_button_down.png</texturenofocus>
					<texturefocus flipx="true">mdc_button_down.png</texturefocus>
					<onclick>PageDown(62)</onclick>
					<animation effect="zoom" start="100" end="110" center="auto" time="200" delay="0">Hidden</animation>
					<animation effect="zoom" start="100" end="110" center="auto" time="50" delay="0">Focus</animation>
				</control>
			</control>
			<control type="group">
				<posx>1083</posx>
				<posy>10</posy>
			    <control type="button" id="7001">
			        <ondown>100</ondown>
					<width>182</width>
					<height>108</height>
					<texturenofocus>181818.png</texturenofocus>
					<texturefocus>green.png</texturefocus>
					<visible>Player.HasVideo</visible>
					<onclick>SetFocus(100)</onclick>
					<onclick>ActivateWindow(FullscreenVideo)</onclick>
					<ondown>SetFocus(100)</ondown>
					<onup>-</onup>
					<onleft>-</onleft>
					<onright>-</onright>
				</control>
				<control type="videowindow">
					<visible>Player.HasVideo</visible>
					<posx>5</posx>
					<posy>5</posy>
					<width>172</width>
					<height>98</height>
				</control>
			</control>
		</control>
	</controls>
</window>
