<app>
  <id>projectlore</id>
  <name>Project Lore</name>
  <version>1.0</version>
  <description>Bringing together five dudes, four cameras, and the one and only World of Warcraft, Project Lore is all about putting the best multimedia MMORPG game guides in one place.</description>
  <thumb>http://dir.boxee.tv/apps/projectlore/thumb.png</thumb>
  <repository>http://dir.boxee.tv/apps</repository>
  <media>video</media>
  <copyright>Boxee</copyright>
  <email>support@boxee.tv</email>
  <type>skin</type>
  <startWindow>14000</startWindow>
  <platform>all</platform>
  <minversion>0.9.11</minversion>
</app>
