<?xml version="1.0"?>
<window type="window" id="14002">
   <defaultcontrol always="true">2001</defaultcontrol>
   <allowoverlay>no</allowoverlay>
   <onload lang="python">
      <![CDATA[
]]>
</onload>
   <controls>
      <include>Window_Fade_Animation</include>
      <control type="image">
         <width>1280</width>
         <height>720</height>
         <texture>DefaultBG_wl.png</texture>
         <aspectratio>scale</aspectratio>
      </control>
      <control type="image">
         <posx>423</posx>
         <posy>114</posy>
         <width>434</width>
         <height>492</height>
         <texture>DefaultBGLogo_wl.png</texture>
         <aspectratio>keep</aspectratio>
      </control>
      <control type="image">
         <width>1280</width>
         <height>720</height>
         <texture>Scrn_wl.png</texture>
      </control>
      <control type="image">
         <width>1280</width>
         <height>120</height>
         <texture>Banner_wl.png</texture>
      </control>
      <control type="image">
         <posx>30</posx>
         <width>176</width>
         <height>95</height>
         <texture>LogoBanner_wl2.png</texture>
         <aspectratio>keep</aspectratio>
      </control>
      <control type="label">
         <posx>1100</posx>
         <posy>7</posy>
         <width>600</width>
         <height>30</height>
         <align>right</align>
         <aligny>center</aligny>
         <font>font30</font>
         <textcolor>white</textcolor>
         <label>Welcome $INFO[App.String(auth_email)]!</label>
         <visible>!IsEmpty(App.String(auth_email))</visible>
      </control>
      <control type="group" id="100">
         <control type="button" id="101">
            <onright>102</onright>
            <posy>5</posy>
            <posx>392</posx>
            <width>496</width>
            <height>35</height>
            <ondown>200</ondown>
            <texturefocus>NowPlayingOn_wl.png</texturefocus>
            <texturenofocus>NowPlayingOff_wl.png</texturenofocus>
            <visible>Player.HasVideo</visible>
            <onclick>SetFocus(101)</onclick>
            <onclick>ActivateWindow(FullscreenVideo)</onclick>
         </control>
         <control type="button" id="102">
            <onleft>101</onleft>
            <posy>12</posy>
            <posx>1210</posx>
            <width>25</width>
            <height>25</height>
            <ondown>200</ondown>
            <texturefocus>SettingsOn_wl.png</texturefocus>
            <texturenofocus>SettingsOff_wl.png</texturenofocus>
            <onclick>ActivateWindow(14004)</onclick>
         </control>
      </control>
      <control type="group">
         <posy>4</posy>
         <posx>435</posx>
         <control type="label">
            <width>440</width>
            <height>35</height>
            <font>font23</font>
            <align>left</align>
            <aligny>center</aligny>
            <scroll>true</scroll>
            <textcolor>white</textcolor>
            <label>Now Playing: $INFO[VideoPlayer.Title]</label>
            <visible>Player.HasVideo + !Control.HasFocus(101)</visible>
         </control>
         <control type="label">
            <width>440</width>
            <height>35</height>
            <align>left</align>
            <aligny>center</aligny>
            <font>font23</font>
            <textcolor>black</textcolor>
            <label>Now Playing: $INFO[VideoPlayer.Title]</label>
            <scroll>true</scroll>
            <visible>Player.HasVideo + Control.HasFocus(101)</visible>
         </control>
      </control>


      <!--
         Game List
      -->
      <control type="group">
         <posx>140</posx>
         <posy>148</posy>
         <control type="label" id="1235">
            <posy>110</posy>
            <posx>75</posx>
            <visible>false</visible>
            <width>600</width>
            <height>232</height>
            <align>center</align>
            <aligny>center</aligny>
            <font>font34b</font>
            <textcolor>ffffffff</textcolor>
            <shadowcolor>ff000000</shadowcolor>
            <label>THERE ARE CURRENTLY NO[CR] LIVE Matches URLs available, Please try again later.</label>
            <wrapmultiline>true</wrapmultiline>
            <!--<visible>Container(2001).IsEmpty | Container(2001).IsLoading</visible>-->
            <!--<animation effect='fade' start='0' end='100' time='400'>VisibleChange</animation>-->
         </control>
         <control type="image">
            <width>1000</width>
            <height>523</height>
            <texture>GamesSearchResultsWindow_wl.png</texture>
            <visible>!Container(2001).IsEmpty</visible>
         </control>
         <control type="list" id="2001">
            <posy>39</posy>
            <width>993</width>
            <height>474</height>
            <onup>220</onup>
            <onright>220</onright>
            <onleft>1000</onleft>
            <ondown>1000</ondown>
            <pagecontrol></pagecontrol>
            <scrolltime>200</scrolltime>
            <preloaditems>2</preloaditems>
            <orientation>vertical</orientation>
            <visible>!Container(2001).IsEmpty</visible>
            <itemlayout width="993" height="94">
               <control type="label">
                  <posx>28</posx>
                  <posy>25</posy>
                  <width>800</width>
                  <height>30</height>
                  <align>left</align>
                  <aligny>center</aligny>
                  <font>font30b</font>
                  <textcolor>AA000000</textcolor>
                  <info>Listitem.property(custom:urlname)</info>
               </control>
            </itemlayout>
            <focusedlayout width="993" height="94">
               <control type="image">
                  <width>990</width>
                  <height>79</height>
                  <texture>MatchesListSelected_wl.png</texture>
                  <visible>Control.HasFocus(2001)</visible>
               </control>
               <control type="label">
                  <posx>28</posx>
                  <posy>25</posy>
                  <width>800</width>
                  <height>30</height>
                  <align>left</align>
                  <aligny>center</aligny>
                  <font>font30b</font>
                  <textcolor>AA000000</textcolor>
                  <info>Listitem.property(custom:urlname)</info>
               </control>
            </focusedlayout>
            <content type="action">
               <onclick lang="python">
<![CDATA[
import random

list = mc.GetActiveWindow().GetList(2001)
item = list.GetItem(list.GetFocusedItem())
willowtv.startPoller()
mc.GetPlayer().Play(item)
]]>
               </onclick>
            </content>
         </control>
      </control>

      <control type="label">
         <posy>680</posy>
         <posx>190</posx>
         <width>890</width>
         <height>40</height>
         <align>center</align>
         <aligny>center</aligny>
         <font>font14</font>
         <textcolor>99000000</textcolor>
         <wrapmultiline>true</wrapmultiline>
         <label>All Willow TV logos and marks and Willow TV team logos and marks depicted herein are the property of the Willow TV and the respective teams and may not be reproduced without the prior written consent of Willow TV &#169; 2010. All Rights Reserved.</label>
      </control>
   </controls>
</window>
