﻿<app>
  <id>cinemoi2467</id>
  <name>Cinemoi Cannes Film Festival 2011</name>
  <version>1.41</version>
  <description>Cinemoi's extensive Cannes Film Festival coverage with exclusive interviews, gossip, red carpet, news and fashion</description>
  <thumb>http://csassets.mediafly.com/88866a63451d4a6aac21e9e973b812b9/appThumb-200x200.png</thumb>
  <repository>http://dir.boxee.tv/apps</repository>
  <media>video</media>
  <copyright>Mediafly</copyright>
  <email>support@mediafly.com</email>
  <type>skin</type>
  <startWindow>launch</startWindow>
  <platform>all</platform>
  <minversion>0.9.22</minversion>
</app>
