<?xml version="1.0" encoding="utf-8" ?>
<app>
  <id>ufl</id>
  <name>UFL: United Football League</name>
  <version>0.15</version>
  <description>The United Football League: Your Town. Your Team.</description>
  <thumb>http://dir.boxee.tv/apps/ufl/thumb.png</thumb>
  <repository>http://dir.boxee.tv/apps</repository>
  <media>video</media>
  <copyright>Thinking Ahead LLC</copyright>
  <email>boxee@thinkingaheadllc.com</email>
  <type>skin</type>
  <startWindow>14000</startWindow>
  <platform>all</platform>
  <minversion>0.9.11</minversion>
</app>
