<?xml version="1.0"?>
<window type="window" id="14001">
    <defaultcontrol always="true">100</defaultcontrol>
    <allowoverlay>no</allowoverlay>
        <onload lang="python">
<![CDATA[
import HeadwebObj, HeadwebObjects
import pickle

config = mc.GetApp().GetLocalConfig()
api = HeadwebObjects.getAPI()

params = mc.GetApp().GetLaunchedWindowParameters()

content = HeadwebObj.initFilmMenu(api, params['id'])

]]>
	</onload>
    <controls>
          <control type="image">
            <posx>0</posx>
            <posy>0</posy>
            <width>1280</width>
            <height>720</height>
            <texture>background.jpg</texture>
        </control>
        
		<control type="image">
            <posx>55</posx>
            <posy>20</posy>
            <width>248</width>
            <height>76</height>
            <align>center</align>
		 	<texture>logo.png</texture>
	     </control>

		<control type="image">
            <posx>792</posx>
            <posy>70</posy>
            <width>24</width>
            <height>33</height>
            <align>center</align>
		 	<texture>user.png</texture>
	     </control>
        
		<control type="label" id="1100">
			<visible>true</visible>
			<width>200</width>
            <posx>840</posx>
            <posy>71</posy>
            <font>font23b</font>
            <align>left</align>
            <label></label>
        </control>
		
        <control type="image">
            <posx>1040</posx>
            <posy>68</posy>
            <width>22</width>
            <height>35</height>
            <align>center</align>
		 	<texture>dollar.png</texture>
	     </control>
        
		<control type="label" id="1000">
			<visible>true</visible>
			<width>200</width>
            <posx>1090</posx>
            <posy>71</posy>
            <font>font23b</font>
            <align>left</align>
            <label></label>
        </control>
        
        <control type="image">
            <posx>55</posx>
            <posy>115</posy>
            <width>1170</width>
            <height>7</height>
            <align>center</align>
		 	<texture>hr.png</texture>
	     </control>

        <control type="label" id="1010">
            <posx>430</posx>
            <posy>150</posy>
            <font>sans40b</font>
            <label>Loading...</label>
        </control>

        <control type="label" id="1020">
            <posx>430</posx>
            <posy>210</posy>
            <wrapmultiline>true</wrapmultiline>
            <width>800</width>
            <height>150</height>
            <font>sans18</font>
            <label>Loading...</label>
        </control>
        
         <control type="image">
            <posx>430</posx>
            <posy>370</posy>
            <width>800</width>
            <height>7</height>
            <align>center</align>
		 	<texture>hr.png</texture>
	     </control>

        <control type="label">
            <posx>430</posx>
            <posy>400</posy>
            <width>200</width>
            <height>50</height>
            <font>sans18</font>
            <label>Runtime</label>
        </control>
        <control type="label" id="1030">
            <posx>580</posx>
            <posy>400</posy>
            <wrapmultiline>true</wrapmultiline>
            <width>150</width>
            <height>50</height>
            <font>sans18b</font>
            <label>Loading...</label>
        </control>

        <control type="label">
            <posx>430</posx>
            <posy>430</posy>
            <width>200</width>
            <height>50</height>
            <font>sans18</font>
            <label>Production year</label>
        </control>
         <control type="label" id="1040">
            <posx>580</posx>
            <posy>430</posy>
            <wrapmultiline>true</wrapmultiline>
            <width>150</width>
            <height>50</height>
            <font>sans18b</font>
            <label>Loading...</label>
        </control>

        <control type="label">
            <posx>430</posx>
            <posy>460</posy>
            <width>200</width>
            <height>50</height>
            <font>sans18</font>
            <label>Genre</label>
        </control>
        <control type="label" id="1050">
            <posx>580</posx>
            <posy>460</posy>
            <wrapmultiline>true</wrapmultiline>
            <width>200</width>
            <height>50</height>
            <font>sans18b</font>
            <label>Loading...</label>
        </control>
        
        <control type="label">
            <posx>430</posx>
            <posy>490</posy>
            <width>200</width>
            <height>50</height>
            <font>sans18</font>
            <label>Price</label>
        </control>
        <control type="label" id="1060">
            <posx>580</posx>
            <posy>490</posy>
            <wrapmultiline>true</wrapmultiline>
            <width>200</width>
            <height>50</height>
            <font>sans18b</font>
            <label>Loading...</label>
        </control>
        
         <control type="label">
            <posx>430</posx>
            <posy>520</posy>
            <width>200</width>
            <height>50</height>
            <font>sans18</font>
            <label>Release date</label>
        </control>
        <control type="label" id="1070">
            <posx>580</posx>
            <posy>520</posy>
            <wrapmultiline>true</wrapmultiline>
            <width>500</width>
            <height>50</height>
            <font>sans18b</font>
            <label>Loading...</label>
        </control>
        
        <control type="label">
            <posx>730</posx>
            <posy>400</posy>
            <width>200</width>
            <height>50</height>
            <font>sans18</font>
            <label>Audio language</label>
        </control>
        <control type="label" id="1080">
            <posx>880</posx>
            <posy>400</posy>
            <wrapmultiline>true</wrapmultiline>
            <width>500</width>
            <height>50</height>
            <font>sans18b</font>
            <label>Loading...</label>
        </control>
        
        <control type="label">
            <posx>730</posx>
            <posy>430</posy>
            <width>200</width>
            <height>50</height>
            <font>sans18</font>
            <label>Subtitles</label>
        </control>
        <control type="label" id="1090">
            <posx>880</posx>
            <posy>430</posy>
            <wrapmultiline>true</wrapmultiline>
            <width>500</width>
            <height>50</height>
            <font>sans18b</font>
            <label>Loading...</label>
        </control>
        
        <control type="image">
            <posx>430</posx>
            <posy>560</posy>
            <width>800</width>
            <height>7</height>
            <align>center</align>
		 	<texture>hr.png</texture>
	     </control>
        		
		<control type="list" id="130">
		   <posx>100</posx>
		   <posy>160</posy>
		   <width>270</width>
		   <height>390</height>
		   <orientation>vertical</orientation>
		   <itemlayout width="336" height="480">
				<control type="image">
		            <posx>0</posx>
		            <posy>0</posy>
		            <width>270</width>
		            <height>390</height>
		            <texture>$INFO[ListItem.Thumb]</texture>
	       		</control>
			</itemlayout>
			<focusedlayout width="336" height="480">
				<control type="image">
		            <posx>0</posx>
		            <posy>0</posy>
		            <width>270</width>
		            <height>390</height>
		            <texture>$INFO[ListItem.Thumb]</texture>
	       		</control>
			</focusedlayout>
			<content type="action">
			</content>
		</control>
		
		<control type="button" id="100">
			<posx>720</posx>
			<posy>577</posy>
			<width>168</width>
	        <height>44</height>
			<visible>false</visible>
			<textcolor>white</textcolor>
			<label>Rent movie</label>
			<font>sans23b</font>
			<align>center</align>
			<aligny>center</aligny>
			<textoffsetx>0</textoffsetx>
			<textoffsety>0</textoffsety>
			<onleft>-</onleft>
			<onright>110</onright>
            <focusedcolor>white</focusedcolor>
            <texturefocus>button-hover.png</texturefocus>
			<texturenofocus>button.png</texturenofocus>
			<onclick lang="python">
<![CDATA[
HeadwebObj.startPurchase(api, content)
]]>
			</onclick>
		</control>
		
		<control type="button" id="110">
			<posx>904</posx>
			<posy>577</posy>
			<width>178</width>
	        <height>44</height>
			<visible>false</visible>
			<textcolor>white</textcolor>
			<label>Watch trailer</label>
			<font>sans23b</font>
			<align>center</align>
			<aligny>center</aligny>
			<textoffsetx>0</textoffsetx>
			<textoffsety>0</textoffsety>
			<onleft>100</onleft>
			<onright>120</onright>
            <focusedcolor>white</focusedcolor>
            <texturefocus>button-hover.png</texturefocus>
			<texturenofocus>button.png</texturenofocus>
            <onclick lang="python">
<![CDATA[
HeadwebObj.playTrailer(content)
]]>
			</onclick>
		</control>
		
		<control type="button" id="120">
			<posx>1098</posx>
			<posy>577</posy>
			<width>130</width>
			<height>44</height>
			<textcolor>white</textcolor>
			<label>Go back</label>
			<font>sans23b</font>
			<align>center</align>
			<aligny>center</aligny>
			<textoffsetx>0</textoffsetx>
			<textoffsety>0</textoffsety>
			<onleft>110</onleft>
			<onright>-</onright>
            <focusedcolor>white</focusedcolor>
            <texturefocus>button-hover.png</texturefocus>
			<texturenofocus>button.png</texturenofocus>
			<onclick lang="python">
<![CDATA[
mc.CloseWindow()
]]>
			</onclick>
		</control>
	</controls>
</window>
