<?xml version="1.0"?>
<window type="window" id="14002">
    <defaultcontrol always="true">100</defaultcontrol>
    <allowoverlay>no</allowoverlay>
    <onload lang="python">
<![CDATA[
import HeadwebObj, HeadwebObjects
import pickle

config = mc.GetApp().GetLocalConfig()
api = HeadwebObjects.getAPI()

HeadwebObj.initLogin(api)

mc.GetActiveWindow().GetButton(100).SetFocus()
]]>
	</onload>
	<onunload lang="python">
<![CDATA[
if not api.isAuthed():
	# onUnload without authentication, exit app
	# Clear state stack and activate boxee appstore wnd.
	mc.GetActiveWindow().ClearStateStack(False)
	mc.ActivateWindow(10482)

#XXX: THIS CRASHES BOXEE!
#	mc.GetApp().Close()


]]>
	</onunload>
	<controls>
		<control type="image">
            <posx>0</posx>
            <posy>0</posy>
            <width>1280</width>
            <height>720</height>
            <texture>background.jpg</texture>
        </control>
        
		<control type="image">
            <posx>55</posx>
            <posy>20</posy>
            <width>248</width>
            <height>76</height>
            <align>center</align>
		 	<texture>logo.png</texture>
	     </control>
         
         <control type="image">
            <posx>755</posx>
            <posy>60</posy>
            <width>467</width>
            <height>39</height>
            <align>center</align>
		 	<texture>welcome.png</texture>
	     </control>
         
         <control type="image">
            <posx>55</posx>
            <posy>115</posy>
            <width>1170</width>
            <height>7</height>
            <align>center</align>
		 	<texture>hr.png</texture>
	     </control>
         
         <control type="panel" id="150">
		   <posx>635</posx>
		   <posy>175</posy>
		   <width>880</width>
		   <height>230</height>
		   <orientation>vertical</orientation>
		   <onright>-</onright>
		   <onup>-</onup>
		   <ondown>-</ondown>
		   <onleft lang="python">-</onleft>
		   <itemlayout width="192" height="230">
				<control type="image">
		            <posx>0</posx>
		            <posy>0</posy>
		            <width>162</width>
		            <height>230</height>
		            <align>center</align>
		            <aspectratio>scale</aspectratio>
		            <texture>$INFO[ListItem.Thumb]</texture>
	       		</control>
			</itemlayout>
			<focusedlayout width="192" height="230">			   
			   <control type="image">
		            <posx>0</posx>
		            <posy>0</posy>
		            <width>162</width>
		            <height>230</height>
		            <align>center</align>
		            <aspectratio>scale</aspectratio>
		            <texture>$INFO[ListItem.Thumb]</texture>
       		   </control>
			</focusedlayout>
		</control>
		
		<!-- Version lbl -->
		<control type="label" id="1011">
			<width>200</width>
			<posx>10</posx>
			<posy>10</posy>
			<font>font12b</font>
			<align>left</align>
			<label></label>
		</control>
		
		 <control type="image">
            <posx>631</posx>
            <posy>171</posy>
            <width>106</width>
            <height>108</height>
		 	<texture>popular.png</texture>
	     </control>
                  
         <control type="image">
            <posx>55</posx>
            <posy>440</posy>
            <width>1170</width>
            <height>7</height>
            <align>center</align>
		 	<texture>hr.png</texture>
	     </control>
        
        <control type="image">
            <posx>55</posx>
            <posy>475</posy>
            <width>822</width>
            <height>18</height>
            <align>center</align>
		 	<texture>problem.png</texture>
	     </control>
	     
	     <control type="button" id="100">
	     	<visible>true</visible>
            <posx>222</posx>
            <posy>270</posy>
            <width>102</width>
            <height>40</height>
            <align>center</align>
			<align>left</align>
            <texturefocus>login-focus.png</texturefocus>
			<texturenofocus>login.png</texturenofocus>
			<aligny>center</aligny>
			<textoffsetx>0</textoffsetx>
			<textoffsety>0</textoffsety>
			<onleft>-</onleft>
			<onright>110</onright>
			<onclick lang="python">
<![CDATA[
HeadwebObj.login(api, config)
]]>
			</onclick>
		</control>
		<control type="button" id="110">
	     	<visible>true</visible>
            <posx>329</posx>
            <posy>270</posy>
            <width>102</width>
            <height>40</height>
            <align>center</align>
			<align>left</align>
            <texturefocus>signup-focus.png</texturefocus>
			<texturenofocus>signup.png</texturenofocus>
			<aligny>center</aligny>
			<textoffsetx>0</textoffsetx>
			<textoffsety>0</textoffsety>
			<onleft>100</onleft>
			<onright>-</onright>
			<onclick lang="python">
<![CDATA[
HeadwebObj.signUp(api, config)
]]>
			</onclick>
		</control>
	</controls>
</window>
