<?xml version="1.0"?>
<window type="window" id="14000">
    <defaultcontrol always="true">110</defaultcontrol>
    <allowoverlay>no</allowoverlay>
    <onload lang="python">
<![CDATA[
import HeadwebObj
import HeadwebObjects

appstate = HeadwebObjects.getAppstate()
config = mc.GetApp().GetLocalConfig()
api = HeadwebObjects.getAPI()

# Appstate is global. launch.py sets 'authed' attribute to 0.
# on first startup, if we're not authed we change authed to 1 and
# show the login dialog.
# If user cancels logindialog, it is supposed to have cleared
# the stack and activate the boxee appstore window. Thus not load this window
# again. For some reason though, it does... If we dont have this appstate
# check here, we'd just spawn the login window AGAIN..
if not api.isAuthed() and appstate['authed'] == 0:
	# Dispatch login window
	appstate['authed'] = 1
	mc.GetApp().ActivateWindow(14002, mc.Parameters())
	# after activated, this will drop through,
	# recheck authed below to make sure we're not from this if.

if api.isAuthed():
	# Do we have a appstate init-param to go to a specific movie?
	# play.py can set this when we come from RSS feed
	c = appstate.get('init-show-content')
	if c != None:
		# Initial video asked. 
		del appstate['init-show-content']
		params = mc.Parameters()
		params['id'] = str(c)
		mc.GetApp().ActivateWindow(14001, params)

	else:
		# We're now authed! 
		if not mc.GetActiveWindow().GetLabel(1000).IsVisible():
			HeadwebObj.initMenu(api, config)
		else:
			HeadwebObj.updateUserinfo(api)
]]>
	</onload>
	<controls>
        <control type="image">
            <posx>0</posx>
            <posy>0</posy>
            <width>1280</width>
            <height>720</height>
            <texture>background.jpg</texture>
        </control>
        
		<control type="image">
            <posx>55</posx>
            <posy>20</posy>
            <width>248</width>
            <height>76</height>
            <align>center</align>
		 	<texture>logo.png</texture>
	     </control>
         
         <control type="image" id="9010">
            <posx>792</posx>
            <posy>70</posy>
            <width>24</width>
            <height>33</height>
            <align>center</align>
		 	<texture>user.png</texture>
		 	<visible>false</visible>
	     </control>
        
		<control type="label" id="1100">
			<visible>true</visible>
			<width>200</width>
            <posx>840</posx>
            <posy>71</posy>
            <font>font23b</font>
            <align>left</align>
            <label></label>
        </control>
		
        <control type="image" id="9020">
            <posx>1040</posx>
            <posy>68</posy>
            <width>22</width>
            <height>35</height>
            <align>center</align>
		 	<texture>dollar.png</texture>
		 	<visible>false</visible>
	     </control>
        
		<control type="label" id="1000">
			<visible>false</visible>
			<width>200</width>
            <posx>1090</posx>
            <posy>71</posy>
            <font>font23b</font>
            <align>left</align>
            <label></label>
        </control>
        
        <control type="image">
            <posx>55</posx>
            <posy>115</posy>
            <width>1170</width>
            <height>7</height>
            <align>center</align>
		 	<texture>hr.png</texture>
		</control>
        
        <control type="label" id="1010">
			<width>200</width>
            <posx>360</posx>
            <posy>71</posy>
            <font>font23b</font>
            <align>left</align>
            <label></label>
        </control>
        		
		<!-- MENU //-->
		
		<control type="list" id="100">
			<posx>55</posx>
			<posy>155</posy>
			<width>500</width>
			<height>500</height>
			<orientation>vertical</orientation>
			<onup>-</onup>
			<ondown>-</ondown>
			<onleft>-</onleft>
			<onright lang="python">
<![CDATA[
if mc.GetActiveWindow().GetList(110).IsVisible():
	mc.GetActiveWindow().GetList(110).SetFocus()
else:
	mc.GetActiveWindow().GetList(120).SetFocus()
]]>
			</onright>
			<itemlayout width="500" height="60">
				<control type="label">
					<posx>15</posx>
					<posy>9</posy>
					<width>500</width>
					<height>44</height>
					<font>font23b</font>
					<align>left</align>
					<label>$INFO[ListItem.Label]</label>
					<textcolor>white</textcolor>
				</control>
	            <control type="image">
		        	<posx>0</posx>
		            <posy>55</posy>
		            <width>226</width>
		            <height>1</height>
		            <align>center</align>
				 	<texture>shr.png</texture>
	            </control>
			</itemlayout>
			<focusedlayout width="500" height="60">
				<control type="label">
					<posx>15</posx>
					<posy>9</posy>
					<width>500</width>
					<height>44</height>
					<font>font23b</font>
					<align>left</align>
					<label>$INFO[ListItem.Label]</label>
					<textcolor>white</textcolor>
				</control>
	                
	            <control type="image">
		            <posx>0</posx>
		            <posy>0</posy>
		            <width>226</width>
		            <height>50</height>
		            <align>center</align>
				 	<texture>marked.png</texture>
				 	<visible>Control.HasFocus(100)</visible>
				</control>
				<control type="label">
					<posx>15</posx>
					<posy>9</posy>
					<width>250</width>
					<height>44</height>
					<font>font23b</font>
					<align>left</align>
					<label>$INFO[ListItem.Label]</label>
					<textcolor>white</textcolor>
					<scroll>true</scroll>
					<scrollspeed>30</scrollspeed>
					<visible>Control.HasFocus(100)</visible>
				</control>
	               
				<control type="image">
					<posx>0</posx>
		            <posy>55</posy>
		            <width>226</width>
		            <height>1</height>
		            <align>center</align>
				 	<texture>shr.png</texture>
	            </control>
			</focusedlayout>
			<content type="action">
				<onclick lang="python">
<![CDATA[
list = mc.GetActiveWindow().GetList(100)
item = list.GetItem(list.GetFocusedItem())
HeadwebObj.menuButtonClicked(api, item, config)
]]>
				</onclick>
			</content>
		</control>
		
		<!-- Genres //-->
		
		<control type="panel" id="120">
			<visible>false</visible>
			<posx>350</posx>
			<posy>155</posy>
			<width>780</width>
			<height>555</height>
			<orientation>vertical</orientation>
			<onleft>100</onleft>
			<itemlayout width="260" height="50">
				<control type="label">
					<posx>14</posx>
					<posy>0</posy>
					<width>260</width>
					<height>52</height>
					<font>font23b</font>
					<align>left</align>
					<aligny>center</aligny>
					<label>$INFO[Listitem.Label]</label>
					<textcolor>white</textcolor>
				</control>
			</itemlayout>
			<focusedlayout width="260" height="50">
			 	<control type="image">
		            <posx>0</posx>
		            <posy>4</posy>
		            <width>240</width>
		            <height>44</height>
		            <align>center</align>
				 	<texture>marked.png</texture>
				 	<visible>Control.HasFocus(120)</visible>
		     	</control>
				<control type="label">
					<posx>14</posx>
					<posy>0</posy>
					<width>260</width>
					<height>52</height>
					<font>font23b</font>
					<align>left</align>
					<aligny>center</aligny>
					<label>$INFO[Listitem.Label]</label>
					<textcolor>white</textcolor>
				</control>
				<control type="label">
					<posx>14</posx>
					<posy>0</posy>
					<width>260</width>
					<height>52</height>
					<font>font23b</font>
					<align>left</align>
					<aligny>center</aligny>
					<label>$INFO[Listitem.Label]</label>
					<textcolor>white</textcolor>
					<selectedcolor>white</selectedcolor>
					<scroll>true</scroll>
					<scrollspeed>30</scrollspeed>
					<visible>Control.HasFocus(120)</visible>
				</control>
			</focusedlayout>
			<content type="action">
				<onclick lang="python">
<![CDATA[
list = mc.GetActiveWindow().GetList(120)
item = list.GetItem(list.GetFocusedItem())
HeadwebObj.genre(api, item, config)
mode = 1
]]>
				</onclick>
			</content>
		</control>
		
		<control type="label" id="1110">
			<visible>false</visible>
			<width>600</width>
            <posx>350</posx>
            <posy>160</posy>
            <font>font23b</font>
            <align>left</align>
            <label>You don't have any active rentals at the moment.</label>
        </control>
        
        <control type="label" id="1120">
			<visible>false</visible>
			<width>600</width>
            <posx>350</posx>
            <posy>160</posy>
            <font>font23b</font>
            <align>left</align>
            <label>Your search didn't match any results.</label>
        </control>
		
		<!-- Films //-->
		
		<control type="panel" id="110">
			<posx>350</posx>
			<posy>125</posy>
			<width>880</width>
			<height>600</height>
			<orientation>vertical</orientation>
			<onright>-</onright>
			<onup>-</onup>
			<ondown>-</ondown>
			<onleft lang="python">100</onleft>
			<itemlayout width="176" height="270">
				<control type="label">
					<posx>75</posx>
					<posy>245</posy>
					<width>150</width>
					<height>25</height>
					<font>font18b</font>
					<align>center</align>
					<aligny>center</aligny>
					<label>$INFO[ListItem.Label]</label>
					<textcolor>white</textcolor>
				</control>
				<control type="image">
					<posx>10</posx>
					<posy>30</posy>
					<width>142</width>
					<height>203</height>
					<align>center</align>
					<aspectratio>scale</aspectratio>
					<texture>$INFO[ListItem.Thumb]</texture>
				</control>
			</itemlayout>
			<focusedlayout width="176" height="270">
				<control type="label">
					<posx>75</posx>
					<posy>245</posy>
					<width>150</width>
					<height>25</height>
					<font>font18b</font>
					<align>center</align>
					<aligny>center</aligny>
					<label>$INFO[ListItem.Label]</label>
					<textcolor>white</textcolor>
					<selectedcolor>DD171717</selectedcolor>
					<scroll>true</scroll>
					<scrollspeed>30</scrollspeed>
				</control>
				
				<control type="image">
					<posx>-2</posx>
					<posy>18</posy>
					<width>167</width>
					<height>227</height>
					<align>center</align>
					<texture>active.png</texture>
				</control>
				
				<control type="image">
					<posx>10</posx>
					<posy>30</posy>
					<width>142</width>
					<height>203</height>
					<align>center</align>
					<aspectratio>scale</aspectratio>
					<texture>$INFO[ListItem.Thumb]</texture>
				</control>
			</focusedlayout>
			<content type="action">
				<onclick lang="python">
<![CDATA[
list = mc.GetActiveWindow().GetList(110)
item = list.GetItem(list.GetFocusedItem())
HeadwebObj.showMovie(api, item, config)
]]>
				</onclick>
			</content>
		</control>	
	</controls>
</window>
