<?xml version="1.0"?>
<window type="dialog" id="14020">
 <defaultcontrol always="true">5020</defaultcontrol>
 <allowoverlay>no</allowoverlay>
 <onload lang="python"><![CDATA[
import xbmc, mc
from HeadwebObj import utf8
import HeadwebObj, HeadwebObjects
import pickle

config = mc.GetApp().GetLocalConfig()
api = HeadwebObjects.getAPI()
params = mc.GetApp().GetLaunchedWindowParameters()
content = HeadwebObj.initFilmMenu(api, params['id'])

list = mc.ListItems()

listitem = mc.ListItem(mc.ListItem.MEDIA_UNKNOWN)
listitem.SetLabel("Headweb Account")
listitem.SetProperty('id', '0')
list.append(listitem)

listitem = mc.ListItem(mc.ListItem.MEDIA_UNKNOWN)
listitem.SetLabel("Gift certificate")
listitem.SetProperty('id', '1')
list.append(listitem)

content = HeadwebObj.purchaseDialogData['content']

if len(content.subscriptions) > 0:
	listitem = mc.ListItem(mc.ListItem.MEDIA_UNKNOWN)
	listitem.SetLabel("Movie tickets")
	listitem.SetProperty('id', '2')
	list.append(listitem)

mc.GetWindow(14020).GetList(5020).SetItems(list)
]]>
</onload>
	 <controls>
		<control type="group" id="5000">
			<control type="image">
				<description>Current Conditions background</description>
				<posx>320</posx>
				<posy>135</posy>
				<width>640</width>
				<height>450</height>
				<texture border="20">browse_menu_dialog_background.png</texture>
				<colordiffuse>FF212121</colordiffuse>
			</control>
			<control type="label">
				<posx>360</posx>
				<posy>155</posy>
				<width>530</width>
				<height>52</height>
				<font>font40</font>
				<align>left</align>
				<label>Select payment</label>
				<textcolor>white</textcolor>
			</control>
			<control type="fixedlist" id="5020">
				<description>Select payment</description>
				<animation type="Conditional" condition="Window.IsVisible(DialogProgress.xml)">
               		<effect type="fade" start="100" end="20" time="240"/>
                </animation>
                <onup>-</onup>
                <onleft>-</onleft>
                <onright>-</onright>
                <ondown>-</ondown>
				<posx>360</posx>
				<posy>215</posy>
				<width>560</width>
				<height>392</height>
				<scrolltime>200</scrolltime>
				<pagecontrol>200</pagecontrol>
				<focusedposition>2</focusedposition>
				<orientation>vertical</orientation>
				<itemlayout width="560" height="68">
					<control type="image">
						<posx>0</posx>
						<posy>0</posy>
						<width>560</width>
						<height>52</height>
						<texture border="8" diffuse="masks/464646.png">button_8_pixel.png</texture>
					</control>
					<control type="label">
						<posx>15</posx>
						<posy>0</posy>
						<width>530</width>
						<height>52</height>
						<font>font28</font>
						<align>left</align>
						<aligny>center</aligny>
						<label>$INFO[ListItem.Label]</label>
						<textcolor>white</textcolor>
					</control>
				</itemlayout>
				<focusedlayout width="560" height="68">
					<control type="group">
						<visible>!Control.HasFocus(5020)</visible>
						<control type="image">
							<posx>0</posx>
							<posy>0</posy>
							<width>560</width>
							<height>52</height>
							<texture border="8" diffuse="masks/464646.png">button_8_pixel.png</texture>
						</control>
						<control type="label">
							<posx>15</posx>
							<posy>0</posy>
							<width>530</width>
							<height>52</height>
							<font>font28</font>
							<align>left</align>
							<aligny>center</aligny>
							<label>$INFO[ListItem.Label]</label>
							<textcolor>white</textcolor>
						</control>
					</control>
					<control type="group">
						<visible>Control.HasFocus(5020)</visible>
						<control type="image">
							<posx>0</posx>
							<posy>0</posy>
							<width>560</width>
							<height>52</height>>
							<texture border="8" diffuse="masks/10b9f2.png">button_8_pixel.png</texture>
						</control>
						<control type="label">
							<posx>15</posx>
							<posy>0</posy>
							<width>530</width>
							<height>52</height>
							<font>font28</font>
							<align>left</align>
							<aligny>center</aligny>
							<label>$INFO[ListItem.Label]</label>
							<textcolor>black</textcolor>
							<scroll>true</scroll>
						</control>
					</control>
				</focusedlayout>
				<content type="action">
				<onclick lang="python"><![CDATA[
list = mc.GetWindow(14020).GetList(5020)
item = list.GetItem(list.GetFocusedItem())

xbmc.executebuiltin("Dialog.Close(14020)")

if(item.GetLabel() == 'Headweb Account'):
	HeadwebObj.purchase(api, content)

if(item.GetLabel() == 'Gift certificate'):
	HeadwebObj.purchaseWithGiftCard(api, content)

if(item.GetLabel() == 'Movie tickets'):
	mc.ActivateWindow(14030)
]]></onclick>
				</content>
			</control>
		</control>
	 </controls>
</window>
