<?xml version="1.0"?>
<window type="dialog" id="14010">
 <defaultcontrol always="true">5010</defaultcontrol>
 <allowoverlay>no</allowoverlay>
 <onload lang="python"><![CDATA[
import xbmc
from HeadwebObj import utf8

mc.LogDebug("%%%%%%%%%%%%%%%%%%%%% DIALOG ACTIVATION %%%%%%%%%%%%%%%%%%%%%%%%%%%%%%%%")
list = mc.ListItems()

content = HeadwebObj.subtitleDialogData['content']

for subtitle in content.stream.subtitles:
	listitem = mc.ListItem(mc.ListItem.MEDIA_UNKNOWN)
	listitem.SetLabel(utf8(subtitle.language))
	listitem.SetProperty('id', utf8(subtitle.langid))
	list.append(listitem)

listitem = mc.ListItem(mc.ListItem.MEDIA_UNKNOWN)
listitem.SetLabel("No subtitle")
listitem.SetProperty('id', '-1')
list.append(listitem)

mc.GetWindow(14010).GetList(5010).SetItems(list)
]]>
</onload>
	 <controls>
		<control type="group" id="5000">
			<control type="image">
				<description>Current Conditions background</description>
				<posx>320</posx>
				<posy>135</posy>
				<width>640</width>
				<height>450</height>
				<texture border="20">browse_menu_dialog_background.png</texture>
				<colordiffuse>FF212121</colordiffuse>
			</control>
			<control type="label">
				<posx>360</posx>
				<posy>155</posy>
				<width>530</width>
				<height>52</height>
				<font>font40</font>
				<align>left</align>
				<label>$LOCALIZE[574]</label>
				<textcolor>white</textcolor>
			</control>
			<control type="fixedlist" id="5010">
				<description>Select Subtitles</description>
				<animation type="Conditional" condition="Window.IsVisible(DialogProgress.xml)">
               		<effect type="fade" start="100" end="20" time="240"/>
                </animation>
                <onup>-</onup>
                <onleft>-</onleft>
                <onright>-</onright>
                <ondown>-</ondown>
				<posx>360</posx>
				<posy>215</posy>
				<width>560</width>
				<height>392</height>
				<scrolltime>200</scrolltime>
				<pagecontrol>200</pagecontrol>
				<focusedposition>2</focusedposition>
				<orientation>vertical</orientation>
				<itemlayout width="560" height="68">
					<control type="image">
						<posx>0</posx>
						<posy>0</posy>
						<width>560</width>
						<height>52</height>
						<texture border="8" diffuse="masks/464646.png">button_8_pixel.png</texture>
					</control>
					<control type="label">
						<posx>15</posx>
						<posy>0</posy>
						<width>530</width>
						<height>52</height>
						<font>font28</font>
						<align>left</align>
						<aligny>center</aligny>
						<label>$INFO[ListItem.Label]</label>
						<textcolor>white</textcolor>
					</control>
				</itemlayout>
				<focusedlayout width="560" height="68">
					<control type="group">
						<visible>!Control.HasFocus(5010)</visible>
						<control type="image">
							<posx>0</posx>
							<posy>0</posy>
							<width>560</width>
							<height>52</height>
							<texture border="8" diffuse="masks/464646.png">button_8_pixel.png</texture>
						</control>
						<control type="label">
							<posx>15</posx>
							<posy>0</posy>
							<width>530</width>
							<height>52</height>
							<font>font28</font>
							<align>left</align>
							<aligny>center</aligny>
							<label>$INFO[ListItem.Label]</label>
							<textcolor>white</textcolor>
						</control>
					</control>
					<control type="group">
						<visible>Control.HasFocus(5010)</visible>
						<control type="image">
							<posx>0</posx>
							<posy>0</posy>
							<width>560</width>
							<height>52</height>>
							<texture border="8" diffuse="masks/10b9f2.png">button_8_pixel.png</texture>
						</control>
						<control type="label">
							<posx>15</posx>
							<posy>0</posy>
							<width>530</width>
							<height>52</height>
							<font>font28</font>
							<align>left</align>
							<aligny>center</aligny>
							<label>$INFO[ListItem.Label]</label>
							<textcolor>black</textcolor>
							<scroll>true</scroll>
						</control>
					</control>
				</focusedlayout>
				<content type="action">
				<onclick lang="python"><![CDATA[
items = mc.GetWindow(14010).GetList(5010).GetItems()
n = mc.GetWindow(14010).GetList(5010).GetFocusedItem()
item = items[n]

subtitle = int(item.GetProperty('id'))
HeadwebObj.playMovie(HeadwebObjects.getAPI(), content, subtitle)
xbmc.executebuiltin("Dialog.Close(14010)")
]]></onclick>
				</content>
			</control>
		</control>
	 </controls>
</window>
