<?xml version="1.0"?>
<window type="dialog" id="14030">
 <defaultcontrol always="true">5030</defaultcontrol>
 <allowoverlay>no</allowoverlay>
 <onload lang="python"><![CDATA[
import xbmc
from HeadwebObj import utf8
import HeadwebObj, HeadwebObjects
api = HeadwebObjects.getAPI()
content = HeadwebObj.purchaseDialogData['content']

list = mc.ListItems()

for sub in content.subscriptions:
	listitem = mc.ListItem(mc.ListItem.MEDIA_UNKNOWN)
	listitem.SetLabel(utf8('%s (%d/%d)' % \
		(sub.info.name, sub.maxlimit-sub.count, sub.maxlimit)))
	listitem.SetProperty("id", utf8(str(sub.info.id)))
	list.append(listitem)

mc.GetWindow(14030).GetList(5030).SetItems(list)
]]>
</onload>
	 <controls>
		<control type="group" id="5000">
			<control type="image">
				<description>Current Conditions background</description>
				<posx>320</posx>
				<posy>135</posy>
				<width>640</width>
				<height>450</height>
				<texture border="20">browse_menu_dialog_background.png</texture>
				<colordiffuse>FF212121</colordiffuse>
			</control>
			<control type="label">
				<posx>360</posx>
				<posy>155</posy>
				<width>530</width>
				<height>52</height>
				<font>font40</font>
				<align>left</align>
				<label>Movie Tickets</label>
				<textcolor>white</textcolor>
			</control>
			<control type="fixedlist" id="5030">
				<description>Movie Tickets</description>
				<animation type="Conditional" condition="Window.IsVisible(DialogProgress.xml)">
               		<effect type="fade" start="100" end="20" time="240"/>
                </animation>
                <onup>-</onup>
                <onleft>-</onleft>
                <onright>-</onright>
                <ondown>-</ondown>
				<posx>360</posx>
				<posy>215</posy>
				<width>560</width>
				<height>392</height>
				<scrolltime>200</scrolltime>
				<pagecontrol>200</pagecontrol>
				<focusedposition>2</focusedposition>
				<orientation>vertical</orientation>
				<itemlayout width="560" height="68">
					<control type="image">
						<posx>0</posx>
						<posy>0</posy>
						<width>560</width>
						<height>52</height>
						<texture border="8" diffuse="masks/464646.png">button_8_pixel.png</texture>
					</control>
					<control type="label">
						<posx>15</posx>
						<posy>0</posy>
						<width>530</width>
						<height>52</height>
						<font>font28</font>
						<align>left</align>
						<aligny>center</aligny>
						<label>$INFO[ListItem.Label]</label>
						<textcolor>white</textcolor>
					</control>
				</itemlayout>
				<focusedlayout width="560" height="68">
					<control type="group">
						<visible>!Control.HasFocus(5030)</visible>
						<control type="image">
							<posx>0</posx>
							<posy>0</posy>
							<width>560</width>
							<height>52</height>
							<texture border="8" diffuse="masks/464646.png">button_8_pixel.png</texture>
						</control>
						<control type="label">
							<posx>15</posx>
							<posy>0</posy>
							<width>530</width>
							<height>52</height>
							<font>font28</font>
							<align>left</align>
							<aligny>center</aligny>
							<label>$INFO[ListItem.Label]</label>
							<textcolor>white</textcolor>
						</control>
					</control>
					<control type="group">
						<visible>Control.HasFocus(5030)</visible>
						<control type="image">
							<posx>0</posx>
							<posy>0</posy>
							<width>560</width>
							<height>52</height>>
							<texture border="8" diffuse="masks/10b9f2.png">button_8_pixel.png</texture>
						</control>
						<control type="label">
							<posx>15</posx>
							<posy>0</posy>
							<width>530</width>
							<height>52</height>
							<font>font28</font>
							<align>left</align>
							<aligny>center</aligny>
							<label>$INFO[ListItem.Label]</label>
							<textcolor>black</textcolor>
							<scroll>true</scroll>
						</control>
					</control>
				</focusedlayout>
				<content type="action">
				<onclick lang="python"><![CDATA[

list = mc.GetWindow(14030).GetList(5030)
item = list.GetItem(list.GetFocusedItem())

xbmc.executebuiltin("Dialog.Close(14030)")
HeadwebObj.purchaseWithSubscription(api, content, item.GetProperty('id'), item.GetLabel())
]]></onclick>
				</content>
			</control>
		</control>
	 </controls>
</window>
