<?xml version="1.0"?>
<window type="window" id="14000">
	<onload lang="python"><![CDATA[
import mc
]]></onload>
    <defaultcontrol always="true">3100</defaultcontrol>
	<controls>
        
        <!-- background info -->
		<control type = "group" id = "1000">
            <include>BrowseListsAnimation</include>
            <control type="image" id ="1010">
				<description>granite background</description>
                <posx>0</posx>
                <posy>50</posy>
                <width>1280</width>
                <height>690</height>
                <texture>background/ps-boxee-bg.jpg</texture>
            </control>
            <control type = "image" id="1020">
                <description>header</description>
                <posx>0</posx>
                <posy>0</posy>
                <width>1280</width>
                <height>50</height>
                <texture>background/ps-header-bg.png</texture>
            </control>
            <control type = "image" id="1030">
				<description>Logo</description>
                <posx>70</posx>
                <posy>0</posy>
                <width>225</width>
                <height>50</height>
                <texture>background/ps-header-logo.png</texture>
            </control>
            <control type = "image" id="1040">
				<description>Content header</description>
                <posx>90</posx>
                <posy>67</posy>
                <width>1100</width>
                <height>33</height>
                <texture>background/ps-body-local_nav.png</texture>
            </control>
            <control type = "image" id="1050">
				<description>Content background</description>
                <posx>90</posx>
                <posy>100</posy>
                <width>1100</width>
                <height>600</height>
                <texture>background/ps-body-content_bg.png</texture>
            </control>
            <!-- List items -->
            <control type = "image" id="1061">
                <description>Large thumbnail image</description>
                <visible>true</visible>
                <posx>673</posx>
                <posy>130</posy>
                <width>487</width>
                <height>375</height>
                <texture>black.png</texture>
            </control>
            <control type = "image" id="1060">
                <description>Large thumbnail image</description>
                <!--<visible>true</visible>-->
                <visible>!mc.GetPlayer().IsPlaying()</visible>
                <posx>673</posx>
                <posy>130</posy>
                <width>487</width>
                <height>375</height>
                <texture>$INFO[Container(3100).ListItem.Thumb]</texture>
            </control>
            <control type="label" id="1070">
                <description>source</description>
				<visible>true</visible>
				<posx>673</posx>
				<posy>515</posy>
				<width>175</width>
				<height>35</height>
				<font>font23</font>
				<align>left</align>
				<aligny>center</aligny>
				<textcolor>black</textcolor>
				<label>$INFO[Container(3100).ListItem.property(custom:sourceName)]</label>
			</control>
            <control type="label" id="1080">
                <description>pop count</description>
				<visible>false</visible>
				<posx>873</posx>
				<posy>513</posy>
				<width>175</width>
				<height>35</height>
				<font>font23</font>
				<align>center</align>
				<aligny>center</aligny>
				<textcolor>black</textcolor>
				<label>$INFO[Container(3100).ListItem.property(custom:popdCount)]</label>
			</control>
            <control type="label" id="1090">
                <description>info</description>
				<visible>true</visible>
				<posx>673</posx>
				<posy>550</posy>
				<width>500</width>
				<height>125</height>
				<font>font23</font>
				<align>left</align>
				<textcolor>black</textcolor>
                <wrapmultiline>true</wrapmultiline>
				<label>$INFO[Container(3100).ListItem.Property(description)]</label>
			</control>
            <!-- End of List items info -->

            <!-- Login info grahics 
            <control type="image" id="1041">
                <description>bg image to hold user's profile image</description>
                <visible>false</visible>
                <posx>1135</posx>
                <posy>69</posy>
                <width>28</width>
                <height>28</height>
                <texture>black.png</texture>
            </control>
<!--            <control type="image" id="1042">
                <description>image to hold user's profile image</description>
                <visible>false</visible>
                <posx>1135</posx>
                <posy>69</posy>
                <width>27</width>
                <height>27</height>
                <!--<texture>black.png</texture>-->
                <!--<texture>"http://www.popscreen.com/assets/profile_pics/n/neko_m.jpg"</texture>
            </control>-->
            <control type="label" id="1043">
                <description>label for username</description>
                <visible>false</visible>
                <posx>1159</posx>
                <posy>69</posy>
                <width>300</width>
                <height>30</height>
                <font>font18</font>
                <textcolor>black</textcolor>
                <align>right</align>
                <aligny>center</aligny>
                <label>Logged in as $INFO[urlencode(App.String(user))]</label>
            </control>
            <!-- End of login info graphics -->
<!--$INFO[urlencode(App.String(user))]-->
		</control>
        <!-- end of background info -->

		<!-- header / navigation -->
		<control type = "group" id = "2000">
            <include>BrowseListsAnimation</include>
            <control type = "button" id = "2100">
                <description>Login</description>
                <visible>true</visible>
                <posx>642</posx>
                <posy>0</posy>
                <width>128</width>
                <height>50</height>
                <onleft>-</onleft>
                <onright>2200</onright>
                <ondown>4000</ondown>
                <colordiffuse>FFFFFFFF</colordiffuse>
                <texturefocus>top_nav/login/ps-header_button-login_hover.png</texturefocus>
                <texturenofocus>top_nav/login/ps-header_button-login.png</texturenofocus>
                <label>LOGIN</label>
                <font>font21b</font>
                <textcolor>white</textcolor>
                <shadowcolor>FF486011</shadowcolor>
                <focusedcolor>white</focusedcolor>
                <disabledcolor>88FFFFFF</disabledcolor>
                <align>center</align>
                <textoffsety>11</textoffsety>
                <onclick>App.PushFrontString(user,,10,Login to Popscreen)</onclick>
                <onclick>Container.SetPath(3100,rss://rss.popscreen.com/boxee_rss.php?username=$INFO[urlencode(App.String(user))]&type=video)</onclick>
                    <onclick lang="python"><![CDATA[
mc.GetWindow(14000).GetControl(2100).SetVisible(False)
mc.GetWindow(14000).GetControl(2420).SetVisible(True)

mc.GetWindow(14000).GetControl(2210).SetVisible(True)
mc.GetWindow(14000).GetControl(2220).SetVisible(False)

mc.GetWindow(14000).GetControl(4000).SetVisible(False)
mc.GetWindow(14000).GetControl(5000).SetVisible(True)

mc.GetWindow(14000).GetControl(3100).SetFocus()

username = mc.GetApp().GetLocalConfig().GetValue("user")
#firstLetter = username[0]
#path = "http://www.popscreen.com/assets/profile_pics/" + firstLetter + "/" + username + "_m.jpg"
#print path

#mc.GetWindow(14000).GetImage(1042).SetTexture(path)
mc.GetWindow(14000).GetControl(1041).SetVisible(True)
mc.GetWindow(14000).GetControl(1042).SetVisible(True)
mc.GetWindow(14000).GetControl(1043).SetVisible(True)

playlist_url = "rss://rss.popscreen.com/playlist.php?username=" + username
mc.GetWindow(14000).GetList(5500).SetContentURL(playlist_url)
print playlist_url

]]></onclick>
            </control>
			<control type = "group" id = "2200">
                <description>Discover button group</description>
                <control type = "button" id = "2210">
                    <description>Discover</description>
                    <posx>770</posx>
                    <posy>0</posy>
                    <width>165</width>
                    <height>50</height>
                    <visible>false</visible>
                    <onleft lang="python"><![CDATA[
if mc.GetWindow(14000).GetControl(2100).IsVisible() :
	mc.GetWindow(14000).GetControl(2100).SetFocus()
else :
	mc.GetWindow(14000).GetControl(2400).SetFocus()
]]></onleft>
                    <onright>2300</onright>
                    <ondown lang="python"><![CDATA[
if mc.GetWindow(14000).GetControl(4000).IsVisible() :
	mc.GetWindow(14000).GetControl(4000).SetFocus()
else :
	mc.GetWindow(14000).GetControl(5000).SetFocus()
]]></ondown>
                    <colordiffuse>FFFFFFFF</colordiffuse>
                    <texturefocus>top_nav/discover/ps-header_button-discover_hover.png</texturefocus>
                    <texturenofocus>top_nav/discover/ps-header_button-discover.png</texturenofocus>
                    <label>DISCOVER</label>
                    <font>font21b</font>
                    <textcolor>white</textcolor>
                    <shadowcolor>FF486011</shadowcolor>
                    <focusedcolor>white</focusedcolor>
                    <disabledcolor>88FFFFFF</disabledcolor>
                    <align>center</align>
                    <textoffsety>11</textoffsety>
                    <onclick>Container.SetPath(3100,rss://rss.popscreen.com/popular.php?sortby=recent&popular_view_type=24&tags=all)</onclick>
                    <onclick lang="python"><![CDATA[
mc.GetWindow(14000).GetControl(4000).SetVisible(True)
mc.GetWindow(14000).GetControl(5000).SetVisible(False)

mc.GetWindow(14000).GetControl(4100).SetVisible(True)

mc.GetWindow(14000).GetControl(4210).SetVisible(False)
mc.GetWindow(14000).GetControl(4220).SetVisible(True)

mc.GetWindow(14000).GetControl(4310).SetVisible(True)
mc.GetWindow(14000).GetControl(4320).SetVisible(False)

mc.GetWindow(14000).GetControl(4410).SetVisible(True)
mc.GetWindow(14000).GetControl(4420).SetVisible(False)

if mc.GetWindow(14000).GetControl(2420).IsVisible() :
	mc.GetWindow(14000).GetControl(2420).SetVisible(False)
	mc.GetWindow(14000).GetControl(2410).SetVisible(True)
	mc.GetWindow(14000).GetControl(2210).SetVisible(False)
	mc.GetWindow(14000).GetControl(2220).SetVisible(True)
	
]]></onclick>
                </control>
                <control type = "button" id = "2220">
                    <description>Discover</description>
                    <posx>770</posx>
                    <posy>0</posy>
                    <width>165</width>
                    <height>50</height>
                    <visible>true</visible>
                    <onleft lang="python"><![CDATA[
if mc.GetWindow(14000).GetControl(2100).IsVisible() :
	mc.GetWindow(14000).GetControl(2100).SetFocus()
else :
	mc.GetWindow(14000).GetControl(2400).SetFocus()
]]></onleft>
                    <onright>2300</onright>
                    <ondown lang="python"><![CDATA[
if mc.GetWindow(14000).GetControl(4000).IsVisible() :
	mc.GetWindow(14000).GetControl(4000).SetFocus()
else :
	mc.GetWindow(14000).GetControl(5000).SetFocus()
]]></ondown>
                    <colordiffuse>FFFFFFFF</colordiffuse>
                    <texturefocus>top_nav/discover/ps-header_button-discover_hover.png</texturefocus>
                    <texturenofocus>top_nav/discover/ps-header_button-discover_selected.png</texturenofocus>
                    <label>DISCOVER</label>
                    <font>font21b</font>
                    <textcolor>white</textcolor>
                    <shadowcolor>FF486011</shadowcolor>
                    <focusedcolor>white</focusedcolor>
                    <disabledcolor>88FFFFFF</disabledcolor>
                    <align>center</align>
                    <textoffsety>11</textoffsety>
                    <onclick>Container.SetPath(3100,rss://rss.popscreen.com/popular.php?sortby=recent&popular_view_type=24&tags=all)</onclick>
                    <onclick lang="python"><![CDATA[
mc.GetWindow(14000).GetControl(4000).SetVisible(True)
mc.GetWindow(14000).GetControl(5000).SetVisible(False)

mc.GetWindow(14000).GetControl(4100).SetVisible(True)

mc.GetWindow(14000).GetControl(4210).SetVisible(False)
mc.GetWindow(14000).GetControl(4220).SetVisible(True)

mc.GetWindow(14000).GetControl(4310).SetVisible(True)
mc.GetWindow(14000).GetControl(4320).SetVisible(False)

mc.GetWindow(14000).GetControl(4410).SetVisible(True)
mc.GetWindow(14000).GetControl(4420).SetVisible(False)

]]></onclick>
                </control>
            </control>
			<control type = "button" id = "2300">
				<description>Search</description>
				<posx>975</posx>
				<posy>10</posy>
				<width>220</width>
				<height>30</height>
				<visible>true</visible>
				<onleft>2200</onleft>
				<onright>2500</onright>
                <ondown lang="python"><![CDATA[
if mc.GetWindow(14000).GetControl(4000).IsVisible() :
	mc.GetWindow(14000).GetControl(4000).SetFocus()
else :
	mc.GetWindow(14000).GetControl(5000).SetFocus()
]]></ondown>

				<colordiffuse>FFFFFFFF</colordiffuse>
				<texturefocus>top_nav/searchbox/header-search_box-hover.png</texturefocus>
				<texturenofocus>top_nav/searchbox/header-search_box.png</texturenofocus>
				<label>-</label>
				<font>serif21</font>
				<textcolor>black</textcolor>
				<focusedcolor>white</focusedcolor>
				<disabledcolor>88FFFFFF</disabledcolor>
				<align>left</align>
				<aligny>center</aligny>
				<textoffsetx>20</textoffsetx>
				<textoffsety>-</textoffsety>
				<onclick>App.PushFrontString(search,,10,Search Popscreen)</onclick>
				<onclick>Container.SetPath(3100,rss://rss.popscreen.com/boxee_rss.php?search=$INFO[urlencode(App.String(search))])</onclick>
			</control>
            <control type = "group" id = "2400">
                <description>My Library Buttons</description>
                <control type = "button" id = "2410">
                    <description>My Library</description>
                    <posx>570</posx>
                    <posy>0</posy>
                    <width>200</width>
                    <height>50</height>
                    <visible>false</visible>
                    <onleft>-</onleft>
                    <onright>2200</onright>
                    <ondown lang="python"><![CDATA[
if mc.GetWindow(14000).GetControl(4000).IsVisible() :
	mc.GetWindow(14000).GetControl(4000).SetFocus()
else :
	mc.GetWindow(14000).GetControl(5000).SetFocus()
]]></ondown>
                    <colordiffuse>FFFFFFFF</colordiffuse>
                    <texturefocus>top_nav/mylibrary/ps-header_button-mylibrary_hover.png</texturefocus>
                    <texturenofocus>top_nav/mylibrary/ps-header_button-mylibrary.png</texturenofocus>
                    <label>MY LIBRARY</label>
                    <font>font21b</font>
                    <textcolor>white</textcolor>
                    <shadowcolor>FF486011</shadowcolor>
                    <focusedcolor>white</focusedcolor>
                    <disabledcolor>88FFFFFF</disabledcolor>
                    <align>center</align>
                    <aligny>-</aligny>
                    <textoffsetx>-</textoffsetx>
                    <textoffsety>11</textoffsety>
                    <onclick>Container.SetPath(3100,rss://rss.popscreen.com/boxee_rss.php?username=$INFO[urlencode(App.String(user))]&type=video)</onclick>
                    <onclick lang="python"><![CDATA[
mc.GetWindow(14000).GetControl(2210).SetVisible(True)
mc.GetWindow(14000).GetControl(2220).SetVisible(False)
mc.GetWindow(14000).GetControl(2410).SetVisible(False)
mc.GetWindow(14000).GetControl(2420).SetVisible(True)

mc.GetWindow(14000).GetControl(4000).SetVisible(False)
mc.GetWindow(14000).GetControl(5000).SetVisible(True)
]]></onclick>
                </control>
                <control type = "button" id = "2420">
                    <description>My Library - Selected</description>
                    <posx>570</posx>
                    <posy>0</posy>
                    <width>200</width>
                    <height>50</height>
                    <visible>false</visible>
                    <onleft>-</onleft>
                    <onright>2200</onright>
                    <ondown lang="python"><![CDATA[
if mc.GetWindow(14000).GetControl(4000).IsVisible() :
	mc.GetWindow(14000).GetControl(4000).SetFocus()
else :
	mc.GetWindow(14000).GetControl(5000).SetFocus()
]]></ondown>
                    <colordiffuse>FFFFFFFF</colordiffuse>
                    <texturefocus>top_nav/mylibrary/ps-header_button-mylibrary_hover.png</texturefocus>
                    <texturenofocus>top_nav/mylibrary/ps-header_button-mylibrary_selected.png</texturenofocus>
                    <label>MY LIBRARY</label>
                    <font>font21b</font>
                    <textcolor>white</textcolor>
                    <shadowcolor>FF486011</shadowcolor>
                    <focusedcolor>white</focusedcolor>
                    <disabledcolor>88FFFFFF</disabledcolor>
                    <align>center</align>
                    <aligny>-</aligny>
                    <textoffsetx>-</textoffsetx>
                    <textoffsety>11</textoffsety>
                    <onclick>Container.SetPath(3100,rss://rss.popscreen.com/boxee_rss.php?username=$INFO[urlencode(App.String(user))]&type=video)</onclick>
                    <onclick lang = "python"><![CDATA[
mc.GetWindow(14000).GetControl(4000).SetVisible(False)
mc.GetWindow(14000).GetControl(5000).SetVisible(True)
]]></onclick>
                </control>
            </control>
			<control type = "button" id = "2500">
				<description>Logout button</description>
                <visible>!IsEmpty(app.String(user))</visible>
				<posx>1220</posx>
				<posy>0</posy>
				<width>45</width>
				<height>50</height>
				<visible>true</visible>
				<onleft>2300</onleft>
                <ondown lang="python"><![CDATA[
if mc.GetWindow(14000).GetControl(4000).IsVisible() :
	mc.GetWindow(14000).GetControl(4000).SetFocus()
else :
	mc.GetWindow(14000).GetControl(5000).SetFocus()
]]></ondown>
				<colordiffuse>FFFFFFFF</colordiffuse>
				<texturefocus>top_nav/logout/ps-header-logout_hover.png</texturefocus>
				<texturenofocus>top_nav/logout/ps-header-logout.png</texturenofocus>
				<disabledcolor>88FFFFFF</disabledcolor>
				<align>left</align>
				<aligny>center</aligny>
				<textoffsetx>20</textoffsetx>
				<textoffsety>-</textoffsety>
                <onclick>App.Reset(user)</onclick>
                <onclick lang="python"><![CDATA[
mc.GetWindow(14000).GetControl(2410).SetVisible(False)
mc.GetWindow(14000).GetControl(2420).SetVisible(False)
mc.GetWindow(14000).GetControl(2100).SetVisible(True)

if mc.GetWindow(14000).GetControl(5000).IsVisible() :
	mc.GetWindow(14000).GetControl(5000).SetVisible(False)
	mc.GetWindow(14000).GetControl(4000).SetVisible(True)

	mc.GetWindow(14000).GetList(3100).SetContentURL("rss://rss.popscreen.com/popular.php?sortby=recent&popular_view_type=24&tags=all")

	mc.GetWindow(14000).GetControl(4100).SetVisible(True)

	mc.GetWindow(14000).GetControl(4210).SetVisible(False)
	mc.GetWindow(14000).GetControl(4220).SetVisible(True)

	mc.GetWindow(14000).GetControl(4310).SetVisible(True)
	mc.GetWindow(14000).GetControl(4320).SetVisible(False)

	mc.GetWindow(14000).GetControl(4410).SetVisible(True)
	mc.GetWindow(14000).GetControl(4420).SetVisible(False)

	mc.GetWindow(14000).GetControl(1041).SetVisible(False)
	mc.GetWindow(14000).GetControl(1042).SetVisible(False)
	mc.GetWindow(14000).GetControl(1043).SetVisible(False)
	
]]></onclick>
			</control>
		</control>
		<!-- End of Header Group-->

		<!-- Popular Now section -->
		<control type = "group" id = "3000">
            <include>BrowseListsAnimation</include>
			<visible>true</visible>
			<control type="fixedlist" id="3100">
				<posx>90</posx>
				<posy>100</posy>
			 	<width>553</width>
			 	<height>600</height>
			 	<onleft>8000</onleft>
			 	<onright>2000</onright>
                <onup lang="python"><![CDATA[
if mc.GetWindow(14000).GetControl(4000).IsVisible() :
	mc.GetWindow(14000).GetControl(4000).SetFocus()
else :
	mc.GetWindow(14000).GetControl(5000).SetFocus()
]]></onup>
				<ondown lang="python"><![CDATA[
mc.GetWindow(14000).GetControl(3200).SetVisible(True)
mc.GetWindow(14000).GetControl(3200).SetFocus()
]]></ondown>
			 	<scrolltime>200</scrolltime>
			 	<pagecontrol>60</pagecontrol>
			 	<orientation>vertical</orientation>
                <focusposition>2</focusposition>
				<texture>white.png</texture>
			 	<itemlayout height="136" width="553">
			  		<control type="image">
			   			<posx>0</posx>
			   			<posy>0</posy>
			   			<height>136</height>
			   			<width>553</width>
						<texture>listing/ps-body-listing.png</texture>
			  		</control>
			  		<control type="image">
			   			<posx>16</posx>
			   			<posy>15</posy>
			   			<width>140</width>
			   			<height>105</height>
			   			<info>ListItem.Icon</info>
			  		</control>
			  		<control type="label">
			   			<posx>175</posx>
			   			<posy>10</posy>
			   			<width>350</width>
			   			<height>80</height>
			   			<font>font22b</font>
			   			<textcolor>black</textcolor>
			   			<aligny>center</aligny>
			   			<label>$INFO[ListItem.Label]</label>
						<wrapmultiline>true</wrapmultiline>
			  		</control>
			  		<control type="label">
			   			<posx>510</posx>
			   			<posy>100</posy>
			   			<width>190</width>
			   			<height>30</height>
			   			<font>serif14</font>
			   			<textcolor>black</textcolor>
			   			<align>right</align>
                        <label>$INFO[ListItem.property(custom:category)]</label>
			  		</control>
			 	</itemlayout>
			 	<focusedlayout height="136" width="553">
			  		<control type="image">
			   			<posx>0</posx>
			   			<posy>0</posy>
			   			<height>136</height>
			   			<width>553</width>
						<texture>listing/ps-body-listing_hover.png</texture>
			  		</control>
			  		<control type="image">
			   			<posx>16</posx>
			   			<posy>5</posy>
			   			<width>140</width>
			   			<height>125</height>
			   			<info>ListItem.Icon</info>
			  		</control>
			  		<control type="image">
			   			<posx>60</posx>
			   			<posy>50</posy>
			   			<width>56</width>
			   			<height>33</height>
			  			<texture>listing/ps-body-playbutton.png</texture>
						</control>
			  		<control type="label">
			   			<posx>175</posx>
			   			<posy>10</posy>
			   			<width>350</width>
			   			<height>80</height>
						<scroll>true</scroll>
			   			<font>font22b</font>
			   			<textcolor>black</textcolor>
			   			<aligny>center</aligny>
			   			<label>$INFO[ListItem.Label]</label>
						<wrapmultiline>true</wrapmultiline>
			  		</control>
			  		<control type="label">
			   			<posx>510</posx>
			   			<posy>100</posy>
			   			<width>190</width>
			   			<height>30</height>
			   			<font>serif14</font>
			   			<textcolor>black</textcolor>
			   			<align>right</align>
                        <label>$INFO[ListItem.property(custom:category)]</label>
			  		</control>
			 	</focusedlayout>
				<!--<content type="url" url="rss://rss.popscreen.com/boxee_rss.php">-->
				<content type="url" url="rss://rss.popscreen.com/popular.php?sortby=recent&popular_view_type=24&tags=all">
<!--                    <onclick lang="python"><![CDATA[
# Instantiate Player object
myPlayer = mc.Player()

# Retrieve ListItem object from list container
items = mc.GetActiveWindow().GetList(3100).GetItems()
n = mc.GetActiveWindow().GetList(3100).GetFocusedItem()
listitem = items[n]

# Play!
myPlayer.PlayInBackground( listitem )
]]></onclick>-->
                </content>
            </control>
            <control type="label">
                <posx>110</posx>
                <posy>150</posy>
                <width>754</width>
                <height>50</height>
                <font>font21</font>
                <align>left</align>
                <aligny>top</aligny>
                <wrapmultiline>true</wrapmultiline>
                <label>No results found.</label>
                <textcolor>black</textcolor>
                <selectedcolor>green</selectedcolor>
                <visible>Container(3100).IsEmpty + !Container(3100).IsLoading</visible>
            </control>
<!--            <control type="videowindow">
                <posx>673</posx>
                <posy>130</posy>
                <width>487</width>
                <height>375</height>
            </control>-->

            <!--<include>Bottom_Feather</include>-->
		</control>
		<!-- End of Popular Now section -->

        <!-- Navigation Control - Discovery -->
        <control type = "group" id = "4000">
            <control type = "group" id = "4100">
                <control type = "image" id = "4110">
                    <description>Popular Now Selected</description>
                    <visible>true</visible>
                    <posx>110</posx>
                    <posy>67</posy>
                    <width>161</width>
                    <height>33</height>
                    <colordiffuse>FFFFFFFF</colordiffuse>
                    <texture>local_nav/popular/ps-body-local_nav-popular_hover.png</texture>
                </control>
                <control type = "label" id = "4120">
                    <description>Popular Now - No Focus</description>
                    <visible>true</visible>
                    <posx>110</posx>
                    <posy>71</posy>
                    <width>161</width>
                    <height>33</height>
                    <colordiffuse>FFFFFFFF</colordiffuse>
                    <label>POPULAR NOW</label>
                    <font>font18b</font>
                    <textcolor>white</textcolor>
                    <align>center</align>
                </control>
            </control>
            <control type = "group" id = "4200">
                <control type = "button" id = "4210">
                    <description>Today</description>
                    <visible>false</visible>
                    <posx>271</posx>
                    <posy>67</posy>
                    <width>88</width>
                    <height>33</height>
                    <onup>2000</onup>
                    <onleft>-</onleft>
                    <onright>4300</onright>
                    <ondown>3100</ondown>
                    <colordiffuse>FFFFFFFF</colordiffuse>
                    <texturefocus>local_nav/today/ps-body-local_nav-today_hover.png</texturefocus>
                    <texturenofocus>local_nav/today/ps-body-local_nav-today.png</texturenofocus>
                    <label>TODAY</label>
                    <font>font18b</font>
                    <textcolor>FF444444</textcolor>
                    <focusedcolor>white</focusedcolor>
                    <disabledcolor>88FFFFFF</disabledcolor>
                    <align>center</align>
                    <textoffsety>4</textoffsety>
                    <onclick>Container.SetPath(3100,rss://rss.popscreen.com/popular.php?sortby=recent&popular_view_type=24&tags=all)</onclick>
                    <onclick lang="python"><![CDATA[
mc.GetWindow(14000).GetControl(4210).SetVisible(False)
mc.GetWindow(14000).GetControl(4220).SetVisible(True)

mc.GetWindow(14000).GetControl(4310).SetVisible(True)
mc.GetWindow(14000).GetControl(4320).SetVisible(False)

mc.GetWindow(14000).GetControl(4410).SetVisible(True)
mc.GetWindow(14000).GetControl(4420).SetVisible(False)

]]></onclick>
                </control>
                <control type = "button" id = "4220">
                    <description>Today</description>
                    <visible>true</visible>
                    <posx>271</posx>
                    <posy>67</posy>
                    <width>88</width>
                    <height>33</height>
                    <onup>2000</onup>
                    <onleft>4100</onleft>
                    <onright>4300</onright>
                    <ondown>3100</ondown>
                    <colordiffuse>FFFFFFFF</colordiffuse>
                    <texturefocus>local_nav/today/ps-body-local_nav-today_hover.png</texturefocus>
                    <texturenofocus>local_nav/today/ps-body-local_nav-today_selected.png</texturenofocus>
                    <label>TODAY</label>
                    <font>font18b</font>
                    <textcolor>white</textcolor>
                    <focusedcolor>white</focusedcolor>
                    <disabledcolor>88FFFFFF</disabledcolor>
                    <align>center</align>
                    <textoffsety>4</textoffsety>
                    <onclick>Container.SetPath(3100,rss://rss.popscreen.com/popular.php?sortby=recent&popular_view_type=24&tags=all)</onclick>
                    <onclick lang="python"><![CDATA[
mc.GetWindow(14000).GetControl(4210).SetVisible(False)
mc.GetWindow(14000).GetControl(4220).SetVisible(True)

mc.GetWindow(14000).GetControl(4310).SetVisible(True)
mc.GetWindow(14000).GetControl(4320).SetVisible(False)

mc.GetWindow(14000).GetControl(4410).SetVisible(True)
mc.GetWindow(14000).GetControl(4420).SetVisible(False)

]]></onclick>
                </control>
            </control>
            <control type = "group" id = "4300">
                <control type = "button" id = "4310">
                    <description>7 DAYS</description>
                    <visible>true</visible>
                    <posx>359</posx>
                    <posy>67</posy>
                    <width>90</width>
                    <height>33</height>
                    <onup>2000</onup>
                    <onleft>4200</onleft>
                    <onright>4400</onright>
                    <ondown>3100</ondown>
                    <colordiffuse>FFFFFFFF</colordiffuse>
                    <texturefocus>local_nav/7days/ps-body-local_nav-7days_hover.png</texturefocus>
                    <texturenofocus>local_nav/7days/ps-body-local_nav-7days.png</texturenofocus>
                    <label>7 DAYS</label>
                    <font>font18b</font>
                    <textcolor>FF444444</textcolor>
                    <focusedcolor>white</focusedcolor>
                    <disabledcolor>88FFFFFF</disabledcolor>
                    <align>center</align>
                    <textoffsety>4</textoffsety>
                    <onclick>Container.SetPath(3100,rss://rss.popscreen.com/popular.php?popular_view_type=7&tags=all)</onclick>
                    <onclick lang="python"><![CDATA[
mc.GetWindow(14000).GetControl(4210).SetVisible(True)
mc.GetWindow(14000).GetControl(4220).SetVisible(False)

mc.GetWindow(14000).GetControl(4310).SetVisible(False)
mc.GetWindow(14000).GetControl(4320).SetVisible(True)

mc.GetWindow(14000).GetControl(4410).SetVisible(True)
mc.GetWindow(14000).GetControl(4420).SetVisible(False)

]]></onclick>                
                </control>
                <control type = "button" id = "4320">
                    <description>7 DAYS</description>
                    <visible>false</visible>
                    <posx>359</posx>
                    <posy>67</posy>
                    <width>90</width>
                    <height>33</height>
                    <onup>2000</onup>
                    <onleft>4200</onleft>
                    <onright>4400</onright>
                    <ondown>3100</ondown>
                    <colordiffuse>FFFFFFFF</colordiffuse>
                    <texturefocus>local_nav/7days/ps-body-local_nav-7days_hover.png</texturefocus>
                    <texturenofocus>local_nav/7days/ps-body-local_nav-7days_selected.png</texturenofocus>
                    <label>7 DAYS</label>
                    <font>font18b</font>
                    <textcolor>white</textcolor>
                    <focusedcolor>white</focusedcolor>
                    <disabledcolor>88FFFFFF</disabledcolor>
                    <align>center</align>
                    <textoffsety>4</textoffsety>
                    <onclick>Container.SetPath(3100,rss://rss.popscreen.com/popular.php?popular_view_type=7&tags=all)</onclick>
                    <onclick lang="python"><![CDATA[
mc.GetWindow(14000).GetControl(4210).SetVisible(True)
mc.GetWindow(14000).GetControl(4220).SetVisible(False)

mc.GetWindow(14000).GetControl(4310).SetVisible(False)
mc.GetWindow(14000).GetControl(4320).SetVisible(True)

mc.GetWindow(14000).GetControl(4410).SetVisible(True)
mc.GetWindow(14000).GetControl(4420).SetVisible(False)

]]></onclick>
                </control>
            </control>
            <control type = "group" id = "4400">
                <control type = "button" id = "4410">
                    <description>30 DAYS</description>
                    <visible>true</visible>
                    <posx>449</posx>
                    <posy>67</posy>
                    <width>100</width>
                    <height>33</height>
                    <onup>2000</onup>
                    <onleft>4300</onleft>
                    <onright>2000</onright>
                    <ondown>3100</ondown>
                    <colordiffuse>FFFFFFFF</colordiffuse>
                    <texturefocus>local_nav/30days/ps-body-local_nav-30days_hover.png</texturefocus>
                    <texturenofocus>local_nav/30days/ps-body-local_nav-30days.png</texturenofocus>
                    <label>30 DAYS</label>
                    <font>font18b</font>
                    <textcolor>FF444444</textcolor>
                    <focusedcolor>white</focusedcolor>
                    <disabledcolor>88FFFFFF</disabledcolor>
                    <align>center</align>
                    <textoffsety>4</textoffsety>
                    <onclick>Container.SetPath(3100,rss://rss.popscreen.com/popular.php?popular_view_type=30&tags=all)</onclick>
                    <onclick lang="python"><![CDATA[
mc.GetWindow(14000).GetControl(4210).SetVisible(True)
mc.GetWindow(14000).GetControl(4220).SetVisible(False)

mc.GetWindow(14000).GetControl(4310).SetVisible(True)
mc.GetWindow(14000).GetControl(4320).SetVisible(False)

mc.GetWindow(14000).GetControl(4410).SetVisible(False)
mc.GetWindow(14000).GetControl(4420).SetVisible(True)

]]></onclick>
                </control>
                <control type = "button" id = "4420">
                    <description>30 DAYS</description>
                    <visible>false</visible>
                    <posx>449</posx>
                    <posy>67</posy>
                    <width>100</width>
                    <height>33</height>
                    <onup>2000</onup>
                    <onleft>4300</onleft>
                    <onright>2000</onright>
                    <ondown>3100</ondown>
                    <colordiffuse>FFFFFFFF</colordiffuse>
                    <texturefocus>local_nav/30days/ps-body-local_nav-30days_hover.png</texturefocus>
                    <texturenofocus>local_nav/30days/ps-body-local_nav-30days_selected.png</texturenofocus>
                    <label>30 DAYS</label>
                    <font>font18b</font>
                    <textcolor>white</textcolor>
                    <focusedcolor>white</focusedcolor>
                    <disabledcolor>88FFFFFF</disabledcolor>
                    <align>center</align>
                    <textoffsety>4</textoffsety>
                    <onclick>Container.SetPath(3100,rss://rss.popscreen.com/popular.php?popular_view_type=30&tags=all)</onclick>
                    <onclick lang="python"><![CDATA[
mc.GetWindow(14000).GetControl(4210).SetVisible(True)
mc.GetWindow(14000).GetControl(4220).SetVisible(False)

mc.GetWindow(14000).GetControl(4310).SetVisible(True)
mc.GetWindow(14000).GetControl(4320).SetVisible(False)

mc.GetWindow(14000).GetControl(4410).SetVisible(False)
mc.GetWindow(14000).GetControl(4420).SetVisible(True)

]]></onclick>
                </control>
            </control>
		</control>
        <!-- End of Navigation Control -->
        
        <!-- Navigation Control - User -->
        <control type = "group" id = "5000">
            <visible>false</visible>
            <control type = "group" id = "5100">
                <control type = "button" id = "5110">
                    <description>Videos</description>
                    <visible>false</visible>
                    <posx>110</posx>
                    <posy>67</posy>
                    <width>100</width>
                    <height>33</height>
                    <onleft>-</onleft>
                    <onup>2000</onup>
                    <onright>5200</onright>
                    <ondown>3100</ondown>
                    <colordiffuse>FFFFFFFF</colordiffuse>
                    <texturefocus>local_nav/popular/ps-body-local_nav-popular_hover.png</texturefocus>
                    <texturenofocus>local_nav/popular/ps-body-local_nav-popular.png</texturenofocus>
                    <label>VIDEOS</label>
                    <font>font18b</font>
                    <textcolor>FF444444</textcolor>
                    <focusedcolor>white</focusedcolor>
                    <disabledcolor>88FFFFFF</disabledcolor>
                    <align>center</align>
                    <textoffsety>4</textoffsety>
                    <onclick>Container.SetPath(3100,rss://rss.popscreen.com/boxee_rss.php?username=$INFO[urlencode(App.String(user))]&type=video)</onclick>
                    <onclick lang="python"><![CDATA[
mc.GetWindow(14000).GetControl(5110).SetVisible(False)
mc.GetWindow(14000).GetControl(5120).SetVisible(True)

mc.GetWindow(14000).GetControl(5210).SetVisible(True)
mc.GetWindow(14000).GetControl(5220).SetVisible(False)

mc.GetWindow(14000).GetControl(5310).SetVisible(True)
mc.GetWindow(14000).GetControl(5320).SetVisible(False)

]]></onclick>
                </control>
                <control type = "button" id = "5120">
                    <description>Videos Selected</description>
                    <visible>true</visible>
                    <posx>110</posx>
                    <posy>67</posy>
                    <width>100</width>
                    <height>33</height>
                    <onleft>-</onleft>
                    <onup>2000</onup>
                    <onright>5200</onright>
                    <ondown>3100</ondown>
                    <colordiffuse>FFFFFFFF</colordiffuse>
                    <texturefocus>local_nav/popular/ps-body-local_nav-popular_hover.png</texturefocus>
                    <texturenofocus>local_nav/popular/ps-body-local_nav-popular_selected.png</texturenofocus>
                    <label>VIDEOS</label>
                    <font>font18b</font>
                    <textcolor>white</textcolor>
                    <focusedcolor>white</focusedcolor>
                    <disabledcolor>88FFFFFF</disabledcolor>
                    <align>center</align>
                    <textoffsety>4</textoffsety>
                    <onclick>Container.SetPath(3100,rss://rss.popscreen.com/boxee_rss.php?username=$INFO[urlencode(App.String(user))]&type=video)</onclick>
                    <onclick lang="python"><![CDATA[
mc.GetWindow(14000).GetControl(5110).SetVisible(False)
mc.GetWindow(14000).GetControl(5120).SetVisible(True)

mc.GetWindow(14000).GetControl(5210).SetVisible(True)
mc.GetWindow(14000).GetControl(5220).SetVisible(False)

mc.GetWindow(14000).GetControl(5310).SetVisible(True)
mc.GetWindow(14000).GetControl(5320).SetVisible(False)

]]></onclick>
                </control>
            </control>
            <control type = "group" id = "5200">
                <control type = "button" id = "5210">
                    <description>Playlists</description>
                    <visible>true</visible>
                    <posx>210</posx>
                    <posy>67</posy>
                    <width>130</width>
                    <height>33</height>
                    <onup>2000</onup>
                    <onleft lang="python"><![CDATA[
mc.GetWindow(14000).GetControl(5400).SetVisible(False)
mc.GetWindow(14000).GetControl(5100).SetFocus()
]]></onleft>
                    <onright lang="python"><![CDATA[
mc.GetWindow(14000).GetControl(5400).SetVisible(False)
mc.GetWindow(14000).GetControl(2000).SetFocus()
]]></onright>
                    <onright>2000</onright>
                    <ondown lang="python"><![CDATA[
mc.GetWindow(14000).GetControl(5400).SetVisible(False)
mc.GetWindow(14000).GetControl(3100).SetFocus()
]]></ondown>
                    <colordiffuse>FFFFFFFF</colordiffuse>
<!--                    <texturefocus>local_nav/today/ps-body-local_nav-today_hover.png</texturefocus>
                    <texturenofocus>local_nav/today/ps-body-local_nav-today.png</texturenofocus>-->
                    <texturefocus>local_nav/30days/ps-body-local_nav-30days_hover.png</texturefocus>
                    <texturenofocus>local_nav/30days/ps-body-local_nav-30days.png</texturenofocus>                    
                    <label>PLAYLISTS</label>
                    <font>font18b</font>
                    <textcolor>FF444444</textcolor>
                    <focusedcolor>white</focusedcolor>
                    <disabledcolor>88FFFFFF</disabledcolor>
                    <align>center</align>
                    <textoffsety>4</textoffsety>
                    <onfocus lang="python"><![CDATA[
mc.GetWindow(14000).GetControl(5400).SetVisible(True)
mc.GetWindow(14000).GetControl(5500).SetVisible(True)
mc.GetWindow(14000).GetControl(5500).SetFocus()
]]></onfocus>
                    <onclick>Container.SetPath(3100,rss://rss.popscreen.com/boxee_rss.php)</onclick>
                    <onclick lang="python"><![CDATA[
mc.GetWindow(14000).GetControl(5110).SetVisible(True)
mc.GetWindow(14000).GetControl(5120).SetVisible(False)

mc.GetWindow(14000).GetControl(5210).SetVisible(False)
mc.GetWindow(14000).GetControl(5220).SetVisible(True)

mc.GetWindow(14000).GetControl(5310).SetVisible(True)
mc.GetWindow(14000).GetControl(5320).SetVisible(False)

]]></onclick>
                </control>
                <control type = "button" id = "5220">
                    <description>Playlists</description>
                    <visible>false</visible>
                    <posx>210</posx>
                    <posy>67</posy>
                    <width>130</width>
                    <height>33</height>
                    <onup>2000</onup>
					<onleft lang="python"><![CDATA[
mc.GetWindow(14000).GetControl(5400).SetVisible(False)
mc.GetWindow(14000).GetControl(5100).SetFocus()
]]></onleft>
					<onright lang="python"><![CDATA[
mc.GetWindow(14000).GetControl(5400).SetVisible(False)
mc.GetWindow(14000).GetControl(2000).SetFocus()
]]></onright>
					<ondown lang="python"><![CDATA[
mc.GetWindow(14000).GetControl(5400).SetVisible(False)
mc.GetWindow(14000).GetControl(3100).SetFocus()
]]></ondown>
                    <colordiffuse>FFFFFFFF</colordiffuse>
<!--                    <texturefocus>local_nav/today/ps-body-local_nav-today_hover.png</texturefocus>
                    <texturenofocus>local_nav/today/ps-body-local_nav-today_selected.png</texturenofocus>-->
                    <texturefocus>local_nav/30days/ps-body-local_nav-30days_hover.png</texturefocus>
                    <texturenofocus>local_nav/30days/ps-body-local_nav-30days.png</texturenofocus>                    
                    <label>PLAYLISTS</label>
                    <font>font18b</font>
                    <textcolor>white</textcolor>
                    <focusedcolor>white</focusedcolor>
                    <disabledcolor>88FFFFFF</disabledcolor>
                    <align>center</align>
                    <textoffsety>4</textoffsety>
                    <onfocus lang="python"><![CDATA[
mc.GetWindow(14000).GetControl(5400).SetVisible(True)
mc.GetWindow(14000).GetControl(5500).SetVisible(True)
mc.GetWindow(14000).GetControl(5500).SetFocus()
]]></onfocus>
                    <onclick>Container.SetPath(3100,rss://rss.popscreen.com/boxee_rss.php)</onclick>
                    <onclick lang="python"><![CDATA[
mc.GetWindow(14000).GetControl(5110).SetVisible(True)
mc.GetWindow(14000).GetControl(5120).SetVisible(False)

mc.GetWindow(14000).GetControl(5210).SetVisible(False)
mc.GetWindow(14000).GetControl(5220).SetVisible(True)

mc.GetWindow(14000).GetControl(5310).SetVisible(True)
mc.GetWindow(14000).GetControl(5320).SetVisible(False)

]]></onclick>
                </control>
            </control>
            <control type = "group" id = "5300">
                <visible>false</visible>
                <control type = "button" id = "5310">
                    <description>Live shows - not working yet in RSS</description>
                    <visible>true</visible>
                    <posx>340</posx>
                    <posy>67</posy>
                    <width>160</width>
                    <height>33</height>
                    <onup>2000</onup>
                    <onleft>5200</onleft>
                    <onright>2000</onright>
                    <ondown>3100</ondown>
                    <colordiffuse>FFFFFFFF</colordiffuse>
                    <texturefocus>local_nav/30days/ps-body-local_nav-30days_hover.png</texturefocus>
                    <texturenofocus>local_nav/30days/ps-body-local_nav-30days.png</texturenofocus>
                    <label>LIVE SHOWS</label>
                    <font>font18b</font>
                    <textcolor>FF444444</textcolor>
                    <focusedcolor>white</focusedcolor>
                    <disabledcolor>88FFFFFF</disabledcolor>
                    <align>center</align>
                    <textoffsety>4</textoffsety>
                    <onclick>Container.SetPath(3100,rss://rss.popscreen.com/boxee_rss.php)</onclick>
                    <onclick lang="python"><![CDATA[
mc.GetWindow(14000).GetControl(5110).SetVisible(True)
mc.GetWindow(14000).GetControl(5120).SetVisible(False)

mc.GetWindow(14000).GetControl(5210).SetVisible(True)
mc.GetWindow(14000).GetControl(5220).SetVisible(False)

mc.GetWindow(14000).GetControl(5310).SetVisible(False)
mc.GetWindow(14000).GetControl(5320).SetVisible(True)

]]></onclick>                
                </control>
                <control type = "button" id = "5320">
                    <description>Live shows - Selected</description>
                    <visible>false</visible>
                    <posx>340</posx>
                    <posy>67</posy>
                    <width>160</width>
                    <height>33</height>
                    <onup>2000</onup>
                    <onleft>5200</onleft>
                    <onright>2000</onright>
                    <ondown>3100</ondown>
                    <colordiffuse>FFFFFFFF</colordiffuse>
                    <texturefocus>local_nav/30days/ps-body-local_nav-30days_hover.png</texturefocus>
                    <texturenofocus>local_nav/30days/ps-body-local_nav-30days_selected.png</texturenofocus>
                    <label>LIVE SHOWS</label>
                    <font>font18b</font>
                    <textcolor>white</textcolor>
                    <focusedcolor>white</focusedcolor>
                    <disabledcolor>88FFFFFF</disabledcolor>
                    <align>center</align>
                    <textoffsety>4</textoffsety>
                    <onclick>Container.SetPath(3100,rss://rss.popscreen.com/boxee_rss.php)</onclick>
                    <onclick lang="python"><![CDATA[
mc.GetWindow(14000).GetControl(5110).SetVisible(True)
mc.GetWindow(14000).GetControl(5120).SetVisible(False)

mc.GetWindow(14000).GetControl(5210).SetVisible(True)
mc.GetWindow(14000).GetControl(5220).SetVisible(False)

mc.GetWindow(14000).GetControl(5310).SetVisible(False)
mc.GetWindow(14000).GetControl(5320).SetVisible(True)

]]></onclick>
                </control>
            </control>
            <control type = "image" id = "5400">
                <visible>false</visible>
                <posx>210</posx>
                <posy>100</posy>
                <width>200</width>
                <height>400</height>
                <texture>green.png</texture>
            </control>
        </control>
        <!-- End of Navigation Control for Users -->

        <control type = "list" id = "5500">
            <visible>false</visible>
            <posx>210</posx>
            <posy>100</posy>
            <width>200</width>
            <height>400</height>
			<onup>5200</onup>
			<onleft lang="python"><![CDATA[
mc.GetWindow(14000).GetControl(5400).SetVisible(False)
mc.GetWindow(14000).GetControl(5500).SetVisible(False)
mc.GetWindow(14000).GetControl(5100).SetFocus()
]]></onleft>
            <onright lang="python"><![CDATA[
mc.GetWindow(14000).GetControl(5400).SetVisible(False)
mc.GetWindow(14000).GetControl(5500).SetVisible(False)
mc.GetWindow(14000).GetControl(2000).SetFocus()
]]></onright>
			<ondown lang="python"><![CDATA[
mc.GetWindow(14000).GetControl(5400).SetVisible(False)
mc.GetWindow(14000).GetControl(5500).SetVisible(False)
mc.GetWindow(14000).GetControl(3100).SetFocus()
]]></ondown>            
            <itemlayout height="40" width="200">
                <control type="label">
                    <posx>7</posx>
                    <posy>0</posy>
                    <width>196</width>
                    <height>40</height>
                    <font>font15b</font>
                    <align>left</align>
                    <aligny>center</aligny>
                    <label>[UPPERCASE]$INFO[ListItem.Label][/UPPERCASE]</label>
                    <textcolor>black</textcolor>
                    <selectedcolor>FFFDF041</selectedcolor>
                </control>
            </itemlayout>
            <focusedlayout height="40" width="200">
                <control type="image">
                    <posx>0</posx>
                    <posy>0</posy>
                    <width>200</width>
                    <height>40</height>
                    <texture>white.png</texture>
                    <colordiffuse>FFA1BE44</colordiffuse>
                </control>
                <control type="label">
                    <posx>7</posx>
                    <posy>0</posy>
                    <width>193</width>
                    <height>40</height>
                    <font>font15b</font>
                    <align>left</align>
                    <aligny>center</aligny>
                    <label>[UPPERCASE]$INFO[ListItem.Label][/UPPERCASE]</label>
                    <textcolor>black</textcolor>
                </control>
            </focusedlayout>
            <content type="url" url="rss://rss.popscreen.com/playlist.php?username=$INFO[urlencode(App.String(user))]">
                <onclick lang="python"><![CDATA[
items = mc.GetActiveWindow().GetList(5500).GetItems()
n = mc.GetActiveWindow().GetList(5500).GetFocusedItem()
listitem = items[n]

new_rss = listitem.GetPath()
mc.GetActiveWindow().GetList(3100).SetContentURL(new_rss)

mc.GetActiveWindow().GetControl(5400).SetVisible(False)
mc.GetActiveWindow().GetControl(5500).SetVisible(False)
mc.GetActiveWindow().GetControl(3100).SetFocus()


]]></onclick>
            </content>
        </control>

	</controls>
</window>
