<?xml version="1.0" encoding="utf-8"?>
<app>
      <id>tv.boxee.fyretv</id>
      <partner-id>FyreTV</partner-id>
      <name>FyreTV</name>
      <version>1.28</version>
      <description>Over 15,000 XXX movies (75,000 scenes) with all your favorite stars from the industry's top studios. Watch on your Boxee Box, computer, phone, and tablet.</description>
      <thumb>http://img.fyretv.com:8182/thumbnails/boxee/fyretv_logo.jpg</thumb>
      <repositoryid>tv.boxee</repositoryid>
      <repository>http://dir.boxee.tv/apps</repository>
      <media>video</media>
      <author>Newvue</author>
      <copyright>Wreal, LLC © Copyright 2008-2012</copyright>
      <email>tech@newvue.com</email>
      <type>skin</type>
      <startWindow>start</startWindow>
      <platform>dlink.dsm380</platform>
      <rating>adult</rating>
      <minversion>1.2.1</minversion>
</app>
