<?xml version="1.0" encoding="utf-8" ?>
<app>
    <id>tv.boxee.grooveshark</id>
    <name>Grooveshark</name>
    <version>1.51</version>
    <description>As the world's favorite streaming music service, Grooveshark aims to give everyone on Earth instantaneous access to the music they love - any time, anywhere.</description>
    <thumb>http://rr.a.gs-cdn.net/boxee/appicon.png</thumb>
    <media>music</media>
    <author>Grooveshark</author>
    <copyright>Escape Media Group</copyright>
    <email>support@grooveshark.com</email>
    <type>skin</type>
    <startWindow>app</startWindow>
    <platform>all</platform>
    <minversion>0.9.11</minversion>
    <is-persistent>true</is-persistent>
    <repository>http://dir.boxee.tv/apps</repository>
    <repositoryid>tv.boxee</repositoryid>
</app>
