<window type="dialog" id="14001">
   <defaultcontrol always="true">7001</defaultcontrol>
   <allowoverlay>yes</allowoverlay>
   <onunload lang="python"><![CDATA[
cf = mc.GetApp().GetLocalConfig()
cf.Reset('getaccess')
cf.SetValue('launched', 'true')
]]></onunload>
   <controls>
      <include>Dialog_Popup_Background</include>
      <control type="group" id="7000">
         <posx>185</posx>
         <posy>120</posy>
         <include>Dialog_Popup_Animation</include>
         <control type="image">
            <description>background</description>
            <width>910</width>
            <height>480</height>
            <texture>dialog-box.png</texture>
         </control>

         <control type="group">
            <visible>!App.HasSetting(launched)</visible>
            <control type="label">
               <posx>40</posx>
               <posy>40</posy>
               <width>830</width>
               <height>400</height>
               <font>font36b</font>
               <label>Welcome to GBTV!</label>
            </control>
            <control type="label">
               <posx>40</posx>
               <posy>120</posy>
               <width>830</width>
               <height>320</height>
               <font>font23</font>
               <wrapmultiline>true</wrapmultiline>
               <label>GBTV is Glenn's Beck’s new live HD Video Network, featuring originals that you just can't get anywhere else.  Subscribing to [B][COLOR ffff0000]GBTV[/COLOR][/B] or [B][COLOR ffff0000]GBTV Plus[/COLOR][/B] is your inside ticket to the program that Glenn has always wanted to make, brought to you in stunning quality whenever you want.[CR][CR]To find out more and become a subscriber, visit [B][COLOR ffff0000]gbtv.com/boxee[/COLOR][/B] today.</label>
            </control>
         </control>

         <control type="group">
            <visible>App.HasSetting(launched)</visible>
            <control type="label">
               <posx>40</posx>
               <posy>40</posy>
               <width>830</width>
               <height>400</height>
               <font>font36b</font>
               <label>GBTV Subscription Information</label>
            </control>
            <control type="label">
               <posx>40</posx>
               <posy>120</posy>
               <width>830</width>
               <height>320</height>
               <font>font23</font>
               <wrapmultiline>true</wrapmultiline>
               <visible>!App.HasSetting(getaccess)</visible>
               <label>You have selected content that requires a subscription.  There are two access levels for you to choose from:  [B][COLOR ffff0000]GBTV[/COLOR][/B] brings you access to Glenn’s daily live two-hour show, while [B][COLOR ffff0000]GBTV Plus[/COLOR][/B] additionally provides access to a video broadcast of Glenn’s Daily Radio program, exclusive documentaries and much more.[CR][CR]For more information and to choose your subscription level, visit [B][COLOR ffff0000]gbtv.com/boxee[/COLOR][/B] today!</label>
            </control>
            <control type="label">
               <posx>40</posx>
               <posy>120</posy>
               <width>830</width>
               <height>320</height>
               <font>font23</font>
               <wrapmultiline>true</wrapmultiline>
               <visible>App.HasSetting(getaccess)</visible>
               <label>There are two access levels for you to choose from:  [B][COLOR ffff0000]GBTV[/COLOR][/B] brings you access to Glenn’s daily live two-hour show, while [B][COLOR ffff0000]GBTV Plus[/COLOR][/B] additionally provides access to a video broadcast of Glenn’s Daily Radio program, exclusive documentaries and much more.[CR][CR]For more information and to choose your subscription level, visit [B][COLOR ffff0000]gbtv.com/boxee[/COLOR][/B] today!</label>
            </control>
         </control>

         <control type="button" id="7001">
            <posy>400</posy>
            <posx>40</posx>
            <width>176</width>
            <height>46</height>
            <font>font21</font>
            <onup>-</onup>
            <ondown>-</ondown>
            <onright>-</onright>
            <onleft>-</onleft>
            <label>Back to GBTV</label>
            <textcolor>FFFFFFFF</textcolor>
            <focusedcolor>FFFFFFFF</focusedcolor>
            <align>center</align>
            <aligny>center</aligny>
            <textoffsetx>16</textoffsetx>
            <texturefocus>btn-dialogbox.png</texturefocus>
            <texturenofocus>btn-dialogbox.png</texturenofocus>
            <onclick>Dialog.Close(14001)</onclick>
         </control>

      </control>
   </controls>
</window>
