<?xml version="1.0"?>
<window type="window" id="14000">
	<defaultcontrol always="true">2000</defaultcontrol>
	<allowoverlay>no</allowoverlay>
	<onload lang="python"><![CDATA[
import gbtv_boxee
gbtv_boxee.windowLaunch()
]]></onload>
   <controls>
      <control type="image">
         <width>1280</width>
         <height>720</height>
         <texture>background.png</texture>
      </control>
      <control type="image">
         <width>315</width>
         <height>720</height>
         <texture>black.png</texture>
      </control>
      <control type="button" id="500">
         <posy>15</posy>
         <posx>918</posx>
         <width>348</width>
         <height>48</height>
         <font>font18</font>
         <ondown>550</ondown>
         <onright>550</onright>
         <onleft>550</onleft>
         <label>Get Full Access to GBTV</label>
         <textcolor>FF929292</textcolor>
         <focusedcolor>FFEBEBEB</focusedcolor>
         <align>left</align>
         <aligny>center</aligny>
         <textoffsetx>16</textoffsetx>
         <texturefocus>btn-gbtvpromo-focus.png</texturefocus>
         <texturenofocus>btn-gbtvpromo.png</texturenofocus>
         <onclick lang="python"><![CDATA[
mc.GetApp().GetLocalConfig().SetValue('getaccess', 'true')
mc.ActivateWindow(14001)
]]></onclick>
      </control>
      <control type="group" id="550">
         <onup>500</onup>
         <control type="image">
            <posx>40</posx>
            <posy>58</posy>
            <width>168</width>
            <height>42</height>
            <texture>gbtvlogo.png</texture>
         </control>
         <control type="list" id="1100">
            <posx>28</posx>
            <posy>140</posy>
            <width>258</width>
            <height>566</height>
            <onup>500</onup>
            <onleft>-</onleft>
            <onright>2000</onright>
            <pagecontrol></pagecontrol>
            <scrolltime>200</scrolltime>
            <preloaditems>2</preloaditems>
            <orientation>vertical</orientation>
            <itemlayout width="258" height="81">
               <control type="group">
                  <control type="image">
                     <width>258</width>
                     <height>71</height>
                     <texture>leftmenu-2lines-on.png</texture>
                     <visible>Listitem.IsSelected</visible>
                  </control>
                  <control type="label">
                     <posy>-2</posy>
                     <posx>10</posx>
                     <width>238</width>
                     <height>71</height>
                     <font>font23b</font>
                     <aligny>center</aligny>
                     <textcolor>FF929292</textcolor>
                     <wrapmultiline>true</wrapmultiline>
                     <label>$INFO[Listitem.Label]</label>
                     <visible>Control.HasFocus(1100) + !Listitem.IsSelected</visible>
                  </control>
                  <control type="label">
                     <posy>-2</posy>
                     <posx>10</posx>
                     <width>238</width>
                     <height>71</height>
                     <font>font23b</font>
                     <aligny>center</aligny>
                     <textcolor>FFEBEBEB</textcolor>
                     <wrapmultiline>true</wrapmultiline>
                     <label>$INFO[Listitem.Label]</label>
                     <visible>Listitem.IsSelected</visible>
                  </control>
                  <control type="label">
                     <posy>-2</posy>
                     <posx>10</posx>
                     <width>238</width>
                     <height>71</height>
                     <font>font23b</font>
                     <aligny>center</aligny>
                     <textcolor>88929292</textcolor>
                     <wrapmultiline>true</wrapmultiline>
                     <label>$INFO[Listitem.Label]</label>
                     <visible>!Control.HasFocus(1100) + !Listitem.IsSelected</visible>
                  </control>
               </control>
            </itemlayout>
            <focusedlayout width="256" height="81">
               <control type="image">
                  <width>258</width>
                  <height>71</height>
                  <visible>!Control.HasFocus(1100) + Listitem.IsSelected</visible>
                  <texture>leftmenu-2lines-on.png</texture>
               </control>
               <control type="image">
                  <width>258</width>
                  <height>71</height>
                  <visible>Control.HasFocus(1100)</visible>
                  <texture>leftmenu-2lines-focus.png</texture>
               </control>
               <control type="label">
                  <posy>-2</posy>
                  <posx>10</posx>
                  <width>238</width>
                  <height>71</height>
                  <font>font23b</font>
                  <aligny>center</aligny>
                  <textcolor>FFEBEBEB</textcolor>
                  <wrapmultiline>true</wrapmultiline>
                  <label>$INFO[Listitem.Label]</label>
                  <visible>Listitem.IsSelected</visible>
               </control>
               <control type="label">
                  <posy>-2</posy>
                  <posx>10</posx>
                  <width>238</width>
                  <height>71</height>
                  <font>font23b</font>
                  <aligny>center</aligny>
                  <textcolor>FFEBEBEB</textcolor>
                  <wrapmultiline>true</wrapmultiline>
                  <label>$INFO[Listitem.Label]</label>
                  <visible>Control.HasFocus(1100)</visible>
               </control>
               <control type="label">
                  <posy>-2</posy>
                  <posx>10</posx>
                  <width>238</width>
                  <height>71</height>
                  <font>font23b</font>
                  <aligny>center</aligny>
                  <textcolor>88929292</textcolor>
                  <wrapmultiline>true</wrapmultiline>
                  <label>$INFO[Listitem.Label]</label>
                  <visible>!Control.HasFocus(1100) + !Listitem.IsSelected</visible>
               </control>
            </focusedlayout>
            <content type="action">
               <onclick lang="python"><![CDATA[
gbtv_boxee.loadContentList()
]]></onclick>
            </content>
         </control>
         <control type="group" id="2000">
            <posy>41</posy>
            <posx>340</posx>
            <control type="group" id="2100">
               <description>LIVE SHOW VIEW</description>
               <visible>!Control.IsVisible(2200)</visible>
               <onup>2000</onup>
               <control type="label">
                  <font>font23b</font>
                  <info>Container(2101).Listitem.property(custom:formatted)</info>
               </control>
               <control type="label">
                  <posy>26</posy>
                  <font>font36b</font>
                  <label>Live Now</label>
               </control>
               <control type="list" id="2101">
                  <posx>2</posx>
                  <posy>99</posy>
                  <width>946</width>
                  <height>600</height>
                  <onup>500</onup>
                  <onleft>1100</onleft>
                  <onright>500</onright>
                  <pagecontrol></pagecontrol>
                  <scrolltime>200</scrolltime>
                  <preloaditems>2</preloaditems>
                  <orientation>vertical</orientation>
                  <itemlayout width="314" height="494">
                  </itemlayout>
                  <focusedlayout width="314" height="494">
                     <control type="image">
                        <width>494</width>
                        <height>288</height>
                        <visible>!Control.HasFocus(2101)</visible>
                        <texture>videolarge.png</texture>
                     </control>
                     <control type="image">
                        <width>494</width>
                        <height>288</height>
                        <visible>Control.HasFocus(2101)</visible>
                        <texture>videolarge-focus.png</texture>
                     </control>
                     <control type="image">
                        <posx>7</posx>
                        <posy>6</posy>
                        <width>480</width>
                        <height>276</height>
                        <aspectratio>scale</aspectratio>
                        <texture>$INFO[Listitem.thumb]</texture>
                     </control>
                     <control type="image">
                        <posx>213</posx>
                        <posy>110</posy>
                        <width>68</width>
                        <height>68</height>
                        <texture>icon-play.png</texture>
                        <visible>Control.HasFocus(2101)</visible>
                     </control>
                     <control type="group">
                        <posx>518</posx>
                        <control type="label">
                           <width>390</width>
                           <height>25</height>
                           <font>font23b</font>
                           <label>[COLOR FF929292]$INFO[Listitem.property(custom:display-hour)][/COLOR]</label>
                        </control>
                        <control type="label">
                           <posy>35</posy>
                           <width>365</width>
                           <height>100</height>
                           <font>font32b</font>
                           <wrapmultiline>true</wrapmultiline>
                           <label>[COLOR FFEBEBEB]$INFO[Listitem.Label][/COLOR]</label>
                        </control>
                        <control type="label">
                           <posy>120</posy>
                           <width>390</width>
                           <height>450</height>
                           <font>font23</font>
                           <wrapmultiline>true</wrapmultiline>
                           <label>[COLOR FF929292]$INFO[Listitem.property(custom:content-encoded)][/COLOR]</label>
                        </control>
                     </control>
                  </focusedlayout>
                  <content type="action">
                     <onclick lang="python"><![CDATA[
list = mc.GetActiveWindow().GetList(2101)
item = list.GetItem(list.GetFocusedItem())
gbtv_boxee.playItem(item)
]]></onclick>
                  </content>
               </control>
            </control>

            <control type="group" id="2200">
               <description>DEFAULT LIST VIEW</description>
               <onup>2100</onup>
               <control type="label">
                  <font>font23b</font>
                  <label>$INFO[Container(2202).NumItems] Results</label>
               </control>
               <control type="label" id="2201">
                  <posy>26</posy>
                  <font>font36b</font>
                  <label>Today's Shows</label>
               </control>
               <control type="panel" id="2202">
                  <posx>2</posx>
                  <posy>99</posy>
                  <width>946</width>
                  <height>600</height>
                  <onup>500</onup>
                  <onleft>1100</onleft>
                  <onright>500</onright>
                  <pagecontrol></pagecontrol>
                  <scrolltime>200</scrolltime>
                  <preloaditems>2</preloaditems>
                  <orientation>vertical</orientation>
                  <itemlayout width="314" height="280">
                     <control type="image">
                        <width>288</width>
                        <height>180</height>
                        <texture>videomedium.png</texture>
                     </control>
                     <control type="image">
                        <posx>8</posx>
                        <posy>8</posy>
                        <width>272</width>
                        <height>164</height>
                        <aspectratio>scale</aspectratio>
                        <texture>$INFO[Listitem.thumb]</texture>
                     </control>
                    <control type="image">
                        <posx>15</posx>
                        <posy>15</posy>
                        <width>41</width>
                        <height>20</height>
                        <texture>icon-live.png</texture>
                        <visible>!IsEmpty(Listitem.property(custom:media_on))</visible>
                    </control>
                     <control type="group">
                        <posy>15</posy>
                        <posx>210</posx>
                        <control type="image">
                            <width>63</width>
                            <height>25</height>
                            <texture>icon-gbtv.png</texture>
                            <visible>!IsEmpty(Listitem.property(custom:gbtv_default))</visible>
                        </control>
                        <control type="image">
                            <width>63</width>
                            <height>25</height>
                            <texture>icon-plus.png</texture>
                            <visible>!IsEmpty(Listitem.property(custom:gbtv_extreme))</visible>
                        </control>
                     </control>
                     <control type="group">
                        <visible>App.HasSetting(displayhour)</visible>
                        <control type="label">
                           <posx>5</posx>
                           <posy>185</posy>
                           <width>262</width>
                           <height>24</height>
                           <font>font21</font>
                           <aligny>top</aligny>
                           <textcolor>FF929292</textcolor>
                           <label>[B]$INFO[Listitem.property(custom:display-hour)][/B]</label>
                        </control>
                        <control type="label">
                           <posx>5</posx>
                           <posy>210</posy>
                           <width>262</width>
                           <height>80</height>
                           <font>font21</font>
                           <aligny>top</aligny>
                           <textcolor>FF929292</textcolor>
                           <wrapmultiline>true</wrapmultiline>
                           <label>[B]$INFO[Listitem.Label][/B]</label>
                        </control>
                     </control>
                     <control type="label">
                        <posx>5</posx>
                        <posy>185</posy>
                        <width>262</width>
                        <height>80</height>
                        <font>font21</font>
                        <aligny>top</aligny>
                        <textcolor>FF929292</textcolor>
                        <wrapmultiline>true</wrapmultiline>
                        <label>[B]$INFO[Listitem.property(description)][/B]</label>
                        <visible>!App.HasSetting(displayhour)</visible>
                     </control>
                  </itemlayout>
                  <focusedlayout width="314" height="280">
                     <control type="image">
                        <width>288</width>
                        <height>180</height>
                        <visible>Control.HasFocus(2202)</visible>
                        <texture>videomedium-focus.png</texture>
                     </control>
                     <control type="image">
                        <posx>8</posx>
                        <posy>8</posy>
                        <width>272</width>
                        <height>164</height>
                        <aspectratio>scale</aspectratio>
                        <texture>$INFO[Listitem.thumb]</texture>
                     </control>
                    <control type="image">
                        <posx>15</posx>
                        <posy>15</posy>
                        <width>41</width>
                        <height>20</height>
                        <texture>icon-live.png</texture>
                        <visible>!IsEmpty(Listitem.property(custom:media_on))</visible>
                    </control>
                     <control type="group">
                        <posy>15</posy>
                        <posx>210</posx>
                        <control type="image">
                            <width>63</width>
                            <height>25</height>
                            <texture>icon-gbtv.png</texture>
                            <visible>!IsEmpty(Listitem.property(custom:gbtv_default))</visible>
                        </control>
                        <control type="image">
                            <width>63</width>
                            <height>25</height>
                            <texture>icon-plus.png</texture>
                            <visible>!IsEmpty(Listitem.property(custom:gbtv_extreme))</visible>
                        </control>
                     </control>
                     <control type="image">
                        <posx>118</posx>
                        <posy>64</posy>
                        <width>53</width>
                        <height>52</height>
                        <texture>icon-play.png</texture>
                     </control>
                     <control type="group">
                        <visible>App.HasSetting(displayhour)</visible>
                        <control type="label">
                           <posx>5</posx>
                           <posy>185</posy>
                           <width>262</width>
                           <height>24</height>
                           <font>font21</font>
                           <aligny>top</aligny>
                           <textcolor>FFEBEBEB</textcolor>
                           <label>[B]$INFO[Listitem.property(custom:display-hour)][/B]</label>
                        </control>
                        <control type="label">
                           <posx>5</posx>
                           <posy>210</posy>
                           <width>262</width>
                           <height>80</height>
                           <font>font21</font>
                           <aligny>top</aligny>
                           <textcolor>FFEBEBEB</textcolor>
                           <wrapmultiline>true</wrapmultiline>
                           <label>[B]$INFO[Listitem.Label][/B]</label>
                        </control>
                     </control>
                     <control type="label">
                        <posx>5</posx>
                        <posy>185</posy>
                        <width>262</width>
                        <height>80</height>
                        <font>font21</font>
                        <aligny>top</aligny>
                        <textcolor>FFEBEBEB</textcolor>
                        <wrapmultiline>true</wrapmultiline>
                        <label>[B]$INFO[Listitem.property(description)][/B]</label>
                        <visible>!App.HasSetting(displayhour)</visible>
                     </control>
                  </focusedlayout>
                  <content type="action">
                     <onclick lang="python"><![CDATA[
list = mc.GetActiveWindow().GetList(2202)
item = list.GetItem(list.GetFocusedItem())
gbtv_boxee.playItem(item)
]]></onclick>
                  </content>
               </control>
            </control>
         </control>
      </control>
   </controls>
</window>
