<?xml version="1.0" encoding="utf-8" ?>
<app>
  <id>tvkaista</id>
  <name>TVkaista.fi</name>
  <version>0.18</version>
  <description>Watch Finnish commercial TVKaista streaming services with Boxee. Requires a TVKaista user account. See http://www.tvkaista.fi for more details. Note: application language is Finnish.</description>
  <thumb>http://dir.boxee.tv/apps/tvkaista/thumb.png</thumb>
  <repository>http://dir.boxee.tv/apps</repository>
  <media>video</media>
  <copyright>Viljo Viitanen</copyright>
  <email>viljo.viitanen@gmail.com</email>
  <type>skin</type>
  <platform>all</platform>
  <minversion>1.0</minversion>
  <startWindow>launch</startWindow>
</app>

