<?xml version="1.0"?>
<window type="window" id="14000">

    <defaultcontrol always="true">9001</defaultcontrol>
    <allowoverlay>no</allowoverlay>
    
    <controls>

        <control type="group">
        
            <control type="image">
                <posx>0</posx>
                <posy>0</posy>
                <width>1280</width>
                <height>720</height>
                <texture>background.png</texture>
            </control>

            
            <control type="list" id="9001">
				<posx>60</posx>
				<posy>225</posy>
				<width>400</width>
				<height>450</height>
				<visible>true</visible>
				<orientation>vertical</orientation>
				<focusposition>1</focusposition>
				
				<itemlayout height="50">
				
					<control type="label">
						<posx>30</posx>
						<posy>0</posy>
						<width>350</width>
						<height>50</height>
						<font>font26</font>
						<align>left</align>
						<aligny>center</aligny>
						<label>$INFO[ListItem.Label]</label>
						<textcolor>ff707070</textcolor>
						<selectedcolor>ff707070</selectedcolor>
					</control>
					
				
				</itemlayout>
				
				
				<focusedlayout height="50">
					<!--
					<control type="image">
						<posx>5</posx>
						<posy>15</posy>
						<width>20</width>
						<height>20</height>
						<texture>selector.png</texture>
					</control>
					-->
					<control type="label">
						<posx>30</posx>
						<posy>0</posy>
						<width>350</width>
						<height>50</height>
						<font>font26b</font>
						<align>left</align>
						<aligny>center</aligny>
						<label>$INFO[ListItem.Label]</label>
						<textcolor>ff000000</textcolor>
						<selectedcolor>ff000000</selectedcolor>
						
						
					</control>
					
					
					
				</focusedlayout>
				
				<content type="url" url="http://apps.jhanamusic.com/boxee/data.php">
					<onclick>SaveWindowState</onclick>
					
					<onclick lang="python">
<![CDATA[
list = mc.GetActiveWindow().GetList(9001)
item = list.GetItem(list.GetFocusedItem())
path = item.GetPath()
if 'http://apps.jhanamusic.com/boxee/data.php' in path:
	mc.GetActiveWindow().GetList(9001).SetContentURL(item.GetPath())
else:
	mc.GetActiveWindow().PopState(False)
	mc.GetPlayer().PlayWithActionMenu(item)
]]>
					</onclick>
				</content>
				
			</control>
			
			
			<control type="group">
				
				<control type="image" id="10001">
					<posx>560</posx>
					<posy>215</posy>
					<width>175</width>
					<height>175</height>
					<texture>$INFO[Container(9001).ListItem.Thumb]</texture>
				</control>
				<control type="label" id="10002">
					<visible>true</visible>
					<posx>775</posx>
					<posy>235</posy>
					<width>415</width>
					<height>35</height>
					<font>font40</font>
					<align>left</align>
					<aligny>top</aligny>
					<label>$INFO[Container(9001).ListItem.property(custom:artist)]</label>
					<textcolor>ff707070</textcolor>
					<selectedcolor>ff707070</selectedcolor>
					<wrapmultiline>false</wrapmultiline>
				</control>
				<control type="label" id="10003">
					<visible>true</visible>
					<posx>775</posx>
					<posy>285</posy>
					<width>415</width>
					<height>35</height>
					<font>font30</font>
					<align>left</align>
					<aligny>top</aligny>
					<label>$INFO[Container(9001).ListItem.property(custom:album)]</label>
					<textcolor>ff707070</textcolor>
					<selectedcolor>ff707070</selectedcolor>
					<wrapmultiline>false</wrapmultiline>
				</control>
				<control type="textbox">
					<visible>true</visible>
					<posx>560</posx>
					<posy>425</posy>
					<width>625</width>
					<height>260</height>
					<font>light21</font>
					<align>left</align>
					<aligny>top</aligny>
					<label>$INFO[Container(9001).ListItem.property(description)]</label>
					<textcolor>ff707070</textcolor>
					<!--<selectedcolor>ff707070</selectedcolor>
					<wrapmultiline>true</wrapmultiline>-->
					<autoscroll delay="1500" time="1000" repeat="1500">true</autoscroll>
				</control>
			</control>

			
        
        </control>

    </controls>
</window>