<?xml version="1.0"?>
<window type="window" id="14001">
  <defaultcontrol always="true">100</defaultcontrol>
  <allowoverlay>yes</allowoverlay>
  <controls>
    <control type="group">
      <include>Window_Fade_Animation</include>
      <control type="image">
        <posx>0</posx>
        <posy>0</posy>
        <width>1280</width>
        <height>720</height>
        <texture>$INFO[App.Param(background)]</texture>
      </control>
      <control type="image">
        <posx>140</posx>
        <posy>10</posy>
        <width>1000</width>
        <height>100</height>
        <texture>ign_banner.png</texture>
        <aspectratio>keep</aspectratio>
      </control>
      <control type="image">
        <posx>140</posx>
        <posy>110</posy>
        <width>1000</width>
        <height>5</height>
        <texture>black.png</texture>
        <colordiffuse>FF585858</colordiffuse>
      </control>
	  <control type="image">
          <posx>140</posx>
          <posy>115</posy>
          <width>1000</width>
          <height>73</height>
          <texture>$INFO[App.Param(header)]</texture>
          <aspectratio>keep</aspectratio>
      </control>
      <control type="group">
        <animation type="Conditional" condition="Window.IsVisible(DialogProgress.xml)">
          <effect type="fade" start="100" end="20" time="200"/>
        </animation>
        <control type="image">
          <posx>140</posx>
          <posy>188</posy>
          <width>1000</width>
          <height>5</height>
          <texture>black.png</texture>
          <colordiffuse>FF585858</colordiffuse>
        </control>
        <control type="image">
          <posx>140</posx>
          <posy>193</posy>
          <width>1000</width>
          <height>580</height>
          <texture>black.png</texture>
          <colordiffuse>$INFO[App.Param(color)]</colordiffuse>
        </control>
        <control type="list" id="100">
          <posx>140</posx>
          <posy>193</posy>
          <width>1000</width>
          <height>527</height>
          <onleft>-</onleft>
          <onright>-</onright>
          <onup>-</onup>
          <ondown>-</ondown>
          <scrolltime>200</scrolltime>
          <pagecontrol>-</pagecontrol>
          <orientation>vertical</orientation>
          <itemlayout width="1000" height="105">
            <control type="image">
              <posx>10</posx>
              <posy>5</posy>
              <width>200</width>
              <height>95</height>
              <info>ListItem.Thumb</info>
            </control>
            <control type="label">
              <posx>220</posx>
              <posy>5</posy>
              <width>770</width>
              <height>30</height>
              <font>font27b</font>
              <align>left</align>
              <aligny>center</aligny>
              <label>$INFO[ListItem.Label]</label>
              <textcolor>FF406E8B</textcolor>
              <selectedcolor>FFF0F0F0</selectedcolor>
              <wrapmultiline>false</wrapmultiline>
            </control>
            <control type="label">
              <posx>220</posx>
              <posy>35</posy>
              <width>770</width>
              <height>60</height>
              <font>font17</font>
              <align>left</align>
              <aligny>top</aligny>
              <label>$INFO[ListItem.property(description)]</label>
              <textcolor>white</textcolor>
              <selectedcolor>white</selectedcolor>
              <wrapmultiline>true</wrapmultiline>
            </control>
          </itemlayout>
          <focusedlayout width="1000" height="105">
            <control type="image">
              <posx>0</posx>
              <posy>0</posy>
              <width>1000</width>
              <height>105</height>
              <texture>black.png</texture>
              <colordiffuse>AAF0F0F0</colordiffuse>
            </control>
            <control type="image">
              <posx>10</posx>
              <posy>5</posy>
              <width>200</width>
              <height>95</height>
              <info>ListItem.Thumb</info>
            </control>
            <control type="label">
              <posx>220</posx>
              <posy>5</posy>
              <width>770</width>
              <height>30</height>
              <font>font27b</font>
              <align>left</align>
              <aligny>center</aligny>
              <label>$INFO[ListItem.Label]</label>
              <textcolor>FFC21919</textcolor>
              <selectedcolor>FFC21919</selectedcolor>
              <wrapmultiline>false</wrapmultiline>
            </control>
            <control type="label">
              <posx>220</posx>
              <posy>35</posy>
              <width>770</width>
              <height>60</height>
              <font>font17</font>
              <align>left</align>
              <aligny>top</aligny>
              <label>$INFO[ListItem.property(description)]</label>
              <textcolor>white</textcolor>
              <selectedcolor>white</selectedcolor>
              <wrapmultiline>true</wrapmultiline>
            </control>
          </focusedlayout>
          <content type="directory">$INFO[App.Param(link)]</content>
        </control>
      </control>
    </control>
  </controls>
</window>