<window type="dialog" id="14003">
    <defaultcontrol always="true">7002</defaultcontrol>
    <allowoverlay>yes</allowoverlay>
    <onload lang="python">
        <![CDATA[
import xbmc

window = mc.GetWindow(14003)

if results:
        myPublisher.publishCityResults(results, 7002, 14003)
        window.GetControl(7002).SetFocus()
else:
        mc.ShowDialogNotification("No results found.")
        xbmc.executebuiltin("Dialog.Close(14003)")
]]>
</onload>
    <controls>
        <include>Dialog_Popup_Background</include>
        <control type="group" id="7001">
            <include>Dialog_Popup_Animation</include>
            <posy>82</posy>
            <posx>384</posx>
            <control type="image">
                <description>Current Conditions background</description>
                <width>512</width>
                <height>556</height>
                <texture>ui/popup.png</texture>
            </control>
            <control type="fixedlist" id="7002">
                <description>Select City</description>
                <posy>56</posy>
                <posx>56</posx>
                <onup>-</onup>
                <onleft>-</onleft>
                <onright>-</onright>
                <ondown>-</ondown>
                <width>400</width>
                <height>460</height>
                <scrolltime>200</scrolltime>
                <pagecontrol>200</pagecontrol>
                <focusedposition>2</focusedposition>
                <orientation>vertical</orientation>
                <itemlayout width="400" height="68">
                    <control type="image">
                        <posx>0</posx>
                        <posy>0</posy>
                        <width>400</width>
                        <height>60</height>
                        <!--<texture>ui/tos-off.png</texture>-->
                    </control>
                    <control type="label">
                        <description>Weather Text</description>
                        <posx>15</posx>
                        <posy>0</posy>
                        <width>400</width>
                        <height>60</height>
                        <font>font28b</font>
                        <align>left</align>
                        <aligny>center</aligny>
                        <label>[B]$INFO[ListItem.property(custom:city)]$LOCALIZE[60000] $INFO[ListItem.property(custom:state)][/B]</label>
                        <textcolor>mediumgreyheidi</textcolor>
                    </control>
                </itemlayout>
                <focusedlayout width="400" height="68">
                    <control type="group">
                        <description>Inactive</description>
                        <visible>!Control.HasFocus(7002)</visible>
                        <control type="image">
                            <posx>0</posx>
                            <posy>0</posy>
                            <width>400</width>
                            <height>60</height>
                            <!--<texture>ui/tos-off.png</texture>-->
                        </control>
                        <control type="label">
                            <description>Weather Text</description>
                            <posx>15</posx>
                            <posy>0</posy>
                            <width>400</width>
                            <height>60</height>
                            <font>font28b</font>
                            <align>left</align>
                            <aligny>center</aligny>
                            <label>[B]$INFO[ListItem.property(custom:city)]$LOCALIZE[60000] $INFO[ListItem.property(custom:state)][/B]</label>
                            <textcolor>mediumgreyheidi</textcolor>
                        </control>
                    </control>
                    <control type="group">
                        <description>Active</description>
                        <visible>Control.HasFocus(7002)</visible>
                        <control type="image">
                            <posx>0</posx>
                            <posy>0</posy>
                            <width>400</width>
                            <height>60</height>
                            <texture>ui/list-select.png</texture>
                        </control>
                        <control type="label">
                            <description>Weather Text</description>
                            <posx>15</posx>
                            <width>400</width>
                            <height>60</height>
                            <font>font28b</font>
                            <align>left</align>
                            <aligny>center</aligny>
                            <label>[B]$INFO[ListItem.property(custom:city)]$LOCALIZE[60000] $INFO[ListItem.property(custom:state)][/B]</label>
                            <textcolor>whiteheidi</textcolor>
                            <scroll>true</scroll>
                        </control>
                    </control>
                </focusedlayout>
                <content type="action">
                    <onclick lang="python">
                        <![CDATA[
items = window.GetList(7002).GetItems()
n = window.GetList(7002).GetFocusedItem()
item = items[n]

xbmc.executebuiltin("Dialog.Close(14003)")

mc.ShowDialogWait()

if myPublisher.storeClientLocation(item):
        if myPublisher.isLocationStored(item):
                myPublisher.removeLocation(item)
                myPublisher.storeLocation(item)
        else:
                myPublisher.storeLocation(item)
                if publish:
                        myPublisher.publishLocation(item)
                else:
                        location = myPublisher.getCurrentLocation()
                        weather = myPoller.getLocation(location["location"], units)
                        myPublisher.publishCurrentConditions(weather, 300)
                        myPublisher.publishCurrentWeather(weather, 301, 302, 303)
                        myPublisher.publishForecast(weather, 202)
else:
        mc.ShowDialogOk("Error", "Could not retrieve data.  Please select another location.")
mc.HideDialogWait()
]]>
</onclick>
                </content>
            </control>
        </control>
    </controls>
</window>
