<window type="window" id="14001">
	<defaultcontrol always="true">102</defaultcontrol>
	<allowoverlay>no</allowoverlay>
	<onload lang="python"><![CDATA[
mc.ShowDialogWait()

myPublisher = accuweather.Publisher()

# Get configuration parameters
config = mc.GetApp().GetLocalConfig()

units = config.GetValue("units")
location = myPublisher.getCurrentLocation()

units = mc.GetTemperatureScale()

if units == "C":
	units = 1
else:
	units = 0

if location:
	weather = myPoller.getLocation(location["location"], units)
else:
	weather = myPoller.getLocation("10011", units)

myPublisher.publishHourly(weather, 202)
myPublisher.publishCityLabel(weather)

graphImage = myPoller.getForecastChartURI(weather, "950x200")
path = mc.GetTempDir() + "hourly.png"
f = open(path, 'w')
f.write(graphImage)
f.close()

path = path.replace("\\", "/")

mc.GetActiveWindow().GetImage(400).SetTexture(path)

mc.HideDialogWait()
]]></onload>
	<controls>
		<include>Common_Background</include>
		<control type="group">
			<animation effect="fade" start="100" end="25" time="200" condition="Window.IsActive(DialogProgress.xml)">Conditional</animation>
			<description>Background elements</description>
			<!--<include>BoxeeLogo</include>-->
			<control type="image">
				<visible>true</visible>
				<description>Data background</description>
				<posx>18</posx>
				<posy>116</posy>
				<width>1241</width>
				<height>556</height>
				<texture border="20">browse_menu_dialog_background.png</texture>
				<colordiffuse>FF212121</colordiffuse>
			</control>
			<control type="image">
				<description>AccuWeather logo</description>
				<posx>986</posx>
				<posy>683</posy>
				<width>270</width>
				<height>23</height>
				<texture>AccuWeatherLogo.png</texture>
			</control>
		</control>
		<control type="group">
                    <posx>30</posx>
                    <posy>14</posy>
			<animation effect="fade" start="100" end="25" time="200" condition="Window.IsActive(DialogProgress.xml)">Conditional</animation>
			<description>Header</description>
			<control type="label">
                            <width>925</width>
                            <font>font40b</font>
                            <textcolor>whiteheidi</textcolor>
                            <align>left</align>
                            <label>$LOCALIZE[60003]</label>
			</control>
			<control type="label" id="7000">
                            <description>Header Label</description>
                            <posy>42</posy>
                            <width>925</width>
                            <font>font30b</font>
                            <align>left</align>
                            <textcolor>whiteheidi</textcolor>
                            <label>$LOCALIZE[60004]</label>
			</control>
		</control>
		<!--<control type="group">-->
		<!--	<description>Header</description>-->
		<!--	<control type="label">-->
		<!--		<description>Header Label</description>-->
		<!--		<include>PageTitleProperties</include>-->
		<!--		<label>$LOCALIZE[60003]</label>-->
		<!--	</control>-->
		<!--	<control type="label" id="7000">-->
		<!--		<description>Header Label</description>-->
		<!--		<include>PageSubtitleProperties</include>-->
		<!--		<label>Hourly $LOCALIZE[60004]</label>-->
		<!--	</control>-->
		<!--</control>-->
		<control type="group">
			<animation effect="fade" start="100" end="25" time="200" condition="Window.IsActive(DialogProgress.xml)">Conditional</animation>
			<description>Top Navigation</description>
			<control type="grouplist" id="100">
	    	    <onup>-</onup>
	    	    <onleft>-</onleft>
	    	    <onright>-</onright>
	    	    <ondown>-</ondown>
				<posx>915</posx>
				<posy>29</posy>
				<width>335</width>
				<height>78</height>
				<itemgap>14</itemgap>
				<orientation>horizontal</orientation>
				<control type="button" id="101">
					<width>54</width>
					<height>54</height>
					<texturefocus diffuse="masks/10b9f2.png">Icon_forecast.png</texturefocus>
					<texturenofocus>Icon_forecast.png</texturenofocus>
					<onclick lang="python"><![CDATA[
params = mc.Parameters()
params['title'] = "Home"

mc.GetApp().ActivateWindow(14000, params)
]]></onclick>
				</control>
				<control type="button" id="102">
					<width>54</width>
					<height>54</height>
					<texturefocus diffuse="masks/10b9f2.png">Icon_hourly.png</texturefocus>
					<texturenofocus>Icon_hourly.png</texturenofocus>
				</control>
				<control type="button" id="103">
					<width>54</width>
					<height>54</height>
					<texturefocus diffuse="masks/10b9f2.png">Icon_radar.png</texturefocus>
					<texturenofocus>Icon_radar.png</texturenofocus>
					<onclick lang="python"><![CDATA[
params = mc.Parameters()
params['title'] = "Radar"

mc.ActivateWindow(14004)
]]></onclick>
				</control>
				<control type="button" id="104">
					<width>54</width>
					<height>54</height>
					<texturefocus diffuse="masks/10b9f2.png">Icon_news.png</texturefocus>
					<texturenofocus>Icon_news.png</texturenofocus>
					<onclick lang="python"><![CDATA[
params = mc.Parameters()
params['title'] = "News"

mc.GetApp().ActivateWindow(14005, params)
]]></onclick>
				</control>
				<control type="button" id="105">
					<width>54</width>
					<height>55</height>
					<texturefocus diffuse="masks/10b9f2.png">Icon_settings.png</texturefocus>
					<texturenofocus>Icon_settings.png</texturenofocus>
					<onclick lang="python"><![CDATA[
params = mc.Parameters()
params['title'] = "Settings"

mc.GetApp().ActivateWindow(14002, params)
]]></onclick>
				</control>
			</control>
		</control>
		<control type="group">
			<animation effect="fade" start="100" end="25" time="200" condition="Window.IsActive(DialogProgress.xml)">Conditional</animation>
			<description>Dateline</description>
			<control type="label">
				<description>Time</description>
				<posx>1241</posx>
				<posy>128</posy>
				<width>250</width>
				<height>36</height>
				<font>font36b</font>
				<align>right</align>
				<aligny>center</aligny>
				<label>$INFO[System.Time]</label>
				<textcolor>white</textcolor>
			</control>
		</control>
		<control type="group">
			<animation effect="fade" start="100" end="25" time="200" condition="Window.IsActive(DialogProgress.xml)">Conditional</animation>
			<description>Row Labels</description>
			<control type="label">
				<description>Forecast Label</description>
				<posx>182</posx>
				<posy>214</posy>
				<width>290</width>
				<height>70</height>
				<font>font28</font>
				<align>right</align>
				<aligny>center</aligny>
				<label>$LOCALIZE[60004]</label>
                                <wrapmultiline>true</wrapmultiline>
				<textcolor>white</textcolor>
			</control>
			<control type="label">
				<description>Real Feel&#8482; Label</description>
				<posx>182</posx>
				<posy>302</posy>
				<width>160</width>
				<height>120</height>
				<font>font24</font>
				<align>right</align>
				<aligny>top</aligny>
				<label>$LOCALIZE[401][CR]$LOCALIZE[60006]</label>
				<!--<label>$LOCALIZE[401] $LOCALIZE[60012][CR]$LOCALIZE[60006]</label>-->
				<textcolor>white</textcolor>
			</control>
			<control type="label">
				<description>Precipitation</description>
				<posx>182</posx>
				<posy>371</posy>
				<width>160</width>
				<height>30</height>
				<font>font24</font>
				<align>right</align>
				<aligny>center</aligny>
				<label>$LOCALIZE[33021]</label>
				<textcolor>white</textcolor>
			</control>
			<control type="label">
				<description>Wind Label</description>
				<posx>182</posx>
				<posy>424</posy>
				<width>160</width>
				<height>30</height>
				<font>font24</font>
				<align>right</align>
				<aligny>center</aligny>
				<label>$LOCALIZE[60008]$INFO[App.Param('windunits')]</label>
				<textcolor>white</textcolor>
			</control>
		</control>
		<control type="group">
			<animation effect="fade" start="100" end="25" time="200" condition="Window.IsActive(DialogProgress.xml)">Conditional</animation>
			<description>Forecast</description>
			<control type="list" id="202">
				<description>Week Forecast</description>
				<animation type="Conditional" condition="Window.IsVisible(DialogProgress.xml)">
               		<effect type="fade" start="100" end="20" time="240"/>
                </animation>
                <onup>100</onup>
                <onleft>-</onleft>
                <onright>-</onright>
                <ondown>-</ondown>
				<posx>168</posx>
				<posy>168</posy>
				<width>1078</width>
				<height>290</height>
				<scrolltime>200</scrolltime>
				<pagecontrol>200</pagecontrol>
				<orientation>horizontal</orientation>
				<itemlayout width="208" height="290">
					<control type="image">
						<description>Weather Icon</description>
						<posx>73</posx>
						<posy>0</posy>
						<width>59</width>
						<height>59</height>
						<texture>$INFO[ListItem.Thumb]</texture>
					</control>
					<control type="label">
						<description>Weather Text</description>
						<posx>104</posx>
						<posy>69</posy>
						<width>205</width>
						<height>65</height>
						<font>font24</font>
						<align>center</align>
						<aligny>top</aligny>
						<label>$INFO[ListItem.property(custom:weather)]</label>
						<textcolor>white</textcolor>
						<wrapmultiline>true</wrapmultiline>
					</control>
					<control type="label">
						<description>Temperature Text</description>
						<posx>104</posx>
						<posy>152</posy>
						<width>205</width>
						<height>30</height>
						<font>font28b</font>
						<align>center</align>
						<aligny>center</aligny>
						<label>$INFO[ListItem.property(custom:temperature)] $LOCALIZE[60012] $INFO[ListItem.property(custom:realfeel)]</label>
						<textcolor>white</textcolor>
					</control>
					<control type="label">
						<description>Real Feel&#8482; Text</description>
						<posx>104</posx>
						<posy>205</posy>
						<width>205</width>
						<height>30</height>
						<font>font28b</font>
						<align>center</align>
						<aligny>center</aligny>
						<label>$INFO[ListItem.property(custom:precip)]</label>
						<textcolor>white</textcolor>
					</control>
					<control type="label">
						<description>Wind Speed Text</description>
						<posx>104</posx>
						<posy>260</posy>
						<width>205</width>
						<height>30</height>
						<font>font28b</font>
						<align>center</align>
						<aligny>center</aligny>
						<label>$INFO[ListItem.property(custom:winddirection)] $INFO[ListItem.property(custom:windspeed)]</label>
						<textcolor>white</textcolor>
					</control>
				</itemlayout>
				<focusedlayout width="208" height="290">
					<control type="image">
						<description>Weather Icon</description>
						<posx>73</posx>
						<posy>0</posy>
						<width>59</width>
						<height>59</height>
						<texture>$INFO[ListItem.Thumb]</texture>
					</control>
					<control type="label">
						<description>Weather Text</description>
						<posx>104</posx>
						<posy>69</posy>
						<width>205</width>
						<height>65</height>
						<font>font24</font>
						<align>center</align>
						<aligny>top</aligny>
						<label>$INFO[ListItem.property(custom:weather)]</label>
						<textcolor>white</textcolor>
						<wrapmultiline>true</wrapmultiline>
					</control>
					<control type="label">
						<description>Temperature Text</description>
						<posx>104</posx>
						<posy>152</posy>
						<width>205</width>
						<height>30</height>
						<font>font28b</font>
						<align>center</align>
						<aligny>center</aligny>
						<label>$INFO[ListItem.property(custom:temperature)] $LOCALIZE[60012] $INFO[ListItem.property(custom:realfeel)]</label>
						<textcolor>white</textcolor>
					</control>
					<control type="label">
						<description>Real Feel&#8482; Text</description>
						<posx>104</posx>
						<posy>205</posy>
						<width>205</width>
						<height>30</height>
						<font>font28b</font>
						<align>center</align>
						<aligny>center</aligny>
						<label>$INFO[ListItem.property(custom:precip)]</label>
						<textcolor>white</textcolor>
					</control>
					<control type="label">
						<description>Wind Speed Text</description>
						<posx>104</posx>
						<posy>260</posy>
						<width>205</width>
						<height>30</height>
						<font>font28b</font>
						<align>center</align>
						<aligny>center</aligny>
						<label>$INFO[ListItem.property(custom:winddirection)] $INFO[ListItem.property(custom:windspeed)]</label>
						<textcolor>white</textcolor>
					</control>
				</focusedlayout>
				<content type="action">
				<onclick lang="python">
</onclick>
				</content>
			</control>
		</control>
		<control type="group">
			<animation effect="fade" start="100" end="25" time="200" condition="Window.IsActive(DialogProgress.xml)">Conditional</animation>
			<description>Graph</description>
			<control type="largeimage" id="400">
				<posx>200</posx>
				<posy>467</posy>
				<width>950</width>
				<height>200</height>
				<texture/>
			</control>
		</control>
	</controls>
</window>
