<window type="window" id="14000">
    <defaultcontrol always="true">202</defaultcontrol>
    <allowoverlay>no</allowoverlay>
    <onload lang="python">
        <![CDATA[
myPublisher = accuweather.Publisher()

# Get configuration parameters
config = mc.GetApp().GetLocalConfig()

location = myPublisher.getCurrentLocation()

units = mc.GetTemperatureScale()

if units == "C":
        units = 1
else:
        units = 0

mc.ShowDialogWait()

clientlocation = mc.GetWeatherLocation()
if " - " in clientlocation:
    clientlocation = clientlocation.split(" - ")
    results = myPoller.findCity(clientlocation[1])
else:
    results = myPoller.findCity(clientlocation)

if results:
        if not location or results[0]['location'] != location['location']:
                if myPublisher.isLocationStored(results[0], False):
                        myPublisher.removeLocation(results[0], False)
                        myPublisher.storeLocation(results[0], False)
                else:
                        myPublisher.storeLocation(results[0], False)

                location = myPublisher.getCurrentLocation()

        weather = myPoller.getLocation(location["location"], units)

        if weather:
                myPublisher.publishCurrentConditions(weather, 300)
                myPublisher.publishCurrentWeather(weather, 301, 302, 303)
                myPublisher.publishForecast(weather, 202)

        args = mc.GetApp().GetLaunchedWindowParameters()
        if mc.GetApp().GetLocalConfig().GetValue('setstart'):
            mc.GetApp().GetLocalConfig().Reset('setstart')
            mc.ActivateWindow(14002)

else:
        mc.ShowDialogOk("Weather", "We can't find any data for this city.  Please change your city and try again.")
        mc.ActivateWindow(10019)

mc.HideDialogWait()
]]>
</onload>
    <controls>
        <include>Common_Background</include>
        <control type="image">
            <description>AccuWeather logo</description>
            <posx>1050</posx>
            <posy>680</posy>
            <width>200</width>
            <height>21</height>
            <texture>ui/accuweather.png</texture>
        </control>
        <control type="group">
            <posx>40</posx>
            <animation effect="fade" start="100" end="25" time="200" condition="Window.IsActive(DialogProgress.xml)">Conditional</animation>
            <control type="label">
                <posx>0</posx>
                <include>PageTitlePropertiesFocused</include>
                <label>[B]$LOCALIZE[60003] $LOCALIZE[60004][/B]</label>
            </control>
            <control type="label" id="7000">
                <posx>0</posx>
                <include>PageSubtitlePropertiesFocused</include>
                <label>[B][/B]</label>
            </control>
        </control>
        <control type="group">
            <animation effect="fade" start="100" end="25" time="200" condition="Window.IsActive(DialogProgress.xml)">Conditional</animation>
            <description>Top Navigation</description>
            <control type="grouplist" id="100">
                <onup>-</onup>
                <onleft>-</onleft>
                <onright>-</onright>
                <ondown>202</ondown>
                <posx>952</posx>
                <posy>32</posy>
                <width>335</width>
                <height>78</height>
                <itemgap>12</itemgap>
                <orientation>horizontal</orientation>
                <control type="button" id="101">
                    <width>64</width>
                    <height>64</height>
                    <texturefocus>ui/forecast-on.png</texturefocus>
                    <texturenofocus>ui/forecast-off.png</texturenofocus>
                </control>
                <control type="button" id="103">
                    <width>64</width>
                    <height>64</height>
                    <texturefocus>ui/radar-on.png</texturefocus>
                    <texturenofocus>ui/radar-off.png</texturenofocus>
                    <onclick lang="python">
                        <![CDATA[
params = mc.Parameters()
params['title'] = "Radar"

mc.ActivateWindow(14004)
]]>
</onclick>
                </control>
                <control type="button" id="104">
                    <width>64</width>
                    <height>64</height>
                    <texturefocus>ui/videos-on.png</texturefocus>
                    <texturenofocus>ui/videos-off.png</texturenofocus>
                    <onclick lang="python">
                        <![CDATA[
params = mc.Parameters()
params['title'] = "News"

mc.GetApp().ActivateWindow(14005, params)
]]>
</onclick>
                </control>
                <control type="button" id="105">
                    <width>64</width>
                    <height>64</height>
                    <texturefocus>ui/settings-on.png</texturefocus>
                    <texturenofocus>ui/settings-off.png</texturenofocus>
                    <onclick lang="python">
                        <![CDATA[
params = mc.Parameters()
params['title'] = "Settings"

mc.GetApp().ActivateWindow(14002, params)
]]>
</onclick>
                </control>
            </control>
        </control>

        <control type="group">
            <animation effect="fade" start="100" end="25" time="200" condition="Window.IsActive(DialogProgress.xml)">Conditional</animation>
            <posx>32</posx>
            <posy>118</posy>
            <control type="image">
                <width>1216</width>
                <height>560</height>
                <texture>ui/window.png</texture>
            </control>
            <control type="group">
                <posx>40</posx>
                <posy>40</posy>
                <control type="image">
                    <width>348</width>
                    <height>480</height>
                    <texture>ui/current-bg.png</texture>
                </control>
                <control type="image" id="799">
                    <posy>-2</posy>
                    <posx>-2</posx>
                    <width>56</width>
                    <height>56</height>
                    <texture>ui/WeatherAdvisory.png</texture>
                    <visible>false</visible>
                </control>
                <!--<control type="label">-->
                <!--    <posy>-1</posy>-->
                <!--    <posx>-2</posx>-->
                <!--    <width>28</width>-->
                <!--    <height>28</height>-->
                <!--    <font>font36b</font>-->
                <!--    <align>center</align>-->
                <!--    <aligny>center</aligny>-->
                <!--    <label>[B]3[/B]</label>-->
                <!--    <textcolor>whiteheidi</textcolor>-->
                <!--</control>-->
                <control type="label">
                    <posx>5</posx>
                    <posy>8</posy>
                    <width>348</width>
                    <height>80</height>
                    <font>font28b</font>
                    <align>center</align>
                    <aligny>center</aligny>
                    <label>[B]$LOCALIZE[60005][/B]</label>
                    <textcolor>whiteheidi</textcolor>
                </control>
                <control type="image" id="303">
                    <description>Current Conditions Weather Icon</description>
                    <posx>25</posx>
                    <posy>70</posy>
                    <width>120</width>
                    <height>120</height>
                    <texture />
                </control>
                <control type="label" id="301">
                    <description>Temperature Label</description>
                    <posx>140</posx>
                    <posy>60</posy>
                    <width>200</width>
                    <height>100</height>
                    <font>font100b</font>
                    <align>center</align>
                    <!--<aligny>center</aligny>-->
                    <label />
                    <textcolor>whiteheidi</textcolor>
                </control>
                <control type="label" id="302">
                    <description>Current Conditions Label</description>
                    <!--<posx>5</posx>-->
                    <posy>180</posy>
                    <width>348</width>
                    <height>80</height>
                    <font>font28b</font>
                    <align>center</align>
                    <aligny>center</aligny>
                    <label />
                    <textcolor>whiteheidi</textcolor>
                </control>
                <control type="label">
                    <description>Measurement Categories</description>
                    <posx>20</posx>
                    <posy>256</posy>
                    <width>235</width>
                    <height>225</height>
                    <font>font26</font>
                    <align>left</align>
                    <aligny>center</aligny>
                    <label>$LOCALIZE[60006][CR]$LOCALIZE[60007][CR]$LOCALIZE[60008][CR]$LOCALIZE[60009][CR]$LOCALIZE[60010][CR]$LOCALIZE[60011]</label>
                    <textcolor>whiteheidi</textcolor>
                </control>
                <control type="label" id="300">
                    <description>Measurement Data</description>
                    <posx>330</posx>
                    <posy>256</posy>
                    <width>250</width>
                    <height>225</height>
                    <font>font26</font>
                    <align>right</align>
                    <aligny>center</aligny>
                    <label />
                    <textcolor>whiteheidi</textcolor>
                </control>
            </control>
        </control>

        <control type="group">
            <description>Forecast</description>
            <control type="fixedlist" id="202">
                <description>Week Forecast</description>
                <animation type="Conditional" condition="Window.IsVisible(DialogProgress.xml)">
                    <effect type="fade" start="100" end="20" time="240" />
                </animation>
                <onup>100</onup>
                <onleft>-</onleft>
                <onright>100</onright>
                <ondown>-</ondown>
                <posx>452</posx>
                <posy>160</posy>
                <width>792</width>
                <height>480</height>
                <scrolltime>200</scrolltime>
                <pagecontrol>200</pagecontrol>
                <orientation>vertical</orientation>
                <focusposition>1</focusposition>
                <itemlayout width="792" height="162">
                    <control type="image">
                        <posx>0</posx>
                        <posy>0</posy>
                        <width>760</width>
                        <height>152</height>
                        <texture>ui/day-off.png</texture>
                    </control>
                    <control type="label">
                        <description>Day</description>
                        <posx>20</posx>
                        <posy>-5</posy>
                        <width>241</width>
                        <height>160</height>
                        <font>font38b</font>
                        <aligny>center</aligny>
                        <label>[B]$INFO[ListItem.property(custom:day)][/B]</label>
                        <textcolor>whiteheidi</textcolor>
                    </control>
                    <control type="label">
                        <description>Temperature</description>
                        <posx>630</posx>
                        <posy>-5</posy>
                        <width>380</width>
                        <height>160</height>
                        <font>font80b</font>
                        <align>right</align>
                        <aligny>center</aligny>
                        <label>[B]$INFO[ListItem.property(custom:high)] [COLOR grey]$INFO[ListItem.property(custom:low)][/COLOR][/B]</label>
                        <textcolor>whiteheidi</textcolor>
                    </control>
                    <control type="image">
                        <description>Weather Icon</description>
                        <posx>630</posx>
                        <posy>16</posy>
                        <width>119</width>
                        <height>119</height>
                        <texture>$INFO[ListItem.Thumb]</texture>
                    </control>
                </itemlayout>
                <focusedlayout width="792" height="162">
                    <control type="image">
                        <posx>0</posx>
                        <posy>0</posy>
                        <width>760</width>
                        <height>152</height>
                        <texture>ui/day-off.png</texture>
                        <visible>!Control.HasFocus(202)</visible>
                    </control>
                    <control type="image">
                        <posx>0</posx>
                        <posy>0</posy>
                        <width>760</width>
                        <height>152</height>
                        <texture>ui/day-on.png</texture>
                        <visible>Control.HasFocus(202)</visible>
                    </control>
                    <control type="label">
                        <description>Day</description>
                        <posx>20</posx>
                        <posy>-5</posy>
                        <width>241</width>
                        <height>160</height>
                        <font>font38b</font>
                        <aligny>center</aligny>
                        <label>[B]$INFO[ListItem.property(custom:day)][/B]</label>
                        <textcolor>whiteheidi</textcolor>
                    </control>
                    <control type="label">
                        <description>Temperature</description>
                        <posx>630</posx>
                        <posy>-5</posy>
                        <width>380</width>
                        <height>160</height>
                        <font>font80b</font>
                        <align>right</align>
                        <aligny>center</aligny>
                        <label>[B]$INFO[ListItem.property(custom:high)] [COLOR grey]$INFO[ListItem.property(custom:low)][/COLOR][/B]</label>
                        <textcolor>whiteheidi</textcolor>
                    </control>
                    <control type="image">
                        <description>Weather Icon</description>
                        <posx>630</posx>
                        <posy>16</posy>
                        <width>119</width>
                        <height>119</height>
                        <texture>$INFO[ListItem.Thumb]</texture>
                    </control>
                </focusedlayout>
                <content type="action">
                    <onclick>-</onclick>
                </content>
            </control>
        </control>
    </controls>
</window>
