<window type="dialog" id="14004">
 <defaultcontrol always="true">7002</defaultcontrol>
 <allowoverlay>yes</allowoverlay>
<onload lang="python"><![CDATA[
import xbmc

window = mc.GetWindow(14004)

# Get configuration parameters
config = mc.GetApp().GetLocalConfig()

units = config.GetValue("units")
location = myPublisher.getCurrentLocation()

if not units:
	units = "0"

if location:
	weather = myPoller.getLocation(location["location"], units)
else:
	weather = myPoller.getLocation("10011", units)

path = weather['mapspace']

window.GetImage(7002).SetTexture(path)
]]></onload>
	<controls>
	 	<control type="group">
			<control type="image">
				<width>1280</width>
				<height>720</height>
				<texture>white.png</texture>
				<colordiffuse>DD202020</colordiffuse>
			</control>
                        <control type="image">
				<posx>300</posx>
				<posy>20</posy>
				<width>680</width>
				<height>680</height>
				<aspectratio>keep</aspectratio>
				<texture blend="false">black.png</texture>
				<bordertexture border="10">masks/thumb_border_focus.png</bordertexture>
				<bordersize>10</bordersize>
				<aspectratio scalediffuse="false">scale</aspectratio>
                        </control>
                        <control type="label">
				<posx>300</posx>
				<posy>20</posy>
				<width>680</width>
				<height>680</height>
                                <align>center</align>
                                <aligny>center</aligny>
                                <font>font28b</font>
                                <textcolor>white</textcolor>
                                <label>$LOCALIZE[51003]</label>
                        </control>
			<control type="largeimage" id="7002">
				<description>Radar image</description>
				<posx>300</posx>
				<posy>20</posy>
				<width>680</width>
				<height>680</height>
				<aspectratio>keep</aspectratio>
				<texture blend="false"/>
				<bordertexture border="10">masks/thumb_border_focus.png</bordertexture>
				<bordersize>10</bordersize>
				<aspectratio scalediffuse="false">scale</aspectratio>
				<fadetime>200</fadetime>
			</control>
		</control>
	 </controls>
</window>
