<window type="window" id="14005">
    <defaultcontrol always="true">104</defaultcontrol>
    <allowoverlay>no</allowoverlay>
    <onload lang="python">
        <![CDATA[
mc.ShowDialogWait()
myPublisher = accuweather.Publisher()

# Get configuration parameters
config = mc.GetApp().GetLocalConfig()
units = config.GetValue("units")
location = myPublisher.getCurrentLocation()
units = mc.GetTemperatureScale()

if units == "C":
    units = 1
else:
    units = 0

if location:
    weather = myPoller.getLocation(location["location"], units)
else:
    weather = myPoller.getLocation("10011", units)

myPublisher.publishCityLabel(weather)
myPublisher.publishVideoFeed(weather)
mc.HideDialogWait()
]]>
</onload>
    <controls>
        <include>Common_Background</include>
        <control type="image">
            <posx>1050</posx>
            <posy>680</posy>
            <width>200</width>
            <height>21</height>
            <texture>ui/accuweather.png</texture>
        </control>
        <control type="group">
            <posx>40</posx>
            <animation effect="fade" start="100" end="25" time="200" condition="Window.IsActive(DialogProgress.xml)">Conditional</animation>
            <control type="label">
                <posx>0</posx>
                <include>PageTitlePropertiesFocused</include>
                <label>[B]$LOCALIZE[60025][/B]</label>
            </control>
            <control type="label" id="7000">
                <posx>0</posx>
                <include>PageSubtitlePropertiesFocused</include>
                <label>[B][/B]</label>
            </control>
        </control>
        <control type="group">
            <animation effect="fade" start="100" end="25" time="200" condition="Window.IsActive(DialogProgress.xml)">Conditional</animation>
            <control type="grouplist" id="100">
                <onup>-</onup>
                <onleft>-</onleft>
                <onright>-</onright>
                <ondown>202</ondown>
                <posx>952</posx>
                <posy>32</posy>
                <width>335</width>
                <height>78</height>
                <itemgap>12</itemgap>
                <orientation>horizontal</orientation>
                <control type="button" id="101">
                    <width>64</width>
                    <height>64</height>
                    <texturefocus>ui/forecast-on.png</texturefocus>
                    <texturenofocus>ui/forecast-off.png</texturenofocus>
                    <onclick lang="python">
                        <![CDATA[
params = mc.Parameters()
params['title'] = "Home"
mc.GetApp().ActivateWindow(14000, params)
]]>
</onclick>
                </control>
                <control type="button" id="103">
                    <width>64</width>
                    <height>64</height>
                    <texturefocus>ui/radar-on.png</texturefocus>
                    <texturenofocus>ui/radar-off.png</texturenofocus>
                    <onclick lang="python">
                        <![CDATA[
params = mc.Parameters()
params['title'] = "Radar"
mc.ActivateWindow(14004)
]]>
</onclick>
                </control>
                <control type="button" id="104">
                    <width>64</width>
                    <height>64</height>
                    <texturefocus>ui/videos-on.png</texturefocus>
                    <texturenofocus>ui/videos-off.png</texturenofocus>
                    <onclick lang="python">
                        <![CDATA[
params = mc.Parameters()
params['title'] = "News"
mc.GetApp().ActivateWindow(14005, params)
]]>
</onclick>
                </control>
                <control type="button" id="105">
                    <width>64</width>
                    <height>64</height>
                    <texturefocus>ui/settings-on.png</texturefocus>
                    <texturenofocus>ui/settings-off.png</texturenofocus>
                    <onclick lang="python">
                        <![CDATA[
params = mc.Parameters()
params['title'] = "Settings"
mc.GetApp().ActivateWindow(14002, params)
]]>
</onclick>
                </control>
            </control>
        </control>
        <control type="group">
            <animation effect="fade" start="100" end="25" time="200" condition="Window.IsActive(DialogProgress.xml)">Conditional</animation>
            <control type="image">
                <posx>32</posx>
                <posy>118</posy>
                <width>1216</width>
                <height>560</height>
                <texture>ui/window.png</texture>
            </control>
        </control>
        <control type="group">
            <posx>32</posx>
            <posy>118</posy>
            <animation effect="fade" start="100" end="25" time="200" condition="Window.IsActive(DialogProgress.xml)">Conditional</animation>
            <description>Videos</description>
            <control type="panel" id="202">
                <description>Videos</description>
                <onup>100</onup>
                <onleft>-</onleft>
                <onright>100</onright>
                <ondown>-</ondown>
                <posx>40</posx>
                <posy>40</posy>
                <width>1224</width>
                <height>499</height>
                <scrolltime>200</scrolltime>
                <pagecontrol>200</pagecontrol>
                <orientation>vertical</orientation>
                <itemlayout width="396" height="250">
                    <control type="image">
                        <width>314</width>
                        <height>186</height>
                        <texture>VideoUnfocused.png</texture>
                    </control>
                    <control type="image">
                        <posx>8</posx>
                        <posy>8</posy>
                        <width>298</width>
                        <height>170</height>
                        <aspectratio>scale</aspectratio>
                        <texture>$INFO[ListItem.Thumb]</texture>
                    </control>
                    <control type="label">
                        <posx>9</posx>
                        <posy>188</posy>
                        <width>298</width>
                        <height>50</height>
                        <font>font18</font>
                        <label>[B]$INFO[ListItem.Label][/B]</label>
                        <wrapmultiline>true</wrapmultiline>
                        <textcolor>mediumgreyheidi</textcolor>
                    </control>
                </itemlayout>
                <focusedlayout width="396" height="250">
                    <control type="image">
                        <width>314</width>
                        <height>186</height>
                        <texture>VideoFocused.png</texture>
                    </control>
                    <control type="image">
                        <posx>8</posx>
                        <posy>8</posy>
                        <width>298</width>
                        <height>170</height>
                        <aspectratio>scale</aspectratio>
                        <texture>$INFO[ListItem.Thumb]</texture>
                    </control>
                    <control type="label">
                        <posx>9</posx>
                        <posy>188</posy>
                        <width>298</width>
                        <height>50</height>
                        <font>font18</font>
                        <label>[B]$INFO[ListItem.Label][/B]</label>
                        <wrapmultiline>true</wrapmultiline>
                        <textcolor>whiteheidi</textcolor>
                    </control>
                </focusedlayout>
                <content type="action"></content>
            </control>
        </control>
    </controls>
</window>
