<app>
	<id>escomedytv0531</id>
	<name>Comedy.TV</name>
	<version>2.14</version>
	<description>More details and pricing information at www.smarttv.com</description>
	<thumb>http://csassets.mediafly.com/0e74d0e11586492e9047941ceffe5441/appThumb-200x200.png</thumb>
	<repository>http://dir.boxee.tv/apps</repository>
	<media>video</media>
	<copyright>Mediafly</copyright>
	<author>Mike McMullin</author>
	<email>support@mediafly.com</email>
	<type>skin</type>
	<startWindow>Launch</startWindow>
	<platform>all</platform>
	<minversion>0.9.22</minversion>
</app>
