<app>
  <id>absoluteradio</id>
  <name>Absolute Radio</name>
  <version>1.1</version>
  <description>Listen to live radio from the station that champions the best REAL music from the last 40 years. Music from artists such as The Beatles, Arcade Fire, Adele, Foo Fighters, U2, The Rolling Stones, The Clash, REM, Muse, Coldplay, Oasis, The Kings</description>
  <thumb>http://tv.absoluteradio.co.uk/boxee/img/boxee-menu-logo.jpg</thumb>
  <repository>http://dir.boxee.tv/apps</repository>
  <media>music</media>
  <copyright>Absolute Radio</copyright>
  <email>webtechies@absoluteradio.co.uk</email>
  <type>html</type>
  <url>http://tv.absoluteradio.co.uk/boxee/</url>
  <controller>http://tv.absoluteradio.co.uk/boxee/js/boxee-control.js</controller>
  <platform>dlink.dsm380, iomega.z1, iomega.zt, intel.ce4100</platform>
  <minversion>1.0</minversion>
</app>
