<?xml version="1.0"?>
   <window type="window" id="14000">
   <defaultcontrol always="true">100</defaultcontrol>
   <allowoverlay>no</allowoverlay>
   <controls>
      <control type="group">
          <control type="image">
             <posx>0</posx>
             <posy>0</posy>
             <width>1280</width>
             <height>720</height>
             <texture>background.png</texture>
          </control>
		  	          <control type="image">
             <animation type="Conditional" condition="Window.IsVisible(DialogProgress.xml)">
	         <effect type="fade" start="100" end="20" time="200"/>
	     </animation>
            <posx>795</posx>
             <posy>31</posy>
             <width>251</width>
             <height>437</height>
             <texture>list.png</texture>
         </control>
         <control type="image">
             <animation type="Conditional" condition="Window.IsVisible(DialogProgress.xml)">
	         <effect type="fade" start="100" end="20" time="200"/>
	     </animation>
        <posx>370</posx>
             <posy>316</posy>
             <width>410</width>
             <height>143</height>
             <texture>metadata.png</texture>
          </control>
          <control type="list" id="100">
           <animation type="Conditional" condition="Window.IsVisible(DialogProgress.xml)">
	       <effect type="fade" start="100" end="20" time="200"/>
	   </animation>
	     <posx>795</posx>
	   <posy>31</posy>
	   <width>241</width>
	   <height>437</height>
	   <onright>-</onright>
			<onleft>-</onleft>
			<onup>-</onup>
			<ondown>200</ondown>
	   <orientation>vertical</orientation>
	   <itemlayout width="251" height="35">
	    <control type="label">
		<posx>0</posx>
		<posy>0</posy>
		<width>250</width>
		<height>25</height>
		<font>font19</font>
		<align>left</align>
		<aligny>center</aligny>
		<label>$INFO[ListItem.Label]</label>
		<textcolor>black</textcolor>
	    </control>
	    </itemlayout>
	    <focusedlayout width="261" height="35">
	       <control type="image">
		   <posx>0</posx>
		   <posy>0</posy>
		   <width>261</width>
		   <height>35</height>
		   <texture>white.png</texture>
		   <colordiffuse>DD171717</colordiffuse>
	       </control>
	       <control type="label">
		   <visible>!Control.HasFocus(100)</visible>
		   <posx>0</posx>
		   <posy>0</posy>
		   <width>261</width>
		   <height>35</height>
		   <font>font19</font>
		   <align>left</align>
		   <aligny>center</aligny>
		   <label>$INFO[ListItem.Label]</label>
		   <textcolor>white</textcolor>
		   <selectedcolor>gray</selectedcolor>
	       </control>
		     <control type="label">
           <visible>Control.HasFocus(100)</visible>
           <posx>0</posx>
           <posy>0</posy>
           <width>261</width>
           <height>35</height>
           <font>font19</font>
           <align>left</align>
           <aligny>center</aligny>
           <label>$INFO[ListItem.Label]</label>
           <textcolor>white</textcolor>
           <selectedcolor>DD171717</selectedcolor>
           <scroll>true</scroll>
           <scrollspeed>30</scrollspeed>
       </control>
		  	    </focusedlayout>
	    <content type="url" url="http://vimeo.com/channels/180867/videos/rss">
	    </content>
	</control>
        <control type="group">
           <animation type="Conditional" condition="Window.IsVisible(DialogProgress.xml)">
	      <effect type="fade" start="100" end="20" time="200"/>
           </animation>
           <control type="largeimage">
              <visible>true</visible>
              <posx>370</posx>
              <posy>31</posy>
              <width>410</width>
              <height>293</height>
              <texture diffuse="mask.png">$INFO[Container(100).ListItem.Thumb]</texture>
									          </control>
           <control type="label">
              <visible>true</visible>
              <posx>370</posx>
              <posy>316</posy>
              <width>410</width>
              <height>153</height>
              <font>light21</font>
              <align>left</align>
              <aligny>top</aligny>
              <label>$INFO[Container(100).ListItem.property(description)]</label>
              <background>grey</background>
              <textcolor>black</textcolor>
              <wrapmultiline>true</wrapmultiline>
           </control>

         </control>
      </control>		   <!--begin features list-->
		<control type="list" id="200">
			<posx>369</posx>
			<posy>486</posy>
			<width>666</width>
			<height>416</height>
			<onright>-</onright>
			<onleft>-</onleft>
			<onup>100</onup>
			<ondown>100</ondown>
			<orientation>horizontal</orientation>
			<itemlayout width="300" height="200">
				<control type="image">
					<visible>IsEmpty(ListItem.Thumb)</visible>
					<posx>10</posx>
					<posy>0</posy>
					<width>280</width>
					<height>160</height>
					<texture>white.png</texture>
					<colordiffuse>FF303030</colordiffuse>
				</control>
				<control type="label">
					<posx>10</posx>
					<posy>168</posy>
					<width>280</width>
					<height>1</height>
					<font>font1b</font>
					<align>left</align>
					<aligny>center</aligny>
					<label>$INFO[ListItem.Label]</label>
					<textcolor>white</textcolor>
				</control>
				<control type="image">
					<posx>10</posx>
					<posy>0</posy>
					<width>280</width>
					<height>160</height>
					<texture>$INFO[ListItem.Thumb]</texture>
					<aspectratio>scale</aspectratio>
				</control>
			</itemlayout>
			<focusedlayout width="300" height="200">
				<control type="image">
					<posx>10</posx>
					<posy>0</posy>
					<width>280</width>
					<height>160</height>
					<texture>white.png</texture>
					<colordiffuse>FF303030</colordiffuse>
				</control>
				<control type="label">
					<visible>!Control.HasFocus(200)</visible>
					<posx>10</posx>
					<posy>168</posy>
					<width>280</width>
					<height>1</height>
					<font>font1b</font>
					<align>left</align>
					<aligny>center</aligny>
					<label>$INFO[ListItem.Label]</label>
					<textcolor>white</textcolor>
				</control>
				<control type="image">
					<visible>!Control.HasFocus(200)</visible>
					<posx>10</posx>
					<posy>0</posy>
					<width>280</width>
					<height>160</height>
					<texture>$INFO[ListItem.Thumb]</texture>
					<aspectratio>scale</aspectratio>
				</control>
				<control type="label">
					<visible>Control.HasFocus(200)</visible>
					<posx>20</posx>
					<posy>6</posy>
					<width>260</width>
					<height>148</height>
					<font>font14</font>
					<align>left</align>
					<aligny>top</aligny>
					<label>[B]$INFO[ListItem.Label][/B][CR]$INFO[ListItem.property(description)]</label>
					<textcolor>white</textcolor>
					<wrapmultiline>true</wrapmultiline>
				</control>
			</focusedlayout>
			<content type="url" url="http://pipes.yahoo.com/pipes/pipe.run?_id=4b9ff7aed6520f0e6349f7fe0214ddb2&_render=rss">
            </content>
		</control>
		<control type="image">
			<posx>130</posx>
			<posy>190</posy>
			<width>22</width>
			<height>86</height>
			<texture>arrow_left.png</texture>
			<visible>Container(200).HasPrevious</visible>
		</control>
		<control type="image">
			<posx>1128</posx>
			<posy>190</posy>
			<width>22</width>
			<height>86</height>
			<texture>arrow_right.png</texture>
			<visible>Container(200).HasNext</visible>
		</control>
		<!--end features list-->
   </controls>
</window>