﻿<app>
  <id>podfm</id>
  <name>PodFM</name>
  <version>1.1</version>
  <description>Подкасты на PodFM.ru / Podcasts from PodFM.ru</description>
  <thumb>http://medialabs.ru/boxee/rss/podfm/podfm-200x200.png</thumb>
  <repository>http://dir.boxee.tv/apps</repository>
  <media>music</media>
  <copyright>MediaLabs.</copyright>
  <email>support@medialabs.ru</email>
  <type>skin</type>
  <startWindow>14000</startWindow>
  <platform>all</platform>
  <minversion>0.1</minversion>
  <contry-allow>ru</contry-allow>
</app>