<app>
   <id>solidgames-gametrailers</id>
   <name>GameTrailers SG</name>
   <version>1.3</version>
   <description>Gametrailers: Bonus Round, Invisible Walls, The Pach Attach, Reviews, Previews, Features</description>
   <thumb>http://farm5.static.flickr.com/4010/5154893355_8994e28b67_z.jpg</thumb>
   <repository>http://dir.boxee.tv/apps</repository>
   <media>video</media>
   <copyright>Dana Frost</copyright>
   <email>solidgames@gmail.com</email>
   <type>skin</type>
   <startWindow>14000</startWindow>
   <platform>all</platform>
   <minversion>0.9.21</minversion>
</app>
   