<app>
  <id>failblog</id>
  <name>Fail Blog</name>
  <version>2.3</version>
  <description>Videos captured epic fails, pwnage, and other embarrassing moments.</description>
  <thumb>http://dir.boxee.tv/apps/failblog/thumb.png</thumb>
  <repository>http://dir.boxee.tv/apps</repository>
  <media>video</media>
  <copyright>Rob Spectre</copyright>
  <email>rob.spectre@gmail.com</email>
  <type>skin</type>
  <startWindow>14000</startWindow>
  <platform>all</platform>
  <minversion>0.9.11</minversion>
</app>
