<?xml version="1.0"?>
<window type="window" id="14001">
	<onload lang="python">
<![CDATA[
region = mc.GetApp().GetLocalConfig().GetValue("region")

if region == "it":
	mc.GetWindow(14001).GetControl(100).SetEnabled(False)
	mc.GetWindow(14001).GetImage(1000).SetTexture("it.png")
elif region == "uk":
	mc.GetWindow(14001).GetControl(101).SetEnabled(False)
	mc.GetWindow(14001).GetImage(1001).SetTexture("uk.png")
elif region == "es":
	mc.GetWindow(14001).GetControl(102).SetEnabled(False)
	mc.GetWindow(14001).GetImage(1002).SetTexture("es.png")
elif region == "de":
	mc.GetWindow(14001).GetControl(103).SetEnabled(False)
	mc.GetWindow(14001).GetImage(1003).SetTexture("de.png")
elif region == "fr":
	mc.GetWindow(14001).GetControl(104).SetEnabled(False)
	mc.GetWindow(14001).GetImage(1004).SetTexture("fr.png")
elif region == "nl":
	mc.GetWindow(14001).GetControl(105).SetEnabled(False)
	mc.GetWindow(14001).GetImage(1005).SetTexture("nl.png")
elif region == "dk":
	mc.GetWindow(14001).GetControl(106).SetEnabled(False)
	mc.GetWindow(14001).GetImage(1006).SetTexture("dk.png")
elif region == "se":
	mc.GetWindow(14001).GetControl(107).SetEnabled(False)
	mc.GetWindow(14001).GetImage(1007).SetTexture("se.png")
elif region == "fi":
	mc.GetWindow(14001).GetControl(108).SetEnabled(False)
	mc.GetWindow(14001).GetImage(1008).SetTexture("fi.png")
elif region == "ch":
	mc.GetWindow(14001).GetControl(109).SetEnabled(False)
	mc.GetWindow(14001).GetImage(1009).SetTexture("ch.png")
elif region == "ch-fr":
	mc.GetWindow(14001).GetControl(110).SetEnabled(False)
	mc.GetWindow(14001).GetImage(1010).SetTexture("ch-fr.png")

if region == "it":
	mc.GetWindow(14001).GetControl(101).SetFocus()
else:
	mc.GetWindow(14001).GetControl(100).SetFocus()
]]>
   </onload>
   <onunload lang="python">
<![CDATA[
import cinetrailer

region = mc.GetApp().GetLocalConfig().GetValue("region")
if region == "it":
	mc.GetApp().ActivateWindow(14002, mc.Parameters())
else:
	mc.GetApp().ActivateWindow(14000, mc.Parameters())
]]>
   </onunload>
	<controls>
		<control type="largeimage" id="300">
			<description>background</description>
			<posx>0</posx>
			<posy>0</posy>
			<width>1280</width>
			<height>720</height>
			<visible>true</visible>
			<texture>background_plain.png</texture>
			<aspectratio>stretch</aspectratio>
		</control>
		<control type="group">
			<control type="button" id="100">
				<posx>163</posx>
				<posy>150</posy>
				<width>204</width>
				<height>160</height>
				<visible>true</visible>
				<font>font21</font>
				<textcolor>99FFFFFF</textcolor>
				<align>left</align>
				<label>[B]IT[/B]</label>
				<aligny>top</aligny>
				<textoffsetx>92</textoffsetx>
				<textoffsety>133</textoffsety>
				<focusedcolor>FFFFCC33</focusedcolor>
				<disabledcolor>white</disabledcolor>
				<onfocus>-</onfocus>
				<texturefocus>border.png</texturefocus>
				<texturenofocus>-</texturenofocus>
				<onup>108</onup>
				<ondown>104</ondown>
				<onright>101</onright>
				<onleft>103</onleft>
				<onclick lang="python">
<![CDATA[
import cinetrailer

cinetrailer.set_region("it")
cinetrailer.init()
]]>
				</onclick>
			</control>
			<control type="image" id="1000">
				<posx>165</posx>
				<posy>152</posy>
				<width>200</width>
				<height>133</height>
				<texture>it_d.png</texture>
			</control>
				
			<control type="button" id="101">
				<posx>413</posx>
				<posy>150</posy>
				<width>204</width>
				<height>160</height>
				<visible>true</visible>
				<textcolor>99FFFFFF</textcolor>
				<align>left</align>
				<label>[B]UK[/B]</label>
				<aligny>top</aligny>
				<textoffsetx>87</textoffsetx>
				<textoffsety>133</textoffsety>
				<focusedcolor>FFFFCC33</focusedcolor>
				<disabledcolor>white</disabledcolor>
				<aligny>bottom</aligny>
				<onfocus>-</onfocus>
				<texturefocus>border.png</texturefocus>
				<texturenofocus>-</texturenofocus>
				<onup>109</onup>
				<ondown>105</ondown>
				<onright>102</onright>
				<onleft>100</onleft>
				<onclick lang="python">
<![CDATA[
import cinetrailer

cinetrailer.set_region("uk")
cinetrailer.init()
]]>
				</onclick>
			</control>
			<control type="image" id="1001">
				<posx>415</posx>
				<posy>152</posy>
				<width>200</width>
				<height>133</height>
				<texture>uk_d.png</texture>
			</control>
				
			<control type="button" id="102">
				<posx>663</posx>
				<posy>150</posy>
				<width>204</width>
				<height>160</height>
				<visible>true</visible>
				<textcolor>99FFFFFF</textcolor>
				<align>left</align>
				<label>[B]ES[/B]</label>
				<aligny>top</aligny>
				<textoffsetx>87</textoffsetx>
				<textoffsety>133</textoffsety>
				<focusedcolor>FFFFCC33</focusedcolor>
				<disabledcolor>white</disabledcolor>
				<aligny>bottom</aligny>
				<onfocus>-</onfocus>
				<texturefocus>border.png</texturefocus>
				<texturenofocus>-</texturenofocus>
				<onup>110</onup>
				<ondown>106</ondown>
				<onright>103</onright>
				<onleft>101</onleft>
				<onclick lang="python">
<![CDATA[
import cinetrailer

cinetrailer.set_region("es")
cinetrailer.init()
]]>
				</onclick>
			</control>
			<control type="image" id="1002">
				<posx>665</posx>
				<posy>152</posy>
				<width>200</width>
				<height>133</height>
				<texture>es_d.png</texture>
			</control>
			
			<control type="button" id="103">
				<posx>913</posx>
				<posy>150</posy>
				<width>204</width>
				<height>160</height>
				<visible>true</visible>
				<textcolor>99FFFFFF</textcolor>
				<align>left</align>
				<label>[B]DE[/B]</label>
				<aligny>top</aligny>
				<textoffsetx>87</textoffsetx>
				<textoffsety>133</textoffsety>
				<focusedcolor>FFFFCC33</focusedcolor>
				<disabledcolor>white</disabledcolor>
				<aligny>bottom</aligny>
				<onfocus>-</onfocus>
				<texturefocus>border.png</texturefocus>
				<texturenofocus>-</texturenofocus>
				<onup>107</onup>
				<ondown>107</ondown>
				<onright>100</onright>
				<onleft>102</onleft>
				<onclick lang="python">
<![CDATA[
import cinetrailer

cinetrailer.set_region("de")
cinetrailer.init()
]]>
				</onclick>
			</control>
			<control type="image" id="1003">
				<posx>915</posx>
				<posy>152</posy>
				<width>200</width>
				<height>133</height>
				<texture>de_d.png</texture>
			</control>
			
			<control type="button" id="104">
				<posx>163</posx>
				<posy>340</posy>
				<width>204</width>
				<height>160</height>
				<visible>true</visible>
				<textcolor>99FFFFFF</textcolor>
				<align>left</align>
				<label>[B]FR[/B]</label>
				<aligny>top</aligny>
				<textoffsetx>87</textoffsetx>
				<textoffsety>133</textoffsety>
				<focusedcolor>FFFFCC33</focusedcolor>
				<disabledcolor>white</disabledcolor>
				<aligny>bottom</aligny>
				<onfocus>-</onfocus>
				<texturefocus>border.png</texturefocus>
				<texturenofocus>-</texturenofocus>
				<onup>100</onup>
				<ondown>108</ondown>
				<onright>105</onright>
				<onleft>107</onleft>
				<onclick lang="python">
<![CDATA[
import cinetrailer

cinetrailer.set_region("fr")
cinetrailer.init()
]]>
				</onclick>
			</control>
			<control type="image" id="1004">
				<posx>165</posx>
				<posy>342</posy>
				<width>200</width>
				<height>133</height>
				<texture>fr_d.png</texture>
			</control>
			
			<control type="button" id="105">
				<posx>413</posx>
				<posy>340</posy>
				<width>204</width>
				<height>160</height>
				<visible>true</visible>
				<textcolor>99FFFFFF</textcolor>
				<align>left</align>
				<label>[B]NL[/B]</label>
				<aligny>top</aligny>
				<textoffsetx>87</textoffsetx>
				<textoffsety>133</textoffsety>
				<focusedcolor>FFFFCC33</focusedcolor>
				<disabledcolor>white</disabledcolor>
				<aligny>bottom</aligny>
				<onfocus>-</onfocus>
				<texturefocus>border.png</texturefocus>
				<texturenofocus>-</texturenofocus>
				<onup>101</onup>
				<ondown>109</ondown>
				<onright>106</onright>
				<onleft>104</onleft>
				<onclick lang="python">
<![CDATA[
import cinetrailer

cinetrailer.set_region("nl")
cinetrailer.init()
]]>
				</onclick>
			</control>
			<control type="image" id="1005">
				<posx>415</posx>
				<posy>342</posy>
				<width>200</width>
				<height>133</height>
				<texture>nl_d.png</texture>
			</control>
				
			<control type="button" id="106">
				<posx>663</posx>
				<posy>340</posy>
				<width>204</width>
				<height>160</height>
				<visible>true</visible>
				<textcolor>99FFFFFF</textcolor>
				<align>left</align>
				<label>[B]DK[/B]</label>
				<aligny>top</aligny>
				<textoffsetx>87</textoffsetx>
				<textoffsety>133</textoffsety>
				<focusedcolor>FFFFCC33</focusedcolor>
				<disabledcolor>white</disabledcolor>
				<aligny>bottom</aligny>
				<onfocus>-</onfocus>
				<texturefocus>border.png</texturefocus>
				<texturenofocus>-</texturenofocus>
				<onup>102</onup>
				<ondown>110</ondown>
				<onright>107</onright>
				<onleft>105</onleft>
				<onclick lang="python">
<![CDATA[
import cinetrailer

cinetrailer.set_region("dk")
cinetrailer.init()
]]>
				</onclick>
			</control>
			<control type="image" id="1006">
				<posx>665</posx>
				<posy>342</posy>
				<width>200</width>
				<height>133</height>
				<texture>dk_d.png</texture>
			</control>
			
			<control type="button" id="107">
				<posx>913</posx>
				<posy>340</posy>
				<width>204</width>
				<height>160</height>
				<visible>true</visible>
				<textcolor>99FFFFFF</textcolor>
				<align>left</align>
				<label>[B]SE[/B]</label>
				<aligny>top</aligny>
				<textoffsetx>87</textoffsetx>
				<textoffsety>133</textoffsety>
				<focusedcolor>FFFFCC33</focusedcolor>
				<disabledcolor>white</disabledcolor>
				<aligny>bottom</aligny>
				<onfocus>-</onfocus>
				<texturefocus>border.png</texturefocus>
				<texturenofocus>-</texturenofocus>
				<onup>103</onup>
				<ondown>103</ondown>
				<onright>104</onright>
				<onleft>106</onleft>
				<onclick lang="python">
<![CDATA[
import cinetrailer

cinetrailer.set_region("se")
cinetrailer.init()
]]>
				</onclick>
			</control>
			<control type="image" id="1007">
				<posx>915</posx>
				<posy>342</posy>
				<width>200</width>
				<height>133</height>
				<texture>se_d.png</texture>
			</control>
			
			<control type="button" id="108">
				<posx>163</posx>
				<posy>530</posy>
				<width>204</width>
				<height>160</height>
				<visible>true</visible>
				<textcolor>99FFFFFF</textcolor>
				<align>left</align>
				<label>[B]FI[/B]</label>
				<aligny>top</aligny>
				<textoffsetx>92</textoffsetx>
				<textoffsety>133</textoffsety>
				<focusedcolor>FFFFCC33</focusedcolor>
				<disabledcolor>white</disabledcolor>
				<aligny>bottom</aligny>
				<onfocus>-</onfocus>
				<texturefocus>border.png</texturefocus>
				<texturenofocus>-</texturenofocus>
				<onup>104</onup>
				<ondown>100</ondown>
				<onright>109</onright>
				<onleft>110</onleft>
				<onclick lang="python">
<![CDATA[
import cinetrailer

cinetrailer.set_region("fi")
cinetrailer.init()
]]>
				</onclick>
			</control>
			<control type="image" id="1008">
				<posx>165</posx>
				<posy>532</posy>
				<width>200</width>
				<height>133</height>
				<texture>fi_d.png</texture>
			</control>
			
			<control type="button" id="109">
				<posx>413</posx>
				<posy>530</posy>
				<width>204</width>
				<height>160</height>
				<visible>true</visible>
				<textcolor>99FFFFFF</textcolor>
				<align>left</align>
				<label>[B]CH[/B]</label>
				<aligny>top</aligny>
				<textoffsetx>87</textoffsetx>
				<textoffsety>133</textoffsety>
				<focusedcolor>FFFFCC33</focusedcolor>
				<disabledcolor>white</disabledcolor>
				<aligny>bottom</aligny>
				<onfocus>-</onfocus>
				<texturefocus>border.png</texturefocus>
				<texturenofocus>-</texturenofocus>
				<onup>105</onup>
				<ondown>101</ondown>
				<onright>110</onright>
				<onleft>108</onleft>
				<onclick lang="python">
<![CDATA[
import cinetrailer

cinetrailer.set_region("ch")
cinetrailer.init()
]]>
				</onclick>
			</control>
			<control type="image" id="1009">
				<posx>415</posx>
				<posy>532</posy>
				<width>200</width>
				<height>133</height>
				<texture>ch_d.png</texture>
			</control>
			
			<control type="button" id="110">
				<posx>663</posx>
				<posy>530</posy>
				<width>204</width>
				<height>160</height>
				<visible>true</visible>
				<textcolor>99FFFFFF</textcolor>
				<align>left</align>
				<label>[B]CH-FR[/B]</label>
				<aligny>top</aligny>
				<textoffsetx>67</textoffsetx>
				<textoffsety>133</textoffsety>
				<focusedcolor>FFFFCC33</focusedcolor>
				<disabledcolor>white</disabledcolor>
				<aligny>bottom</aligny>
				<onfocus>-</onfocus>
				<texturefocus>border.png</texturefocus>
				<texturenofocus>-</texturenofocus>
				<onup>106</onup>
				<ondown>102</ondown>
				<onright>108</onright>
				<onleft>109</onleft>
				<onclick lang="python">
<![CDATA[
import cinetrailer

cinetrailer.set_region("ch-fr")
cinetrailer.init()
]]>
				</onclick>
			</control>
			<control type="image" id="1010">
				<posx>665</posx>
				<posy>532</posy>
				<width>200</width>
				<height>133</height>
				<texture>ch-fr_d.png</texture>
			</control>
		</control>
	</controls>
</window>
 