<?xml version="1.0"?>
<window type="window" id="14000">
	<onload lang="python">
<![CDATA[
import cinetrailer
player = mc.GetPlayer()
player.Stop()
selectedbutton = mc.GetApp().GetLocalConfig().GetValue("selectedbutton")
cinetrailer.set_buttons(int(selectedbutton))
try:
	n = mc.GetApp().GetLocalConfig().GetValue("selecteditem")
	mc.GetWindow(14000).GetList(150).SetFocusedItem(int(n))
except:
	mc.GetWindow(14000).GetList(150).SetFocusedItem(0)
]]>
   </onload>
	<controls>
		<control type="largeimage" id="300">
			<description>background</description>
			<posx>0</posx>
			<posy>0</posy>
			<width>1280</width>
			<height>720</height>
			<visible>true</visible>
			<texture>background.png</texture>
			<aspectratio>stretch</aspectratio>
		</control>
		<control type="group">
			<control type="button" id="100">
				<description>Top 10</description>
				<posx>0</posx>
				<posy>160</posy>
				<width>253</width>
				<height>60</height>
				<visible>false</visible>
			</control>
		<include>Common_Status</include>
			<control type="button" id="101">
				<description>Ora al cinema</description>
				<posx>0</posx> 
				<posy>220</posy>
				<width>253</width> 
				<height>60</height> 
				<visible>true</visible>
				<texturefocus>focus_menuSx.png</texturefocus>
				<texturenofocus>-</texturenofocus>
				<font>font21</font>
				<textcolor>white</textcolor>  
				<disabledcolor>FFFFCC33</disabledcolor>
				<align>left</align>
				<aligny>center</aligny>
				<onfocus>-</onfocus>
				<onup>110</onup>
				<ondown>102</ondown>
				<onright>150</onright>
				<onclick lang="python">
<![CDATA[
import cinetrailer
 
cinetrailer.load_feed_new(1)
]]>
				</onclick>
			</control>
			<control type="button" id="102">
				<description>Prossimamente</description>
				<posx>0</posx>
				<posy>280</posy>
				<width>253</width>   
				<height>60</height>
				<visible>true</visible>
				<texturefocus>focus_menuSx.png</texturefocus>
				<texturenofocus>-</texturenofocus>
				<font>font21</font>
				<textcolor>white</textcolor>
				<disabledcolor>FFFFCC33</disabledcolor>
				<align>left</align>
				<aligny>center</aligny>
				<onfocus>-</onfocus> 
				<onup>101</onup>
				<ondown>103</ondown>
				<onright>150</onright>
				<onclick lang="python">
<![CDATA[
import cinetrailer
 
cinetrailer.load_feed_new(2)
]]>
				</onclick>
			</control>
			<control type="button" id="103">
				<description>Nuovi Trailer</description>
				<posx>0</posx>
				<posy>340</posy>
				<width>253</width>
				<height>60</height>
				<visible>true</visible>
				<texturefocus>focus_menuSx.png</texturefocus>
				<texturenofocus>-</texturenofocus>
				<font>font21</font>
				<textcolor>white</textcolor>
				<disabledcolor>FFFFCC33</disabledcolor>
				<align>left</align>
				<aligny>center</aligny>
				<onfocus>-</onfocus>
				<onup>102</onup>
				<ondown>104</ondown>
				<onright>150</onright>
				<onclick lang="python">
<![CDATA[
import cinetrailer
 
cinetrailer.load_feed_new(3)
]]>
				</onclick>
			</control>
			<control type="button" id="104">
				<description>Home Video</description>
				<posx>0</posx>
				<posy>400</posy> 
				<width>253</width>
				<height>60</height>
				<visible>true</visible>
				<texturefocus>focus_menuSx.png</texturefocus>
				<texturenofocus>-</texturenofocus>
				<font>font21</font>
				<textcolor>white</textcolor>
				<disabledcolor>FFFFCC33</disabledcolor>
				<align>left</align>
				<aligny>center</aligny>
				<onfocus>-</onfocus>
				<onup>103</onup>
				<ondown>110</ondown>
				<onright>150</onright>
				<onclick lang="python">
<![CDATA[
import cinetrailer
 
cinetrailer.load_feed_new(4)
]]>
				</onclick>
			</control>
			<control type="button" id="110">
				<description>region change</description>
				<posx>0</posx>
				<posy>600</posy>
				<width>253</width>
				<height>60</height>
				<visible>true</visible>
				<lable>   [B]Region[/B]</lable>
				<font>font21</font>
				<textcolor>white</textcolor>
				<disabledcolor>FFFFCC33</disabledcolor>
				<align>left</align>
				<aligny>center</aligny>
				<onfocus>-</onfocus>
				<texturefocus>focus_menuSx.png</texturefocus>
				<texturenofocus>-</texturenofocus>
				<onup>104</onup>
				<ondown>101</ondown>
				<onright>150</onright>
				<onclick lang="python">
<![CDATA[
import cinetrailer

mc.GetApp().ActivateWindow(14001, mc.Parameters())
]]>
				</onclick>
			</control>
		
		</control>
				
		<control type="group">
			<control type="list" id="150"> 
				<posx>253</posx>
				<posy>110</posy>
				<width>500</width>
				<height>610</height> 
				<orientation>vertical</orientation>
				<onleft lang="python">
<![CDATA[
if mc.GetWindow(14000).GetControl(101).IsEnabled():
	mc.GetWindow(14000).GetControl(101).SetFocus()
else:
	mc.GetWindow(14000).GetControl(102).SetFocus()
]]>
				</onleft>
				<content type="action">
					<onclick lang="python">
<![CDATA[
import cinetrailer

try:
	region = mc.GetApp().GetLocalConfig().GetValue("region")
	n = mc.GetWindow(14000).GetList(150).GetFocusedItem()
	mc.GetApp().GetLocalConfig().SetValue("selecteditem", str(n))
	item = mc.GetWindow(14000).GetList(150).GetItem(n)
	id_movie = item.GetProperty("id_movie")
	ga = "/boxee/" + region + "/player/" + str(id_movie)
	cinetrailer.google_analytics(ga)
	url = "http://boxee.cinetrailer.tv/func/video_url.asp?region=" + region + "&id=" + str(id_movie) + "&rnd=" + cinetrailer.timestamp()
	sg = mc.Http()
	html = sg.Get(url)
	links = html.split("#")
	playlist = mc.PlayList(mc.PlayList.PLAYLIST_VIDEO)
	playlist.Clear()
	n = 0
	for i in links:
		n = n + 1
		item1 = mc.ListItem(mc.ListItem.MEDIA_VIDEO_TRAILER)
		item1.SetPath(i)
		item1.SetLabel(item.GetLabel())
		item1.SetContentType("video/mp4")
		item1.SetProviderSource("Cinetrailer.tv")
		playlist.Add(item1)
		
	player = mc.GetPlayer()
	player.PlaySelected(0, mc.PlayList.PLAYLIST_VIDEO)
	
except Exception, e:
	n = mc.GetWindow(14000).GetList(150).GetFocusedItem()
	item = mc.GetWindow(14000).GetList(150).GetItem(n)
	item.SetPath(item.GetProperty("last_video"))
	player = mc.GetPlayer()
	player.Play(item)
]]>
					</onclick>
				</content>
				<itemlayout width="500" height="110">
					<control type="image"> 
						<posx>10</posx>
						<posy>20</posy>
						<width>105</width>
						<height>80</height>
						<texture>$INFO[ListItem.property(image0)]</texture>
					</control>
					<control type="label"> 
						<posx>125</posx>
						<posy>15</posy>
						<width>380</width>
						<height>60</height>
						<font>font24</font>
						<align>left</align>
						<aligny>top</aligny> 
						<label>[B]$INFO[ListItem.Label][/B]</label>
						<wrapmultiline>true</wrapmultiline>
						<textcolor>white</textcolor>
					</control>
					<control type="label"> 
						<posx>125</posx>
						<posy>84</posy>
						<width>380</width>
						<height>16</height>
						<font>font16</font>
						<align>left</align>
						<aligny>center</aligny> 
						<label>$INFO[ListItem.property(description)]</label>
						<textcolor>white</textcolor>
					</control>
				</itemlayout>
				<focusedlayout width="500" height="110">
					<control type="image">
						<posx>0</posx>
						<posy>0</posy>
						<width>500</width>
						<height>122</height>
						<texture>focus_listafilm.png</texture>
					</control>
					<control type="image"> 
						<posx>10</posx>
						<posy>20</posy>
						<width>105</width>
						<height>80</height>
						<texture>$INFO[ListItem.property(image0)]</texture>
					</control>
					<control type="label"> 
						<posx>125</posx>
						<posy>15</posy>
						<width>380</width>
						<height>60</height>
						<font>font24</font>
						<align>left</align>
						<aligny>top</aligny> 
						<label>[B]$INFO[ListItem.Label][/B]</label>
						<wrapmultiline>true</wrapmultiline> 
						<textcolor>white</textcolor>
					</control>
					<control type="label"> 
						<posx>125</posx>
						<posy>84</posy>
						<width>380</width>
						<height>16</height>
						<font>font16</font>
						<align>left</align>
						<aligny>center</aligny> 
						<label>$INFO[ListItem.property(description)]</label>
						<textcolor>white</textcolor>
					</control>
				</focusedlayout> 
			</control> 
		</control>
		
		 <control type="group">
			<control type="image">
			  <visible>true</visible>  
			  <posx>753</posx>
			  <posy>80</posy>
			  <width>528</width>
			  <height>382</height>
			  <texture>box_trailer.png</texture>
			</control>
			<control type="image">
			  <visible>true</visible>
			  <posx>792</posx>  
			  <posy>98</posy>
			  <width>450</width>
			  <height>338</height>
			  <texture>$INFO[Container(150).ListItem.property(image0)]</texture> 
			</control>
			<control type="label">
			  <posx>792</posx>
			  <posy>445</posy> 
			  <width>450</width>
			  <height>30</height>
			  <font>font22</font>
			  <align>center</align>
			  <aligny>top</aligny>
			  <label>$INFO[Container(150).ListItem.property(custom:nvideo)]</label>
			  <background>grey</background>
			  <textcolor>white</textcolor> 
			  <wrapmultiline>true</wrapmultiline> 
			</control>
			<control type="label">
			  <posx>922</posx>
			  <posy>495</posy> 
			  <width>360</width>
			  <height>60</height>
			  <font>font24</font>
			  <align>left</align>
			  <aligny>top</aligny>
			  <label>[B]$INFO[Container(150).ListItem.Label][/B]</label>
			  <background>grey</background>
			  <textcolor>white</textcolor> 
			  <wrapmultiline>true</wrapmultiline> 
			</control>
			<control type="label">
			  <posx>922</posx>
			  <posy>555</posy> 
			  <width>370</width>
			  <height>60</height>
			  <font>font22</font>
			  <align>left</align>
			  <aligny>top</aligny>
			  <label>$INFO[Container(150).ListItem.property(description)]</label>
			  <background>grey</background>
			  <textcolor>white</textcolor> 
			  <wrapmultiline>true</wrapmultiline> 
			</control>
			<control type="label">
			  <posx>922</posx>
			  <posy>625</posy> 
			  <width>370</width>
			  <height>30</height>
			  <font>font22</font>
			  <align>left</align>
			  <aligny>top</aligny>
			  <label>$INFO[Container(150).ListItem.property(custom:datauscitacinema)]</label>
			  <background>grey</background>
			  <textcolor>white</textcolor> 
			  <wrapmultiline>false</wrapmultiline> 
			</control>
			<control type="image">
			  <visible>true</visible>
			  <posx>792</posx>
			  <posy>500</posy>
			  <width>120</width>
			  <height>150</height>
			  <texture>$INFO[Container(150).ListItem.property(image1)]</texture> 
			</control>
		</control>
 
	<include>Bottom_Feather</include>
	</controls>
	 
</window> 
