<app>
  <id>eguiders</id>
  <name>eGuiders</name>
  <version>1.5</version>
  <description>The web's best videos, handpicked by media mavens. We search, you watch. Updated daily.</description>
  <thumb>http://apps.gonzee.tv/eguiders/images/thumb.png</thumb>
  <repository>http://dir.boxee.tv/apps</repository>
  <media>video</media>
  <copyright>Rob Spectre</copyright>
  <email>rob.spectre@gmail.com</email>
  <type>skin</type>
  <startWindow>14000</startWindow>
  <platform>all</platform>
  <minversion>0.9.20</minversion>
</app>
