<app>
  <id>state-pavideo</id>
  <name>U.S. Dept. of State</name>
  <version>1.2</version>
  <description>Welcome to the U.S. Department of State video feed.</description>
  <thumb>http://vqs201.pair.com/dcc/boxee/pavideo/DoS_Thumb-Boxee01.png</thumb>
  <repository>http://dir.boxee.tv/apps</repository>
  <media>video</media>
  <copyright>U.S. Department of State. All rights reserved.</copyright>
  <email>support@boxee.tv</email>
  <type>skin</type>
  <startWindow>14000</startWindow>
  <platform>all</platform>
  <minversion>0.9.14</minversion>
</app>
