<?xml version="1.0"?>
<window type="window" id="14000">
    <defaultcontrol always="true">100</defaultcontrol>
    <allowoverlay>no</allowoverlay>
    <controls>
		<control type="group">
		<control type="image">
                <posx>0</posx>
                <posy>0</posy>
                <width>1280</width>
                <height>720</height>
                <texture>background.png</texture>
        </control>
		
		<control type="image">
             <animation type="Conditional" condition="Window.IsVisible(DialogProgress.xml)">
   <effect type="fade" start="100" end="20" time="200"/>
</animation>
			 <posx>80</posx>
             <posy>241</posy>
             <width>553</width>
             <height>431</height>
             <texture>list.png</texture>
         </control>
         <control type="image">
             <animation type="Conditional" condition="Window.IsVisible(DialogProgress.xml)">
   <effect type="fade" start="100" end="20" time="200"/>
</animation>
			 <posx>648</posx>
             <posy>241</posy>
             <width>553</width>
             <height>431</height>
             <texture>metadata.png</texture>
          </control>
		
		<control type="list" id="100">
   <animation type="Conditional" condition="Window.IsVisible(DialogProgress.xml)">
   <effect type="fade" start="100" end="20" time="200"/>
</animation>
   <posx>80</posx>
   <posy>246</posy>
   <width>553</width>
   <height>421</height>
   <orientation>vertical</orientation>

<itemlayout width="543" height="65">
    <control type="label">
        <posx>10</posx>
        <posy>0</posy>
        <width>533</width>
        <height>62</height>
        <font>font40</font>
        <align>left</align>
        <aligny>center</aligny>
        <label>$INFO[ListItem.Label]</label>
        <textcolor>white</textcolor>
    </control>
    </itemlayout>

    <focusedlayout width="543" height="65">
      <control type="image">
           <posx>0</posx>
           <posy>0</posy>
           <width>553</width>
           <height>65</height>
           <texture>white.png</texture>
           <colordiffuse>DD09600b</colordiffuse>
       </control>
       <control type="label">
           <visible>!Control.HasFocus(100)</visible>
           <posx>10</posx>
           <posy>0</posy>
           <width>533</width>
           <height>62</height>
           <font>font40</font>
           <align>left</align>
           <aligny>center</aligny>
           <label>$INFO[ListItem.Label]</label>
           <textcolor>white</textcolor>
           <selectedcolor>DD09600b</selectedcolor>
       </control>
       <control type="label">
           <visible>Control.HasFocus(100)</visible>
           <posx>10</posx>
           <posy>0</posy>
           <width>533</width>
           <height>62</height>
           <font>font40</font>
           <align>left</align>
           <aligny>center</aligny>
           <label>$INFO[ListItem.Label]</label>
           <textcolor>white</textcolor>
           <selectedcolor>DD09600b</selectedcolor>
           <scroll>true</scroll>
           <scrollspeed>115</scrollspeed>
       </control>
    </focusedlayout>

<content type="url" url="http://feeds.sarahrd.tv/sarahrdtv">
	    
	    </content>
</control>
		
		
		<control type="group">
  <animation type="Conditional" condition="Window.IsVisible(DialogProgress.xml)">
   <effect type="fade" start="100" end="20" time="200"/>
</animation>
  <control type="image">
    <visible>true</visible>
    <posx>653</posx>
    <posy>246</posy>
    <width>543</width>
    <height>241</height>
    <texture>$INFO[Container(100).ListItem.Thumb]</texture>
  </control>
  <control type="label">
    <visible>true</visible>
    <posx>653</posx>
    <posy>500</posy>
    <width>543</width>
    <height>162</height>
    <font>light23</font>
    <align>left</align>
    <aligny>center</aligny>
    <label>[B]Description:[/B] $INFO[Container(100).ListItem.property(description)]</label>
    <background>grey</background>
    <textcolor>white</textcolor>
    <wrapmultiline>true</wrapmultiline>
  </control>
</control>
		
		
		
		</control>
    </controls>
</window>