<app>
	<id>speedtv</id>
	<name>SPEED</name>
	<version>1.54</version>
	<description>SPEED is the nation's first and foremost cable television network dedicated to motor sports and the passion for everything automotive. From racing to restoration, motorcycles to movies, SPEED delivers quality programming from the track to the garage.</description>
	<thumb>http://dir.boxee.tv/apps/speedtv/thumb.png</thumb>
	<repository>http://dir.boxee.tv/apps</repository>
	<media>video</media>
	<copyright>Boxee</copyright>
	<email>support@boxee.tv</email>
	<type>skin</type>
	<startWindow>14000</startWindow>
	<platform>all</platform>
	<country-allow>us</country-allow>
	<minversion>0.9.14</minversion>
</app>
