<?xml version="1.0" encoding="utf-8" ?>
<app>
	<id>nrd</id>
	<name>Netflix</name>
	<version>1.1</version>
	<description>Watch as many movies as you want! For $7.99 a month.</description>
	<thumb>http://dir.boxee.tv/apps/netflix/thumb.png</thumb>
	<media>video</media>
	<copyright>Boxee</copyright>
	<email>support@boxee.tv</email>
	<type>native</type>
	<platform>dlink.dsm380,intel.ce4100</platform>
	<minversion>1.0.4</minversion>
        <repositoryid>tv.boxee</repositoryid>
        <signature-dlink.dsm380>hZrXbDTsk4L5T9Cy676h/MsEf5uPCxnD+2frinKS/0bkwdv0NMQHGk/v+lADQuMObUaXR5Wglhg7vpUpUcnAhBavmkjqiTR7NsW3x2qc9KcoqpMxiPRYw4nHyNZXa3C9etvzUMrARTlVOzV+vZt5CY7lC3U4nrkgn5G0sC3Tw1g=</signature-dlink.dsm380>
        <signature-intel.ce4100>hZrXbDTsk4L5T9Cy676h/MsEf5uPCxnD+2frinKS/0bkwdv0NMQHGk/v+lADQuMObUaXR5Wglhg7vpUpUcnAhBavmkjqiTR7NsW3x2qc9KcoqpMxiPRYw4nHyNZXa3C9etvzUMrARTlVOzV+vZt5CY7lC3U4nrkgn5G0sC3Tw1g=</signature-intel.ce4100>
	<country-allow>us gu vi pr as mp ca</country-allow>
</app>
