<app>
  <id>tvo</id>
  <name>TVO.org</name>
  <version>1.1</version>
  <description>TVO is Ontario's public educational media organization and a trusted source of interactive educational content that informs, inspires, and engages.
  
 The TVO Boxee channel features all of TVO’s podcasts including Big Ideas, The Agenda with Steve Paikin and TVOKids programming.</description>
  <thumb>http://alpha.tvo.org/boxee/TVOlogo_white.jpg</thumb>
  <repository>http://dir.boxee.tv/apps</repository>
  <media>video</media>
  <copyright>TVO</copyright>
  <email>ideashaker@tvontario.org</email>
  <type>skin</type>
  <startWindow>14000</startWindow>
  <platform>all</platform>
  <minversion>0.9.20</minversion>
</app>
