<app>
 <id>slingplayer</id>
  <name>SlingPlayer</name>
  <version>1.3</version>
  <description>Extend your living room HDTV experience to another TV in your home or around the world.</description>
  <thumb>http://download.slingmedia.com/spcd/boxee/r1/plugin/boxee/thumb.png</thumb>
  <repository>http://dir.boxee.tv/apps</repository>
  <media>video</media>
  <copyright>2005-2012 Sling Media. All rights reserved.</copyright>
  <email>support@slingmedia.com</email>
  <type>html</type>
   <url>http://download.slingmedia.com/spcd/boxee/r1/dtv.html</url>
    <controller>http://download.slingmedia.com/spcd/boxee/r1/plugin/boxee/boxeesptv.js</controller>
  <platform>dlink.dsm380</platform>
  <minversion>1.0</minversion>
</app>

