<app>
		<id>politico</id>
		<name>POLITICO Video</name>
		<version>1.0</version>
		<description>POLITICO serves as the country’s one-stop shop for the fastest, most in-depth coverage of the president, Congress and the 2012 presidential race. POLITICO‘s journalists break news and drive conversation about the White House, Capitol Hill and Washington lobbying, plus the intersection of politics with Wall Street, the media and personalities.</description>
		<thumb>http://www.politico.com/boxee/politico_boxee_logo.png</thumb>
		<repository>http://dir.boxee.tv/apps/</repository>
		<media>video</media>
		<copyright>boxee</copyright>
		<email>rmannion@politico.com</email>
		<type>skin</type>
		<startWindow>14000</startWindow>
		<platform>all</platform>
		<minversion>0.9.20</minversion>
        </app>
