<app>
  <id>phillydtv</id>
  <name>The Philip DeFranco Show</name>
  <version>1.12</version>
  <description>Get filled in.  Updated Mon-Thurs each week.</description>
  <thumb>http://boxee.dreamnotoftoday.com/phillydtv/thumb.png</thumb>
  <repository>http://dir.boxee.tv/apps</repository>
  <media>video</media>
  <copyright>Rob Spectre</copyright>
  <email>rob.spectre@gmail.com</email>
  <type>skin</type>
  <startWindow>14000</startWindow>
  <platform>all</platform>
  <minversion>0.9.20</minversion>
</app>
