<app>
	<id>hustler</id>
	<name>HUSTLER</name>
	<version>2.3</version>
	<description>HUSTLER offers the most provocative adult programming available. Hustler features exclusive adult content from top adult studios such as Hustler Video, Digital Sin, Zero Tolerance and more. Subscribe for unlimited viewing or buy movies individually. HUSTLER is #1 in Adult Entertainment, must be 18 or older.</description>
	<thumb>http://divaag.vo.llnwd.net/o42/http_rtmpe/shared/Viewster_Artwork/logo/hustler_boxee_logo.png</thumb>
	<media>video</media>
	<copyright>DIVA AG</copyright>
	<email>info@diva.ag</email>
	<type>skin</type>
	<startWindow>start</startWindow>
	<platform>all</platform>
	<minversion>0.9.20</minversion>
	<repository>http://dir.boxee.tv/apps</repository>
	<rating>adult</rating>
</app>