<app>
  <id>thesexyvegan</id>
  <name>The Sexy Vegan</name>
  <version>1.2</version>
  <description>12 ounces of skill + 1 cup of luck + 3 tablespoons of unrefined humor. Stir until awesome.</description>
  <thumb>http://dl.dropbox.com/u/4356580/TSVthumb2.png</thumb>
  <repository>http://dir.boxee.tv/apps</repository>
  <media>video</media>
  <copyright>The Sexy Vegan</copyright>
  <email>tsvboxee@randallius.com</email>
  <type>skin</type>
  <startWindow>14000</startWindow>
  <platform>all</platform>
  <minversion>0.9.11</minversion>
</app>