<?xml version="1.0" encoding="windows-1255" ?>
<window type="window" id="14000">
	<defaultcontrol always="true">100</defaultcontrol>
	<allowoverlay>no</allowoverlay>
	<controls>
		<control type="group">
			<control type="group" id="110">
				<visible>true</visible>
				<control type="image">
					<posx>0</posx>
					<posy>0</posy>
					<width>1280</width>
					<height>720</height>
					<texture>bg.png</texture>
				</control>
				<control type="panel" id="100">
					<posx>35</posx>
					<posy>135</posy>
					<width>1200</width>
					<height>560</height>					
					<orientation>vertical</orientation>

					<itemlayout height="140" width="1200">
						<control type="image">
							<posx>1</posx>
							<posy>1</posy>
							<width>180</width>
							<height>135</height>
							<info>ListItem.Icon</info>
						</control>
						<control type="label">
							<posx>200</posx>
							<posy>0</posy>
							<width>1000</width>
							<height>35</height>
							<font>font26b</font>
							<textcolor>FFAE0363</textcolor>
							<aligny>top</aligny>
							<wrapmultiline>true</wrapmultiline>
							<label>$INFO[ListItem.Label]</label>
						</control>
						<control type="label">
							<posx>200</posx>
							<posy>37</posy>
							<width>1000</width>
							<height>100</height>
							<font>font20</font>
							<textcolor>FFC4C4C4</textcolor>
							<aligny>top</aligny>
							<wrapmultiline>true</wrapmultiline>
							<label>$INFO[ListItem.property(description)]</label>
						</control>
					</itemlayout>
					<focusedlayout height="140" width="1200">
					<control type="image">
							<posx>0</posx>
							<posy>0</posy>
							<width>182</width>
							<height>138</height>
							<texture>white.png</texture>
							<colordiffuse>FF36C5E4</colordiffuse>
						</control>
						<control type="image">
							<posx>1</posx>
							<posy>1</posy>
							<width>180</width>
							<height>135</height>
							<info>ListItem.Icon</info>
						</control>
						<control type="label">
							<posx>200</posx>
							<posy>0</posy>
							<width>1000</width>
							<height>35</height>
							<font>font26b</font>
							<textcolor>FF36C5E4</textcolor>
							<aligny>top</aligny>
							<wrapmultiline>true</wrapmultiline>
							<label>$INFO[ListItem.Label]</label>
						</control>
						<control type="label">
							<posx>200</posx>
							<posy>37</posy>
							<width>1000</width>
							<height>100</height>
							<font>font20</font>
							<textcolor>black</textcolor>
							<aligny>top</aligny>
							<wrapmultiline>true</wrapmultiline>
							<label>$INFO[ListItem.property(description)]</label>
						</control>
						
					</focusedlayout>
					<content type="url" url="http://www.bombe.tv/rss_boxee.php"></content>
				</control>
								
			</control>
		</control>
	</controls>
</window>

