<app>
    <id>veedios-boxee-truecolorstv</id>
    <name>True Colors TV</name>
    <version>1.0</version>
    <description>True Colors TV is an inspirational video network for women. TCTV features women who are defying social pressures and living the lives they really want!</description>
    <thumb>http://veedios.appspot.com/images/truecolorstv/truecolorstv_200x200.png</thumb>
    <repository>http://dir.boxee.tv/apps</repository>
    <media>video</media>
    <copyright>True Colors TV 2011</copyright>
    <email>support@truecolorstv.com</email>
    <type>skin</type>
    <startWindow>14000</startWindow>
    <platform>all</platform>
    <minversion>0.9.11</minversion>
</app>