<app>
    <id>bitetv</id>
    <name>BiteTV</name>
    <version>1.1</version>
    <description>Funny, sexy, smart, irreverent - BITE TV features the best in comedy, pop culture and music, providing a fast-paced, first-hand account of the wild and wired!</description>
    <thumb>http://dir.boxee.tv/apps/bitetv/thumb.png</thumb>
    <repository>http://dir.boxee.tv/apps</repository>
    <media>video</media>
    <copyright>Boxee</copyright>
    <email>simon@bite.ca</email>
    <type>skin</type>
    <startWindow>14000</startWindow>
    <platform>all</platform>
    <minversion>0.9.14</minversion>
</app>
