<app>
  <id>tvokids</id>
  <name>TVOKids 6-11</name>
  <version>1.3</version>
  <description>TVO is Ontario's public educational media organization and a trusted source of interactive educational content that informs, inspires, and engages.
  
 This TVOKids Boxee channel features podcasts for children 6-11 years of age.</description>
  <thumb>http://alpha.tvo.org/boxee/tvo_channels_tvokids_thespace.png</thumb>
  <repository>http://dir.boxee.tv/apps</repository>
  <media>video</media>
  <copyright>TVO</copyright>
  <email>ideashaker@tvontario.org</email>
  <type>skin</type>
  <startWindow>14000</startWindow>
  <minversion>0.9.20</minversion>
  <platform>all</platform>
</app>
