<app>
  <id>legendofneil</id>
  <name>Legend of Neil</name>
  <version>0.99</version>
  <description>Gas station attendant who gets sucked into 'The Legend of Zelda' and has to fight his way out.</description>
  <thumb>http://dir.gregms.com/legendofneil.png</thumb>
  <repository>http://dir.gregms.com</repository>
  <media>video</media>
  <copyright>CCS Enterprise</copyright>
  <email>greg@gregms.com</email> 
  <type>skin</type>  
  <startWindow>14000</startWindow>
  <platform>all</platform> 
  <minversion>0.9.11</minversion>
</app>