<?xml version="1.0"?>
<window type="window" id="14001">
    <defaultcontrol always="true">220</defaultcontrol>
    <allowoverlay>no</allowoverlay>
	<onload lang="python"><![CDATA[
try:
    params = mc.GetApp().GetLaunchedWindowParameters()
    mc.ShowDialogWait()
    path = params['path']
    items = mc.GetDirectory(params['path'])
    w = mc.GetActiveWindow()
    w.GetList(120).SetItems(items)
    w.GetControl(120).SetVisible(True)
    w.GetList(120).SetFocusedItem(int(params['item']))
    mc.HideDialogWait()
except:
    mc.ShowDialogOk('The Creators Project', 'Sorry, there was a problem loading the requested video. If this issue continues please contact support@boxee.tv')
    mc.CloseWindow()
]]>
	</onload>
    <controls>
		<control type="group">
			<control type="image">
				<posx>0</posx>
				<posy>0</posy>
				<width>1280</width>
				<height>720</height>
				<texture>bg.png</texture>
			</control>
			<control type="image">
				<posx>80</posx>
				<posy>66</posy>
				<width>370</width>
				<height>84</height>
				<texture>tcp_logo.png</texture>
			</control>
			<!-- begin main navigation group -->
			<control type="grouplist" id="300">
				<posx>478</posx>
				<posy>98</posy>
				<orientation>horizontal</orientation>
				<itemgap>10</itemgap>
				<ondown>200</ondown>
				<control type="button" id="310">
					<width>120</width>
					<height>36</height>
					<posy>0</posy>
					<texturefocus>navigation/featured_focus.png</texturefocus>
					<texturenofocus>navigation/featured_off.png</texturenofocus>
					<onclick lang="python">
						<![CDATA[ 
params = mc.Parameters()
params["title"] = "Featured"
mc.GetApp().ActivateWindow(14000, params)
]]>
					</onclick>
				</control>
				<control type="button" id="320">
					<width>169</width>
					<height>36</height>
					<posx>120</posx>
					<texturefocus>navigation/popular_focus.png</texturefocus>
					<texturenofocus>navigation/popular_off.png</texturenofocus>
					<onclick lang="python">
						<![CDATA[ 
params = mc.Parameters()
params["title"] = "Most Popular"
mc.GetApp().ActivateWindow(14002, params)
]]>
					</onclick>
				</control>
				<control type="button" id="330">
					<width>120</width>
					<height>36</height>
					<posx>289</posx>
					<texturefocus>navigation/creators_focus.png</texturefocus>
					<texturenofocus>navigation/creators_off.png</texturenofocus>
					<onclick lang="python">
						<![CDATA[ 
params = mc.Parameters()
params["title"] = "Creators"
mc.GetApp().ActivateWindow(14004, params)
]]>
					</onclick>
				</control>
				<control type="button" id="340">
					<width>102</width>
					<height>36</height>
					<posx>409</posx>
					<texturefocus>navigation/series_focus.png</texturefocus>
					<texturenofocus>navigation/series_off.png</texturenofocus>
					<onclick lang="python">
						<![CDATA[ 
params = mc.Parameters()
params["title"] = "Series"
mc.GetApp().ActivateWindow(14006, params)
]]>
					</onclick>
				</control>
				<control type="button" id="360">
					<width>94</width>
					<height>36</height>
					<posx>512</posx>
					<texturefocus>navigation/search_focus.png</texturefocus>
					<texturenofocus>navigation/search_off.png</texturenofocus>
					<onclick lang="python">
                    <![CDATA[
search = mc.ShowDialogKeyboard("Search The Creators Project", "", False)
if search:
    params = mc.Parameters()
    params['path'] = 'http://thecreatorsproject.com/api/tv?player=boxee&query=%s' % search
    params['query'] = str(search)
    mc.GetApp().ActivateWindow(14003, params)
]]>
					</onclick>
				</control>
			</control>
			<!-- end main navigation -->
			<!-- back + play buttons -->
			<control type="grouplist" id="200">
				<posx>80</posx>
				<posy>190</posy>
				<onup>300</onup>
				<ondown>120</ondown>
				<itemgap>5</itemgap>
				<orientation>horizontal</orientation>
				<control type="button" id="210">
					<width>93</width>
					<height>41</height>
					<texturefocus>back_arrow_focus.png</texturefocus>
					<texturenofocus>back_arrow_off.png</texturenofocus>
					<onclick lang="python"><![CDATA[
mc.CloseWindow()
]]></onclick>
				</control>
				<control type="button" id="220">
					<width>83</width>
					<height>41</height>
					<texturefocus>play_btn_focus.png</texturefocus>
					<texturenofocus>play_btn_off.png</texturenofocus>
					<onclick lang="python">
						<![CDATA[
list = mc.GetActiveWindow().GetList(120)
item = list.GetItem(list.GetFocusedItem())
mc.GetPlayer().Play(item)
]]>
					</onclick>
				</control>
			</control>
			<!-- end back button -->
			<!-- begin content detail container -->
			<control type="list" id="120">
				<posx>80</posx>
				<posy>252</posy>
				<width>1120</width>
				<height>478</height>
				<onright>-</onright>
            	<onleft>-</onleft>
           		<onup>200</onup>
            	<scrolltime>100</scrolltime>
            	<visible>false</visible>
            	<orientation>horizontal</orientation>
				<animation effect="fade" start="0" end="100" time="600" condition="!Container(120).IsEmpty">Conditional</animation>
				<itemlayout width="1120" height="478">
					<control type="group">
						<control type="image">
							<posx>10</posx>
							<posy>28</posy>
							<width>640</width>
							<height>360</height> 
							<aspectratio>scale</aspectratio>
							<texture>$INFO[ListItem.Thumb]</texture> 
						</control>				
						<control type="label">
							<posx>670</posx>
							<posy>20</posy>
							<width>450</width>
							<height>40</height>
							<font>font30</font>
							<textcolor>black</textcolor>
							 <label>$INFO[ListItem.Title]</label> 
						</control>
						<control type="label">
							<posx>670</posx>
							<posy>55</posy>
							<width>450</width>
							<height>40</height>
							<font>font30</font>
							<textcolor>black</textcolor>
							<label>$INFO[ListItem.Duration]</label> 
						</control>
						<control type="label">
							<posx>670</posx>
							<posy>90</posy>
							<width>450</width>
							<height>273</height>
							<font>font20</font>
							<textcolor>black</textcolor>
							<label>$INFO[ListItem.property(description)]</label>  
							<wrapmultiline>true</wrapmultiline>
						</control>
					</control>
				</itemlayout>
				<focusedlayout width="1120" height="478">
					<control type="group">
						<control type="image">
							<posx>0</posx>
							<posy>18</posy>
							<width>660</width>
							<height>380</height>
							<visible>Control.HasFocus(120)</visible>
							<aspectratio>scale</aspectratio>
							<texture>poster_bg.png</texture>
						</control>
						<control type="image">
							<posx>10</posx>
							<posy>28</posy>
							<width>640</width>
							<height>360</height>
							<aspectratio>scale</aspectratio>
							<texture>$INFO[ListItem.Thumb]</texture>
						</control>					
						<control type="label">
							<visible>!Control.HasFocus(120)</visible>
							<posx>670</posx>
							<posy>20</posy>
							<width>450</width>
							<height>40</height>
							<font>font30</font>
							<textcolor>black</textcolor>
							<label>$INFO[ListItem.Title]</label> 
						</control>
						<control type="label">
							<visible>Control.HasFocus(120)</visible>
							<posx>670</posx>
							<posy>20</posy>
							<width>450</width>
							<height>40</height>
							<font>font30</font>
							<textcolor>black</textcolor>
							<label>$INFO[ListItem.Title]</label>
							<scroll>true</scroll>
							<scrollspeed>80</scrollspeed> 
						</control>
						<control type="label">
							<posx>670</posx>
							<posy>55</posy>
							<width>450</width>
							<height>40</height>
							<font>font30</font>
							<textcolor>black</textcolor>
							<label>$INFO[ListItem.Duration]</label> 
						</control>
						<control type="label">
							<posx>670</posx>
							<posy>90</posy>
							<width>450</width>
							<height>273</height>
							<font>font20</font>
							<textcolor>black</textcolor>
							<label>$INFO[ListItem.property(description)]</label>  
							<wrapmultiline>true</wrapmultiline>
						</control>
					</control>
				</focusedlayout>
				<content type="action">
					<onclick lang="python">
						<![CDATA[
list = mc.GetActiveWindow().GetList(120)
item = list.GetItem(list.GetFocusedItem())
mc.GetPlayer().Play(item)
]]>
					</onclick>
				</content>
			</control>
		</control> <!-- end top-level control group -->
    </controls>
</window>