<?xml version="1.0"?>
<window type="window" id="14006">
    <defaultcontrol always="true">420</defaultcontrol>
    <allowoverlay>no</allowoverlay>
	<onload lang="python">
        <![CDATA[
mc.ShowDialogWait()
items = mc.GetDirectory('http://www.thecreatorsproject.com/api/tv?player=boxee&show=the-creators-project-presents')
w = mc.GetActiveWindow()
w.GetList(120).SetItems(items)
mc.HideDialogWait()
]]>
</onload>
    <controls>
		<control type="group">
			<control type="image">
				<posx>0</posx>
				<posy>0</posy>
				<width>1280</width>
				<height>720</height>
				<texture>bg.png</texture>
			</control>
			<control type="image">
				<posx>80</posx>
				<posy>66</posy>
				<width>370</width>
				<height>84</height>
				<texture>tcp_logo.png</texture>
			</control>
			<!-- begin main navigation group -->
			<control type="grouplist" id="300">
				<posx>478</posx>
				<posy>98</posy>
				<orientation>horizontal</orientation>
				<itemgap>10</itemgap>
				<ondown>400</ondown>
				<control type="button" id="310">
					<width>120</width>
					<height>36</height>
					<posy>0</posy>
					<texturefocus>navigation/featured_focus.png</texturefocus>
					<texturenofocus>navigation/featured_off.png</texturenofocus>
					<onclick lang="python">
						<![CDATA[ 
params = mc.Parameters()
params["title"] = "Featured"
mc.GetApp().ActivateWindow(14000, params)
]]>
					</onclick>
				</control>
				<control type="button" id="320">
					<width>169</width>
					<height>36</height>
					<posx>120</posx>
					<texturefocus>navigation/popular_focus.png</texturefocus>
					<texturenofocus>navigation/popular_off.png</texturenofocus>
					<onclick lang="python">
						<![CDATA[ 
params = mc.Parameters()
params["title"] = "Most Popular"
mc.GetApp().ActivateWindow(14002, params)
]]>
					</onclick>
				</control>
				<control type="button" id="330">
					<width>120</width>
					<height>36</height>
					<posx>289</posx>
					<texturefocus>navigation/creators_focus.png</texturefocus>
					<texturenofocus>navigation/creators_off.png</texturenofocus>
					<onclick lang="python">
						<![CDATA[ 
params = mc.Parameters()
params["title"] = "Creators"
mc.GetApp().ActivateWindow(14004, params)
]]>
					</onclick>
				</control>
				<control type="button" id="340">
					<width>102</width>
					<height>36</height>
					<posx>409</posx>
					<texturefocus>navigation/series_focus.png</texturefocus>
					<texturenofocus>navigation/series_on.png</texturenofocus>
					<onclick lang="python">
						<![CDATA[ 
params = mc.Parameters()
params["title"] = "Series"
mc.GetApp().ActivateWindow(14006, params)
]]>
					</onclick>
				</control>
				<control type="button" id="360">
					<width>94</width>
					<height>36</height>
					<posx>512</posx>
					<texturefocus>navigation/search_focus.png</texturefocus>
					<texturenofocus>navigation/search_off.png</texturenofocus>
					<onclick lang="python">
                    <![CDATA[
search = mc.ShowDialogKeyboard("Search The Creators Project", "", False)
if search:
    params = mc.Parameters()
    params['path'] = 'http://thecreatorsproject.com/api/tv?player=boxee&query=%s' % search
    params['query'] = str(search)
    mc.GetApp().ActivateWindow(14003, params)
]]>
					</onclick>
				</control>
			</control>
			<!-- end main navigation -->
			<!-- begin subnav -->
				<control type="grouplist" id="400">
					<posx>917</posx>
					<posy>134</posy>
					<onup>340</onup>
					<ondown>120</ondown>
					<itemgap>0</itemgap>
					<orientation>vertical</orientation>
					<control type="button" id="420">
						<width>102</width>
						<height>24</height>
						<texturefocus>navigation/presents_focus.png</texturefocus>
						<texturenofocus>navigation/presents_on.png</texturenofocus>
						<onclick lang="python">
						<![CDATA[
mc.GetApp().ActivateWindow(14006, mc.Parameters())
]]>
					</onclick>
					</control>
					<control type="button" id="430">
						<width>102</width>
						<height>24</height>
						<texturefocus>navigation/events_focus.png</texturefocus>
						<texturenofocus>navigation/events_off.png</texturenofocus>
						<onclick lang="python">
						<![CDATA[
mc.GetApp().ActivateWindow(14007, mc.Parameters())
]]>
					</onclick>
					</control>
					<control type="button" id="440">
						<width>102</width>
						<height>24</height>
						<texturefocus>navigation/studio_focus.png</texturefocus>
						<texturenofocus>navigation/studio_off.png</texturenofocus>
						<onclick lang="python">
						<![CDATA[
mc.GetApp().ActivateWindow(14008, mc.Parameters())
]]>
					</onclick>
					</control>
				</control>
			<!-- end subnav -->
			<!-- begin panel container -->
			<control type="panel" id="120">
				<posx>160</posx>
				<posy>242</posy>
				<width>960</width>
				<height>478</height>
				<onup>400</onup>
				<orientation>vertical</orientation>
				<scrolltime>200</scrolltime>
				<animation effect="fade" start="0" end="100" time="600" condition="!Container(120).IsEmpty">Conditional</animation>
				<!-- panel item definition-->
				<itemlayout width="240" height="170">
					<control type="group">
						<control type="image">
							<posx>10</posx>
							<posy>10</posy>
							<width>220</width>
							<height>120</height>
							<texture>$INFO[ListItem.Thumb]</texture>
						</control>
						<control type="label">
							<posx>10</posx>
							<posy>130</posy>
							<width>220</width>
							<height>20</height> 
							<font>font20</font>
							<align>left</align>
							<aligny>top</aligny>
							<label>$INFO[ListItem.Title]</label>
							<textcolor>FF0488CD</textcolor>
						</control>
					</control>
				</itemlayout>
				<focusedlayout width="240" height="210">
					<control type="group">
						<control type="image">
							<posx>0</posx>
							<posy>0</posy>
							<width>240</width>
							<height>160</height>
							<aspectratio>scale</aspectratio>
							<texture>panel_focus.png</texture>
						</control>
						<control type="image">
							<posx>10</posx>
							<posy>10</posy>
							<width>220</width>
							<height>120</height>
							<texture>$INFO[ListItem.Thumb]</texture>
						</control>
						<control type="label">
							<visible>!Control.HasFocus(120)</visible>
							<posx>10</posx>
							<posy>130</posy>
							<width>220</width>
							<height>20</height> 
							<font>font20</font>
							<align>left</align>
							<aligny>top</aligny>
							<label>$INFO[ListItem.Title]</label>
							<textcolor>white</textcolor>
						</control>
						<control type="label">
							<visible>Control.HasFocus(120)</visible>
							<posx>10</posx>
							<posy>130</posy>
							<width>220</width>
							<height>20</height>
							<font>font20</font>
							<align>left</align>
							<aligny>top</aligny>
							<label>$INFO[ListItem.Title]</label>
							<textcolor>white</textcolor>
							<scroll>true</scroll>
          					<scrollspeed>80</scrollspeed>
						</control>	
					</control>
				</focusedlayout>
				<content type="action">
                <onclick lang="python">
                    <![CDATA[
params = mc.Parameters()
params['path'] = 'http://thecreatorsproject.com/api/tv?player=boxee&show=from-the-studio'
params['item'] = str(mc.GetActiveWindow().GetList(120).GetFocusedItem())
mc.GetApp().ActivateWindow(14001, params)
]]>
</onclick>
            </content>
			</control>
		</control> <!-- end top-level control group -->
    </controls>
</window>