<app>
  <id>mytv</id>
  <name>myTV</name>
  <version>2.4</version>
  <description>Channels from home.</description>
  <thumb>http://images.my-tv.us/roku/mytv/hd-169-focus.png</thumb>
  <repository>http://dir.boxee.tv/apps</repository>
  <media>video</media>
  <copyright>myTV Inc.</copyright>
  <email>info@my-tv.us</email>
  <type>skin</type>
  <startWindow>Start</startWindow>
  <platform>dlink.dsm380, intel.ce4100</platform>
  <minversion>0.9.11</minversion>
  <country-allow>ax as ai a1 aq ag ar aw ap bs bb bz bm bo br ca ky cl co cr cu dm do ec sv fk gf pf wg gp gu gt gg gy ht hn im jm je mq yt mx ms ni pa py pe pr kn lc vc sr tt tc us uy ve vi</country-allow>
</app>