<app>
	<id>viewster</id>
	<name>VIEWSTER</name>
	<version>2.7</version>
	<description>VIEWSTER is a video on demand service offering the finest entertainment on demand. We offer an attractive choice of feature films, series and star interviews, on the device of your choice, either available free with advertising, or as paid rentals.</description>
	<thumb>http://divaag.vo.llnwd.net/o42/http_rtmpe/shared/Viewster_Artwork/logo/viewster_boxee_logo.png</thumb>
	<media>video</media>
	<copyright>DIVA AG</copyright>
	<email>info@diva.ag</email>
	<type>skin</type>
	<startWindow>start</startWindow>
	<platform>all</platform>
	<minversion>0.9.20</minversion>
	<repository>http://dir.boxee.tv/apps</repository>
</app>