<?xml version="1.0"?>
<window type="window" id="14000">
  <defaultcontrol always="true">100</defaultcontrol>
  <allowoverlay>no</allowoverlay>
  <controls>
    <control type="group">
      <control type="image">
        <posx>0</posx>
        <posy>0</posy>
        <width>1280</width>
        <height>720</height>
        <texture>bg.png</texture>
      </control>
      <control type="image">
        <posx>60</posx>
        <posy>102</posy>
        <width>290</width>
        <height>430</height>
        <texture>list.png</texture>
      </control>
      <control type="image">
        <posx>360</posx>
        <posy>102</posy>
        <width>860</width>
        <height>580</height>
        <texture>details.png</texture>
      </control>
      <control type="list" id="100">
        <posx>65</posx>
        <posy>112</posy>
        <width>270</width>
        <height>410</height>
        <onright>-</onright>
        <onup>99</onup>
        <ondown>-</ondown>
        <orientation>vertical</orientation>
        <itemlayout width="270" height="65">
          <control type="label">
            <posx>0</posx>
            <posy>0</posy>
            <width>270</width>
            <height>62</height>
            <font>font23</font>
            <align>left</align>
            <aligny>center</aligny>
            <label>$INFO[ListItem.Label]</label>
            <textcolor>black</textcolor>
          </control>
        </itemlayout>
        <focusedlayout width="280" height="65">
          <control type="image">
            <visible>Control.HasFocus(100)</visible>
            <posx>0</posx>
            <posy>0</posy>
            <width>270</width>
            <height>72</height>
            <texture>left-nav-bg.png</texture>
          </control>
          <control type="label">
            <visible>!Control.HasFocus(100)</visible>
            <posx>0</posx>
            <posy>0</posy>
            <width>270</width>
            <height>62</height>
            <font>font23</font>
            <align>left</align>
            <aligny>center</aligny>
            <label>$INFO[ListItem.Label]</label>
            <textcolor>black</textcolor>
          </control>
          <control type="label">
            <visible>Control.HasFocus(100)</visible>   
            <posx>0</posx>
            <posy>0</posy>
            <width>270</width>
            <height>62</height>
            <font>font23</font>
            <align>left</align>
            <aligny>center</aligny>
            <label>$INFO[ListItem.Label]</label>
            <textcolor>black</textcolor>
            <scroll>true</scroll>
            <scrollspeed>30</scrollspeed>
          </control>
        </focusedlayout>
        <content type="url" url="http://toosmartguys.com/feed"></content>
      </control>
    </control>
    <control type="list" id="99">
      <posx>60</posx>
      <posy>22</posy>
      <width>1160</width>
      <height>50</height>
      <orientation>horizontal</orientation>
      <onright>-</onright>
      <onleft>-</onleft>
      <ondown>100</ondown>
      <itemlayout width="97" height="50">
        <control type="image">
          <posx>0</posx>
          <posy>0</posy>
          <width>87</width>
          <height>50</height>
          <texture>left-bg.png</texture>
          <colordiffuse>FF0041570</colordiffuse>
        </control>
        <control type="label">
          <posx>5</posx>
          <posy>0</posy>
          <width>77</width>
          <height>45</height>
          <font>font23b</font>
          <align>left</align>
          <aligny>center</aligny>
          <label>$INFO[ListItem.Label]</label>
          <textcolor>white</textcolor>
        </control>
      </itemlayout>
      <focusedlayout width="97" height="50">
        <control type="image">
          <visible>!Control.HasFocus(99)</visible>
          <posx>0</posx>
          <posy>0</posy>
          <width>87</width>
          <height>50</height>
          <texture>left-bg.png</texture>
          <colordiffuse>FF0041570</colordiffuse>
        </control>
        <control type="image">
          <visible>Control.HasFocus(99)</visible>
          <posx>0</posx>
          <posy>0</posy>
          <width>87</width>
          <height>50</height>
          <texture>main-nav-bg.png</texture>
        </control>
        <control type="label">
          <visible>!Control.HasFocus(99)</visible>
          <posx>5</posx>
          <posy>0</posy>
          <width>77</width>
          <height>45</height>
          <font>font23b</font>
          <align>left</align>
          <aligny>center</aligny>
          <label>$INFO[ListItem.Label]</label>
          <textcolor>white</textcolor>
        </control>
        <control type="label">
          <visible>Control.HasFocus(99)</visible>
          <posx>5</posx>
          <posy>0</posy>
          <width>77</width>
          <height>45</height>
          <font>font23b</font>
          <align>left</align>
          <aligny>center</aligny>
          <label>$INFO[ListItem.Label]</label>
          <textcolor>white</textcolor>
          <scroll>true</scroll>
          <scrollspeed>30</scrollspeed>    
        </control>
      </focusedlayout>
      <content type="url" url="http://toosmartguys.com/shows.xml">
        <onclick lang="python">
<![CDATA[
episodeList = mc.GetWindow(14000).GetList(100)
showList = mc.GetWindow(14000).GetList(99)
showItem = showList.GetItem(showList.GetFocusedItem())
episodeList.SetContentURL(showItem.GetProperty("showfeed"))
episodeList.Refresh()
]]>
        </onclick>
      </content>
    </control>
    <control type="group">
      <control type="image">
        <visible>true</visible>
        <posx>550</posx>
        <posy>119</posy>
        <width>480</width>
        <height>360</height>
        <texture>$INFO[Container(100).ListItem.Thumb]</texture>
      </control>
      <control type="label">
        <visible>true</visible>
        <posx>377</posx>
        <posy>489</posy>
        <width>826</width>
        <height>176</height>
        <font>light23</font>
        <align>left</align>
        <aligny>center</aligny>
        <label>[B]Description:[/B] $INFO[Container(100).ListItem.property(description)]</label>
        <background>grey</background>
        <textcolor>black</textcolor>
        <wrapmultiline>true</wrapmultiline>
      </control>
    </control>
  </controls>
</window>
