<app>
    <id>surfnet</id>
    <name>theSURFnetwork</name>
    <version>1.06</version>
    <description>TheSurfNetwork.com is a simple easy to use video on demand (VOD) service that provides access to the largest and most extensive collection of premium surf video content on the internet. v1.06</description>
    <thumb>http://dir.nodplatform.com/apps/surfnet/thumb.png</thumb>
    <repository>http://dir.boxee.tv/apps</repository>
    <media>video</media>
    <author>theNODplatform</author>
    <copyright>Opper Sports Inc</copyright>
    <email>dustin.hood@opperfilms.com</email>
    <type>skin</type>
    <startWindow>14000</startWindow>
    <platform>all</platform>
    <minversion>0.9.20</minversion>
</app>
