<?xml version="1.0"?>
<window type="window" id="14002">

	<allowoverlay>yes</allowoverlay>

	<defaultcontrol always="true">120</defaultcontrol>

	<controls>

		<include>Common_Background</include>

		<!-- logo -->
		<control type="image">
			<posy>10</posy>
			<posx>30</posx>
			<texture>sf4_logo.png</texture>
		</control>

		<!-- navigation -->
		<control type="group" id="30">
			<control type="button" id="301">
				<posx>487</posx>
				<posy>10</posy>
				<label>Featured</label>
				<textcolor>white</textcolor>
				<focusedcolor>green</focusedcolor>
				<onleft>6000</onleft>
				<onup>-</onup>
				<onright>302</onright>
				<ondown>31</ondown>
				<font>font36</font>
				<texturefocus>pixel.png</texturefocus>
				<onclick>RunApp(app://sf4/14001)</onclick>
			</control>
			<control type="button" id="302">
				<posx>671</posx>
				<posy>10</posy>
				<label>Characters</label>
				<textcolor>blue</textcolor>
				<focusedcolor>green</focusedcolor>
				<onleft>301</onleft>
				<onright>303</onright>
				<ondown>31</ondown>
				<font>font36</font>
				<texturefocus>pixel.png</texturefocus>
				<onclick>RunApp(app://sf4/14002)</onclick>
			</control>
			<control type="button" id="303">
				<posx>889</posx>
				<posy>10</posy>
				<label>Players</label>
				<textcolor>white</textcolor>
				<focusedcolor>green</focusedcolor>
				<onleft>302</onleft>
				<onright>304</onright>
				<ondown>31</ondown>
				<font>font36</font>
				<texturefocus>pixel.png</texturefocus>
				<onclick>RunApp(app://sf4/14003)</onclick>
			</control>
			<control type="button" id="304">
				<posx>1048</posx>
				<posy>10</posy>
				<label>Exhibitions</label>
				<textcolor>white</textcolor>
				<focusedcolor>green</focusedcolor>
				<onleft>303</onleft>
				<ondown>31</ondown>
				<font>font36</font>
				<texturefocus>pixel.png</texturefocus>
				<onclick>RunApp(app://sf4/14004)</onclick>
			</control>
		</control>

		<!-- sub navigation -->
		<control type="group" id="31">
			<control type="button" id="305">
				<posx>711</posx>
				<posy>55</posy>
				<label>Tutorials</label>
				<textcolor>white</textcolor>
				<focusedcolor>green</focusedcolor>
				<onright>306</onright>
				<onup>30</onup>
				<ondown>120</ondown>
				<onleft>6000</onleft>
				<font>font24</font>
				<texturefocus>pixel.png</texturefocus>
				<onclick>RunApp(app://sf4/14005)</onclick>
			</control>
			<control type="button" id="306">
				<posx>827</posx>
				<posy>55</posy>
				<label>Entertainment</label>
				<textcolor>white</textcolor>
				<focusedcolor>green</focusedcolor>
				<onleft>305</onleft>
				<onright>307</onright>
				<onup>30</onup>
				<ondown>120</ondown>
				<font>font24</font>
				<texturefocus>pixel.png</texturefocus>
				<onclick>RunApp(app://sf4/14006)</onclick>
			</control>
			<control type="button" id="307">
				<posx>1010</posx>
				<posy>55</posy>
				<label>Interviews</label>
				<textcolor>white</textcolor>
				<focusedcolor>green</focusedcolor>
				<onleft>306</onleft>
				<onright>308</onright>
				<onup>30</onup>
				<ondown>120</ondown>
				<font>font24</font>
				<texturefocus>pixel.png</texturefocus>
				<onclick>RunApp(app://sf4/14007)</onclick>
			</control>
			<control type="button" id="308">
				<posx>1148</posx>
				<posy>55</posy>
				<label>Trailers</label>
				<textcolor>white</textcolor>
				<focusedcolor>green</focusedcolor>
				<onleft>307</onleft>
				<onup>30</onup>
				<ondown>120</ondown>
				<font>font24</font>
				<texturefocus>pixel.png</texturefocus>
				<onclick>RunApp(app://sf4/14008)</onclick>
			</control>
		</control>

		<!-- empty rss feed display -->
		<control type="label">
			<visible>!Container(120).IsLoading + Container(120).IsEmpty</visible>
			<posx>50</posx>
			<posy>250</posy>
			<font>font28</font>
			<label>No data is available for this view.</label>
		</control>

		<!-- details area -->
		<control type="label">
			<posx>385</posx>
			<posy>165</posy>
			<width>850</width>
			<height>30</height>
			<font>font28</font>
			<textcolor>white</textcolor>
			<label>Select A Character...</label>
		</control>

		<!-- sprites credit -->
		<control type="label">
			<posx>925</posx>
			<posy>205</posy>
			<textcolor>ff999999</textcolor>
			<font>font16</font>
			<textcolor>white</textcolor>
			<label>Sprites designed by SpeedBrkr@gmail.com</label>
		</control>

		<!-- thumbnail display -->
		<control type="group" id="9000">
			<visible>!Container(120).IsLoading + !Container(120).IsEmpty</visible>
			<posx>30</posx>
			<posy>250</posy>
			<control type="panel" id="120">
				<width>1220</width>
				<height>480</height>
				<onup>302</onup>
				<ondown>-</ondown>
				<onleft>-</onleft>
				<onright>-</onright>
				<scrolltime>200</scrolltime>
				<pagecontrol>60</pagecontrol>
				<orientation>vertical</orientation>
				<itemlayout width="174" height="145">
					<control type="image">
						<width>228</width>
						<height>132</height>
						<!--<texture>sf4_listitem.png</texture>-->
					</control>
					<control type="image">
						<posy>8</posy>
						<posx>43</posx>
						<width>84</width>
						<height>100</height>
						<aspectratio>keep</aspectratio>
						<info>ListItem.Thumb</info>
					</control>
					<control type="label">
						<textcolor>ffffffff</textcolor>
						<align>center</align>
						<font>font20</font>
						<info>ListItem.Title</info>
						<posx>87</posx>
						<posy>115</posy>
						<width>174</width>
					</control>
				</itemlayout>
				<focusedlayout width="174" height="145">
					<control type="image">
						<width>174</width>
						<height>116</height>
						<texture>sf4_listitem_on.png</texture>
					</control>
					<control type="image">
						<posy>8</posy>
						<posx>43</posx>
						<width>84</width>
						<height>100</height>
						<aspectratio>keep</aspectratio>
						<info>ListItem.Thumb</info>
					</control>
					<control type="label">
						<textcolor>white</textcolor>
						<shadowcolor>ff000000</shadowcolor>
						<align>center</align>
						<font>font20</font>
						<info>ListItem.Title</info>
						<posx>87</posx>
						<posy>115</posy>
						<width>174</width>
					</control>
				</focusedlayout>
				<content type="url" url="http://rss.sf4tube.com/characters">
					<onclick>RunApp(app://sf4/140071?link=$INFO[UrlEncode(Container(120).ListItem.FileNameAndPath)]&character=$INFO[UrlEncode(Container(120).ListItem.Title)]&thumbnail=$INFO[UrlEncode(Container(120).ListItem.Thumb)]&videocount=$INFO[UrlEncode(Container(120).ListItem.Property(videocount))])</onclick>
				</content>
			</control>
		</control>

		<!-- now playing -->
		<control type="group">
			<posx>-585</posx>
			<posy>55</posy>
			<include>Common_Now_Playing</include>
		</control>

	</controls>

</window>
