<?xml version="1.0"?>
<window type="window" id="14006">

	<allowoverlay>yes</allowoverlay>

	<defaultcontrol always="true">120</defaultcontrol>

	<controls>

		<include>Common_Background</include>

		<!-- logo -->
		<control type="image">
			<posy>10</posy>
			<posx>30</posx>
			<texture>sf4_logo.png</texture>
		</control>

		<!-- navigation -->
		<control type="group" id="30">
			<control type="button" id="301">
				<posx>487</posx>
				<posy>10</posy>
				<label>Featured</label>
				<textcolor>white</textcolor>
				<focusedcolor>green</focusedcolor>
				<onleft>6000</onleft>
				<onup>-</onup>
				<onright>302</onright>
				<ondown>31</ondown>
				<font>font36</font>
				<texturefocus>pixel.png</texturefocus>
				<onclick>RunApp(app://sf4/14001)</onclick>
			</control>
			<control type="button" id="302">
				<posx>671</posx>
				<posy>10</posy>
				<label>Characters</label>
				<textcolor>white</textcolor>
				<focusedcolor>green</focusedcolor>
				<onleft>301</onleft>
				<onright>303</onright>
				<ondown>31</ondown>
				<font>font36</font>
				<texturefocus>pixel.png</texturefocus>
				<onclick>RunApp(app://sf4/14002)</onclick>
			</control>
			<control type="button" id="303">
				<posx>889</posx>
				<posy>10</posy>
				<label>Players</label>
				<textcolor>white</textcolor>
				<focusedcolor>green</focusedcolor>
				<onleft>302</onleft>
				<onright>304</onright>
				<ondown>31</ondown>
				<font>font36</font>
				<texturefocus>pixel.png</texturefocus>
				<onclick>RunApp(app://sf4/14003)</onclick>
			</control>
			<control type="button" id="304">
				<posx>1048</posx>
				<posy>10</posy>
				<label>Exhibitions</label>
				<textcolor>white</textcolor>
				<focusedcolor>green</focusedcolor>
				<onleft>303</onleft>
				<ondown>31</ondown>
				<font>font36</font>
				<texturefocus>pixel.png</texturefocus>
				<onclick>RunApp(app://sf4/14004)</onclick>
			</control>
		</control>

		<!-- sub navigation -->
		<control type="group" id="31">
			<control type="button" id="305">
				<posx>711</posx>
				<posy>55</posy>
				<label>Tutorials</label>
				<textcolor>white</textcolor>
				<focusedcolor>green</focusedcolor>
				<onright>306</onright>
				<onup>30</onup>
				<ondown>120</ondown>
				<onleft>6000</onleft>
				<font>font24</font>
				<texturefocus>pixel.png</texturefocus>
				<onclick>RunApp(app://sf4/14005)</onclick>
			</control>
			<control type="button" id="306">
				<posx>827</posx>
				<posy>55</posy>
				<label>Entertainment</label>
				<textcolor>blue</textcolor>
				<focusedcolor>green</focusedcolor>
				<onleft>305</onleft>
				<onright>307</onright>
				<onup>30</onup>
				<ondown>120</ondown>
				<font>font24</font>
				<texturefocus>pixel.png</texturefocus>
				<onclick>RunApp(app://sf4/14006)</onclick>
			</control>
			<control type="button" id="307">
				<posx>1010</posx>
				<posy>55</posy>
				<label>Interviews</label>
				<textcolor>white</textcolor>
				<focusedcolor>green</focusedcolor>
				<onleft>306</onleft>
				<onright>308</onright>
				<onup>30</onup>
				<ondown>120</ondown>
				<font>font24</font>
				<texturefocus>pixel.png</texturefocus>
				<onclick>RunApp(app://sf4/14007)</onclick>
			</control>
			<control type="button" id="308">
				<posx>1148</posx>
				<posy>55</posy>
				<label>Trailers</label>
				<textcolor>white</textcolor>
				<focusedcolor>green</focusedcolor>
				<onleft>307</onleft>
				<onup>30</onup>
				<ondown>120</ondown>
				<font>font24</font>
				<texturefocus>pixel.png</texturefocus>
				<onclick>RunApp(app://sf4/14008)</onclick>
			</control>
		</control>

		<!-- empty rss feed display -->
		<control type="label">
			<visible>!Container(120).IsLoading + Container(120).IsEmpty</visible>
			<posx>50</posx>
			<posy>250</posy>
			<font>font28</font>
			<label>No data is available for this view.</label>
		</control>

		<!-- details area -->
		<control type="group">
			<posx>385</posx>
			<posy>140</posy>
			<visible>!Container(120).IsLoading + !Container(120).IsEmpty</visible>
			<visible>!Container(120).OnNext + !Container(120).OnPrevious</visible>
			<animation effect="fade" start="0" end="100" time="300" delay="0" reversable="true">Visible</animation>
			<control type="grouplist">
				<posx>467</posx>
				<posy>-25</posy>
				<orientation>horizontal</orientation>
				<control type="label">
					<width>110</width>
					<font>font18</font>
					<textcolor>ff999999</textcolor>
					<label>UPLOADED</label>
				</control>
				<control type="label">
					<width>115</width>
					<font>font18</font>
					<textcolor>white</textcolor>
					<info>Container(120).Listitem.property(releasedate)</info>
				</control>
				<control type="label">
					<width>133</width>
					<font>font18</font>
					<textcolor>ff999999</textcolor>
					<label>RUNTIME</label>
				</control>
				<control type="label">
					<align>right</align>
					<font>font18</font>
					<textcolor>white</textcolor>
					<info>Container(120).Listitem.property(duration)</info>
				</control>
			</control>
			<control type="group">
				<control type="label">
					<align>right</align>
					<posx>840</posx>
					<width>850</width>
					<height>30</height>
					<font>font28</font>
					<textcolor>white</textcolor>
					<info>Container(120).Listitem.label</info>
					<scroll>true</scroll>
					<scrollout>true</scrollout>
					<scrollspeed>40</scrollspeed>
					<pauseatend>10000</pauseatend>
				</control>
				<control type="label">
					<align>right</align>
					<posx>840</posx>
					<posy>35</posy>
					<width>850</width>
					<height>70</height>
					<font>font21</font>
					<textcolor>ffbbbbbb</textcolor>
					<wrapmultiline>true</wrapmultiline>
					<info>Container(120).Listitem.plot</info>
				</control>
			</control>
		</control>

		<!-- thumbnail display -->
		<control type="group" id="9000">
			<visible>!Container(120).IsLoading + !Container(120).IsEmpty</visible>
			<posx>30</posx>
			<posy>250</posy>
			<control type="panel" id="120">
				<width>1230</width>
				<height>480</height>
				<onup>31</onup>
				<ondown>-</ondown>
				<onleft>-</onleft>
				<onright>-</onright>
				<scrolltime>200</scrolltime>
				<pagecontrol>60</pagecontrol>
				<orientation>vertical</orientation>
				<focusposition>2</focusposition>
				<itemlayout width="246" height="170">
					<control type="image">
						<width>228</width>
						<height>132</height>
						<texture>sf4_listitem.png</texture>
					</control>
					<control type="image">
						<posx>4</posx>
						<posy>4</posy>
						<width>220</width>
						<height>124</height>
						<aspectratio>stretch</aspectratio>
						<info>ListItem.Thumb</info>
					</control>
					<control type="label">
						<font>font18</font>
						<info>ListItem.property(shortname)</info>
						<posy>136</posy>
						<width>228</width>
					</control>
				</itemlayout>
				<focusedlayout width="246" height="170">
					<control type="image">
						<width>228</width>
						<height>132</height>
						<texture>sf4_listitem_on.png</texture>
					</control>
					<control type="image">
						<posx>4</posx>
						<posy>4</posy>
						<width>220</width>
						<height>124</height>
						<aspectratio>stretch</aspectratio>
						<info>ListItem.Thumb</info>
					</control>
					<control type="label">
						<font>font18</font>
						<shadowcolor>ff000000</shadowcolor>
						<info>ListItem.Property(shortname)</info>
						<posy>136</posy>
						<width>228</width>
					</control>
					<control type="image">
						<posy>33</posy>
						<posx>85</posx>
						<width>58</width>
						<height>68</height>
						<animation effect="zoom" start="0" end="100" center="auto" time="100">Focus</animation>
						<texture>sf4_listitem_play.png</texture>
					</control>
				</focusedlayout>
				<content type="url" url="http://rss.sf4tube.com/videos/entertainment"></content>
			</control>
		</control>

		<!-- now playing -->
		<control type="group">
			<posx>-585</posx>
			<posy>55</posy>
			<include>Common_Now_Playing</include>
		</control>

	</controls>

</window>
