<app>
  <id>chtv</id>
  <name>CollegeHumor</name>
  <version>1.52</version>
  <description>CH Originals is CollegeHumor's original videos section. Multiple times every week, it chews up pop culture and spits out fresh, TV-quality comedy directly into your face. Featuring everything from satire to music videos to acclaimed series, CH Originals will make you laugh until milk comes out of your nose, whether or not you have been drinking milk.</description>
  <thumb>http://dir.boxee.tv/apps/chtv/thumb.png</thumb>
  <repository>http://dir.boxee.tv/apps</repository>
  <media>video</media>
  <copyright>Boxee</copyright>
  <email>support@boxee.tv</email>
  <type>skin</type>
  <platform>all</platform>
  <startWindow>14000</startWindow>
  <minversion>0.9.20</minversion>
</app>
