<?xml version="1.0"?>
<window type="window" id="14000">
<onload lang="python"><![CDATA[
import tracker
import simplejson as json

path = "http://dir.boxee.tv/apps/pgatour/event.php"

myHttp = mc.Http()
myTracker = tracker.Tracker()
myPlayer = mc.GetPlayer()

mc.ShowDialogWait()
event = myHttp.Get(path)

if event:
	event = json.loads(event)
	
	if event['live']:
		mc.GetActiveWindow().GetControl(100).SetVisible(True)
		mc.GetActiveWindow().GetControl(100).SetFocus()
	else:
		mc.GetActiveWindow().GetLabel(200).SetLabel("Tune in " + str(event['start']))
else:
	mc.ShowDialogNotification("Feed unavailable.")
mc.HideDialogWait()

myTracker.trackView("home")
]]></onload>
	<defaultcontrol always="true">100</defaultcontrol>
	<allowoverlay>yes</allowoverlay>
	<controls>
		<control type="group">
			<control type="image">
				<posx>0</posx>
				<posy>0</posy>
				<width>1280</width>
				<height>720</height>
				<texture>background-main.png</texture>
			</control>
			<control type="label" id="200">
				<posx>23</posx>
				<posy>645</posy>
				<width>1047</width>
				<height>55</height>
				<font>sans48</font>
				<align>left</align>
				<aligny>center</aligny>
				<label></label>
				<textcolor>white</textcolor>
			</control>
			<control type="button" id="100">
				<visible>false</visible>
				<posx>23</posx>
				<posy>645</posy>
				<width>233</width>
				<height>65</height>
				<texturefocus>watch_focused.png</texturefocus>
				<texturenofocus>watch_unfocused.png</texturenofocus>
				<onclick lang="python"><![CDATA[
path = str(event['path'])

listitem = mc.ListItem(mc.ListItem.MEDIA_VIDEO_OTHER)
listitem.SetLabel(str(event['title']))
listitem.SetPath(path)

myPlayer.Play(listitem)
myTracker.trackEvent("Video", "Play", listitem.GetLabel())
]]></onclick>
				</control>
		</control>
	</controls>
</window>
