<app>
  <id>pgatour</id>
  <name>PGA Tour</name>
  <version>1.4</version>
  <description>Live@ Video Coverage from the PGA Tour</description>
  <platform>all</platform>
  <thumb>http://dir.boxee.tv/apps/pgatour/images/thumb.png</thumb>
  <repository>http://dir.boxee.tv/apps</repository>
  <media>video</media>
  <copyright>PGA</copyright>
  <email>rob@boxee.tv</email>
  <type>skin</type>
  <platform>all</platform>
  <minversion>0.9.11</minversion>
  <startWindow>14000</startWindow>
  <country-allow>us</country-allow>
</app>
