<app>
  <id>dpc</id>
  <name>DPChallenge Photography</name>
  <version>1.2</version>
  <description>Browse photographs from theme-based contests held on DPChallenge.com</description>
  <thumb>http://www.dpchallenge.com/rss/boxee_thumb.png</thumb>
  <repository>http://dir.boxee.tv/apps</repository>
  <media>pictures</media>
  <copyright>Challenging Technologies, LLC</copyright>
  <email>langdon@dpchallenge.com</email>
  <type>skin</type>
  <startWindow>14000</startWindow>
  <platform>all</platform>
  <minversion>0.9.7</minversion>
</app>
