<app>
  <id>cuscienceupdate</id>
  <name>CU Science Update</name>
  <version>1.0</version>
  <description>A production of the School of Journalism and Mass Communication and ATLAS Centre, University of Colorado at Boulder</description>
  <thumb>http://newsteam.colorado.edu/thumb.png</thumb>
  <repository>http://dir.boxee.tv/apps</repository>
  <media>video</media>
  <copyright>Paul Daugherty</copyright>
  <email>schaefd@colorado.edu</email>
  <type>skin</type>
  <startWindow>14000</startWindow>
  <platform>all</platform>
  <minversion>0.9.20</minversion>
</app>
