<app>
    <id>veedios-boxee-goanimate</id>
    <name>GoAnimate</name>
    <version>1.0</version>
    <description>GoAnimate is a fun app that lets you make animated videos, for free, in just 10 minutes, without having to draw. You can even create your own cast of characters. There are millions of people using GoAnimate. Try it out now!</description>
    <thumb>http://veedios.appspot.com/images/goanimate/goanimate_200x200.png</thumb>
    <repository>http://dir.boxee.tv/apps</repository>
    <media>video</media>
    <copyright>Go!Animate 2011</copyright>
    <email>support@goanimate.com</email>
    <type>skin</type>
    <startWindow>14000</startWindow>
    <platform>all</platform>
    <minversion>0.9.11</minversion>
</app>